timestamp,lap,overtaker,overtaken,overtaker_new_pos,overtaken_new_pos,gap_before,catching_before,overtaker_tyre,overtaker_tyre_age,overtaken_tyre,overtaken_tyre_age,track_status,year,race
00:56:55.407,1,1,55,3,4,0.064,False,MEDIUM,0,MEDIUM,0,GREEN,2024,Abu_Dhabi_Race
00:56:56.011,1,63,10,5,6,0.018,False,MEDIUM,1,MEDIUM,0,GREEN,2024,Abu_Dhabi_Race
00:56:56.058,1,10,63,5,6,0.358,False,MEDIUM,0,MEDIUM,1,GREEN,2024,Abu_Dhabi_Race
00:56:56.735,1,11,77,9,10,0.006,False,MEDIUM,0,MEDIUM,0,GREEN,2024,Abu_Dhabi_Race
00:56:56.748,1,77,11,9,10,0.295,False,MEDIUM,0,MEDIUM,0,GREEN,2024,Abu_Dhabi_Race
00:56:57.019,1,30,22,11,12,999.0,False,MEDIUM,0,MEDIUM,0,GREEN,2024,Abu_Dhabi_Race
00:56:57.098,1,18,22,12,13,0.068,False,MEDIUM,1,MEDIUM,0,GREEN,2024,Abu_Dhabi_Race
00:56:57.198,1,20,22,13,14,0.129,False,MEDIUM,0,MEDIUM,0,GREEN,2024,Abu_Dhabi_Race
00:56:57.407,1,44,22,14,15,999.0,False,HARD,0,MEDIUM,0,GREEN,2024,Abu_Dhabi_Race
00:56:57.407,1,44,24,14,16,999.0,False,HARD,0,MEDIUM,0,GREEN,2024,Abu_Dhabi_Race
00:56:57.467,1,24,22,15,16,0.291,False,MEDIUM,0,MEDIUM,0,GREEN,2024,Abu_Dhabi_Race
00:56:57.802,1,61,22,16,17,0.177,False,MEDIUM,0,MEDIUM,0,GREEN,2024,Abu_Dhabi_Race
00:56:57.878,1,16,22,16,18,999.0,False,MEDIUM,0,MEDIUM,0,GREEN,2024,Abu_Dhabi_Race
00:56:57.878,1,16,61,16,17,999.0,False,MEDIUM,0,MEDIUM,0,GREEN,2024,Abu_Dhabi_Race
00:56:57.878,1,16,23,16,19,999.0,False,MEDIUM,0,MEDIUM,0,GREEN,2024,Abu_Dhabi_Race
00:56:58.008,1,23,22,18,19,0.366,False,MEDIUM,0,MEDIUM,0,GREEN,2024,Abu_Dhabi_Race
00:56:58.037,1,43,22,19,20,0.299,False,MEDIUM,0,MEDIUM,0,GREEN,2024,Abu_Dhabi_Race
00:57:00.287,1,55,81,2,3,0.215,False,MEDIUM,0,MEDIUM,0,GREEN,2024,Abu_Dhabi_Race
00:57:00.287,1,55,1,2,4,0.215,False,MEDIUM,0,MEDIUM,0,GREEN,2024,Abu_Dhabi_Race
00:57:00.699,1,10,81,3,4,0.264,False,MEDIUM,0,MEDIUM,0,GREEN,2024,Abu_Dhabi_Race
00:57:00.699,1,10,1,3,5,0.264,False,MEDIUM,0,MEDIUM,0,GREEN,2024,Abu_Dhabi_Race
00:57:00.841,1,63,81,4,5,0.018,False,MEDIUM,1,MEDIUM,0,GREEN,2024,Abu_Dhabi_Race
00:57:00.841,1,63,1,4,6,0.018,False,MEDIUM,1,MEDIUM,0,GREEN,2024,Abu_Dhabi_Race
00:57:00.968,1,27,81,5,6,0.251,False,MEDIUM,0,MEDIUM,0,GREEN,2024,Abu_Dhabi_Race
00:57:00.968,1,27,1,5,7,0.251,False,MEDIUM,0,MEDIUM,0,GREEN,2024,Abu_Dhabi_Race
00:57:01.177,1,14,81,6,7,0.027,False,MEDIUM,1,MEDIUM,0,GREEN,2024,Abu_Dhabi_Race
00:57:01.177,1,14,1,6,8,0.027,False,MEDIUM,1,MEDIUM,0,GREEN,2024,Abu_Dhabi_Race
00:57:01.188,1,77,81,7,8,0.198,False,MEDIUM,0,MEDIUM,0,GREEN,2024,Abu_Dhabi_Race
00:57:01.188,1,77,1,7,9,0.198,False,MEDIUM,0,MEDIUM,0,GREEN,2024,Abu_Dhabi_Race
00:57:01.543,1,11,81,8,9,0.006,False,MEDIUM,0,MEDIUM,0,GREEN,2024,Abu_Dhabi_Race
00:57:01.543,1,11,1,8,10,0.006,False,MEDIUM,0,MEDIUM,0,GREEN,2024,Abu_Dhabi_Race
00:57:01.745,1,30,81,9,10,0.306,False,MEDIUM,0,MEDIUM,0,GREEN,2024,Abu_Dhabi_Race
00:57:01.745,1,30,1,9,11,0.306,False,MEDIUM,0,MEDIUM,0,GREEN,2024,Abu_Dhabi_Race
00:57:01.899,1,20,81,10,11,0.082,False,MEDIUM,0,MEDIUM,0,GREEN,2024,Abu_Dhabi_Race
00:57:01.899,1,20,1,10,12,0.082,False,MEDIUM,0,MEDIUM,0,GREEN,2024,Abu_Dhabi_Race
00:57:01.899,1,20,18,10,13,0.082,False,MEDIUM,0,MEDIUM,1,GREEN,2024,Abu_Dhabi_Race
00:57:01.935,1,1,81,11,12,0.08,False,MEDIUM,0,MEDIUM,0,GREEN,2024,Abu_Dhabi_Race
00:57:01.987,1,18,81,12,13,0.076,False,MEDIUM,1,MEDIUM,0,GREEN,2024,Abu_Dhabi_Race
00:57:02.278,1,44,81,13,14,0.226,False,HARD,0,MEDIUM,0,GREEN,2024,Abu_Dhabi_Race
00:57:02.442,1,24,81,14,15,0.05,False,MEDIUM,0,MEDIUM,0,GREEN,2024,Abu_Dhabi_Race
00:57:02.478,1,16,81,15,16,0.266,False,MEDIUM,0,MEDIUM,0,GREEN,2024,Abu_Dhabi_Race
00:57:02.617,1,61,81,16,17,0.177,False,MEDIUM,0,MEDIUM,0,GREEN,2024,Abu_Dhabi_Race
00:57:02.655,1,23,81,17,18,0.279,False,MEDIUM,0,MEDIUM,0,GREEN,2024,Abu_Dhabi_Race
00:57:02.850,1,43,81,18,19,0.04,False,MEDIUM,0,MEDIUM,0,GREEN,2024,Abu_Dhabi_Race
00:57:03.770,1,22,81,19,20,1.952,False,MEDIUM,0,MEDIUM,0,GREEN,2024,Abu_Dhabi_Race
00:57:07.041,1,18,1,11,12,0.033,False,MEDIUM,1,MEDIUM,0,GREEN,2024,Abu_Dhabi_Race
00:57:07.252,1,44,1,12,13,0.212,False,HARD,0,MEDIUM,0,GREEN,2024,Abu_Dhabi_Race
00:57:07.340,1,16,1,13,14,0.05,False,MEDIUM,0,MEDIUM,0,GREEN,2024,Abu_Dhabi_Race
00:57:07.340,1,16,24,13,15,0.05,False,MEDIUM,0,MEDIUM,0,GREEN,2024,Abu_Dhabi_Race
00:57:07.874,1,23,61,16,17,0.125,False,MEDIUM,0,MEDIUM,0,GREEN,2024,Abu_Dhabi_Race
00:57:11.495,1,20,30,9,10,0.107,False,MEDIUM,0,MEDIUM,0,GREEN,2024,Abu_Dhabi_Race
00:57:11.929,1,16,44,12,13,0.129,False,MEDIUM,0,HARD,0,GREEN,2024,Abu_Dhabi_Race
00:57:15.987,1,22,43,18,19,0.221,False,MEDIUM,0,MEDIUM,0,GREEN,2024,Abu_Dhabi_Race
00:57:19.341,1,16,18,11,12,0.072,False,MEDIUM,0,MEDIUM,1,GREEN,2024,Abu_Dhabi_Race
00:57:19.806,1,1,44,13,14,0.08,False,MEDIUM,0,HARD,0,GREEN,2024,Abu_Dhabi_Race
00:57:20.141,1,23,24,15,16,0.042,False,MEDIUM,0,MEDIUM,0,GREEN,2024,Abu_Dhabi_Race
00:57:20.178,1,24,23,15,16,0.295,False,MEDIUM,0,MEDIUM,0,GREEN,2024,Abu_Dhabi_Race
00:57:31.297,1,20,77,8,9,0.101,False,MEDIUM,0,MEDIUM,0,GREEN,2024,Abu_Dhabi_Race
00:57:33.098,1,22,61,17,18,0.055,False,MEDIUM,0,MEDIUM,0,GREEN,2024,Abu_Dhabi_Race
00:57:44.407,1,77,24,12,13,0.083,False,MEDIUM,0,MEDIUM,0,GREEN,2024,Abu_Dhabi_Race
00:57:50.095,1,44,77,12,13,0.05,False,HARD,0,MEDIUM,0,GREEN,2024,Abu_Dhabi_Race
00:57:52.885,1,24,77,13,14,0.108,False,MEDIUM,0,MEDIUM,0,GREEN,2024,Abu_Dhabi_Race
00:57:55.060,1,81,11,19,20,1.197,False,MEDIUM,0,MEDIUM,0,GREEN,2024,Abu_Dhabi_Race
00:57:55.494,1,30,18,9,10,0.015,False,MEDIUM,0,MEDIUM,1,GREEN,2024,Abu_Dhabi_Race
00:57:55.548,1,18,30,9,10,0.58,False,MEDIUM,1,MEDIUM,0,GREEN,2024,Abu_Dhabi_Race
01:01:17.121,3,1,30,10,11,0.074,False,MEDIUM,2,MEDIUM,2,GREEN,2024,Abu_Dhabi_Race
01:01:21.313,3,63,10,3,4,0.013,False,MEDIUM,3,MEDIUM,2,GREEN,2024,Abu_Dhabi_Race
01:01:24.808,3,10,63,3,4,0.046,False,MEDIUM,2,MEDIUM,3,GREEN,2024,Abu_Dhabi_Race
01:01:31.312,3,81,43,18,19,0.132,False,MEDIUM,2,MEDIUM,2,GREEN,2024,Abu_Dhabi_Race
01:01:32.699,3,22,61,16,17,0.149,False,MEDIUM,2,MEDIUM,2,GREEN,2024,Abu_Dhabi_Race
01:05:50.966,6,24,77,13,14,0.041,False,MEDIUM,5,MEDIUM,5,GREEN,2024,Abu_Dhabi_Race
01:05:58.992,6,1,18,9,10,0.179,False,MEDIUM,5,MEDIUM,6,GREEN,2024,Abu_Dhabi_Race
01:06:36.471,7,23,77,14,15,0.293,False,MEDIUM,5,MEDIUM,5,GREEN,2024,Abu_Dhabi_Race
01:06:37.806,7,22,77,15,16,1.206,False,MEDIUM,5,MEDIUM,5,GREEN,2024,Abu_Dhabi_Race
01:06:43.467,7,61,77,16,17,0.704,False,MEDIUM,6,MEDIUM,6,GREEN,2024,Abu_Dhabi_Race
01:06:52.019,7,16,20,7,8,0.198,False,MEDIUM,6,MEDIUM,6,GREEN,2024,Abu_Dhabi_Race
01:06:56.414,7,20,16,7,8,0.158,False,MEDIUM,6,MEDIUM,6,GREEN,2024,Abu_Dhabi_Race
01:07:05.660,7,81,77,17,18,22.233,False,HARD,2,MEDIUM,6,GREEN,2024,Abu_Dhabi_Race
01:10:24.845,9,1,20,8,9,0.153,False,MEDIUM,8,MEDIUM,8,GREEN,2024,Abu_Dhabi_Race
01:10:24.863,9,20,1,8,9,2.39,False,MEDIUM,8,MEDIUM,8,GREEN,2024,Abu_Dhabi_Race
01:11:30.694,10,16,14,6,7,0.19,False,MEDIUM,9,MEDIUM,10,GREEN,2024,Abu_Dhabi_Race
01:13:20.005,11,44,30,11,12,0.117,False,HARD,10,MEDIUM,10,GREEN,2024,Abu_Dhabi_Race
01:13:30.105,11,30,44,11,12,0.091,False,MEDIUM,10,HARD,10,GREEN,2024,Abu_Dhabi_Race
01:14:04.382,12,30,18,10,11,0.979,False,MEDIUM,10,MEDIUM,11,GREEN,2024,Abu_Dhabi_Race
01:14:10.117,12,44,18,11,12,0.122,False,HARD,11,MEDIUM,12,GREEN,2024,Abu_Dhabi_Race
01:14:12.563,12,24,18,12,13,2.369,False,MEDIUM,11,MEDIUM,12,GREEN,2024,Abu_Dhabi_Race
01:14:14.516,12,23,18,13,14,1.997,False,MEDIUM,11,MEDIUM,12,GREEN,2024,Abu_Dhabi_Race
01:14:15.827,12,22,18,14,15,1.33,False,MEDIUM,11,MEDIUM,12,GREEN,2024,Abu_Dhabi_Race
01:14:18.032,12,61,18,15,16,2.168,False,MEDIUM,11,MEDIUM,12,GREEN,2024,Abu_Dhabi_Race
01:14:55.614,12,1,14,7,8,0.146,False,MEDIUM,11,MEDIUM,12,GREEN,2024,Abu_Dhabi_Race
01:14:59.810,12,16,27,5,6,0.128,False,MEDIUM,11,MEDIUM,11,GREEN,2024,Abu_Dhabi_Race
01:15:04.708,12,44,30,10,11,0.084,False,HARD,11,MEDIUM,11,GREEN,2024,Abu_Dhabi_Race
01:15:40.077,13,44,20,9,10,0.998,False,HARD,12,MEDIUM,12,GREEN,2024,Abu_Dhabi_Race
01:15:41.408,13,30,20,10,11,1.229,False,MEDIUM,12,MEDIUM,12,GREEN,2024,Abu_Dhabi_Race
01:15:41.490,13,22,23,13,14,1.183,False,MEDIUM,11,MEDIUM,11,GREEN,2024,Abu_Dhabi_Race
01:15:46.503,13,22,20,11,12,1.142,False,MEDIUM,12,MEDIUM,12,GREEN,2024,Abu_Dhabi_Race
01:15:46.503,13,22,24,11,13,1.142,False,MEDIUM,12,MEDIUM,12,GREEN,2024,Abu_Dhabi_Race
01:15:48.863,13,61,20,12,13,2.164,False,MEDIUM,12,MEDIUM,12,GREEN,2024,Abu_Dhabi_Race
01:15:48.863,13,61,24,12,14,2.164,False,MEDIUM,12,MEDIUM,12,GREEN,2024,Abu_Dhabi_Race
01:15:48.863,13,61,23,12,15,2.164,False,MEDIUM,12,MEDIUM,12,GREEN,2024,Abu_Dhabi_Race
01:16:01.670,13,18,24,14,15,12.833,False,HARD,2,MEDIUM,12,GREEN,2024,Abu_Dhabi_Race
01:16:01.670,13,18,23,14,16,12.833,False,HARD,2,MEDIUM,12,GREEN,2024,Abu_Dhabi_Race
01:16:09.813,13,18,20,13,14,12.833,False,HARD,2,HARD,0,GREEN,2024,Abu_Dhabi_Race
01:16:10.828,13,81,20,14,15,0.999,False,HARD,8,HARD,0,GREEN,2024,Abu_Dhabi_Race
01:16:10.828,13,81,24,14,16,0.999,False,HARD,8,HARD,0,GREEN,2024,Abu_Dhabi_Race
01:16:10.828,13,81,23,14,17,0.999,False,HARD,8,HARD,0,GREEN,2024,Abu_Dhabi_Race
01:16:39.465,13,23,24,16,17,0.019,False,HARD,0,HARD,0,GREEN,2024,Abu_Dhabi_Race
01:16:59.622,14,1,27,6,7,0.955,False,MEDIUM,12,MEDIUM,12,GREEN,2024,Abu_Dhabi_Race
01:17:10.340,14,44,27,7,8,1.596,False,HARD,13,MEDIUM,13,GREEN,2024,Abu_Dhabi_Race
01:17:10.340,14,44,14,7,9,1.596,False,HARD,13,MEDIUM,14,GREEN,2024,Abu_Dhabi_Race
01:17:12.564,14,30,27,8,9,2.179,False,MEDIUM,13,MEDIUM,13,GREEN,2024,Abu_Dhabi_Race
01:17:12.564,14,30,14,8,10,2.179,False,MEDIUM,13,MEDIUM,14,GREEN,2024,Abu_Dhabi_Race
01:17:17.256,14,22,27,9,10,4.696,False,MEDIUM,13,MEDIUM,13,GREEN,2024,Abu_Dhabi_Race
01:17:17.256,14,22,14,9,11,4.696,False,MEDIUM,13,MEDIUM,14,GREEN,2024,Abu_Dhabi_Race
01:17:19.530,14,61,27,10,11,2.205,False,MEDIUM,13,MEDIUM,13,GREEN,2024,Abu_Dhabi_Race
01:17:19.530,14,61,14,10,12,2.205,False,MEDIUM,13,MEDIUM,14,GREEN,2024,Abu_Dhabi_Race
01:18:12.522,15,81,18,13,14,0.179,False,HARD,9,HARD,3,GREEN,2024,Abu_Dhabi_Race
01:18:24.303,15,63,10,3,4,9.579,False,MEDIUM,14,MEDIUM,13,GREEN,2024,Abu_Dhabi_Race
01:18:30.791,15,16,10,4,5,0.198,False,MEDIUM,14,MEDIUM,14,GREEN,2024,Abu_Dhabi_Race
01:18:34.825,15,1,10,5,6,3.992,False,MEDIUM,14,MEDIUM,14,GREEN,2024,Abu_Dhabi_Race
01:18:40.405,15,44,10,6,7,5.61,False,HARD,14,MEDIUM,14,GREEN,2024,Abu_Dhabi_Race
01:18:43.374,15,30,10,7,8,2.929,False,MEDIUM,14,MEDIUM,14,GREEN,2024,Abu_Dhabi_Race
01:18:56.507,15,22,10,8,9,4.817,False,MEDIUM,14,HARD,0,GREEN,2024,Abu_Dhabi_Race
01:18:58.363,15,61,10,9,10,1.869,False,MEDIUM,14,HARD,0,GREEN,2024,Abu_Dhabi_Race
01:19:10.659,15,10,61,9,10,0.87,False,HARD,0,MEDIUM,14,GREEN,2024,Abu_Dhabi_Race
01:22:22.276,17,10,22,8,9,0.166,False,HARD,2,MEDIUM,16,GREEN,2024,Abu_Dhabi_Race
01:22:41.418,18,22,10,8,9,0.094,False,MEDIUM,16,HARD,2,GREEN,2024,Abu_Dhabi_Race
01:22:45.023,18,27,61,10,11,0.189,False,HARD,3,MEDIUM,16,GREEN,2024,Abu_Dhabi_Race
01:22:48.567,18,10,22,8,9,0.047,False,HARD,2,MEDIUM,16,GREEN,2024,Abu_Dhabi_Race
01:25:25.475,19,27,22,9,10,0.038,False,HARD,5,MEDIUM,18,GREEN,2024,Abu_Dhabi_Race
01:27:34.597,21,1,16,4,5,2.553,False,MEDIUM,20,MEDIUM,20,GREEN,2024,Abu_Dhabi_Race
01:27:39.227,21,44,16,5,6,4.759,False,HARD,20,MEDIUM,20,GREEN,2024,Abu_Dhabi_Race
01:27:47.361,21,30,16,6,7,8.022,False,MEDIUM,20,MEDIUM,20,GREEN,2024,Abu_Dhabi_Race
01:27:57.783,21,10,16,7,8,2.228,False,HARD,6,HARD,0,GREEN,2024,Abu_Dhabi_Race
01:30:50.910,23,14,61,11,12,0.415,False,HARD,9,MEDIUM,21,GREEN,2024,Abu_Dhabi_Race
01:30:56.294,23,81,61,12,13,1.334,False,HARD,17,MEDIUM,21,GREEN,2024,Abu_Dhabi_Race
01:30:59.713,23,14,22,10,11,0.278,False,HARD,10,MEDIUM,22,GREEN,2024,Abu_Dhabi_Race
01:31:01.307,23,81,22,11,12,1.548,False,HARD,18,MEDIUM,22,GREEN,2024,Abu_Dhabi_Race
01:31:02.793,23,18,22,12,13,1.202,False,HARD,12,MEDIUM,22,GREEN,2024,Abu_Dhabi_Race
01:31:02.793,23,18,61,12,14,1.202,False,HARD,12,MEDIUM,22,GREEN,2024,Abu_Dhabi_Race
01:31:03.659,23,20,22,13,14,0.822,False,HARD,10,MEDIUM,22,GREEN,2024,Abu_Dhabi_Race
01:31:03.659,23,20,61,13,15,0.822,False,HARD,10,MEDIUM,22,GREEN,2024,Abu_Dhabi_Race
01:31:06.614,23,23,22,14,15,3.048,False,HARD,10,MEDIUM,22,GREEN,2024,Abu_Dhabi_Race
01:31:06.614,23,23,61,14,16,3.048,False,HARD,10,MEDIUM,22,GREEN,2024,Abu_Dhabi_Race
01:31:08.586,23,24,22,15,16,1.908,False,HARD,10,MEDIUM,22,GREEN,2024,Abu_Dhabi_Race
01:31:08.586,23,24,61,15,17,1.908,False,HARD,10,MEDIUM,22,GREEN,2024,Abu_Dhabi_Race
01:31:22.069,23,10,30,6,7,0.081,False,HARD,8,MEDIUM,22,GREEN,2024,Abu_Dhabi_Race
01:31:28.753,23,77,61,17,18,11.798,False,HARD,16,HARD,0,GREEN,2024,Abu_Dhabi_Race
01:31:45.201,24,16,30,7,8,0.046,False,HARD,2,MEDIUM,22,GREEN,2024,Abu_Dhabi_Race
01:32:17.726,24,27,30,8,9,0.365,False,HARD,9,MEDIUM,22,GREEN,2024,Abu_Dhabi_Race
01:32:29.575,24,14,30,9,10,5.878,False,HARD,11,MEDIUM,23,GREEN,2024,Abu_Dhabi_Race
01:32:30.916,24,81,30,10,11,1.339,False,HARD,19,MEDIUM,23,GREEN,2024,Abu_Dhabi_Race
01:32:33.123,24,18,30,11,12,2.117,False,HARD,13,MEDIUM,23,GREEN,2024,Abu_Dhabi_Race
01:32:34.007,24,20,30,12,13,0.809,False,HARD,11,MEDIUM,23,GREEN,2024,Abu_Dhabi_Race
01:32:36.601,24,23,30,13,14,2.735,False,HARD,11,MEDIUM,23,GREEN,2024,Abu_Dhabi_Race
01:32:38.506,24,24,30,14,15,1.868,False,HARD,11,MEDIUM,23,GREEN,2024,Abu_Dhabi_Race
01:33:01.572,24,16,10,6,7,0.166,False,HARD,3,HARD,9,GREEN,2024,Abu_Dhabi_Race
01:34:14.685,25,22,30,15,16,1.599,False,HARD,1,HARD,0,GREEN,2024,Abu_Dhabi_Race
01:34:22.189,25,77,30,16,17,1.605,False,HARD,18,HARD,1,GREEN,2024,Abu_Dhabi_Race
01:34:23.423,25,61,30,17,18,0.579,False,HARD,2,HARD,1,GREEN,2024,Abu_Dhabi_Race
01:34:54.546,26,61,77,16,17,0.135,False,HARD,2,HARD,18,GREEN,2024,Abu_Dhabi_Race
01:35:07.153,26,63,55,2,3,16.697,False,MEDIUM,26,HARD,0,GREEN,2024,Abu_Dhabi_Race
01:36:24.866,27,55,63,2,3,0.399,False,HARD,0,MEDIUM,26,GREEN,2024,Abu_Dhabi_Race
01:36:33.913,27,1,63,3,4,2.869,False,MEDIUM,26,MEDIUM,27,GREEN,2024,Abu_Dhabi_Race
01:36:37.573,27,44,63,4,5,3.674,False,HARD,26,MEDIUM,27,GREEN,2024,Abu_Dhabi_Race
01:36:56.242,27,16,63,5,6,10.462,False,HARD,6,HARD,0,GREEN,2024,Abu_Dhabi_Race
01:36:58.723,27,10,63,6,7,2.597,False,HARD,12,HARD,0,GREEN,2024,Abu_Dhabi_Race
01:37:41.757,27,63,10,6,7,0.162,False,HARD,0,HARD,12,GREEN,2024,Abu_Dhabi_Race
01:41:06.652,30,44,1,3,4,0.727,False,HARD,29,MEDIUM,29,GREEN,2024,Abu_Dhabi_Race
01:41:13.877,30,16,1,4,5,7.257,False,HARD,9,MEDIUM,29,GREEN,2024,Abu_Dhabi_Race
01:41:16.853,30,63,1,5,6,2.886,False,HARD,3,MEDIUM,29,GREEN,2024,Abu_Dhabi_Race
01:41:20.019,30,10,1,6,7,3.151,False,HARD,14,MEDIUM,29,GREEN,2024,Abu_Dhabi_Race
01:41:21.678,30,27,1,7,8,1.697,False,HARD,16,MEDIUM,29,GREEN,2024,Abu_Dhabi_Race
01:41:28.070,30,14,1,8,9,6.35,False,HARD,17,MEDIUM,29,GREEN,2024,Abu_Dhabi_Race
01:41:29.729,30,81,1,9,10,1.657,False,HARD,25,MEDIUM,29,GREEN,2024,Abu_Dhabi_Race
01:41:32.396,30,23,20,12,13,0.751,False,HARD,16,HARD,16,GREEN,2024,Abu_Dhabi_Race
01:41:39.687,30,24,20,13,14,1.44,False,HARD,17,HARD,17,GREEN,2024,Abu_Dhabi_Race
01:41:42.830,30,18,1,10,11,4.845,False,HARD,19,HARD,0,GREEN,2024,Abu_Dhabi_Race
01:41:48.613,30,22,20,14,15,9.05,False,HARD,7,HARD,17,GREEN,2024,Abu_Dhabi_Race
01:41:53.217,30,61,20,15,16,4.671,False,HARD,7,HARD,17,GREEN,2024,Abu_Dhabi_Race
01:42:05.182,30,77,20,16,17,3.581,False,HARD,23,HARD,0,GREEN,2024,Abu_Dhabi_Race
01:42:53.156,31,20,77,16,17,0.143,False,HARD,0,HARD,23,GREEN,2024,Abu_Dhabi_Race
01:43:36.952,31,1,18,10,11,0.057,False,HARD,1,HARD,20,GREEN,2024,Abu_Dhabi_Race
01:44:06.390,32,30,77,17,18,1.434,False,HARD,6,HARD,23,GREEN,2024,Abu_Dhabi_Race
01:46:01.981,33,1,81,9,10,0.612,False,HARD,3,HARD,28,GREEN,2024,Abu_Dhabi_Race
01:46:02.177,33,23,18,11,12,5.112,False,HARD,19,HARD,21,GREEN,2024,Abu_Dhabi_Race
01:46:07.068,33,23,81,10,11,5.112,False,HARD,20,HARD,28,GREEN,2024,Abu_Dhabi_Race
01:46:10.618,33,24,81,11,12,2.936,False,HARD,20,HARD,28,GREEN,2024,Abu_Dhabi_Race
01:46:10.618,33,24,18,11,13,2.936,False,HARD,20,HARD,22,GREEN,2024,Abu_Dhabi_Race
01:46:17.682,33,22,81,12,13,7.16,False,HARD,10,HARD,28,GREEN,2024,Abu_Dhabi_Race
01:46:17.682,33,22,18,12,14,7.16,False,HARD,10,HARD,22,GREEN,2024,Abu_Dhabi_Race
01:46:23.534,33,18,81,13,14,3.898,False,HARD,22,HARD,28,GREEN,2024,Abu_Dhabi_Race
01:46:23.822,33,61,81,14,15,6.094,False,HARD,10,HARD,28,GREEN,2024,Abu_Dhabi_Race
01:46:31.968,33,61,18,13,14,6.094,False,HARD,10,HARD,0,GREEN,2024,Abu_Dhabi_Race
01:48:31.653,35,16,44,3,4,1.378,False,HARD,13,HARD,33,GREEN,2024,Abu_Dhabi_Race
01:48:39.556,35,63,44,4,5,2.558,False,HARD,8,HARD,34,GREEN,2024,Abu_Dhabi_Race
01:48:47.439,35,10,44,5,6,7.797,False,HARD,20,HARD,34,GREEN,2024,Abu_Dhabi_Race
01:48:49.308,35,27,44,6,7,1.884,False,HARD,21,HARD,34,GREEN,2024,Abu_Dhabi_Race
01:50:56.726,36,1,14,8,9,0.271,False,HARD,6,HARD,23,GREEN,2024,Abu_Dhabi_Race
01:53:35.395,38,23,14,9,10,5.484,False,HARD,25,HARD,25,GREEN,2024,Abu_Dhabi_Race
01:53:39.758,38,24,14,10,11,4.351,False,HARD,25,HARD,25,GREEN,2024,Abu_Dhabi_Race
01:53:45.421,38,22,14,11,12,5.697,False,HARD,15,HARD,25,GREEN,2024,Abu_Dhabi_Race
01:54:34.988,39,81,18,14,15,0.181,False,HARD,5,HARD,5,GREEN,2024,Abu_Dhabi_Race
01:56:13.365,40,81,61,13,14,0.136,False,HARD,6,HARD,16,GREEN,2024,Abu_Dhabi_Race
01:56:44.176,40,22,24,10,11,2.933,False,HARD,17,HARD,27,GREEN,2024,Abu_Dhabi_Race
01:56:48.257,40,14,24,11,12,4.11,False,HARD,3,HARD,27,GREEN,2024,Abu_Dhabi_Race
01:56:51.473,40,81,24,12,13,3.179,False,HARD,7,HARD,27,GREEN,2024,Abu_Dhabi_Race
01:56:52.795,40,61,24,13,14,1.314,False,HARD,17,HARD,27,GREEN,2024,Abu_Dhabi_Race
01:56:53.585,40,18,24,14,15,0.842,False,HARD,7,HARD,27,GREEN,2024,Abu_Dhabi_Race
01:56:57.402,41,44,27,6,7,0.128,False,MEDIUM,6,HARD,26,GREEN,2024,Abu_Dhabi_Race
01:57:34.299,41,18,61,13,14,0.043,False,HARD,7,HARD,17,GREEN,2024,Abu_Dhabi_Race
01:59:45.270,42,44,10,5,6,0.114,False,MEDIUM,8,HARD,27,GREEN,2024,Abu_Dhabi_Race
02:01:26.429,44,1,27,7,8,0.112,False,HARD,13,HARD,29,GREEN,2024,Abu_Dhabi_Race
02:04:33.152,46,1,10,6,7,0.207,False,HARD,15,HARD,30,GREEN,2024,Abu_Dhabi_Race
02:04:59.622,46,14,22,10,11,0.2,False,HARD,8,HARD,22,GREEN,2024,Abu_Dhabi_Race
02:05:20.938,46,18,81,12,13,5.256,False,HARD,12,HARD,12,GREEN,2024,Abu_Dhabi_Race
02:05:23.612,46,81,18,12,13,0.112,False,HARD,12,HARD,12,GREEN,2024,Abu_Dhabi_Race
02:07:52.587,48,81,22,11,12,0.017,False,HARD,14,HARD,24,GREEN,2024,Abu_Dhabi_Race
02:07:59.922,48,22,81,11,12,0.149,False,HARD,24,HARD,14,GREEN,2024,Abu_Dhabi_Race
02:09:42.709,49,81,22,11,12,0.005,False,HARD,15,HARD,25,GREEN,2024,Abu_Dhabi_Race
02:13:52.121,52,14,23,9,10,0.196,False,HARD,14,HARD,38,GREEN,2024,Abu_Dhabi_Race
02:13:53.432,52,18,22,12,13,0.232,False,HARD,18,HARD,28,GREEN,2024,Abu_Dhabi_Race
02:14:01.014,52,22,18,12,13,0.201,False,HARD,28,HARD,18,GREEN,2024,Abu_Dhabi_Race
02:14:16.672,52,24,61,14,15,0.142,False,HARD,11,HARD,28,GREEN,2024,Abu_Dhabi_Race
02:16:30.867,54,81,23,10,11,0.11,False,HARD,20,HARD,40,GREEN,2024,Abu_Dhabi_Race
02:20:06.448,56,18,22,12,13,0.059,False,HARD,22,HARD,32,GREEN,2024,Abu_Dhabi_Race
02:21:30.099,57,30,20,16,17,4.692,False,HARD,32,SOFT,25,GREEN,2024,Abu_Dhabi_Race
02:23:31.716,58,44,63,4,5,0.08,False,MEDIUM,24,HARD,31,GREEN,2024,Abu_Dhabi_Race
02:25:00.093,58,22,18,12,14,3.487,False,HARD,35,HARD,25,GREEN,2024,Abu_Dhabi_Race
02:25:00.093,58,24,18,13,14,2.566,False,HARD,18,HARD,25,GREEN,2024,Abu_Dhabi_Race
00:55:41.009,1,14,22,14,15,999.0,False,MEDIUM,3,MEDIUM,0,GREEN,2024,Austrian_Race
00:55:41.419,1,23,22,15,16,0.286,False,MEDIUM,0,MEDIUM,0,GREEN,2024,Austrian_Race
00:55:43.802,1,44,55,4,5,0.102,False,MEDIUM,0,MEDIUM,0,GREEN,2024,Austrian_Race
00:55:44.642,1,81,16,6,8,0.7,False,MEDIUM,0,MEDIUM,0,GREEN,2024,Austrian_Race
00:55:44.642,1,11,16,7,8,0.025,False,MEDIUM,0,MEDIUM,0,GREEN,2024,Austrian_Race
00:55:45.289,1,31,27,9,10,0.091,False,MEDIUM,0,MEDIUM,0,GREEN,2024,Austrian_Race
00:55:45.952,1,14,10,13,14,999.0,False,MEDIUM,3,MEDIUM,0,GREEN,2024,Austrian_Race
00:55:46.149,1,22,23,15,16,0.269,False,MEDIUM,0,MEDIUM,0,GREEN,2024,Austrian_Race
00:55:47.805,1,11,81,6,7,0.025,False,MEDIUM,0,MEDIUM,0,GREEN,2024,Austrian_Race
00:55:49.315,1,22,10,14,15,0.269,False,MEDIUM,0,MEDIUM,0,GREEN,2024,Austrian_Race
00:55:49.552,1,77,23,16,17,0.108,False,MEDIUM,0,MEDIUM,0,GREEN,2024,Austrian_Race
00:55:51.615,1,63,4,2,3,0.628,False,MEDIUM,0,MEDIUM,0,GREEN,2024,Austrian_Race
00:55:54.019,1,4,63,2,3,0.014,False,MEDIUM,0,MEDIUM,0,GREEN,2024,Austrian_Race
00:55:54.615,1,23,77,16,17,0.027,False,MEDIUM,0,MEDIUM,0,GREEN,2024,Austrian_Race
00:55:55.483,1,81,11,6,7,0.716,False,MEDIUM,0,MEDIUM,0,GREEN,2024,Austrian_Race
00:55:56.688,1,10,22,13,15,0.032,False,MEDIUM,0,MEDIUM,0,GREEN,2024,Austrian_Race
00:55:56.688,1,10,14,13,14,0.032,False,MEDIUM,0,MEDIUM,3,GREEN,2024,Austrian_Race
00:55:57.282,1,18,77,17,18,0.055,False,MEDIUM,1,MEDIUM,0,GREEN,2024,Austrian_Race
00:56:02.247,1,20,3,11,12,0.253,False,MEDIUM,0,MEDIUM,0,GREEN,2024,Austrian_Race
00:56:03.565,1,77,18,17,18,0.506,False,MEDIUM,0,MEDIUM,1,GREEN,2024,Austrian_Race
00:56:07.793,1,22,14,14,15,0.473,False,MEDIUM,0,MEDIUM,3,GREEN,2024,Austrian_Race
00:56:20.442,1,16,81,7,8,0.161,False,MEDIUM,0,MEDIUM,0,GREEN,2024,Austrian_Race
00:56:31.687,1,10,3,12,13,0.054,False,MEDIUM,0,MEDIUM,0,GREEN,2024,Austrian_Race
00:56:41.674,1,31,16,8,9,0.05,False,MEDIUM,0,MEDIUM,0,GREEN,2024,Austrian_Race
00:56:42.467,1,27,16,9,10,0.76,False,MEDIUM,0,MEDIUM,0,GREEN,2024,Austrian_Race
00:56:42.632,1,20,16,10,11,0.292,False,MEDIUM,0,MEDIUM,0,GREEN,2024,Austrian_Race
00:56:44.450,2,10,16,11,12,0.263,False,MEDIUM,0,MEDIUM,0,GREEN,2024,Austrian_Race
00:56:44.776,2,3,16,12,13,0.264,False,MEDIUM,0,MEDIUM,0,GREEN,2024,Austrian_Race
00:56:45.110,2,14,16,13,14,0.31,False,MEDIUM,3,MEDIUM,0,GREEN,2024,Austrian_Race
00:56:45.392,2,22,16,14,15,0.269,False,MEDIUM,0,MEDIUM,0,GREEN,2024,Austrian_Race
00:56:45.843,2,23,16,15,16,0.452,False,MEDIUM,0,MEDIUM,0,GREEN,2024,Austrian_Race
00:56:46.106,2,77,16,16,17,0.267,False,MEDIUM,0,MEDIUM,0,GREEN,2024,Austrian_Race
00:56:46.403,2,18,16,17,18,0.172,False,MEDIUM,1,MEDIUM,0,GREEN,2024,Austrian_Race
00:56:49.395,2,24,16,18,19,2.412,False,HARD,0,MEDIUM,0,GREEN,2024,Austrian_Race
00:56:49.395,2,24,2,18,20,2.412,False,HARD,0,MEDIUM,0,GREEN,2024,Austrian_Race
00:56:53.329,2,16,24,18,19,0.027,False,MEDIUM,0,HARD,0,GREEN,2024,Austrian_Race
00:57:00.888,2,22,14,13,14,0.084,False,MEDIUM,1,MEDIUM,4,GREEN,2024,Austrian_Race
00:57:17.944,2,18,77,16,17,0.109,False,MEDIUM,2,MEDIUM,1,GREEN,2024,Austrian_Race
00:57:22.586,2,77,18,16,17,0.024,False,MEDIUM,1,MEDIUM,2,GREEN,2024,Austrian_Race
00:57:22.624,2,3,10,11,12,0.673,False,MEDIUM,1,MEDIUM,1,GREEN,2024,Austrian_Race
00:57:28.528,2,27,31,8,9,0.199,False,MEDIUM,1,MEDIUM,1,GREEN,2024,Austrian_Race
00:57:29.888,2,10,3,11,12,0.006,False,MEDIUM,1,MEDIUM,1,GREEN,2024,Austrian_Race
00:57:32.739,2,31,27,8,9,0.095,False,MEDIUM,1,MEDIUM,1,GREEN,2024,Austrian_Race
00:58:16.046,3,44,63,3,4,0.003,False,MEDIUM,2,MEDIUM,2,GREEN,2024,Austrian_Race
00:58:28.441,3,63,44,3,4,0.029,False,MEDIUM,2,MEDIUM,2,GREEN,2024,Austrian_Race
01:01:46.455,6,55,44,4,5,1.768,False,MEDIUM,5,MEDIUM,5,GREEN,2024,Austrian_Race
01:03:31.129,7,81,11,6,7,1.766,False,MEDIUM,6,MEDIUM,6,GREEN,2024,Austrian_Race
01:07:33.016,11,10,20,10,11,1.657,False,MEDIUM,9,MEDIUM,9,GREEN,2024,Austrian_Race
01:07:35.161,11,22,3,11,13,0.987,False,MEDIUM,9,MEDIUM,9,GREEN,2024,Austrian_Race
01:07:35.161,11,22,20,11,12,0.987,False,MEDIUM,9,MEDIUM,9,GREEN,2024,Austrian_Race
01:07:36.070,11,14,3,13,14,0.836,False,MEDIUM,12,MEDIUM,9,GREEN,2024,Austrian_Race
01:07:39.445,11,14,20,12,13,0.56,False,MEDIUM,12,MEDIUM,9,GREEN,2024,Austrian_Race
01:07:40.014,11,23,3,13,15,0.014,False,MEDIUM,10,MEDIUM,10,GREEN,2024,Austrian_Race
01:07:40.014,11,23,20,13,14,0.014,False,MEDIUM,10,MEDIUM,10,GREEN,2024,Austrian_Race
01:07:40.684,11,18,3,14,16,0.726,False,MEDIUM,11,MEDIUM,10,GREEN,2024,Austrian_Race
01:07:40.684,11,18,20,14,15,0.726,False,MEDIUM,11,MEDIUM,10,GREEN,2024,Austrian_Race
01:07:43.249,11,77,3,15,17,2.414,False,MEDIUM,10,MEDIUM,10,GREEN,2024,Austrian_Race
01:07:43.249,11,77,20,15,16,2.414,False,MEDIUM,10,MEDIUM,10,GREEN,2024,Austrian_Race
01:07:46.964,11,24,3,16,18,3.702,False,HARD,10,MEDIUM,10,GREEN,2024,Austrian_Race
01:07:46.964,11,24,20,16,17,3.702,False,HARD,10,MEDIUM,10,GREEN,2024,Austrian_Race
01:08:43.330,12,31,27,8,9,0.092,False,MEDIUM,10,MEDIUM,10,GREEN,2024,Austrian_Race
01:08:44.910,12,10,27,9,10,1.662,False,MEDIUM,10,MEDIUM,10,GREEN,2024,Austrian_Race
01:08:48.648,12,23,14,12,13,1.687,False,MEDIUM,10,MEDIUM,13,GREEN,2024,Austrian_Race
01:08:49.447,12,18,14,13,14,0.745,False,MEDIUM,11,MEDIUM,13,GREEN,2024,Austrian_Race
01:08:50.517,12,22,27,10,11,1.483,False,MEDIUM,11,MEDIUM,11,GREEN,2024,Austrian_Race
01:08:52.086,12,23,27,11,12,1.687,False,MEDIUM,11,MEDIUM,11,GREEN,2024,Austrian_Race
01:08:52.819,12,18,27,12,13,0.759,False,MEDIUM,12,MEDIUM,11,GREEN,2024,Austrian_Race
01:08:55.100,12,77,27,13,14,0.202,False,MEDIUM,11,MEDIUM,11,GREEN,2024,Austrian_Race
01:08:55.100,12,77,14,13,15,0.202,False,MEDIUM,11,MEDIUM,14,GREEN,2024,Austrian_Race
01:08:59.057,12,24,27,14,15,3.949,False,HARD,10,MEDIUM,11,GREEN,2024,Austrian_Race
01:08:59.057,12,24,14,14,16,3.949,False,HARD,10,MEDIUM,14,GREEN,2024,Austrian_Race
01:09:06.454,12,20,14,16,17,7.377,False,MEDIUM,0,MEDIUM,14,GREEN,2024,Austrian_Race
01:09:08.093,12,3,14,17,18,1.712,False,HARD,1,MEDIUM,14,GREEN,2024,Austrian_Race
01:09:35.197,12,20,27,15,16,6.668,False,MEDIUM,0,HARD,0,GREEN,2024,Austrian_Race
01:10:01.510,13,18,23,11,12,0.467,False,MEDIUM,12,MEDIUM,11,GREEN,2024,Austrian_Race
01:10:07.038,13,77,23,12,13,0.25,False,MEDIUM,12,MEDIUM,12,GREEN,2024,Austrian_Race
01:10:11.462,13,24,23,13,14,4.381,False,HARD,12,MEDIUM,12,GREEN,2024,Austrian_Race
01:10:17.692,13,20,23,14,15,6.253,False,HARD,0,MEDIUM,12,GREEN,2024,Austrian_Race
01:10:18.108,13,27,23,15,16,0.532,False,HARD,1,MEDIUM,12,GREEN,2024,Austrian_Race
01:10:19.396,13,3,23,16,17,1.177,False,HARD,1,MEDIUM,12,GREEN,2024,Austrian_Race
01:10:28.285,13,14,23,17,18,3.158,False,MEDIUM,2,HARD,0,GREEN,2024,Austrian_Race
01:10:29.643,13,16,23,18,19,1.249,False,HARD,0,HARD,0,GREEN,2024,Austrian_Race
01:10:54.110,14,27,20,14,15,0.215,False,HARD,1,HARD,0,GREEN,2024,Austrian_Race
01:11:51.820,14,23,16,18,19,0.077,False,HARD,1,HARD,0,GREEN,2024,Austrian_Race
01:15:36.544,18,2,16,19,20,21.105,False,HARD,0,MEDIUM,0,GREEN,2024,Austrian_Race
01:16:29.514,18,16,2,19,20,0.073,False,MEDIUM,0,MEDIUM,21,GREEN,2024,Austrian_Race
01:16:30.162,18,27,24,13,14,0.087,False,HARD,6,HARD,17,GREEN,2024,Austrian_Race
01:16:50.836,19,20,24,14,15,0.01,False,HARD,7,HARD,17,GREEN,2024,Austrian_Race
01:18:22.279,20,10,31,8,9,0.558,False,MEDIUM,18,MEDIUM,18,GREEN,2024,Austrian_Race
01:18:29.026,20,22,31,9,10,1.106,False,MEDIUM,18,MEDIUM,19,GREEN,2024,Austrian_Race
01:18:31.859,20,18,31,10,11,2.822,False,MEDIUM,20,MEDIUM,19,GREEN,2024,Austrian_Race
01:18:33.200,20,27,77,12,13,2.245,False,HARD,7,MEDIUM,18,GREEN,2024,Austrian_Race
01:18:36.742,20,27,31,11,12,4.939,False,HARD,8,MEDIUM,19,GREEN,2024,Austrian_Race
01:18:37.753,20,20,31,12,13,0.65,False,HARD,9,MEDIUM,19,GREEN,2024,Austrian_Race
01:18:37.753,20,20,77,12,14,0.65,False,HARD,9,MEDIUM,19,GREEN,2024,Austrian_Race
01:18:39.994,20,24,31,13,14,2.103,False,HARD,19,MEDIUM,19,GREEN,2024,Austrian_Race
01:18:39.994,20,24,77,13,15,2.103,False,HARD,19,MEDIUM,19,GREEN,2024,Austrian_Race
01:18:40.343,20,3,31,14,15,0.484,False,HARD,9,MEDIUM,19,GREEN,2024,Austrian_Race
01:18:40.343,20,3,77,14,16,0.484,False,HARD,9,MEDIUM,19,GREEN,2024,Austrian_Race
01:18:41.185,20,14,31,15,16,0.865,False,MEDIUM,9,MEDIUM,19,GREEN,2024,Austrian_Race
01:18:41.185,20,14,77,15,17,0.865,False,MEDIUM,9,MEDIUM,19,GREEN,2024,Austrian_Race
01:18:44.291,20,23,77,17,18,2.975,False,HARD,6,MEDIUM,19,GREEN,2024,Austrian_Race
01:18:50.073,20,23,31,16,17,2.975,False,HARD,7,HARD,0,GREEN,2024,Austrian_Race
01:18:56.460,20,3,24,13,14,0.045,False,HARD,9,HARD,19,GREEN,2024,Austrian_Race
01:19:03.415,20,14,24,14,15,0.465,False,MEDIUM,9,HARD,19,GREEN,2024,Austrian_Race
01:19:41.660,21,22,10,8,9,11.725,False,MEDIUM,20,MEDIUM,20,GREEN,2024,Austrian_Race
01:19:44.451,21,27,18,10,11,2.82,False,HARD,8,MEDIUM,20,GREEN,2024,Austrian_Race
01:19:47.981,21,27,10,9,10,6.286,False,HARD,9,MEDIUM,20,GREEN,2024,Austrian_Race
01:19:48.846,21,20,10,10,11,0.878,False,HARD,9,MEDIUM,20,GREEN,2024,Austrian_Race
01:19:48.846,21,20,18,10,12,0.878,False,HARD,9,MEDIUM,21,GREEN,2024,Austrian_Race
01:19:51.834,21,3,10,11,12,2.982,False,HARD,10,MEDIUM,20,GREEN,2024,Austrian_Race
01:19:51.834,21,3,18,11,13,2.982,False,HARD,10,MEDIUM,21,GREEN,2024,Austrian_Race
01:19:52.733,21,14,10,12,13,1.011,False,MEDIUM,10,MEDIUM,20,GREEN,2024,Austrian_Race
01:19:52.733,21,14,18,12,14,1.011,False,MEDIUM,10,MEDIUM,21,GREEN,2024,Austrian_Race
01:19:55.670,21,24,10,13,14,2.779,False,HARD,20,MEDIUM,20,GREEN,2024,Austrian_Race
01:19:55.670,21,24,18,13,15,2.779,False,HARD,20,MEDIUM,21,GREEN,2024,Austrian_Race
01:19:55.886,21,23,10,14,15,0.352,False,HARD,8,MEDIUM,20,GREEN,2024,Austrian_Race
01:19:55.886,21,23,18,14,16,0.352,False,HARD,8,MEDIUM,21,GREEN,2024,Austrian_Race
01:19:56.562,21,31,18,16,17,0.68,False,HARD,1,MEDIUM,21,GREEN,2024,Austrian_Race
01:20:02.672,21,31,10,15,16,0.68,False,HARD,1,HARD,0,GREEN,2024,Austrian_Race
01:20:18.121,22,23,24,13,14,0.045,False,HARD,8,HARD,20,GREEN,2024,Austrian_Race
01:20:32.729,22,31,24,14,15,0.136,False,HARD,1,HARD,20,GREEN,2024,Austrian_Race
01:20:34.160,22,81,44,5,6,3.858,False,MEDIUM,20,MEDIUM,20,GREEN,2024,Austrian_Race
01:20:59.355,22,27,11,7,8,1.482,False,HARD,9,MEDIUM,21,GREEN,2024,Austrian_Race
01:20:59.355,22,27,22,7,9,1.482,False,HARD,9,MEDIUM,21,GREEN,2024,Austrian_Race
01:21:00.482,22,20,11,8,9,1.093,False,HARD,11,MEDIUM,21,GREEN,2024,Austrian_Race
01:21:00.482,22,20,22,8,10,1.093,False,HARD,11,MEDIUM,21,GREEN,2024,Austrian_Race
01:21:03.177,22,3,22,10,11,2.752,False,HARD,11,MEDIUM,21,GREEN,2024,Austrian_Race
01:21:04.328,22,14,22,11,12,1.066,False,MEDIUM,10,MEDIUM,21,GREEN,2024,Austrian_Race
01:21:07.246,22,23,22,12,13,2.986,False,HARD,9,MEDIUM,21,GREEN,2024,Austrian_Race
01:21:07.749,22,31,22,13,14,0.598,False,HARD,2,MEDIUM,21,GREEN,2024,Austrian_Race
01:21:09.224,22,24,22,14,15,1.394,False,HARD,20,MEDIUM,21,GREEN,2024,Austrian_Race
01:21:09.448,22,10,22,15,16,0.339,False,HARD,0,MEDIUM,21,GREEN,2024,Austrian_Race
01:21:25.788,22,10,24,14,15,0.011,False,HARD,1,HARD,21,GREEN,2024,Austrian_Race
01:21:48.839,23,81,63,3,4,0.345,False,MEDIUM,21,MEDIUM,22,GREEN,2024,Austrian_Race
01:21:48.839,23,81,55,3,5,0.345,False,MEDIUM,21,MEDIUM,21,GREEN,2024,Austrian_Race
01:22:35.243,23,31,23,12,13,0.164,False,HARD,3,HARD,10,GREEN,2024,Austrian_Race
01:23:00.049,24,81,1,1,2,7.85,False,MEDIUM,23,MEDIUM,23,GREEN,2024,Austrian_Race
01:23:00.049,24,81,4,1,3,7.85,False,MEDIUM,23,MEDIUM,23,GREEN,2024,Austrian_Race
01:23:46.657,24,11,20,8,9,0.192,False,HARD,2,HARD,13,GREEN,2024,Austrian_Race
01:25:02.156,25,22,24,15,16,5.822,False,HARD,3,HARD,24,GREEN,2024,Austrian_Race
01:25:04.436,25,10,23,13,14,0.028,False,HARD,4,HARD,12,GREEN,2024,Austrian_Race
01:25:19.831,25,1,81,1,2,0.29,False,HARD,1,MEDIUM,24,GREEN,2024,Austrian_Race
01:25:25.441,26,18,24,16,17,0.031,False,MEDIUM,4,HARD,24,GREEN,2024,Austrian_Race
01:25:29.861,26,4,81,2,3,4.165,False,HARD,1,MEDIUM,25,GREEN,2024,Austrian_Race
01:25:31.894,26,63,81,3,4,2.017,False,MEDIUM,3,MEDIUM,25,GREEN,2024,Austrian_Race
01:25:35.129,26,55,81,4,5,3.255,False,HARD,3,MEDIUM,25,GREEN,2024,Austrian_Race
01:25:37.431,26,44,81,5,6,2.252,False,HARD,4,MEDIUM,25,GREEN,2024,Austrian_Race
01:26:19.074,26,77,24,17,18,0.272,False,HARD,6,HARD,25,GREEN,2024,Austrian_Race
01:27:32.526,27,11,27,7,8,0.112,False,HARD,5,HARD,15,GREEN,2024,Austrian_Race
01:29:31.688,29,16,24,18,19,0.415,False,MEDIUM,11,HARD,27,GREEN,2024,Austrian_Race
01:36:37.374,35,31,14,11,12,0.138,False,HARD,15,MEDIUM,24,GREEN,2024,Austrian_Race
01:36:51.984,35,10,14,12,13,0.064,False,HARD,14,MEDIUM,24,GREEN,2024,Austrian_Race
01:36:54.141,35,10,31,11,12,0.064,False,HARD,14,HARD,15,GREEN,2024,Austrian_Race
01:37:00.341,36,31,10,11,12,0.058,False,HARD,15,HARD,14,GREEN,2024,Austrian_Race
01:37:49.552,36,23,14,13,14,0.348,False,HARD,22,MEDIUM,24,GREEN,2024,Austrian_Race
01:37:50.173,36,22,14,14,15,0.609,False,HARD,13,MEDIUM,24,GREEN,2024,Austrian_Race
01:37:51.683,36,18,14,15,16,1.443,False,MEDIUM,14,MEDIUM,24,GREEN,2024,Austrian_Race
01:37:58.085,36,77,14,16,17,2.586,False,HARD,16,MEDIUM,25,GREEN,2024,Austrian_Race
01:38:18.258,37,16,14,17,18,20.34,False,MEDIUM,2,MEDIUM,25,GREEN,2024,Austrian_Race
01:38:30.012,37,24,14,18,19,4.89,False,MEDIUM,7,HARD,1,GREEN,2024,Austrian_Race
01:39:27.825,38,22,23,13,14,0.11,False,HARD,15,HARD,24,GREEN,2024,Austrian_Race
01:39:52.586,38,14,24,18,19,0.071,False,HARD,2,MEDIUM,8,GREEN,2024,Austrian_Race
01:39:52.754,38,24,14,18,19,8.283,False,MEDIUM,8,HARD,2,GREEN,2024,Austrian_Race
01:40:09.922,38,31,3,10,11,3.473,False,HARD,17,HARD,26,GREEN,2024,Austrian_Race
01:40:10.710,38,10,3,11,12,0.771,False,HARD,16,HARD,26,GREEN,2024,Austrian_Race
01:40:17.566,38,22,3,12,13,2.179,False,HARD,16,HARD,27,GREEN,2024,Austrian_Race
01:40:18.540,38,23,3,13,14,0.995,False,HARD,24,HARD,27,GREEN,2024,Austrian_Race
01:40:18.990,38,18,3,14,15,0.514,False,MEDIUM,16,HARD,27,GREEN,2024,Austrian_Race
01:40:21.690,38,77,3,15,16,2.601,False,HARD,18,HARD,27,GREEN,2024,Austrian_Race
01:41:21.245,39,31,20,9,10,2.032,False,HARD,18,HARD,27,GREEN,2024,Austrian_Race
01:41:25.422,39,10,20,10,11,0.322,False,HARD,18,HARD,28,GREEN,2024,Austrian_Race
01:41:29.140,39,22,20,11,12,3.621,False,HARD,16,HARD,28,GREEN,2024,Austrian_Race
01:41:30.562,39,23,20,12,13,1.365,False,HARD,26,HARD,28,GREEN,2024,Austrian_Race
01:41:30.947,39,18,20,13,14,0.592,False,MEDIUM,18,HARD,28,GREEN,2024,Austrian_Race
01:41:33.572,39,77,20,14,15,2.48,False,HARD,18,HARD,28,GREEN,2024,Austrian_Race
01:41:47.076,40,18,23,12,13,0.135,False,MEDIUM,18,HARD,26,GREEN,2024,Austrian_Race
01:41:53.191,40,23,18,12,13,0.046,False,HARD,26,MEDIUM,18,GREEN,2024,Austrian_Race
01:42:36.814,40,31,27,8,9,4.683,False,HARD,20,HARD,28,GREEN,2024,Austrian_Race
01:42:37.209,40,10,27,9,10,0.596,False,HARD,19,HARD,28,GREEN,2024,Austrian_Race
01:42:40.851,40,22,27,10,11,3.684,False,HARD,18,HARD,28,GREEN,2024,Austrian_Race
01:42:42.229,40,77,23,13,14,2.108,False,HARD,19,HARD,26,GREEN,2024,Austrian_Race
01:42:43.662,40,18,27,11,12,2.776,False,MEDIUM,18,HARD,28,GREEN,2024,Austrian_Race
01:42:45.613,40,77,27,12,13,2.108,False,HARD,20,HARD,28,GREEN,2024,Austrian_Race
01:42:52.452,41,20,23,14,15,4.741,False,HARD,1,HARD,27,GREEN,2024,Austrian_Race
01:42:53.256,41,10,31,8,9,0.182,False,HARD,19,HARD,20,GREEN,2024,Austrian_Race
01:42:53.308,41,3,23,15,16,0.981,False,HARD,2,HARD,27,GREEN,2024,Austrian_Race
01:42:58.783,41,16,23,16,17,5.464,False,MEDIUM,6,HARD,27,GREEN,2024,Austrian_Race
01:42:59.392,41,31,10,8,9,0.002,False,HARD,20,HARD,19,GREEN,2024,Austrian_Race
01:46:10.272,43,31,10,8,9,21.579,False,HARD,22,HARD,21,GREEN,2024,Austrian_Race
01:46:12.814,43,22,10,9,10,2.506,False,HARD,20,HARD,21,GREEN,2024,Austrian_Race
01:46:19.471,44,18,10,10,11,2.948,False,MEDIUM,21,HARD,22,GREEN,2024,Austrian_Race
01:46:19.928,44,27,77,12,13,0.716,False,HARD,2,HARD,22,GREEN,2024,Austrian_Race
01:46:21.180,44,20,77,13,14,1.287,False,HARD,3,HARD,22,GREEN,2024,Austrian_Race
01:46:23.291,44,27,10,11,12,4.01,False,HARD,3,HARD,22,GREEN,2024,Austrian_Race
01:46:24.628,44,20,10,12,13,1.287,False,HARD,3,HARD,22,GREEN,2024,Austrian_Race
01:46:25.449,44,3,10,13,14,0.228,False,HARD,5,HARD,22,GREEN,2024,Austrian_Race
01:46:25.449,44,3,77,13,15,0.228,False,HARD,5,HARD,23,GREEN,2024,Austrian_Race
01:46:29.556,44,16,10,14,15,4.098,False,MEDIUM,9,HARD,22,GREEN,2024,Austrian_Race
01:46:29.556,44,16,77,14,16,4.098,False,MEDIUM,9,HARD,23,GREEN,2024,Austrian_Race
01:46:36.991,44,23,77,16,17,7.211,False,HARD,3,HARD,23,GREEN,2024,Austrian_Race
01:46:46.626,44,14,77,17,18,4.098,False,HARD,8,HARD,0,GREEN,2024,Austrian_Race
01:47:24.626,44,22,31,8,9,25.026,False,HARD,21,HARD,23,GREEN,2024,Austrian_Race
01:47:30.373,45,27,18,10,11,2.342,False,HARD,3,MEDIUM,22,GREEN,2024,Austrian_Race
01:47:33.742,45,27,31,9,10,4.941,False,HARD,3,HARD,24,GREEN,2024,Austrian_Race
01:47:34.921,45,20,31,10,11,0.839,False,HARD,4,HARD,24,GREEN,2024,Austrian_Race
01:47:34.921,45,20,18,10,12,0.839,False,HARD,4,MEDIUM,22,GREEN,2024,Austrian_Race
01:47:36.348,45,3,31,11,12,1.387,False,HARD,6,HARD,24,GREEN,2024,Austrian_Race
01:47:36.348,45,3,18,11,13,1.387,False,HARD,6,MEDIUM,23,GREEN,2024,Austrian_Race
01:47:40.565,45,16,31,12,13,4.301,False,MEDIUM,11,HARD,24,GREEN,2024,Austrian_Race
01:47:40.565,45,16,18,12,14,4.301,False,MEDIUM,11,MEDIUM,23,GREEN,2024,Austrian_Race
01:47:43.574,45,10,18,14,15,2.892,False,MEDIUM,0,MEDIUM,23,GREEN,2024,Austrian_Race
01:47:47.949,45,23,18,15,16,4.384,False,HARD,4,MEDIUM,23,GREEN,2024,Austrian_Race
01:47:49.186,45,10,31,13,14,2.892,False,MEDIUM,1,MEDIUM,0,GREEN,2024,Austrian_Race
01:48:44.216,46,27,22,8,9,1.14,False,HARD,4,HARD,23,GREEN,2024,Austrian_Race
01:48:45.212,46,20,22,9,10,1.04,False,HARD,6,HARD,23,GREEN,2024,Austrian_Race
01:48:47.278,46,3,22,10,11,1.911,False,HARD,7,HARD,23,GREEN,2024,Austrian_Race
01:48:51.205,46,16,22,11,12,3.901,False,MEDIUM,12,HARD,23,GREEN,2024,Austrian_Race
01:48:53.173,46,10,22,12,13,1.962,False,MEDIUM,2,HARD,23,GREEN,2024,Austrian_Race
01:48:55.554,46,31,22,13,14,2.37,False,MEDIUM,1,HARD,23,GREEN,2024,Austrian_Race
01:48:58.808,46,23,22,14,15,3.249,False,HARD,4,HARD,23,GREEN,2024,Austrian_Race
01:49:24.555,46,18,22,15,16,0.305,False,HARD,2,HARD,0,GREEN,2024,Austrian_Race
01:50:13.163,47,55,63,3,4,1.636,False,HARD,23,MEDIUM,23,GREEN,2024,Austrian_Race
01:50:19.482,47,44,63,4,5,1.773,False,HARD,24,MEDIUM,24,GREEN,2024,Austrian_Race
01:50:20.152,47,81,63,5,6,0.832,False,HARD,20,MEDIUM,24,GREEN,2024,Austrian_Race
01:51:27.261,48,44,55,3,4,19.473,False,HARD,25,HARD,24,GREEN,2024,Austrian_Race
01:51:27.826,48,81,55,4,5,0.612,False,HARD,21,HARD,24,GREEN,2024,Austrian_Race
01:51:43.833,48,63,55,5,6,12.333,False,HARD,0,HARD,25,GREEN,2024,Austrian_Race
01:51:53.028,48,81,44,3,4,0.122,False,HARD,22,HARD,26,GREEN,2024,Austrian_Race
01:55:05.578,51,10,16,11,12,0.095,False,MEDIUM,7,MEDIUM,17,GREEN,2024,Austrian_Race
01:56:12.274,52,44,81,3,4,1.088,False,HARD,29,HARD,25,GREEN,2024,Austrian_Race
01:56:21.375,52,63,81,4,5,4.406,False,HARD,5,HARD,26,GREEN,2024,Austrian_Race
01:56:26.235,52,55,81,5,6,4.781,False,MEDIUM,4,HARD,26,GREEN,2024,Austrian_Race
01:56:56.491,52,31,16,12,13,0.407,False,MEDIUM,7,MEDIUM,18,GREEN,2024,Austrian_Race
01:56:57.729,52,27,11,7,8,17.76,False,HARD,12,HARD,30,GREEN,2024,Austrian_Race
01:56:59.610,52,20,11,8,9,1.897,False,HARD,12,HARD,30,GREEN,2024,Austrian_Race
01:57:08.010,52,3,11,9,10,2.857,False,HARD,14,MEDIUM,5,GREEN,2024,Austrian_Race
01:57:14.707,52,23,16,13,14,5.192,False,HARD,11,MEDIUM,19,GREEN,2024,Austrian_Race
01:57:15.929,52,18,16,14,15,1.19,False,HARD,9,MEDIUM,19,GREEN,2024,Austrian_Race
01:57:19.438,53,22,16,15,16,3.323,False,HARD,6,MEDIUM,19,GREEN,2024,Austrian_Race
01:57:22.413,53,14,16,16,17,3.339,False,HARD,17,MEDIUM,19,GREEN,2024,Austrian_Race
01:57:23.206,53,77,16,17,18,0.479,False,HARD,9,MEDIUM,19,GREEN,2024,Austrian_Race
01:58:35.357,54,11,3,9,10,0.144,False,MEDIUM,6,HARD,15,GREEN,2024,Austrian_Race
01:58:37.591,54,63,44,3,4,9.751,False,HARD,6,HARD,31,GREEN,2024,Austrian_Race
01:58:46.241,54,55,44,4,5,3.802,False,MEDIUM,6,HARD,32,GREEN,2024,Austrian_Race
01:58:51.462,54,81,44,5,6,5.173,False,MEDIUM,2,HARD,32,GREEN,2024,Austrian_Race
02:00:05.171,55,18,23,13,14,8.074,False,HARD,11,HARD,14,GREEN,2024,Austrian_Race
02:00:07.639,55,77,14,16,17,0.051,False,HARD,11,HARD,19,GREEN,2024,Austrian_Race
02:00:07.799,55,16,14,17,18,0.303,False,MEDIUM,8,HARD,19,GREEN,2024,Austrian_Race
02:00:21.695,55,16,77,16,17,0.056,False,MEDIUM,8,HARD,11,GREEN,2024,Austrian_Race
02:02:19.275,57,11,20,8,9,0.162,False,MEDIUM,9,HARD,17,GREEN,2024,Austrian_Race
02:03:36.972,58,16,22,15,16,0.051,False,MEDIUM,11,HARD,12,GREEN,2024,Austrian_Race
02:04:37.515,59,4,1,1,2,0.147,False,MEDIUM,7,MEDIUM,10,GREEN,2024,Austrian_Race
02:04:51.948,59,1,4,1,2,0.094,False,MEDIUM,10,MEDIUM,7,GREEN,2024,Austrian_Race
02:07:20.991,61,16,23,14,15,0.191,False,MEDIUM,14,HARD,20,GREEN,2024,Austrian_Race
02:09:41.052,63,16,18,13,14,0.218,False,MEDIUM,16,HARD,19,GREEN,2024,Austrian_Race
02:10:47.209,64,4,1,1,2,0.276,False,MEDIUM,12,MEDIUM,15,GREEN,2024,Austrian_Race
02:11:15.942,64,63,1,1,3,0.891,False,HARD,17,MEDIUM,15,GREEN,2024,Austrian_Race
02:11:15.942,64,63,4,1,2,0.891,False,HARD,17,MEDIUM,12,GREEN,2024,Austrian_Race
02:11:17.073,64,1,4,2,3,1.599,False,MEDIUM,15,MEDIUM,12,GREEN,2024,Austrian_Race
02:11:18.360,64,55,4,3,4,2.796,False,MEDIUM,16,MEDIUM,12,GREEN,2024,Austrian_Race
02:11:18.896,64,81,4,4,5,0.565,False,MEDIUM,12,MEDIUM,12,GREEN,2024,Austrian_Race
02:11:23.550,64,55,1,2,3,0.111,False,MEDIUM,16,MEDIUM,15,GREEN,2024,Austrian_Race
02:11:24.209,64,81,1,3,4,0.552,False,MEDIUM,12,MEDIUM,15,GREEN,2024,Austrian_Race
02:11:35.544,65,11,27,7,8,22.978,False,MEDIUM,17,HARD,24,GREEN,2024,Austrian_Race
02:11:35.584,65,27,11,7,8,22.997,False,HARD,24,MEDIUM,17,GREEN,2024,Austrian_Race
02:11:50.675,65,44,4,5,6,11.06,False,MEDIUM,10,MEDIUM,12,GREEN,2024,Austrian_Race
02:11:54.052,65,44,1,4,5,11.06,False,MEDIUM,10,MEDIUM,16,GREEN,2024,Austrian_Race
02:12:14.930,65,81,55,2,3,0.077,False,MEDIUM,13,MEDIUM,17,GREEN,2024,Austrian_Race
02:12:17.976,65,27,4,6,7,12.098,False,HARD,25,MEDIUM,13,GREEN,2024,Austrian_Race
02:12:18.477,65,11,4,7,8,0.643,False,MEDIUM,17,MEDIUM,13,GREEN,2024,Austrian_Race
02:12:23.615,65,20,4,8,9,5.008,False,HARD,26,MEDIUM,13,GREEN,2024,Austrian_Race
02:12:25.341,65,3,4,9,10,1.736,False,HARD,26,MEDIUM,13,GREEN,2024,Austrian_Race
02:12:26.146,65,10,4,10,11,0.927,False,MEDIUM,22,MEDIUM,13,GREEN,2024,Austrian_Race
02:12:31.413,65,31,4,11,12,5.056,False,MEDIUM,21,MEDIUM,13,GREEN,2024,Austrian_Race
02:12:35.819,65,16,4,12,13,4.462,False,MEDIUM,19,MEDIUM,13,GREEN,2024,Austrian_Race
02:12:40.889,66,18,4,13,14,5.056,False,HARD,22,MEDIUM,13,GREEN,2024,Austrian_Race
02:12:44.026,66,23,4,14,15,3.179,False,HARD,24,MEDIUM,13,GREEN,2024,Austrian_Race
02:12:48.658,66,22,4,15,16,4.651,False,HARD,20,MEDIUM,13,GREEN,2024,Austrian_Race
02:14:04.949,66,2,4,19,20,35.57,False,MEDIUM,15,MEDIUM,13,GREEN,2024,Austrian_Race
02:18:20.933,70,24,14,17,18,13.731,False,HARD,17,HARD,34,GREEN,2024,Austrian_Race
02:19:06.810,71,16,31,11,12,0.182,False,MEDIUM,24,MEDIUM,26,GREEN,2024,Austrian_Race
02:19:54.480,71,11,27,6,7,0.108,False,MEDIUM,24,HARD,31,GREEN,2024,Austrian_Race
02:20:09.363,71,27,11,6,7,0.044,False,HARD,31,MEDIUM,24,GREEN,2024,Austrian_Race
02:20:31.849,71,22,23,14,15,2.911,False,HARD,26,HARD,31,GREEN,2024,Austrian_Race
00:56:30.563,1,18,27,12,13,218.233,False,MEDIUM,1,MEDIUM,0,GREEN,2024,Azerbaijan_Race
00:56:30.815,1,4,27,13,14,212.65,False,HARD,0,MEDIUM,0,GREEN,2024,Azerbaijan_Race
00:56:30.815,1,4,3,13,15,212.65,False,HARD,0,HARD,1,GREEN,2024,Azerbaijan_Race
00:56:33.651,1,11,55,3,4,0.083,False,MEDIUM,0,MEDIUM,0,GREEN,2024,Azerbaijan_Race
00:56:34.329,1,1,63,5,6,0.072,False,MEDIUM,0,MEDIUM,0,GREEN,2024,Azerbaijan_Race
00:56:35.782,1,50,23,9,10,0.157,False,MEDIUM,0,HARD,0,GREEN,2024,Azerbaijan_Race
00:56:47.247,1,23,50,9,10,0.027,False,HARD,0,MEDIUM,0,GREEN,2024,Azerbaijan_Race
00:57:10.808,1,18,22,11,12,0.109,False,MEDIUM,1,MEDIUM,1,GREEN,2024,Azerbaijan_Race
00:57:13.091,1,10,24,17,18,0.23,False,HARD,0,HARD,1,GREEN,2024,Azerbaijan_Race
00:58:10.656,2,22,18,11,12,0.002,False,MEDIUM,1,MEDIUM,1,GREEN,2024,Azerbaijan_Race
00:58:15.446,2,4,18,12,13,0.183,False,HARD,0,MEDIUM,1,GREEN,2024,Azerbaijan_Race
00:58:15.532,2,27,18,13,14,0.066,False,MEDIUM,0,MEDIUM,1,GREEN,2024,Azerbaijan_Race
00:58:15.547,2,3,18,14,15,0.123,False,HARD,1,MEDIUM,1,GREEN,2024,Azerbaijan_Race
00:58:19.733,2,10,18,15,16,0.061,False,HARD,0,MEDIUM,1,GREEN,2024,Azerbaijan_Race
00:58:19.733,2,10,77,15,17,0.061,False,HARD,0,MEDIUM,1,GREEN,2024,Azerbaijan_Race
00:58:19.788,2,77,18,16,17,0.068,False,MEDIUM,1,MEDIUM,1,GREEN,2024,Azerbaijan_Race
00:58:20.989,2,44,18,17,18,0.066,False,MEDIUM,0,MEDIUM,1,GREEN,2024,Azerbaijan_Race
00:58:20.989,2,44,24,17,19,0.066,False,MEDIUM,0,HARD,1,GREEN,2024,Azerbaijan_Race
00:58:21.098,2,24,18,18,19,1.239,False,HARD,1,MEDIUM,1,GREEN,2024,Azerbaijan_Race
00:58:22.267,2,31,18,19,20,1.085,False,HARD,3,MEDIUM,1,GREEN,2024,Azerbaijan_Race
00:58:47.186,2,77,10,15,16,0.106,False,MEDIUM,2,HARD,1,GREEN,2024,Azerbaijan_Race
01:00:13.952,3,44,77,16,17,0.065,False,MEDIUM,1,MEDIUM,2,GREEN,2024,Azerbaijan_Race
01:00:25.786,3,4,22,11,12,0.061,False,HARD,2,MEDIUM,3,GREEN,2024,Azerbaijan_Race
01:00:37.148,3,27,22,12,13,0.016,False,MEDIUM,2,MEDIUM,3,GREEN,2024,Azerbaijan_Race
01:02:03.894,4,3,22,13,14,0.417,False,HARD,3,MEDIUM,3,GREEN,2024,Azerbaijan_Race
01:02:08.587,4,10,22,14,15,0.249,False,HARD,3,MEDIUM,4,GREEN,2024,Azerbaijan_Race
01:02:30.739,4,44,22,15,16,0.141,False,MEDIUM,3,MEDIUM,4,GREEN,2024,Azerbaijan_Race
01:09:22.984,8,4,50,10,11,0.094,False,HARD,7,MEDIUM,7,GREEN,2024,Azerbaijan_Race
01:13:03.952,10,27,50,11,12,0.177,False,MEDIUM,9,MEDIUM,9,GREEN,2024,Azerbaijan_Race
01:13:21.321,10,24,77,17,18,0.021,False,HARD,10,MEDIUM,10,GREEN,2024,Azerbaijan_Race
01:14:42.646,11,23,43,8,9,0.938,False,HARD,9,MEDIUM,9,GREEN,2024,Azerbaijan_Race
01:14:45.806,11,4,43,9,10,2.983,False,HARD,9,MEDIUM,9,GREEN,2024,Azerbaijan_Race
01:14:53.556,11,27,43,10,11,3.485,False,MEDIUM,10,MEDIUM,10,GREEN,2024,Azerbaijan_Race
01:14:55.014,11,50,43,11,12,1.539,False,MEDIUM,10,MEDIUM,10,GREEN,2024,Azerbaijan_Race
01:14:55.691,11,3,43,12,13,0.532,False,HARD,11,MEDIUM,10,GREEN,2024,Azerbaijan_Race
01:14:57.504,11,10,43,13,14,1.77,False,HARD,9,MEDIUM,10,GREEN,2024,Azerbaijan_Race
01:14:58.465,11,44,43,14,15,0.996,False,MEDIUM,10,MEDIUM,10,GREEN,2024,Azerbaijan_Race
01:15:09.445,11,31,77,18,19,0.164,False,HARD,12,MEDIUM,10,GREEN,2024,Azerbaijan_Race
01:16:31.838,12,23,14,7,8,2.034,False,HARD,10,MEDIUM,11,GREEN,2024,Azerbaijan_Race
01:16:38.779,12,4,14,8,9,0.558,False,HARD,11,MEDIUM,12,GREEN,2024,Azerbaijan_Race
01:16:43.163,12,27,14,9,10,4.483,False,MEDIUM,11,MEDIUM,12,GREEN,2024,Azerbaijan_Race
01:16:45.297,12,50,14,10,11,2.104,False,MEDIUM,11,MEDIUM,12,GREEN,2024,Azerbaijan_Race
01:16:45.985,12,3,14,11,12,0.745,False,HARD,12,MEDIUM,12,GREEN,2024,Azerbaijan_Race
01:16:47.830,12,10,14,12,13,1.743,False,HARD,10,MEDIUM,12,GREEN,2024,Azerbaijan_Race
01:16:49.235,12,44,14,13,14,1.403,False,MEDIUM,11,MEDIUM,12,GREEN,2024,Azerbaijan_Race
01:16:55.145,12,24,22,16,17,0.055,False,HARD,11,MEDIUM,11,GREEN,2024,Azerbaijan_Race
01:17:04.106,12,18,77,19,20,0.943,False,HARD,10,MEDIUM,11,GREEN,2024,Azerbaijan_Race
01:17:30.872,12,31,22,17,18,0.07,False,HARD,14,MEDIUM,12,GREEN,2024,Azerbaijan_Race
01:18:25.359,13,23,63,5,7,0.286,False,HARD,12,MEDIUM,12,GREEN,2024,Azerbaijan_Race
01:18:25.359,13,23,1,5,6,0.286,False,HARD,12,MEDIUM,12,GREEN,2024,Azerbaijan_Race
01:18:27.718,13,4,63,6,8,2.163,False,HARD,11,MEDIUM,12,GREEN,2024,Azerbaijan_Race
01:18:27.718,13,4,1,6,7,2.163,False,HARD,11,MEDIUM,12,GREEN,2024,Azerbaijan_Race
01:18:32.633,13,27,63,7,9,5.08,False,MEDIUM,11,MEDIUM,12,GREEN,2024,Azerbaijan_Race
01:18:32.633,13,27,1,7,8,5.08,False,MEDIUM,11,MEDIUM,12,GREEN,2024,Azerbaijan_Race
01:18:35.277,13,50,63,8,10,2.675,False,MEDIUM,12,MEDIUM,12,GREEN,2024,Azerbaijan_Race
01:18:35.277,13,50,1,8,9,2.675,False,MEDIUM,12,MEDIUM,12,GREEN,2024,Azerbaijan_Race
01:18:36.844,13,3,63,10,11,1.42,False,HARD,13,MEDIUM,12,GREEN,2024,Azerbaijan_Race
01:18:38.099,13,10,63,11,12,1.22,False,HARD,12,MEDIUM,12,GREEN,2024,Azerbaijan_Race
01:18:39.324,13,14,44,13,14,3.222,False,HARD,1,MEDIUM,11,GREEN,2024,Azerbaijan_Race
01:18:42.317,13,3,1,9,10,1.42,False,HARD,13,HARD,0,GREEN,2024,Azerbaijan_Race
01:18:45.487,13,43,44,14,15,1.111,False,HARD,2,MEDIUM,12,GREEN,2024,Azerbaijan_Race
01:18:51.599,13,18,22,18,19,0.071,False,HARD,11,MEDIUM,12,GREEN,2024,Azerbaijan_Race
01:18:53.723,13,24,44,15,16,8.056,False,HARD,13,MEDIUM,12,GREEN,2024,Azerbaijan_Race
01:18:54.924,13,31,44,16,17,1.229,False,HARD,15,MEDIUM,12,GREEN,2024,Azerbaijan_Race
01:18:59.340,13,18,44,17,18,4.549,False,HARD,12,MEDIUM,12,GREEN,2024,Azerbaijan_Race
01:19:18.805,13,77,22,19,20,14.107,False,HARD,2,MEDIUM,13,GREEN,2024,Azerbaijan_Race
01:19:55.977,14,55,11,3,4,2.075,False,MEDIUM,12,MEDIUM,12,GREEN,2024,Azerbaijan_Race
01:20:14.574,14,23,11,4,5,12.199,False,HARD,13,MEDIUM,13,GREEN,2024,Azerbaijan_Race
01:20:16.730,14,4,11,5,6,2.156,False,HARD,13,MEDIUM,13,GREEN,2024,Azerbaijan_Race
01:20:23.191,14,1,3,9,10,0.052,False,HARD,0,HARD,13,GREEN,2024,Azerbaijan_Race
01:22:11.432,15,1,50,8,9,0.061,False,HARD,1,MEDIUM,13,GREEN,2024,Azerbaijan_Race
01:22:14.788,15,10,50,9,10,0.183,False,HARD,13,MEDIUM,13,GREEN,2024,Azerbaijan_Race
01:22:14.788,15,10,3,9,11,0.183,False,HARD,13,HARD,14,GREEN,2024,Azerbaijan_Race
01:22:14.888,15,63,50,10,11,0.055,False,HARD,1,MEDIUM,13,GREEN,2024,Azerbaijan_Race
01:22:14.888,15,63,3,10,12,0.055,False,HARD,1,HARD,14,GREEN,2024,Azerbaijan_Race
01:22:15.039,15,3,50,11,12,3.162,False,HARD,14,MEDIUM,13,GREEN,2024,Azerbaijan_Race
01:22:22.265,15,14,50,12,13,2.199,False,HARD,3,MEDIUM,14,GREEN,2024,Azerbaijan_Race
01:22:24.239,15,43,50,13,14,2.161,False,HARD,4,MEDIUM,14,GREEN,2024,Azerbaijan_Race
01:22:29.739,15,63,10,9,10,0.042,False,HARD,2,HARD,14,GREEN,2024,Azerbaijan_Race
01:22:34.907,15,24,50,14,15,10.521,False,HARD,15,MEDIUM,14,GREEN,2024,Azerbaijan_Race
01:22:35.355,15,31,50,15,16,0.426,False,HARD,17,MEDIUM,14,GREEN,2024,Azerbaijan_Race
01:23:33.936,16,55,81,2,3,2.873,False,MEDIUM,14,MEDIUM,14,GREEN,2024,Azerbaijan_Race
01:23:51.368,16,11,4,5,6,0.236,False,HARD,1,HARD,14,GREEN,2024,Azerbaijan_Race
01:23:51.642,16,4,11,5,6,3.683,False,HARD,14,HARD,1,GREEN,2024,Azerbaijan_Race
01:23:52.080,16,23,81,3,4,12.94,False,HARD,15,MEDIUM,15,GREEN,2024,Azerbaijan_Race
01:23:59.281,16,1,27,7,8,0.423,False,HARD,2,MEDIUM,14,GREEN,2024,Azerbaijan_Race
01:24:07.798,16,14,3,11,12,0.039,False,HARD,4,HARD,15,GREEN,2024,Azerbaijan_Race
01:24:08.119,16,63,27,8,9,0.42,False,HARD,3,MEDIUM,15,GREEN,2024,Azerbaijan_Race
01:24:10.885,16,10,27,9,10,2.596,False,HARD,15,MEDIUM,15,GREEN,2024,Azerbaijan_Race
01:24:12.058,16,14,27,10,11,1.381,False,HARD,4,MEDIUM,15,GREEN,2024,Azerbaijan_Race
01:24:12.688,16,3,27,11,12,0.196,False,HARD,15,MEDIUM,15,GREEN,2024,Azerbaijan_Race
01:24:13.701,16,43,27,12,13,1.32,False,HARD,5,MEDIUM,15,GREEN,2024,Azerbaijan_Race
01:24:21.147,16,44,18,17,18,0.136,False,HARD,2,HARD,14,GREEN,2024,Azerbaijan_Race
01:25:27.695,17,55,16,1,2,4.187,False,MEDIUM,15,MEDIUM,16,GREEN,2024,Azerbaijan_Race
01:25:55.573,17,43,3,11,12,0.022,False,HARD,5,HARD,16,GREEN,2024,Azerbaijan_Race
01:25:56.565,17,14,10,9,10,0.023,False,HARD,5,HARD,15,GREEN,2024,Azerbaijan_Race
01:26:12.622,17,50,31,15,16,0.113,False,HARD,1,HARD,18,GREEN,2024,Azerbaijan_Race
01:26:38.833,17,44,31,16,17,0.211,False,HARD,4,HARD,19,GREEN,2024,Azerbaijan_Race
01:27:26.544,18,81,23,3,4,0.031,False,HARD,1,HARD,16,GREEN,2024,Azerbaijan_Race
01:27:29.538,18,16,55,1,2,7.94,False,HARD,1,MEDIUM,17,GREEN,2024,Azerbaijan_Race
01:27:30.809,18,81,55,2,3,1.316,False,HARD,2,MEDIUM,17,GREEN,2024,Azerbaijan_Race
01:27:31.403,18,23,55,3,4,0.123,False,HARD,17,MEDIUM,17,GREEN,2024,Azerbaijan_Race
01:27:31.932,18,11,55,4,5,0.672,False,HARD,4,MEDIUM,17,GREEN,2024,Azerbaijan_Race
01:27:33.835,18,4,55,5,6,2.057,False,HARD,17,MEDIUM,17,GREEN,2024,Azerbaijan_Race
01:28:02.177,18,50,24,14,15,0.092,False,HARD,2,HARD,17,GREEN,2024,Azerbaijan_Race
01:28:07.111,18,44,24,15,16,0.264,False,HARD,5,HARD,18,GREEN,2024,Azerbaijan_Race
01:29:20.892,19,11,23,3,4,0.14,False,HARD,5,HARD,18,GREEN,2024,Azerbaijan_Race
01:31:05.845,20,81,16,1,2,0.347,False,HARD,4,HARD,3,GREEN,2024,Azerbaijan_Race
01:31:26.681,20,43,10,10,11,0.258,False,HARD,8,HARD,18,GREEN,2024,Azerbaijan_Race
01:33:24.663,21,27,3,12,13,0.15,False,HARD,4,HARD,20,GREEN,2024,Azerbaijan_Race
01:35:42.180,22,50,3,13,14,0.207,False,HARD,7,HARD,22,GREEN,2024,Azerbaijan_Race
01:36:39.384,23,55,4,5,6,0.135,False,HARD,5,HARD,22,GREEN,2024,Azerbaijan_Race
01:37:05.187,23,44,3,14,15,0.089,False,HARD,9,HARD,22,GREEN,2024,Azerbaijan_Race
01:37:36.595,23,77,18,18,19,8.753,False,HARD,12,HARD,22,GREEN,2024,Azerbaijan_Race
01:38:27.771,24,55,23,4,5,0.142,False,HARD,5,HARD,22,GREEN,2024,Azerbaijan_Race
01:42:26.660,26,27,10,11,12,0.011,False,HARD,9,HARD,24,GREEN,2024,Azerbaijan_Race
01:49:48.763,30,50,10,12,13,0.163,False,HARD,15,HARD,29,GREEN,2024,Azerbaijan_Race
01:50:10.494,30,44,10,13,14,0.26,False,HARD,17,HARD,29,GREEN,2024,Azerbaijan_Race
01:52:57.466,32,4,23,5,6,0.628,False,HARD,30,HARD,30,GREEN,2024,Azerbaijan_Race
01:52:58.159,32,1,23,6,7,0.789,False,HARD,18,HARD,30,GREEN,2024,Azerbaijan_Race
01:52:58.389,32,63,23,7,8,0.147,False,HARD,18,HARD,30,GREEN,2024,Azerbaijan_Race
01:53:17.067,32,14,23,8,9,12.041,False,HARD,21,HARD,31,GREEN,2024,Azerbaijan_Race
01:53:19.025,32,43,23,9,10,1.858,False,HARD,21,HARD,31,GREEN,2024,Azerbaijan_Race
01:53:42.447,32,27,23,10,11,0.006,False,HARD,16,MEDIUM,0,GREEN,2024,Azerbaijan_Race
01:55:51.319,33,18,77,18,19,0.127,False,HARD,11,HARD,22,GREEN,2024,Azerbaijan_Race
01:56:39.257,34,63,1,6,7,0.089,False,HARD,21,HARD,21,GREEN,2024,Azerbaijan_Race
01:59:15.498,35,31,24,16,17,1.452,False,HARD,36,HARD,34,GREEN,2024,Azerbaijan_Race
01:59:29.755,35,18,24,17,18,7.031,False,HARD,13,HARD,35,GREEN,2024,Azerbaijan_Race
01:59:32.727,35,77,24,18,19,2.788,False,HARD,23,HARD,35,GREEN,2024,Azerbaijan_Race
02:00:31.779,36,27,43,9,10,0.115,False,HARD,19,HARD,24,GREEN,2024,Azerbaijan_Race
02:00:57.892,36,23,43,10,11,0.149,False,MEDIUM,4,HARD,25,GREEN,2024,Azerbaijan_Race
02:03:45.573,38,63,4,5,6,2.194,False,HARD,24,HARD,36,GREEN,2024,Azerbaijan_Race
02:03:51.521,38,1,4,6,7,0.123,False,HARD,25,HARD,37,GREEN,2024,Azerbaijan_Race
02:04:13.301,38,23,27,9,10,0.142,False,MEDIUM,6,HARD,22,GREEN,2024,Azerbaijan_Race
02:09:45.268,41,44,50,12,13,0.047,False,HARD,28,HARD,26,GREEN,2024,Azerbaijan_Race
02:09:45.288,41,50,44,12,13,1.056,False,HARD,26,HARD,28,GREEN,2024,Azerbaijan_Race
02:19:20.846,46,77,18,17,18,0.299,False,HARD,34,HARD,23,GREEN,2024,Azerbaijan_Race
02:19:21.439,46,24,18,18,19,0.632,False,MEDIUM,11,HARD,23,GREEN,2024,Azerbaijan_Race
02:19:50.113,47,24,77,17,18,0.287,False,MEDIUM,12,HARD,35,GREEN,2024,Azerbaijan_Race
02:23:06.154,49,24,31,16,17,0.05,False,MEDIUM,14,HARD,50,GREEN,2024,Azerbaijan_Race
02:23:08.084,49,11,16,2,3,0.452,False,HARD,34,HARD,31,GREEN,2024,Azerbaijan_Race
02:23:08.330,49,16,11,2,3,2.625,False,HARD,31,HARD,34,GREEN,2024,Azerbaijan_Race
02:23:31.409,49,4,1,6,7,0.031,False,MEDIUM,11,HARD,36,GREEN,2024,Azerbaijan_Race
02:24:26.196,49,43,27,10,11,0.097,False,HARD,38,HARD,33,GREEN,2024,Azerbaijan_Race
02:25:00.758,50,11,16,2,3,0.079,False,HARD,36,HARD,33,GREEN,2024,Azerbaijan_Race
02:25:07.107,50,16,11,2,3,0.082,False,HARD,33,HARD,36,GREEN,2024,Azerbaijan_Race
02:25:07.174,50,55,11,3,4,0.496,False,HARD,32,HARD,36,GREEN,2024,Azerbaijan_Race
00:55:28.181,1,81,4,4,5,0.047,False,MEDIUM,0,MEDIUM,0,GREEN,2024,Belgian_Race
00:55:28.576,1,63,4,5,6,0.174,False,MEDIUM,0,MEDIUM,0,GREEN,2024,Belgian_Race
00:55:28.800,1,55,4,6,7,0.274,False,HARD,0,MEDIUM,0,GREEN,2024,Belgian_Race
00:55:29.581,1,77,10,12,13,999.0,False,MEDIUM,0,MEDIUM,0,GREEN,2024,Belgian_Race
00:55:29.581,1,77,3,12,14,999.0,False,MEDIUM,0,SOFT,0,GREEN,2024,Belgian_Race
00:55:30.746,1,22,2,18,19,999.0,False,MEDIUM,0,MEDIUM,0,GREEN,2024,Belgian_Race
00:55:30.746,1,22,24,18,20,999.0,False,MEDIUM,0,HARD,0,GREEN,2024,Belgian_Race
00:55:30.850,1,24,2,19,20,999.0,False,HARD,0,MEDIUM,0,GREEN,2024,Belgian_Race
00:55:32.280,1,44,11,2,3,0.01,False,MEDIUM,0,MEDIUM,0,GREEN,2024,Belgian_Race
00:55:33.560,1,23,14,8,9,0.079,False,MEDIUM,0,MEDIUM,0,GREEN,2024,Belgian_Race
00:55:33.560,1,23,31,8,10,0.079,False,MEDIUM,0,MEDIUM,0,GREEN,2024,Belgian_Race
00:55:34.543,1,27,18,15,16,0.017,False,MEDIUM,0,MEDIUM,0,GREEN,2024,Belgian_Race
00:55:37.108,1,1,31,10,11,0.069,False,MEDIUM,0,MEDIUM,0,GREEN,2024,Belgian_Race
00:55:49.955,1,1,14,9,10,0.078,False,MEDIUM,0,MEDIUM,0,GREEN,2024,Belgian_Race
00:55:53.662,1,14,23,8,9,0.035,False,MEDIUM,0,MEDIUM,0,GREEN,2024,Belgian_Race
00:55:53.662,1,14,1,8,10,0.035,False,MEDIUM,0,MEDIUM,0,GREEN,2024,Belgian_Race
00:55:55.620,1,20,18,16,17,0.059,False,MEDIUM,0,MEDIUM,0,GREEN,2024,Belgian_Race
00:56:00.715,1,18,27,15,16,0.016,False,MEDIUM,0,MEDIUM,0,GREEN,2024,Belgian_Race
00:56:00.715,1,18,20,15,17,0.016,False,MEDIUM,0,MEDIUM,0,GREEN,2024,Belgian_Race
00:56:01.028,1,20,27,16,17,0.256,False,MEDIUM,0,MEDIUM,0,GREEN,2024,Belgian_Race
00:56:01.406,1,24,22,18,19,0.065,False,HARD,0,MEDIUM,0,GREEN,2024,Belgian_Race
00:56:04.872,1,27,20,16,17,0.012,False,MEDIUM,0,MEDIUM,0,GREEN,2024,Belgian_Race
00:56:12.495,1,10,77,12,13,0.102,False,MEDIUM,0,MEDIUM,0,GREEN,2024,Belgian_Race
00:57:07.126,2,1,23,9,10,0.173,False,MEDIUM,0,MEDIUM,0,GREEN,2024,Belgian_Race
00:57:38.791,2,1,14,8,9,0.098,False,MEDIUM,1,MEDIUM,1,GREEN,2024,Belgian_Race
00:57:44.440,2,4,55,6,7,0.021,False,MEDIUM,1,HARD,1,GREEN,2024,Belgian_Race
00:57:49.506,2,55,4,6,7,0.226,False,HARD,1,MEDIUM,1,GREEN,2024,Belgian_Race
00:59:28.366,3,44,16,1,2,0.021,False,MEDIUM,2,MEDIUM,2,GREEN,2024,Belgian_Race
00:59:48.349,3,22,24,18,19,0.705,False,MEDIUM,2,HARD,2,GREEN,2024,Belgian_Race
00:59:48.828,3,2,24,19,20,0.362,False,MEDIUM,2,HARD,2,GREEN,2024,Belgian_Race
01:08:23.248,8,20,27,16,17,0.944,False,MEDIUM,6,MEDIUM,6,GREEN,2024,Belgian_Race
01:08:24.373,8,22,27,17,18,1.235,False,MEDIUM,6,MEDIUM,6,GREEN,2024,Belgian_Race
01:08:25.663,8,2,27,18,19,1.306,False,MEDIUM,6,MEDIUM,6,GREEN,2024,Belgian_Race
01:10:08.787,9,31,23,10,11,0.923,False,MEDIUM,7,MEDIUM,7,GREEN,2024,Belgian_Race
01:10:10.101,9,10,23,11,12,1.316,False,MEDIUM,7,MEDIUM,7,GREEN,2024,Belgian_Race
01:10:10.984,9,77,23,12,13,0.926,False,MEDIUM,7,MEDIUM,7,GREEN,2024,Belgian_Race
01:10:12.733,9,18,3,14,15,0.572,False,MEDIUM,7,SOFT,7,GREEN,2024,Belgian_Race
01:10:14.516,9,20,3,15,16,1.795,False,MEDIUM,7,SOFT,7,GREEN,2024,Belgian_Race
01:10:15.773,9,22,3,16,17,1.261,False,MEDIUM,7,SOFT,7,GREEN,2024,Belgian_Race
01:10:17.125,9,18,23,13,14,0.572,False,MEDIUM,8,MEDIUM,8,GREEN,2024,Belgian_Race
01:10:18.937,9,20,23,14,15,1.795,False,MEDIUM,8,MEDIUM,8,GREEN,2024,Belgian_Race
01:10:20.253,9,22,23,15,16,1.261,False,MEDIUM,7,MEDIUM,8,GREEN,2024,Belgian_Race
01:10:35.891,9,27,2,18,19,10.173,False,HARD,0,MEDIUM,8,GREEN,2024,Belgian_Race
01:12:02.425,10,77,10,11,12,0.672,False,MEDIUM,8,MEDIUM,8,GREEN,2024,Belgian_Race
01:12:04.081,10,18,10,12,13,1.51,False,MEDIUM,8,MEDIUM,8,GREEN,2024,Belgian_Race
01:12:05.683,10,20,10,13,14,1.649,False,MEDIUM,8,MEDIUM,8,GREEN,2024,Belgian_Race
01:12:11.857,10,22,10,14,15,1.336,False,MEDIUM,9,MEDIUM,9,GREEN,2024,Belgian_Race
01:12:19.706,10,23,10,15,16,7.873,False,MEDIUM,1,MEDIUM,9,GREEN,2024,Belgian_Race
01:12:23.300,10,3,10,16,17,3.579,False,MEDIUM,1,MEDIUM,9,GREEN,2024,Belgian_Race
01:12:54.907,10,27,10,17,18,0.088,False,HARD,2,HARD,0,GREEN,2024,Belgian_Race
01:13:41.831,11,55,63,5,6,0.755,False,HARD,9,MEDIUM,9,GREEN,2024,Belgian_Race
01:13:42.716,11,4,63,6,7,0.771,False,MEDIUM,9,MEDIUM,9,GREEN,2024,Belgian_Race
01:13:53.140,11,14,63,7,8,0.788,False,MEDIUM,10,MEDIUM,10,GREEN,2024,Belgian_Race
01:13:53.140,11,14,1,7,9,0.788,False,MEDIUM,10,MEDIUM,10,GREEN,2024,Belgian_Race
01:13:55.665,11,31,63,8,9,2.477,False,MEDIUM,9,MEDIUM,10,GREEN,2024,Belgian_Race
01:13:55.665,11,31,1,8,10,2.477,False,MEDIUM,9,MEDIUM,10,GREEN,2024,Belgian_Race
01:13:57.653,11,77,63,9,10,2.065,False,MEDIUM,10,MEDIUM,10,GREEN,2024,Belgian_Race
01:13:57.653,11,77,1,9,11,2.065,False,MEDIUM,10,MEDIUM,10,GREEN,2024,Belgian_Race
01:13:59.699,11,18,63,10,11,2.041,False,MEDIUM,10,MEDIUM,10,GREEN,2024,Belgian_Race
01:13:59.699,11,18,1,10,12,2.041,False,MEDIUM,10,MEDIUM,10,GREEN,2024,Belgian_Race
01:14:01.838,11,20,63,11,12,2.11,False,MEDIUM,10,MEDIUM,10,GREEN,2024,Belgian_Race
01:14:01.838,11,20,1,11,13,2.11,False,MEDIUM,10,MEDIUM,10,GREEN,2024,Belgian_Race
01:14:03.410,11,22,63,12,13,1.564,False,MEDIUM,10,MEDIUM,10,GREEN,2024,Belgian_Race
01:14:03.410,11,22,1,12,14,1.564,False,MEDIUM,10,MEDIUM,10,GREEN,2024,Belgian_Race
01:14:09.645,11,63,22,12,13,1.299,False,HARD,0,MEDIUM,10,GREEN,2024,Belgian_Race
01:15:26.023,11,16,44,1,2,2.158,False,MEDIUM,10,MEDIUM,10,GREEN,2024,Belgian_Race
01:15:31.364,12,55,11,3,4,1.535,False,HARD,10,MEDIUM,10,GREEN,2024,Belgian_Race
01:15:31.364,12,55,81,3,5,1.535,False,HARD,10,MEDIUM,10,GREEN,2024,Belgian_Race
01:15:32.719,12,4,11,4,5,1.376,False,MEDIUM,10,MEDIUM,10,GREEN,2024,Belgian_Race
01:15:32.719,12,4,81,4,6,1.376,False,MEDIUM,10,MEDIUM,10,GREEN,2024,Belgian_Race
01:15:33.568,12,63,20,11,12,0.043,False,HARD,0,MEDIUM,10,GREEN,2024,Belgian_Race
01:15:35.775,12,55,44,2,3,3.119,False,HARD,10,MEDIUM,11,GREEN,2024,Belgian_Race
01:15:37.137,12,4,44,3,4,1.374,False,MEDIUM,11,MEDIUM,11,GREEN,2024,Belgian_Race
01:15:43.772,12,14,11,4,6,5.225,False,MEDIUM,11,MEDIUM,11,GREEN,2024,Belgian_Race
01:15:43.772,12,14,44,4,5,5.225,False,MEDIUM,11,MEDIUM,11,GREEN,2024,Belgian_Race
01:15:43.772,12,14,81,4,7,5.225,False,MEDIUM,11,MEDIUM,11,GREEN,2024,Belgian_Race
01:15:45.747,12,1,22,13,14,0.074,False,HARD,0,MEDIUM,10,GREEN,2024,Belgian_Race
01:15:46.050,12,18,77,9,10,1.805,False,MEDIUM,10,MEDIUM,10,GREEN,2024,Belgian_Race
01:15:46.534,12,31,11,5,7,2.727,False,MEDIUM,11,MEDIUM,11,GREEN,2024,Belgian_Race
01:15:46.534,12,31,44,5,6,2.727,False,MEDIUM,11,MEDIUM,11,GREEN,2024,Belgian_Race
01:15:46.534,12,31,81,5,8,2.727,False,MEDIUM,11,MEDIUM,11,GREEN,2024,Belgian_Race
01:15:47.965,12,63,77,10,11,2.353,False,HARD,0,MEDIUM,10,GREEN,2024,Belgian_Race
01:15:50.425,12,18,11,7,8,3.936,False,MEDIUM,10,MEDIUM,11,GREEN,2024,Belgian_Race
01:15:50.425,12,18,81,7,9,3.936,False,MEDIUM,10,MEDIUM,11,GREEN,2024,Belgian_Race
01:15:52.284,12,63,81,9,10,1.922,False,HARD,1,MEDIUM,11,GREEN,2024,Belgian_Race
01:15:53.735,12,20,77,11,12,0.845,False,MEDIUM,11,MEDIUM,11,GREEN,2024,Belgian_Race
01:15:55.034,12,1,77,12,13,1.388,False,HARD,1,MEDIUM,11,GREEN,2024,Belgian_Race
01:15:55.800,12,22,77,13,14,0.735,False,MEDIUM,10,MEDIUM,11,GREEN,2024,Belgian_Race
01:15:58.103,12,81,63,9,10,1.219,False,MEDIUM,0,HARD,1,GREEN,2024,Belgian_Race
01:15:59.389,12,23,77,14,15,3.536,False,MEDIUM,3,MEDIUM,11,GREEN,2024,Belgian_Race
01:16:02.907,12,3,77,15,16,3.557,False,MEDIUM,3,MEDIUM,11,GREEN,2024,Belgian_Race
01:16:04.481,12,27,77,16,17,1.575,False,HARD,4,MEDIUM,11,GREEN,2024,Belgian_Race
01:16:04.948,12,10,77,17,18,0.418,False,HARD,2,MEDIUM,11,GREEN,2024,Belgian_Race
01:16:36.371,12,1,20,11,12,0.138,False,HARD,1,MEDIUM,11,GREEN,2024,Belgian_Race
01:17:24.879,13,55,16,1,2,0.425,False,HARD,12,MEDIUM,12,GREEN,2024,Belgian_Race
01:17:26.878,13,4,16,2,3,1.957,False,MEDIUM,12,MEDIUM,12,GREEN,2024,Belgian_Race
01:17:33.064,13,44,31,5,6,2.757,False,HARD,0,MEDIUM,11,GREEN,2024,Belgian_Race
01:17:34.680,13,14,16,3,4,7.818,False,MEDIUM,12,MEDIUM,12,GREEN,2024,Belgian_Race
01:17:37.003,13,11,31,6,7,0.28,False,MEDIUM,0,MEDIUM,11,GREEN,2024,Belgian_Race
01:17:37.003,13,11,18,6,8,0.28,False,MEDIUM,0,MEDIUM,11,GREEN,2024,Belgian_Race
01:17:37.308,13,81,31,7,8,0.543,False,HARD,0,MEDIUM,11,GREEN,2024,Belgian_Race
01:17:37.308,13,81,18,7,9,0.543,False,HARD,0,MEDIUM,11,GREEN,2024,Belgian_Race
01:17:37.469,13,44,16,4,5,2.757,False,HARD,1,MEDIUM,12,GREEN,2024,Belgian_Race
01:17:37.844,13,63,18,9,10,0.417,False,HARD,1,MEDIUM,11,GREEN,2024,Belgian_Race
01:17:39.126,13,1,18,10,11,1.236,False,HARD,1,MEDIUM,11,GREEN,2024,Belgian_Race
01:17:42.129,13,63,31,8,9,0.205,False,HARD,2,MEDIUM,12,GREEN,2024,Belgian_Race
01:17:43.547,13,1,31,9,10,1.265,False,HARD,2,MEDIUM,12,GREEN,2024,Belgian_Race
01:17:45.871,13,20,31,10,11,0.156,False,MEDIUM,11,MEDIUM,12,GREEN,2024,Belgian_Race
01:17:45.871,13,20,18,10,12,0.156,False,MEDIUM,11,MEDIUM,11,GREEN,2024,Belgian_Race
01:17:47.433,13,22,31,11,12,1.545,False,MEDIUM,12,MEDIUM,12,GREEN,2024,Belgian_Race
01:17:47.433,13,22,18,11,13,1.545,False,MEDIUM,12,MEDIUM,12,GREEN,2024,Belgian_Race
01:17:49.557,13,23,31,12,13,2.106,False,MEDIUM,4,MEDIUM,12,GREEN,2024,Belgian_Race
01:17:49.557,13,23,18,12,14,2.106,False,MEDIUM,4,MEDIUM,12,GREEN,2024,Belgian_Race
01:17:52.848,13,3,31,13,14,3.377,False,MEDIUM,4,MEDIUM,12,GREEN,2024,Belgian_Race
01:17:52.848,13,3,18,13,15,3.377,False,MEDIUM,4,MEDIUM,12,GREEN,2024,Belgian_Race
01:17:54.349,13,27,31,14,15,1.454,False,HARD,5,MEDIUM,12,GREEN,2024,Belgian_Race
01:17:54.349,13,27,18,14,16,1.454,False,HARD,5,MEDIUM,12,GREEN,2024,Belgian_Race
01:17:54.669,13,10,31,15,16,0.373,False,HARD,3,MEDIUM,12,GREEN,2024,Belgian_Race
01:17:54.669,13,10,18,15,17,0.373,False,HARD,3,MEDIUM,12,GREEN,2024,Belgian_Race
01:17:55.792,13,77,31,16,17,1.137,False,HARD,0,MEDIUM,12,GREEN,2024,Belgian_Race
01:17:55.792,13,77,18,16,18,1.137,False,HARD,0,MEDIUM,12,GREEN,2024,Belgian_Race
01:17:59.616,13,2,18,18,19,3.753,False,MEDIUM,4,MEDIUM,12,GREEN,2024,Belgian_Race
01:18:05.692,13,18,2,18,19,3.316,False,MEDIUM,0,MEDIUM,4,GREEN,2024,Belgian_Race
01:18:07.514,13,81,11,6,7,0.106,False,HARD,1,MEDIUM,1,GREEN,2024,Belgian_Race
01:19:21.283,14,44,14,3,4,0.9,False,HARD,1,MEDIUM,12,GREEN,2024,Belgian_Race
01:19:22.772,14,16,14,4,5,1.429,False,HARD,0,MEDIUM,12,GREEN,2024,Belgian_Race
01:19:24.844,14,81,14,5,6,2.179,False,HARD,1,MEDIUM,12,GREEN,2024,Belgian_Race
01:19:29.900,14,11,14,6,7,0.752,False,MEDIUM,2,MEDIUM,13,GREEN,2024,Belgian_Race
01:19:30.794,14,63,14,7,8,0.862,False,HARD,2,MEDIUM,13,GREEN,2024,Belgian_Race
01:19:31.874,14,1,14,8,9,0.994,False,HARD,3,MEDIUM,13,GREEN,2024,Belgian_Race
01:19:36.866,14,20,14,9,10,4.905,False,MEDIUM,13,MEDIUM,13,GREEN,2024,Belgian_Race
01:19:38.763,14,22,14,10,11,1.932,False,MEDIUM,13,MEDIUM,13,GREEN,2024,Belgian_Race
01:19:40.021,14,23,14,11,12,1.101,False,MEDIUM,5,MEDIUM,13,GREEN,2024,Belgian_Race
01:19:42.684,14,3,14,12,13,2.825,False,MEDIUM,5,MEDIUM,13,GREEN,2024,Belgian_Race
01:19:44.164,14,27,14,13,14,1.436,False,HARD,6,MEDIUM,13,GREEN,2024,Belgian_Race
01:19:49.340,14,14,27,13,14,8.103,False,HARD,0,HARD,6,GREEN,2024,Belgian_Race
01:19:50.215,14,18,2,18,19,0.032,False,HARD,0,MEDIUM,4,GREEN,2024,Belgian_Race
01:20:19.846,14,31,77,16,17,0.273,False,HARD,1,HARD,2,GREEN,2024,Belgian_Race
01:21:41.789,15,31,10,15,16,0.132,False,HARD,2,HARD,5,GREEN,2024,Belgian_Race
01:21:56.489,15,23,22,10,11,0.056,False,MEDIUM,6,MEDIUM,14,GREEN,2024,Belgian_Race
01:23:01.899,16,44,4,2,3,1.595,False,HARD,4,MEDIUM,15,GREEN,2024,Belgian_Race
01:23:03.436,16,16,4,3,4,1.48,False,HARD,3,MEDIUM,15,GREEN,2024,Belgian_Race
01:23:05.501,16,81,4,4,5,2.146,False,HARD,3,MEDIUM,15,GREEN,2024,Belgian_Race
01:23:06.779,16,11,4,5,6,1.244,False,MEDIUM,4,MEDIUM,15,GREEN,2024,Belgian_Race
01:23:07.424,16,63,4,6,7,0.743,False,HARD,5,MEDIUM,15,GREEN,2024,Belgian_Race
01:23:08.215,16,1,4,7,8,0.796,False,HARD,5,MEDIUM,15,GREEN,2024,Belgian_Race
01:23:17.782,16,3,22,11,12,0.474,False,MEDIUM,6,MEDIUM,14,GREEN,2024,Belgian_Race
01:23:18.391,16,14,22,12,13,0.515,False,HARD,1,MEDIUM,14,GREEN,2024,Belgian_Race
01:23:20.311,16,27,22,13,14,1.805,False,HARD,7,MEDIUM,14,GREEN,2024,Belgian_Race
01:23:20.711,16,31,22,14,15,0.467,False,HARD,2,MEDIUM,14,GREEN,2024,Belgian_Race
01:23:21.424,16,10,22,15,16,0.71,False,HARD,5,MEDIUM,14,GREEN,2024,Belgian_Race
01:23:26.831,16,77,22,16,17,0.589,False,HARD,4,MEDIUM,15,GREEN,2024,Belgian_Race
01:23:29.295,16,18,22,17,18,2.403,False,HARD,3,MEDIUM,15,GREEN,2024,Belgian_Race
01:23:32.047,16,2,22,18,19,2.682,False,MEDIUM,7,MEDIUM,15,GREEN,2024,Belgian_Race
01:23:51.066,16,31,27,13,14,0.025,False,HARD,3,HARD,8,GREEN,2024,Belgian_Race
01:26:56.138,18,14,20,11,20,1.005,False,HARD,3,MEDIUM,16,GREEN,2024,Belgian_Race
01:26:56.138,18,31,20,12,20,1.11,False,HARD,4,MEDIUM,16,GREEN,2024,Belgian_Race
01:26:56.138,18,23,20,9,20,1.25,False,MEDIUM,8,MEDIUM,16,GREEN,2024,Belgian_Race
01:26:56.138,18,10,20,14,20,0.079,False,HARD,7,MEDIUM,16,GREEN,2024,Belgian_Race
01:26:56.138,18,3,20,10,20,0.936,False,MEDIUM,8,MEDIUM,16,GREEN,2024,Belgian_Race
01:26:56.138,18,77,20,15,20,1.122,False,HARD,5,MEDIUM,16,GREEN,2024,Belgian_Race
01:26:56.138,18,18,20,16,20,1.877,False,HARD,4,MEDIUM,16,GREEN,2024,Belgian_Race
01:26:56.138,18,27,20,13,20,2.106,False,HARD,9,MEDIUM,16,GREEN,2024,Belgian_Race
01:26:56.138,18,2,20,17,20,4.467,False,MEDIUM,8,MEDIUM,16,GREEN,2024,Belgian_Race
01:26:56.138,18,24,20,19,20,83.307,False,HARD,5,MEDIUM,16,GREEN,2024,Belgian_Race
01:26:56.138,18,22,20,18,20,7.37,False,HARD,2,MEDIUM,16,GREEN,2024,Belgian_Race
01:26:57.033,18,20,31,11,12,9.543,False,MEDIUM,16,HARD,4,GREEN,2024,Belgian_Race
01:26:57.033,18,20,10,11,14,9.543,False,MEDIUM,16,HARD,7,GREEN,2024,Belgian_Race
01:26:57.033,18,20,77,11,15,9.543,False,MEDIUM,16,HARD,5,GREEN,2024,Belgian_Race
01:26:57.033,18,20,18,11,16,9.543,False,MEDIUM,16,HARD,4,GREEN,2024,Belgian_Race
01:26:57.033,18,20,27,11,15,9.543,False,MEDIUM,16,HARD,9,GREEN,2024,Belgian_Race
01:26:57.033,18,20,2,11,17,9.543,False,MEDIUM,16,MEDIUM,8,GREEN,2024,Belgian_Race
01:26:57.033,18,20,24,11,19,9.543,False,MEDIUM,16,HARD,5,GREEN,2024,Belgian_Race
01:26:57.033,18,20,22,11,18,9.543,False,MEDIUM,16,HARD,2,GREEN,2024,Belgian_Race
01:29:23.632,19,77,27,14,15,0.196,False,HARD,7,HARD,11,GREEN,2024,Belgian_Race
01:31:04.753,20,31,14,11,12,0.07,False,HARD,7,HARD,6,GREEN,2024,Belgian_Race
01:31:57.635,20,44,55,1,2,2.369,False,HARD,8,HARD,19,GREEN,2024,Belgian_Race
01:31:59.553,21,16,55,2,3,1.83,False,HARD,7,HARD,19,GREEN,2024,Belgian_Race
01:32:07.008,21,81,55,3,4,2.774,False,HARD,9,HARD,20,GREEN,2024,Belgian_Race
01:32:10.700,21,11,55,4,5,3.763,False,MEDIUM,8,HARD,20,GREEN,2024,Belgian_Race
01:32:11.113,21,63,55,5,6,0.561,False,HARD,9,HARD,20,GREEN,2024,Belgian_Race
01:32:11.739,21,1,55,6,7,0.618,False,HARD,10,HARD,20,GREEN,2024,Belgian_Race
01:32:13.828,21,4,55,7,8,2.055,False,HARD,5,HARD,20,GREEN,2024,Belgian_Race
01:32:34.815,21,18,27,15,16,0.637,False,HARD,7,HARD,12,GREEN,2024,Belgian_Race
01:32:37.370,21,63,11,4,5,0.169,False,HARD,10,MEDIUM,9,GREEN,2024,Belgian_Race
01:32:45.909,21,2,27,16,17,2.885,False,MEDIUM,11,HARD,13,GREEN,2024,Belgian_Race
01:32:46.887,21,20,27,17,18,1.01,False,HARD,3,HARD,13,GREEN,2024,Belgian_Race
01:32:49.184,21,22,27,18,19,2.31,False,HARD,6,HARD,13,GREEN,2024,Belgian_Race
01:33:56.751,22,1,11,5,6,0.423,False,HARD,10,MEDIUM,9,GREEN,2024,Belgian_Race
01:33:57.775,22,4,11,6,7,0.958,False,HARD,5,MEDIUM,9,GREEN,2024,Belgian_Race
01:34:06.679,22,55,11,7,8,1.415,False,MEDIUM,1,MEDIUM,10,GREEN,2024,Belgian_Race
01:34:17.472,22,31,3,10,11,1.373,False,HARD,8,MEDIUM,12,GREEN,2024,Belgian_Race
01:34:19.129,22,14,3,11,12,1.683,False,HARD,7,MEDIUM,12,GREEN,2024,Belgian_Race
01:34:21.326,22,10,3,12,13,2.187,False,HARD,11,MEDIUM,12,GREEN,2024,Belgian_Race
01:34:26.547,22,77,3,13,14,0.809,False,HARD,10,MEDIUM,13,GREEN,2024,Belgian_Race
01:34:28.695,22,18,3,14,15,2.141,False,HARD,9,MEDIUM,13,GREEN,2024,Belgian_Race
01:34:36.801,22,2,3,15,16,7.982,False,MEDIUM,13,MEDIUM,13,GREEN,2024,Belgian_Race
01:34:37.272,22,20,3,16,17,0.523,False,HARD,4,MEDIUM,13,GREEN,2024,Belgian_Race
01:34:38.781,22,22,3,17,18,1.558,False,HARD,7,MEDIUM,13,GREEN,2024,Belgian_Race
01:35:07.169,22,20,2,15,16,0.112,False,HARD,4,MEDIUM,13,GREEN,2024,Belgian_Race
01:35:09.300,22,3,22,17,18,0.375,False,HARD,1,HARD,7,GREEN,2024,Belgian_Race
01:36:56.656,23,3,2,16,17,0.08,False,HARD,2,MEDIUM,14,GREEN,2024,Belgian_Race
01:37:33.646,24,55,4,6,7,4.458,False,MEDIUM,2,HARD,7,GREEN,2024,Belgian_Race
01:37:34.433,24,4,55,6,7,0.747,False,HARD,7,MEDIUM,2,GREEN,2024,Belgian_Race
01:37:56.539,24,31,23,9,10,0.525,False,HARD,10,MEDIUM,14,GREEN,2024,Belgian_Race
01:37:59.080,24,14,23,10,11,2.262,False,HARD,9,MEDIUM,14,GREEN,2024,Belgian_Race
01:38:05.430,24,10,23,11,12,0.584,False,HARD,13,MEDIUM,15,GREEN,2024,Belgian_Race
01:38:06.275,24,77,23,12,13,0.958,False,HARD,12,MEDIUM,15,GREEN,2024,Belgian_Race
01:38:07.808,24,18,23,13,14,1.527,False,HARD,11,MEDIUM,15,GREEN,2024,Belgian_Race
01:38:17.177,24,20,23,14,15,8.985,False,HARD,6,MEDIUM,15,GREEN,2024,Belgian_Race
01:38:18.565,24,3,23,15,16,1.771,False,HARD,3,MEDIUM,15,GREEN,2024,Belgian_Race
01:40:08.473,25,22,2,17,18,0.621,False,HARD,9,MEDIUM,15,GREEN,2024,Belgian_Race
01:40:12.298,25,27,2,18,19,3.511,False,MEDIUM,3,MEDIUM,15,GREEN,2024,Belgian_Race
01:41:03.593,26,81,16,2,3,4.973,False,HARD,13,HARD,12,GREEN,2024,Belgian_Race
01:41:12.224,26,63,16,3,4,2.393,False,HARD,15,HARD,13,GREEN,2024,Belgian_Race
01:41:14.107,26,1,16,4,5,1.828,False,HARD,15,HARD,13,GREEN,2024,Belgian_Race
01:41:15.310,26,4,16,5,6,1.126,False,HARD,9,HARD,13,GREEN,2024,Belgian_Race
01:41:19.123,26,55,16,6,7,3.91,False,MEDIUM,5,HARD,13,GREEN,2024,Belgian_Race
01:42:24.795,26,3,20,14,15,0.04,False,HARD,5,HARD,8,GREEN,2024,Belgian_Race
01:42:55.457,27,81,44,1,2,0.445,False,HARD,14,HARD,15,GREEN,2024,Belgian_Race
01:43:00.047,27,63,44,2,3,4.594,False,HARD,16,HARD,15,GREEN,2024,Belgian_Race
01:43:01.915,27,1,44,3,4,1.884,False,HARD,16,HARD,15,GREEN,2024,Belgian_Race
01:43:02.886,27,4,44,4,5,0.98,False,HARD,11,HARD,15,GREEN,2024,Belgian_Race
01:43:06.882,27,55,44,5,6,3.991,False,MEDIUM,6,HARD,15,GREEN,2024,Belgian_Race
01:44:14.594,27,23,20,15,16,0.028,False,HARD,3,HARD,9,GREEN,2024,Belgian_Race
01:46:33.624,29,4,1,3,4,1.058,False,HARD,12,HARD,17,GREEN,2024,Belgian_Race
01:46:39.357,29,44,55,5,6,0.541,False,HARD,1,MEDIUM,7,GREEN,2024,Belgian_Race
01:46:41.683,29,16,55,6,7,2.087,False,HARD,2,MEDIUM,7,GREEN,2024,Belgian_Race
01:46:43.645,29,44,1,4,5,2.316,False,HARD,2,HARD,18,GREEN,2024,Belgian_Race
01:46:45.915,29,16,1,5,6,2.236,False,HARD,2,HARD,18,GREEN,2024,Belgian_Race
01:46:53.242,29,11,55,6,8,5.428,False,HARD,7,MEDIUM,8,GREEN,2024,Belgian_Race
01:46:53.242,29,11,1,6,7,5.428,False,HARD,7,HARD,18,GREEN,2024,Belgian_Race
01:47:09.727,29,77,10,11,12,1.87,False,HARD,16,HARD,18,GREEN,2024,Belgian_Race
01:47:11.316,29,18,10,12,13,1.614,False,HARD,15,HARD,18,GREEN,2024,Belgian_Race
01:47:20.767,29,3,10,13,14,4.227,False,HARD,7,HARD,19,GREEN,2024,Belgian_Race
01:47:22.755,29,23,10,14,15,1.923,False,HARD,5,HARD,19,GREEN,2024,Belgian_Race
01:47:23.773,29,20,10,15,16,1.095,False,HARD,11,HARD,19,GREEN,2024,Belgian_Race
01:47:29.401,29,22,10,16,17,5.601,False,HARD,14,HARD,19,GREEN,2024,Belgian_Race
01:48:31.101,30,44,4,3,4,1.389,False,HARD,2,HARD,14,GREEN,2024,Belgian_Race
01:48:33.442,30,16,4,4,5,2.324,False,HARD,4,HARD,14,GREEN,2024,Belgian_Race
01:48:40.692,30,11,4,5,6,7.258,False,HARD,7,HARD,14,GREEN,2024,Belgian_Race
01:48:41.896,30,1,4,6,7,1.162,False,MEDIUM,1,HARD,14,GREEN,2024,Belgian_Race
01:49:34.720,30,1,11,5,6,0.266,False,MEDIUM,1,HARD,8,GREEN,2024,Belgian_Race
01:49:41.051,30,10,22,16,17,0.087,False,HARD,1,HARD,15,GREEN,2024,Belgian_Race
01:50:10.756,31,63,81,1,2,1.33,False,HARD,19,HARD,19,GREEN,2024,Belgian_Race
01:50:18.169,31,44,81,2,3,7.357,False,HARD,4,HARD,19,GREEN,2024,Belgian_Race
01:50:20.767,31,16,81,3,4,2.604,False,HARD,4,HARD,19,GREEN,2024,Belgian_Race
01:50:47.270,31,14,31,9,10,1.921,False,HARD,17,HARD,18,GREEN,2024,Belgian_Race
01:50:51.737,31,4,11,6,7,0.056,False,HARD,1,HARD,9,GREEN,2024,Belgian_Race
01:50:52.222,31,77,31,10,11,4.972,False,HARD,19,HARD,18,GREEN,2024,Belgian_Race
01:50:53.596,31,18,31,11,12,1.442,False,HARD,18,HARD,18,GREEN,2024,Belgian_Race
01:50:57.489,31,3,31,12,13,3.897,False,HARD,10,HARD,18,GREEN,2024,Belgian_Race
01:50:59.300,31,23,31,13,14,1.748,False,HARD,7,HARD,18,GREEN,2024,Belgian_Race
01:53:13.590,32,31,23,13,14,0.023,False,HARD,1,HARD,8,GREEN,2024,Belgian_Race
01:59:47.229,36,81,16,3,4,0.102,False,HARD,5,HARD,10,GREEN,2024,Belgian_Race
01:59:54.378,36,18,77,10,11,1.574,False,HARD,22,HARD,23,GREEN,2024,Belgian_Race
01:59:55.045,36,3,77,11,12,0.49,False,HARD,14,HARD,23,GREEN,2024,Belgian_Race
01:59:55.507,36,31,77,12,13,0.556,False,HARD,4,HARD,23,GREEN,2024,Belgian_Race
01:59:56.902,36,23,77,13,14,1.36,False,HARD,11,HARD,23,GREEN,2024,Belgian_Race
02:00:04.587,36,20,77,14,15,2.914,False,HARD,18,HARD,24,GREEN,2024,Belgian_Race
02:00:06.670,36,10,77,15,16,2.053,False,HARD,7,HARD,24,GREEN,2024,Belgian_Race
02:00:14.106,36,22,77,16,17,7.497,False,HARD,21,HARD,24,GREEN,2024,Belgian_Race
02:02:14.148,37,3,18,10,11,0.217,False,HARD,16,HARD,24,GREEN,2024,Belgian_Race
02:02:33.178,37,77,22,16,17,0.028,False,MEDIUM,1,HARD,22,GREEN,2024,Belgian_Race
02:04:04.149,38,31,18,11,12,0.056,False,HARD,7,HARD,25,GREEN,2024,Belgian_Race
02:05:23.717,39,55,11,7,8,0.044,False,HARD,10,HARD,17,GREEN,2024,Belgian_Race
02:09:29.182,41,31,3,10,11,0.364,False,HARD,10,HARD,20,GREEN,2024,Belgian_Race
02:09:30.819,41,10,20,14,15,0.077,False,HARD,12,HARD,23,GREEN,2024,Belgian_Race
02:13:36.047,44,2,27,18,19,0.043,False,HARD,18,MEDIUM,22,GREEN,2024,Belgian_Race
00:58:27.415,1,55,27,6,7,999.0,False,MEDIUM,0,MEDIUM,0,GREEN,2024,British_Race
00:58:28.202,1,14,23,9,10,999.0,False,MEDIUM,0,MEDIUM,0,GREEN,2024,British_Race
00:58:28.292,1,16,23,10,11,0.215,False,MEDIUM,0,MEDIUM,0,GREEN,2024,British_Race
00:58:29.165,1,31,20,17,18,999.0,False,SOFT,0,MEDIUM,0,GREEN,2024,British_Race
00:58:32.146,1,22,2,12,13,0.278,False,MEDIUM,0,MEDIUM,0,GREEN,2024,British_Race
00:58:34.217,1,1,4,3,4,0.292,False,MEDIUM,0,MEDIUM,0,GREEN,2024,British_Race
00:58:34.226,1,4,1,3,4,0.106,False,MEDIUM,0,MEDIUM,0,GREEN,2024,British_Race
00:58:35.507,1,18,27,7,8,0.097,False,MEDIUM,0,MEDIUM,0,GREEN,2024,British_Race
00:58:35.584,1,11,10,19,20,999.0,False,HARD,0,MEDIUM,0,GREEN,2024,British_Race
00:58:35.951,1,16,27,8,9,0.242,False,MEDIUM,0,MEDIUM,0,GREEN,2024,British_Race
00:58:35.951,1,16,14,8,10,0.242,False,MEDIUM,0,MEDIUM,0,GREEN,2024,British_Race
00:58:36.421,1,2,23,11,12,0.067,False,MEDIUM,0,MEDIUM,0,GREEN,2024,British_Race
00:58:36.421,1,2,22,11,13,0.067,False,MEDIUM,0,MEDIUM,0,GREEN,2024,British_Race
00:58:42.764,1,22,23,11,13,0.029,False,MEDIUM,0,MEDIUM,0,GREEN,2024,British_Race
00:58:47.711,1,31,77,16,17,0.051,False,SOFT,0,MEDIUM,0,GREEN,2024,British_Race
00:58:48.286,1,20,77,17,18,0.351,False,MEDIUM,0,MEDIUM,0,GREEN,2024,British_Race
00:58:58.621,1,3,24,14,15,0.004,False,MEDIUM,0,SOFT,0,GREEN,2024,British_Race
00:59:04.015,1,24,3,14,15,0.115,False,SOFT,0,MEDIUM,0,GREEN,2024,British_Race
00:59:54.357,2,23,2,12,13,0.057,False,MEDIUM,0,MEDIUM,0,GREEN,2024,British_Race
01:03:45.815,4,11,77,18,19,0.024,False,HARD,3,MEDIUM,3,GREEN,2024,British_Race
01:08:01.968,7,20,31,16,17,0.106,False,MEDIUM,6,SOFT,6,GREEN,2024,British_Race
01:08:15.176,7,3,24,14,15,2.354,False,MEDIUM,6,SOFT,6,GREEN,2024,British_Race
01:08:38.056,7,11,31,17,18,0.071,False,HARD,6,SOFT,6,GREEN,2024,British_Race
01:09:49.581,8,20,24,15,16,1.437,False,MEDIUM,7,SOFT,7,GREEN,2024,British_Race
01:10:11.583,8,11,24,16,17,0.156,False,HARD,7,SOFT,7,GREEN,2024,British_Race
01:10:39.039,9,31,24,17,18,0.1,False,SOFT,7,SOFT,7,GREEN,2024,British_Race
01:13:47.089,11,77,24,18,19,3.286,False,MEDIUM,9,SOFT,9,GREEN,2024,British_Race
01:18:09.859,13,16,18,7,8,0.109,False,MEDIUM,12,MEDIUM,12,GREEN,2024,British_Race
01:20:00.748,15,77,31,17,18,0.202,False,MEDIUM,13,SOFT,13,GREEN,2024,British_Race
01:21:02.584,15,4,1,3,4,0.07,False,MEDIUM,14,MEDIUM,14,GREEN,2024,British_Race
01:22:12.792,16,20,3,14,15,0.039,False,MEDIUM,15,MEDIUM,15,GREEN,2024,British_Race
01:24:08.651,17,81,1,4,5,0.166,False,MEDIUM,16,MEDIUM,16,GREEN,2024,British_Race
01:24:34.016,18,11,3,15,16,0.11,False,HARD,16,MEDIUM,16,GREEN,2024,British_Race
01:25:34.250,18,44,63,1,2,0.079,False,MEDIUM,17,MEDIUM,17,GREEN,2024,British_Race
01:26:16.277,19,1,81,4,5,2.708,False,MEDIUM,18,MEDIUM,18,GREEN,2024,British_Race
01:26:18.022,19,81,1,4,5,2.09,False,MEDIUM,18,MEDIUM,18,GREEN,2024,British_Race
01:26:22.162,19,4,63,2,3,0.215,False,MEDIUM,18,MEDIUM,18,GREEN,2024,British_Race
01:27:13.735,19,27,18,8,9,0.068,False,MEDIUM,18,MEDIUM,18,GREEN,2024,British_Race
01:27:44.556,20,4,44,1,2,0.223,False,MEDIUM,19,MEDIUM,19,GREEN,2024,British_Race
01:28:04.370,20,81,63,3,4,0.124,False,MEDIUM,19,MEDIUM,19,GREEN,2024,British_Race
01:28:07.599,20,27,16,7,8,1.69,False,MEDIUM,19,MEDIUM,19,GREEN,2024,British_Race
01:28:09.281,20,14,16,9,10,0.513,False,MEDIUM,19,MEDIUM,19,GREEN,2024,British_Race
01:28:09.801,20,22,16,10,11,0.555,False,MEDIUM,19,MEDIUM,19,GREEN,2024,British_Race
01:28:10.655,20,23,16,11,12,0.814,False,MEDIUM,19,MEDIUM,19,GREEN,2024,British_Race
01:28:12.027,20,2,16,12,13,1.349,False,MEDIUM,19,MEDIUM,19,GREEN,2024,British_Race
01:28:13.637,20,20,16,13,14,1.714,False,MEDIUM,19,MEDIUM,19,GREEN,2024,British_Race
01:28:19.142,20,3,16,14,15,5.047,False,MEDIUM,19,MEDIUM,19,GREEN,2024,British_Race
01:28:19.142,20,3,11,14,16,5.047,False,MEDIUM,19,HARD,19,GREEN,2024,British_Race
01:28:28.030,20,77,11,16,17,8.905,False,MEDIUM,19,HARD,19,GREEN,2024,British_Race
01:29:24.276,21,14,18,8,9,0.035,False,MEDIUM,19,MEDIUM,19,GREEN,2024,British_Race
01:30:17.500,21,77,16,15,16,0.641,False,MEDIUM,20,INTERMEDIATE,1,GREEN,2024,British_Race
01:34:07.220,24,20,2,12,13,0.098,False,MEDIUM,22,MEDIUM,22,GREEN,2024,British_Race
01:39:10.813,27,18,14,8,9,1.406,False,MEDIUM,25,MEDIUM,25,GREEN,2024,British_Race
01:39:17.790,27,14,27,7,8,1.592,False,MEDIUM,26,MEDIUM,26,GREEN,2024,British_Race
01:39:17.790,27,14,18,7,9,1.592,False,MEDIUM,26,MEDIUM,26,GREEN,2024,British_Race
01:39:19.314,27,22,27,8,9,1.642,False,MEDIUM,26,MEDIUM,26,GREEN,2024,British_Race
01:39:19.314,27,22,18,8,10,1.642,False,MEDIUM,26,MEDIUM,26,GREEN,2024,British_Race
01:39:20.507,27,23,27,9,10,1.085,False,MEDIUM,26,MEDIUM,26,GREEN,2024,British_Race
01:39:20.507,27,23,18,9,11,1.085,False,MEDIUM,26,MEDIUM,26,GREEN,2024,British_Race
01:39:22.894,27,20,27,10,11,2.52,False,MEDIUM,26,MEDIUM,26,GREEN,2024,British_Race
01:39:22.894,27,20,18,10,12,2.52,False,MEDIUM,26,MEDIUM,26,GREEN,2024,British_Race
01:39:24.212,27,2,27,11,12,1.249,False,MEDIUM,26,MEDIUM,26,GREEN,2024,British_Race
01:39:24.212,27,2,18,11,13,1.249,False,MEDIUM,26,MEDIUM,26,GREEN,2024,British_Race
01:40:34.524,28,81,44,1,3,2.302,False,MEDIUM,27,MEDIUM,27,GREEN,2024,British_Race
01:40:34.524,28,81,4,1,2,2.302,False,MEDIUM,27,MEDIUM,27,GREEN,2024,British_Race
01:40:54.771,28,1,63,4,5,19.456,False,INTERMEDIATE,1,MEDIUM,27,GREEN,2024,British_Race
01:41:05.427,28,55,63,5,6,0.422,False,INTERMEDIATE,1,INTERMEDIATE,0,GREEN,2024,British_Race
01:41:16.532,28,27,23,7,10,0.298,False,INTERMEDIATE,1,MEDIUM,27,GREEN,2024,British_Race
01:41:16.532,28,27,14,7,8,0.298,False,INTERMEDIATE,1,MEDIUM,27,GREEN,2024,British_Race
01:41:16.532,28,27,2,7,12,0.298,False,INTERMEDIATE,1,MEDIUM,27,GREEN,2024,British_Race
01:41:16.532,28,27,22,7,9,0.298,False,INTERMEDIATE,1,MEDIUM,27,GREEN,2024,British_Race
01:41:16.532,28,27,20,7,11,0.298,False,INTERMEDIATE,1,MEDIUM,27,GREEN,2024,British_Race
01:41:17.455,28,18,23,8,11,0.979,False,INTERMEDIATE,1,MEDIUM,27,GREEN,2024,British_Race
01:41:17.455,28,18,14,8,9,0.979,False,INTERMEDIATE,1,MEDIUM,27,GREEN,2024,British_Race
01:41:17.455,28,18,2,8,13,0.979,False,INTERMEDIATE,1,MEDIUM,27,GREEN,2024,British_Race
01:41:17.455,28,18,22,8,10,0.979,False,INTERMEDIATE,1,MEDIUM,27,GREEN,2024,British_Race
01:41:17.455,28,18,20,8,12,0.979,False,INTERMEDIATE,1,MEDIUM,27,GREEN,2024,British_Race
01:42:29.111,29,4,81,1,2,2.393,False,INTERMEDIATE,1,MEDIUM,28,GREEN,2024,British_Race
01:42:32.307,29,44,81,2,3,3.195,False,INTERMEDIATE,1,MEDIUM,28,GREEN,2024,British_Race
01:42:36.094,29,1,81,3,4,3.603,False,INTERMEDIATE,2,MEDIUM,28,GREEN,2024,British_Race
01:42:39.528,29,63,81,4,5,3.71,False,INTERMEDIATE,1,MEDIUM,28,GREEN,2024,British_Race
01:42:41.200,29,55,81,5,6,1.556,False,INTERMEDIATE,2,MEDIUM,28,GREEN,2024,British_Race
01:42:42.875,29,11,16,16,17,10.001,False,INTERMEDIATE,8,INTERMEDIATE,8,GREEN,2024,British_Race
01:44:35.695,30,16,11,16,17,7.913,False,INTERMEDIATE,1,INTERMEDIATE,9,GREEN,2024,British_Race
01:51:15.896,34,55,63,4,5,3.396,False,INTERMEDIATE,7,INTERMEDIATE,6,GREEN,2024,British_Race
01:51:35.049,34,27,63,6,7,17.959,False,INTERMEDIATE,7,INTERMEDIATE,6,GREEN,2024,British_Race
01:51:38.362,34,18,63,7,8,3.254,False,INTERMEDIATE,7,INTERMEDIATE,6,GREEN,2024,British_Race
01:51:46.862,34,14,63,8,9,8.601,False,INTERMEDIATE,6,INTERMEDIATE,6,GREEN,2024,British_Race
01:51:50.335,34,22,63,9,10,3.385,False,INTERMEDIATE,6,INTERMEDIATE,6,GREEN,2024,British_Race
01:51:53.829,34,23,63,10,11,3.568,False,INTERMEDIATE,6,INTERMEDIATE,6,GREEN,2024,British_Race
01:51:58.965,34,20,63,11,12,4.966,False,INTERMEDIATE,6,INTERMEDIATE,6,GREEN,2024,British_Race
01:52:01.933,34,2,63,12,13,3.086,False,INTERMEDIATE,6,INTERMEDIATE,6,GREEN,2024,British_Race
01:52:03.962,34,3,63,13,14,2.027,False,INTERMEDIATE,7,INTERMEDIATE,6,GREEN,2024,British_Race
01:52:26.495,34,77,63,14,15,22.585,False,INTERMEDIATE,7,INTERMEDIATE,6,GREEN,2024,British_Race
01:53:10.614,35,16,63,15,16,44.184,False,INTERMEDIATE,6,INTERMEDIATE,6,GREEN,2024,British_Race
01:53:23.622,35,11,63,16,17,12.982,False,INTERMEDIATE,4,INTERMEDIATE,6,GREEN,2024,British_Race
01:53:35.951,35,31,63,17,18,12.256,False,INTERMEDIATE,7,INTERMEDIATE,6,GREEN,2024,British_Race
01:54:20.209,36,24,63,18,19,44.345,False,INTERMEDIATE,7,INTERMEDIATE,6,GREEN,2024,British_Race
01:58:59.263,38,2,3,11,13,0.291,False,INTERMEDIATE,10,INTERMEDIATE,11,GREEN,2024,British_Race
01:58:59.263,38,2,20,11,12,0.291,False,INTERMEDIATE,10,INTERMEDIATE,10,GREEN,2024,British_Race
01:59:38.436,39,81,55,4,5,0.982,False,INTERMEDIATE,9,INTERMEDIATE,11,GREEN,2024,British_Race
01:59:43.668,39,55,1,3,4,0.297,False,INTERMEDIATE,11,INTERMEDIATE,12,GREEN,2024,British_Race
01:59:43.668,39,55,81,3,5,0.297,False,INTERMEDIATE,11,INTERMEDIATE,10,GREEN,2024,British_Race
01:59:46.973,39,55,44,2,3,0.297,False,INTERMEDIATE,12,INTERMEDIATE,0,GREEN,2024,British_Race
02:00:27.729,39,31,11,16,17,14.091,False,INTERMEDIATE,11,INTERMEDIATE,9,GREEN,2024,British_Race
02:01:06.267,40,20,2,11,12,0.027,False,SOFT,1,SOFT,0,GREEN,2024,British_Race
02:01:20.635,40,44,55,2,3,0.273,False,SOFT,2,INTERMEDIATE,13,GREEN,2024,British_Race
02:01:23.822,40,44,4,1,2,0.273,False,SOFT,2,SOFT,2,GREEN,2024,British_Race
02:01:27.030,40,1,55,3,4,6.412,False,HARD,1,INTERMEDIATE,13,GREEN,2024,British_Race
02:01:37.937,40,81,55,4,5,10.874,False,MEDIUM,1,INTERMEDIATE,13,GREEN,2024,British_Race
02:02:13.747,40,11,31,16,17,6.64,False,MEDIUM,0,INTERMEDIATE,12,GREEN,2024,British_Race
02:09:43.718,45,2,20,11,12,0.13,False,SOFT,5,SOFT,6,GREEN,2024,British_Race
02:11:05.754,46,23,22,9,10,0.116,False,MEDIUM,6,SOFT,6,GREEN,2024,British_Race
02:14:31.824,48,1,4,2,3,0.049,False,HARD,9,SOFT,10,GREEN,2024,British_Race
02:17:32.257,50,31,11,16,17,60.209,False,MEDIUM,9,SOFT,0,GREEN,2024,British_Race
02:19:36.121,52,16,77,14,15,0.127,False,SOFT,12,SOFT,12,GREEN,2024,British_Race
00:57:43.630,1,1,4,1,2,999.0,False,MEDIUM,0,MEDIUM,0,GREEN,2024,Dutch_Race
00:57:44.486,1,16,11,5,6,0.021,False,MEDIUM,0,MEDIUM,0,GREEN,2024,Dutch_Race
00:57:44.851,1,10,18,8,9,0.026,False,MEDIUM,0,MEDIUM,0,GREEN,2024,Dutch_Race
00:57:46.051,1,77,31,15,16,999.0,False,SOFT,0,MEDIUM,0,GREEN,2024,Dutch_Race
00:57:46.327,1,23,24,17,18,999.0,False,MEDIUM,0,MEDIUM,0,GREEN,2024,Dutch_Race
00:57:46.327,1,23,2,17,19,999.0,False,MEDIUM,0,MEDIUM,0,GREEN,2024,Dutch_Race
00:57:49.410,1,63,81,3,4,0.125,False,MEDIUM,0,MEDIUM,0,GREEN,2024,Dutch_Race
00:57:50.190,1,10,14,7,8,0.081,False,MEDIUM,0,MEDIUM,0,GREEN,2024,Dutch_Race
00:57:50.797,1,27,22,11,12,0.087,False,MEDIUM,0,SOFT,0,GREEN,2024,Dutch_Race
00:57:51.054,1,44,3,13,14,0.026,False,SOFT,0,MEDIUM,0,GREEN,2024,Dutch_Race
00:57:57.744,1,77,3,14,15,0.187,False,SOFT,0,MEDIUM,0,GREEN,2024,Dutch_Race
00:58:07.247,1,2,24,18,19,0.109,False,MEDIUM,0,MEDIUM,0,GREEN,2024,Dutch_Race
00:58:26.289,1,22,27,11,12,0.175,False,SOFT,0,MEDIUM,0,GREEN,2024,Dutch_Race
00:58:31.779,1,55,18,9,10,0.373,False,MEDIUM,0,MEDIUM,0,GREEN,2024,Dutch_Race
00:58:33.020,1,77,44,13,14,0.427,False,SOFT,0,SOFT,0,GREEN,2024,Dutch_Race
00:58:38.238,1,44,77,13,14,0.524,False,SOFT,0,SOFT,0,GREEN,2024,Dutch_Race
00:59:54.958,2,20,24,19,20,0.164,False,HARD,1,MEDIUM,1,GREEN,2024,Dutch_Race
00:59:59.811,2,44,22,12,13,0.088,False,SOFT,1,SOFT,1,GREEN,2024,Dutch_Race
01:00:33.968,3,24,20,19,20,0.93,False,MEDIUM,2,HARD,2,GREEN,2024,Dutch_Race
01:06:51.476,8,55,14,8,9,0.015,False,MEDIUM,7,MEDIUM,7,GREEN,2024,Dutch_Race
01:07:04.861,8,20,24,19,20,0.008,False,HARD,7,MEDIUM,7,GREEN,2024,Dutch_Race
01:09:28.474,10,44,27,11,12,0.064,False,SOFT,9,MEDIUM,9,GREEN,2024,Dutch_Race
01:10:41.671,11,55,10,7,8,0.071,False,MEDIUM,10,MEDIUM,10,GREEN,2024,Dutch_Race
01:13:21.693,13,2,23,17,18,3.302,False,MEDIUM,11,MEDIUM,11,GREEN,2024,Dutch_Race
01:13:25.007,13,20,23,18,19,0.957,False,HARD,12,MEDIUM,12,GREEN,2024,Dutch_Race
01:13:28.445,13,24,23,19,20,3.355,False,MEDIUM,11,MEDIUM,12,GREEN,2024,Dutch_Race
01:14:31.180,14,44,18,10,11,0.079,False,SOFT,13,MEDIUM,13,GREEN,2024,Dutch_Race
01:15:55.093,15,77,22,12,14,0.254,False,SOFT,14,SOFT,14,GREEN,2024,Dutch_Race
01:15:55.093,15,77,27,12,13,0.254,False,SOFT,14,MEDIUM,14,GREEN,2024,Dutch_Race
01:15:55.150,15,3,22,13,15,0.274,False,MEDIUM,14,SOFT,14,GREEN,2024,Dutch_Race
01:15:55.150,15,3,27,13,14,0.274,False,MEDIUM,14,MEDIUM,14,GREEN,2024,Dutch_Race
01:15:56.019,15,31,22,14,16,0.875,False,MEDIUM,14,SOFT,14,GREEN,2024,Dutch_Race
01:15:56.019,15,31,27,14,15,0.875,False,MEDIUM,14,MEDIUM,14,GREEN,2024,Dutch_Race
01:15:58.684,15,2,22,15,17,2.631,False,MEDIUM,13,SOFT,14,GREEN,2024,Dutch_Race
01:15:58.684,15,2,27,15,16,2.631,False,MEDIUM,13,MEDIUM,14,GREEN,2024,Dutch_Race
01:15:59.068,15,20,22,16,18,0.409,False,HARD,13,SOFT,14,GREEN,2024,Dutch_Race
01:15:59.068,15,20,27,16,17,0.409,False,HARD,13,MEDIUM,14,GREEN,2024,Dutch_Race
01:16:02.292,15,3,77,12,13,0.09,False,MEDIUM,14,SOFT,14,GREEN,2024,Dutch_Race
01:16:04.719,15,24,22,17,19,5.519,False,MEDIUM,14,SOFT,14,GREEN,2024,Dutch_Race
01:16:04.719,15,24,27,17,18,5.519,False,MEDIUM,14,MEDIUM,14,GREEN,2024,Dutch_Race
01:17:11.483,16,44,14,9,10,0.01,False,SOFT,15,MEDIUM,15,GREEN,2024,Dutch_Race
01:17:12.733,16,31,77,13,14,0.573,False,MEDIUM,14,SOFT,14,GREEN,2024,Dutch_Race
01:17:14.153,16,2,77,14,15,1.263,False,MEDIUM,14,SOFT,14,GREEN,2024,Dutch_Race
01:17:14.629,16,20,77,15,16,0.5,False,HARD,14,SOFT,14,GREEN,2024,Dutch_Race
01:17:22.670,16,24,77,16,17,4.812,False,MEDIUM,14,SOFT,15,GREEN,2024,Dutch_Race
01:17:29.166,16,27,77,17,18,6.382,False,HARD,0,SOFT,15,GREEN,2024,Dutch_Race
01:17:30.588,16,22,77,18,19,1.564,False,MEDIUM,1,SOFT,15,GREEN,2024,Dutch_Race
01:17:31.142,16,23,77,19,20,0.674,False,HARD,3,SOFT,15,GREEN,2024,Dutch_Race
01:18:41.391,17,20,2,14,15,0.072,False,HARD,16,MEDIUM,16,GREEN,2024,Dutch_Race
01:19:18.658,18,4,1,1,2,0.139,False,MEDIUM,16,MEDIUM,16,GREEN,2024,Dutch_Race
01:21:13.253,19,27,24,16,17,0.276,False,HARD,3,MEDIUM,17,GREEN,2024,Dutch_Race
01:21:15.898,19,22,24,17,18,0.829,False,MEDIUM,3,MEDIUM,17,GREEN,2024,Dutch_Race
01:21:18.276,19,23,24,18,19,3.081,False,HARD,5,MEDIUM,17,GREEN,2024,Dutch_Race
01:21:26.237,19,77,24,19,20,5.322,False,HARD,3,MEDIUM,18,GREEN,2024,Dutch_Race
01:25:08.085,22,20,31,13,14,0.008,False,HARD,21,MEDIUM,21,GREEN,2024,Dutch_Race
01:25:12.198,22,27,2,15,16,0.044,False,HARD,7,MEDIUM,21,GREEN,2024,Dutch_Race
01:26:01.428,23,22,2,16,17,0.041,False,MEDIUM,7,MEDIUM,21,GREEN,2024,Dutch_Race
01:26:29.298,23,23,2,17,18,0.916,False,HARD,9,MEDIUM,21,GREEN,2024,Dutch_Race
01:26:33.187,23,77,2,18,19,3.922,False,HARD,6,MEDIUM,22,GREEN,2024,Dutch_Race
01:27:21.633,24,14,44,9,10,3.135,False,MEDIUM,22,SOFT,22,GREEN,2024,Dutch_Race
01:27:21.819,24,44,14,9,10,1.362,False,SOFT,22,MEDIUM,22,GREEN,2024,Dutch_Race
01:27:26.533,24,18,44,10,11,2.622,False,MEDIUM,23,SOFT,23,GREEN,2024,Dutch_Race
01:27:31.312,24,3,44,11,12,4.74,False,MEDIUM,23,SOFT,23,GREEN,2024,Dutch_Race
01:27:35.496,24,20,44,12,13,4.225,False,HARD,23,SOFT,23,GREEN,2024,Dutch_Race
01:27:37.205,24,31,44,13,14,1.719,False,MEDIUM,22,SOFT,23,GREEN,2024,Dutch_Race
01:27:39.004,24,27,44,14,15,1.805,False,HARD,8,SOFT,23,GREEN,2024,Dutch_Race
01:27:48.408,24,22,44,15,16,2.341,False,MEDIUM,9,HARD,0,GREEN,2024,Dutch_Race
01:28:24.948,25,11,16,5,6,0.197,False,MEDIUM,24,MEDIUM,24,GREEN,2024,Dutch_Race
01:28:27.191,25,55,16,6,7,2.243,False,MEDIUM,23,MEDIUM,24,GREEN,2024,Dutch_Race
01:28:36.350,25,10,16,7,8,9.159,False,MEDIUM,24,MEDIUM,24,GREEN,2024,Dutch_Race
01:28:40.916,25,14,16,8,9,4.594,False,MEDIUM,24,MEDIUM,24,GREEN,2024,Dutch_Race
01:28:58.027,25,44,22,15,16,0.023,False,HARD,0,MEDIUM,9,GREEN,2024,Dutch_Race
01:29:35.460,26,81,63,3,4,7.196,False,MEDIUM,24,MEDIUM,24,GREEN,2024,Dutch_Race
01:29:41.390,26,11,63,4,5,1.951,False,MEDIUM,25,MEDIUM,25,GREEN,2024,Dutch_Race
01:29:43.673,26,55,63,5,6,2.301,False,MEDIUM,24,MEDIUM,25,GREEN,2024,Dutch_Race
01:29:53.397,26,10,63,6,7,9.721,False,MEDIUM,24,MEDIUM,25,GREEN,2024,Dutch_Race
01:29:55.775,26,16,14,8,9,0.01,False,HARD,0,MEDIUM,24,GREEN,2024,Dutch_Race
01:30:04.701,26,16,63,7,8,4.588,False,HARD,1,HARD,0,GREEN,2024,Dutch_Race
01:30:05.265,26,14,63,8,9,0.539,False,MEDIUM,25,HARD,0,GREEN,2024,Dutch_Race
01:30:09.828,26,27,31,13,14,0.036,False,HARD,10,MEDIUM,24,GREEN,2024,Dutch_Race
01:30:49.992,27,63,14,8,9,0.117,False,HARD,0,MEDIUM,25,GREEN,2024,Dutch_Race
01:31:30.182,27,44,31,14,15,0.02,False,HARD,3,MEDIUM,26,GREEN,2024,Dutch_Race
01:32:09.697,28,81,1,2,3,2.788,False,MEDIUM,27,MEDIUM,27,GREEN,2024,Dutch_Race
01:32:14.341,28,11,1,3,4,4.509,False,MEDIUM,26,MEDIUM,27,GREEN,2024,Dutch_Race
01:32:16.543,28,55,1,4,5,2.349,False,MEDIUM,27,MEDIUM,27,GREEN,2024,Dutch_Race
01:33:25.664,29,81,4,1,2,9.279,False,MEDIUM,28,MEDIUM,28,GREEN,2024,Dutch_Race
01:33:30.891,29,11,4,2,3,5.147,False,MEDIUM,28,MEDIUM,28,GREEN,2024,Dutch_Race
01:33:32.938,29,55,4,3,4,2.165,False,MEDIUM,27,MEDIUM,28,GREEN,2024,Dutch_Race
01:33:42.649,29,16,10,6,7,0.07,False,HARD,3,MEDIUM,27,GREEN,2024,Dutch_Race
01:34:08.792,29,44,27,13,14,0.065,False,HARD,5,HARD,14,GREEN,2024,Dutch_Race
01:34:40.268,30,63,10,7,8,0.111,False,HARD,3,MEDIUM,28,GREEN,2024,Dutch_Race
01:34:47.308,30,55,11,2,3,7.811,False,MEDIUM,28,MEDIUM,28,GREEN,2024,Dutch_Race
01:34:51.514,30,4,11,3,4,0.541,False,HARD,1,MEDIUM,29,GREEN,2024,Dutch_Race
01:34:56.542,30,1,11,4,5,5.024,False,HARD,2,MEDIUM,29,GREEN,2024,Dutch_Race
01:35:00.180,30,16,11,5,6,3.619,False,HARD,5,MEDIUM,29,GREEN,2024,Dutch_Race
01:35:02.894,30,63,11,6,7,2.789,False,HARD,3,MEDIUM,29,GREEN,2024,Dutch_Race
01:35:03.643,30,10,11,7,8,0.819,False,MEDIUM,28,MEDIUM,29,GREEN,2024,Dutch_Race
01:35:07.922,30,14,11,8,9,4.169,False,MEDIUM,28,MEDIUM,29,GREEN,2024,Dutch_Race
01:35:15.245,30,20,3,11,12,1.202,False,HARD,28,MEDIUM,28,GREEN,2024,Dutch_Race
01:35:15.447,30,44,3,12,13,0.007,False,HARD,5,MEDIUM,28,GREEN,2024,Dutch_Race
01:35:17.153,30,27,3,13,14,1.88,False,HARD,14,MEDIUM,28,GREEN,2024,Dutch_Race
01:35:17.359,30,44,20,11,12,0.007,False,HARD,5,HARD,28,GREEN,2024,Dutch_Race
01:35:23.915,30,31,3,14,15,4.337,False,MEDIUM,28,MEDIUM,29,GREEN,2024,Dutch_Race
01:35:24.164,30,22,3,15,16,0.314,False,MEDIUM,14,MEDIUM,29,GREEN,2024,Dutch_Race
01:35:24.928,30,23,3,16,17,0.847,False,HARD,17,MEDIUM,29,GREEN,2024,Dutch_Race
01:35:31.438,30,77,3,17,18,6.349,False,HARD,14,MEDIUM,29,GREEN,2024,Dutch_Race
01:36:04.117,31,4,55,2,3,0.332,False,HARD,1,MEDIUM,29,GREEN,2024,Dutch_Race
01:36:11.380,31,1,55,3,4,2.096,False,HARD,3,MEDIUM,30,GREEN,2024,Dutch_Race
01:36:15.441,31,16,55,4,5,4.115,False,HARD,6,MEDIUM,30,GREEN,2024,Dutch_Race
01:36:18.584,31,63,55,5,6,3.204,False,HARD,4,MEDIUM,30,GREEN,2024,Dutch_Race
01:36:21.536,31,10,55,6,7,2.908,False,MEDIUM,30,MEDIUM,30,GREEN,2024,Dutch_Race
01:36:25.220,31,14,55,7,8,3.668,False,MEDIUM,30,MEDIUM,30,GREEN,2024,Dutch_Race
01:36:30.673,31,44,18,10,11,2.223,False,HARD,6,MEDIUM,29,GREEN,2024,Dutch_Race
01:36:34.238,31,11,55,8,9,2.325,False,HARD,1,HARD,0,GREEN,2024,Dutch_Race
01:36:35.148,31,20,18,11,12,1.965,False,HARD,30,MEDIUM,30,GREEN,2024,Dutch_Race
01:36:36.089,31,27,18,12,13,0.964,False,HARD,16,MEDIUM,30,GREEN,2024,Dutch_Race
01:36:39.396,31,22,31,14,15,5.525,False,MEDIUM,15,MEDIUM,29,GREEN,2024,Dutch_Race
01:36:39.991,31,23,31,15,16,0.602,False,HARD,17,MEDIUM,29,GREEN,2024,Dutch_Race
01:36:41.540,31,22,18,13,14,5.525,False,MEDIUM,15,MEDIUM,30,GREEN,2024,Dutch_Race
01:36:42.120,31,23,18,14,15,0.602,False,HARD,17,MEDIUM,30,GREEN,2024,Dutch_Race
01:36:48.461,31,77,18,15,16,3.44,False,HARD,14,MEDIUM,30,GREEN,2024,Dutch_Race
01:36:48.461,31,77,31,15,17,3.44,False,HARD,14,MEDIUM,30,GREEN,2024,Dutch_Race
01:36:55.523,31,3,31,17,18,7.043,False,HARD,1,MEDIUM,30,GREEN,2024,Dutch_Race
01:36:56.474,31,2,31,18,19,1.009,False,HARD,8,MEDIUM,30,GREEN,2024,Dutch_Race
01:37:25.326,32,11,14,7,8,0.109,False,HARD,1,MEDIUM,30,GREEN,2024,Dutch_Race
01:37:41.876,32,55,14,8,9,0.248,False,HARD,0,MEDIUM,30,GREEN,2024,Dutch_Race
01:37:48.182,32,44,14,9,10,1.036,False,HARD,7,MEDIUM,30,GREEN,2024,Dutch_Race
01:37:52.273,32,27,14,10,11,0.088,False,HARD,16,MEDIUM,31,GREEN,2024,Dutch_Race
01:37:52.273,32,27,20,10,12,0.088,False,HARD,16,HARD,30,GREEN,2024,Dutch_Race
01:37:52.319,32,20,14,11,12,4.133,False,HARD,30,MEDIUM,31,GREEN,2024,Dutch_Race
01:37:58.608,32,22,14,12,13,6.196,False,MEDIUM,16,MEDIUM,31,GREEN,2024,Dutch_Race
01:37:58.903,32,23,14,13,14,0.406,False,HARD,18,MEDIUM,31,GREEN,2024,Dutch_Race
01:38:12.629,32,77,14,14,15,6.588,False,HARD,16,HARD,0,GREEN,2024,Dutch_Race
01:38:55.620,33,11,10,6,7,1.718,False,HARD,2,MEDIUM,31,GREEN,2024,Dutch_Race
01:38:59.933,33,55,10,7,8,0.823,False,HARD,2,MEDIUM,32,GREEN,2024,Dutch_Race
01:38:59.993,33,14,77,14,15,0.07,False,HARD,0,HARD,16,GREEN,2024,Dutch_Race
01:39:03.431,33,44,10,8,9,3.504,False,HARD,8,MEDIUM,32,GREEN,2024,Dutch_Race
01:39:08.941,33,27,10,9,10,5.507,False,HARD,17,MEDIUM,32,GREEN,2024,Dutch_Race
01:39:10.227,33,20,10,10,11,1.237,False,HARD,32,MEDIUM,32,GREEN,2024,Dutch_Race
01:39:13.647,33,23,22,12,13,0.669,False,HARD,19,MEDIUM,17,GREEN,2024,Dutch_Race
01:39:15.730,33,23,10,11,12,5.618,False,HARD,20,MEDIUM,32,GREEN,2024,Dutch_Race
01:39:23.055,33,14,22,13,14,4.625,False,HARD,0,MEDIUM,18,GREEN,2024,Dutch_Race
01:39:23.373,33,77,22,14,15,0.481,False,HARD,16,MEDIUM,18,GREEN,2024,Dutch_Race
01:39:23.609,33,18,22,15,16,0.171,False,HARD,1,MEDIUM,18,GREEN,2024,Dutch_Race
01:39:27.896,33,3,22,16,17,4.344,False,HARD,2,MEDIUM,18,GREEN,2024,Dutch_Race
01:39:29.837,33,2,22,17,18,2.125,False,HARD,10,MEDIUM,18,GREEN,2024,Dutch_Race
01:39:30.487,33,18,77,14,15,0.085,False,HARD,2,HARD,17,GREEN,2024,Dutch_Race
01:39:43.628,33,31,22,18,19,7.041,False,HARD,2,HARD,0,GREEN,2024,Dutch_Race
01:39:47.194,33,4,81,1,2,2.642,False,HARD,4,MEDIUM,32,GREEN,2024,Dutch_Race
01:39:56.331,34,1,81,2,3,6.178,False,HARD,6,MEDIUM,33,GREEN,2024,Dutch_Race
01:40:01.250,34,16,81,3,4,4.992,False,HARD,9,MEDIUM,33,GREEN,2024,Dutch_Race
01:40:05.612,34,63,81,4,5,4.376,False,HARD,8,MEDIUM,33,GREEN,2024,Dutch_Race
01:43:15.963,36,3,77,15,16,0.133,False,HARD,6,HARD,20,GREEN,2024,Dutch_Race
01:47:43.653,40,81,63,4,5,0.122,False,HARD,6,HARD,14,GREEN,2024,Dutch_Race
01:48:10.210,40,23,20,10,11,0.007,False,HARD,26,HARD,38,GREEN,2024,Dutch_Race
01:48:10.434,40,14,10,12,13,0.154,False,HARD,7,HARD,6,GREEN,2024,Dutch_Race
01:48:10.687,40,10,14,12,13,0.15,False,HARD,6,HARD,7,GREEN,2024,Dutch_Race
01:48:12.280,40,10,20,11,12,0.132,False,HARD,6,HARD,38,GREEN,2024,Dutch_Race
01:48:12.482,40,14,20,12,13,0.033,False,HARD,7,HARD,38,GREEN,2024,Dutch_Race
01:48:21.033,40,10,23,10,11,0.076,False,HARD,7,HARD,27,GREEN,2024,Dutch_Race
01:48:21.776,40,18,20,13,14,0.053,False,HARD,9,HARD,39,GREEN,2024,Dutch_Race
01:49:31.573,41,14,23,11,12,0.058,False,HARD,8,HARD,28,GREEN,2024,Dutch_Race
01:49:32.956,41,3,20,14,15,0.206,False,HARD,10,HARD,39,GREEN,2024,Dutch_Race
01:49:42.780,41,77,20,15,16,4.397,False,HARD,24,HARD,40,GREEN,2024,Dutch_Race
01:49:42.890,41,2,20,16,17,0.293,False,HARD,17,HARD,40,GREEN,2024,Dutch_Race
01:49:43.410,41,31,20,17,18,0.517,False,HARD,9,HARD,40,GREEN,2024,Dutch_Race
01:49:45.204,42,22,20,18,19,1.651,False,HARD,8,HARD,40,GREEN,2024,Dutch_Race
01:50:29.861,42,31,2,16,17,0.139,False,HARD,10,HARD,18,GREEN,2024,Dutch_Race
01:52:05.855,43,18,23,12,13,0.152,False,HARD,12,HARD,30,GREEN,2024,Dutch_Race
01:52:18.933,44,31,77,15,16,0.098,False,HARD,11,HARD,26,GREEN,2024,Dutch_Race
01:53:34.960,45,2,77,16,17,1.991,False,HARD,20,HARD,27,GREEN,2024,Dutch_Race
01:53:35.491,45,22,77,17,18,0.494,False,HARD,10,HARD,27,GREEN,2024,Dutch_Race
01:53:43.928,45,20,77,18,19,3.943,False,MEDIUM,2,HARD,28,GREEN,2024,Dutch_Race
01:55:56.529,46,3,23,13,14,0.1,False,HARD,16,HARD,33,GREEN,2024,Dutch_Race
01:56:34.492,47,55,11,6,7,0.112,False,HARD,16,HARD,17,GREEN,2024,Dutch_Race
01:57:28.893,48,22,2,16,17,0.044,False,HARD,13,HARD,23,GREEN,2024,Dutch_Race
01:57:36.000,48,2,22,16,17,0.079,False,HARD,24,HARD,14,GREEN,2024,Dutch_Race
02:06:25.728,55,55,63,5,6,0.57,False,HARD,23,HARD,28,GREEN,2024,Dutch_Race
02:06:30.850,55,11,63,6,7,0.265,False,HARD,25,HARD,29,GREEN,2024,Dutch_Race
02:07:31.953,56,31,23,14,15,3.667,False,HARD,24,HARD,42,GREEN,2024,Dutch_Race
02:07:42.105,56,2,23,15,16,9.905,False,HARD,31,HARD,42,GREEN,2024,Dutch_Race
02:07:42.228,56,22,23,16,17,0.402,False,HARD,21,HARD,42,GREEN,2024,Dutch_Race
02:07:43.985,56,20,23,17,18,1.772,False,MEDIUM,13,HARD,42,GREEN,2024,Dutch_Race
02:10:25.195,58,23,20,17,18,0.122,False,MEDIUM,2,MEDIUM,16,GREEN,2024,Dutch_Race
02:11:41.016,59,23,22,16,17,0.079,False,MEDIUM,3,HARD,25,GREEN,2024,Dutch_Race
02:12:36.858,60,23,2,15,16,0.28,False,MEDIUM,3,HARD,35,GREEN,2024,Dutch_Race
02:13:32.518,61,10,27,9,10,0.111,False,HARD,27,HARD,45,GREEN,2024,Dutch_Race
02:17:23.675,64,14,27,10,11,0.028,False,HARD,31,HARD,48,GREEN,2024,Dutch_Race
02:25:26.597,70,23,31,14,15,0.07,False,MEDIUM,14,HARD,38,GREEN,2024,Dutch_Race
02:28:24.701,72,77,1,2,3,13.834,False,MEDIUM,26,HARD,44,GREEN,2024,Dutch_Race
02:28:24.701,72,77,81,2,5,13.834,False,MEDIUM,26,HARD,38,GREEN,2024,Dutch_Race
02:28:24.701,72,77,63,2,8,13.834,False,MEDIUM,26,SOFT,20,GREEN,2024,Dutch_Race
02:28:24.701,72,77,11,2,7,13.834,False,MEDIUM,26,HARD,42,GREEN,2024,Dutch_Race
02:28:24.701,72,77,16,2,4,13.834,False,MEDIUM,26,HARD,47,GREEN,2024,Dutch_Race
02:28:24.701,72,77,14,2,11,13.834,False,MEDIUM,26,HARD,39,GREEN,2024,Dutch_Race
02:28:24.701,72,77,18,2,13,13.834,False,MEDIUM,26,HARD,40,GREEN,2024,Dutch_Race
02:28:24.701,72,77,10,2,10,13.834,False,MEDIUM,26,HARD,38,GREEN,2024,Dutch_Race
02:28:24.701,72,77,55,2,6,13.834,False,MEDIUM,26,HARD,41,GREEN,2024,Dutch_Race
02:28:24.701,72,77,22,2,18,13.834,False,MEDIUM,26,HARD,38,GREEN,2024,Dutch_Race
02:28:24.701,72,77,27,2,12,13.834,False,MEDIUM,26,HARD,56,GREEN,2024,Dutch_Race
02:28:24.701,72,77,3,2,14,13.834,False,MEDIUM,26,HARD,41,GREEN,2024,Dutch_Race
02:28:24.701,72,77,44,2,9,13.834,False,MEDIUM,26,SOFT,23,GREEN,2024,Dutch_Race
02:28:24.701,72,77,31,2,16,13.834,False,MEDIUM,26,HARD,40,GREEN,2024,Dutch_Race
02:28:24.701,72,77,2,2,17,13.834,False,MEDIUM,26,HARD,48,GREEN,2024,Dutch_Race
02:28:24.701,72,77,23,2,15,13.834,False,MEDIUM,26,MEDIUM,16,GREEN,2024,Dutch_Race
02:28:24.701,72,77,20,2,19,13.834,False,MEDIUM,26,MEDIUM,30,GREEN,2024,Dutch_Race
02:28:30.608,72,10,1,2,4,34.693,False,HARD,39,HARD,44,GREEN,2024,Dutch_Race
02:28:30.608,72,10,81,2,6,34.693,False,HARD,39,HARD,38,GREEN,2024,Dutch_Race
02:28:30.608,72,10,63,2,9,34.693,False,HARD,39,SOFT,20,GREEN,2024,Dutch_Race
02:28:30.608,72,10,11,2,8,34.693,False,HARD,39,HARD,42,GREEN,2024,Dutch_Race
02:28:30.608,72,10,16,2,5,34.693,False,HARD,39,HARD,47,GREEN,2024,Dutch_Race
02:28:30.608,72,10,55,2,7,34.693,False,HARD,39,HARD,41,GREEN,2024,Dutch_Race
02:28:30.608,72,10,44,2,10,34.693,False,HARD,39,SOFT,23,GREEN,2024,Dutch_Race
02:28:30.608,72,10,77,2,3,34.693,False,HARD,39,MEDIUM,27,GREEN,2024,Dutch_Race
02:28:35.220,72,14,1,3,5,4.929,False,HARD,39,HARD,44,GREEN,2024,Dutch_Race
02:28:35.220,72,14,81,3,7,4.929,False,HARD,39,HARD,38,GREEN,2024,Dutch_Race
02:28:35.220,72,14,63,3,10,4.929,False,HARD,39,SOFT,20,GREEN,2024,Dutch_Race
02:28:35.220,72,14,11,3,9,4.929,False,HARD,39,HARD,42,GREEN,2024,Dutch_Race
02:28:35.220,72,14,16,3,6,4.929,False,HARD,39,HARD,47,GREEN,2024,Dutch_Race
02:28:35.220,72,14,55,3,8,4.929,False,HARD,39,HARD,41,GREEN,2024,Dutch_Race
02:28:35.220,72,14,44,3,11,4.929,False,HARD,39,SOFT,23,GREEN,2024,Dutch_Race
02:28:35.220,72,14,77,3,4,4.929,False,HARD,39,MEDIUM,27,GREEN,2024,Dutch_Race
02:28:40.725,72,27,1,4,6,5.681,False,HARD,56,HARD,44,GREEN,2024,Dutch_Race
02:28:40.725,72,27,81,4,8,5.681,False,HARD,56,HARD,38,GREEN,2024,Dutch_Race
02:28:40.725,72,27,63,4,11,5.681,False,HARD,56,SOFT,20,GREEN,2024,Dutch_Race
02:28:40.725,72,27,11,4,10,5.681,False,HARD,56,HARD,42,GREEN,2024,Dutch_Race
02:28:40.725,72,27,16,4,7,5.681,False,HARD,56,HARD,47,GREEN,2024,Dutch_Race
02:28:40.725,72,27,55,4,9,5.681,False,HARD,56,HARD,41,GREEN,2024,Dutch_Race
02:28:40.725,72,27,44,4,12,5.681,False,HARD,56,SOFT,23,GREEN,2024,Dutch_Race
02:28:40.725,72,27,77,4,5,5.681,False,HARD,56,MEDIUM,27,GREEN,2024,Dutch_Race
02:28:42.444,72,18,1,5,7,1.498,False,HARD,40,HARD,44,GREEN,2024,Dutch_Race
02:28:42.444,72,18,81,5,9,1.498,False,HARD,40,HARD,38,GREEN,2024,Dutch_Race
02:28:42.444,72,18,63,5,12,1.498,False,HARD,40,SOFT,20,GREEN,2024,Dutch_Race
02:28:42.444,72,18,11,5,11,1.498,False,HARD,40,HARD,42,GREEN,2024,Dutch_Race
02:28:42.444,72,18,16,5,8,1.498,False,HARD,40,HARD,47,GREEN,2024,Dutch_Race
02:28:42.444,72,18,55,5,10,1.498,False,HARD,40,HARD,41,GREEN,2024,Dutch_Race
02:28:42.444,72,18,44,5,13,1.498,False,HARD,40,SOFT,23,GREEN,2024,Dutch_Race
02:28:42.444,72,18,77,5,6,1.498,False,HARD,40,MEDIUM,27,GREEN,2024,Dutch_Race
02:28:42.797,72,3,1,6,8,0.355,False,HARD,41,HARD,44,GREEN,2024,Dutch_Race
02:28:42.797,72,3,81,6,10,0.355,False,HARD,41,HARD,38,GREEN,2024,Dutch_Race
02:28:42.797,72,3,63,6,13,0.355,False,HARD,41,SOFT,20,GREEN,2024,Dutch_Race
02:28:42.797,72,3,11,6,12,0.355,False,HARD,41,HARD,42,GREEN,2024,Dutch_Race
02:28:42.797,72,3,16,6,9,0.355,False,HARD,41,HARD,47,GREEN,2024,Dutch_Race
02:28:42.797,72,3,55,6,11,0.355,False,HARD,41,HARD,41,GREEN,2024,Dutch_Race
02:28:42.797,72,3,44,6,14,0.355,False,HARD,41,SOFT,23,GREEN,2024,Dutch_Race
02:28:42.797,72,3,77,6,7,0.355,False,HARD,41,MEDIUM,27,GREEN,2024,Dutch_Race
02:28:44.372,72,1,14,2,4,22.896,False,HARD,44,HARD,40,GREEN,2024,Dutch_Race
02:28:44.372,72,1,18,2,6,22.896,False,HARD,44,HARD,40,GREEN,2024,Dutch_Race
02:28:44.372,72,1,10,2,3,22.896,False,HARD,44,HARD,39,GREEN,2024,Dutch_Race
02:28:44.372,72,1,27,2,5,22.896,False,HARD,44,HARD,56,GREEN,2024,Dutch_Race
02:28:44.372,72,1,3,2,7,22.896,False,HARD,44,HARD,41,GREEN,2024,Dutch_Race
02:28:44.372,72,1,77,2,8,22.896,False,HARD,44,MEDIUM,27,GREEN,2024,Dutch_Race
02:28:44.551,72,3,18,6,7,1.853,False,HARD,41,HARD,40,GREEN,2024,Dutch_Race
02:28:46.927,72,16,14,3,5,2.543,False,HARD,47,HARD,40,GREEN,2024,Dutch_Race
02:28:46.927,72,16,18,3,8,2.543,False,HARD,47,HARD,41,GREEN,2024,Dutch_Race
02:28:46.927,72,16,10,3,4,2.543,False,HARD,47,HARD,39,GREEN,2024,Dutch_Race
02:28:46.927,72,16,27,3,6,2.543,False,HARD,47,HARD,57,GREEN,2024,Dutch_Race
02:28:46.927,72,16,3,3,7,2.543,False,HARD,47,HARD,42,GREEN,2024,Dutch_Race
02:28:46.927,72,16,77,3,9,2.543,False,HARD,47,MEDIUM,27,GREEN,2024,Dutch_Race
02:28:49.239,72,81,14,4,6,1.898,False,HARD,38,HARD,40,GREEN,2024,Dutch_Race
02:28:49.239,72,81,18,4,9,1.898,False,HARD,38,HARD,41,GREEN,2024,Dutch_Race
02:28:49.239,72,81,10,4,5,1.898,False,HARD,38,HARD,39,GREEN,2024,Dutch_Race
02:28:49.239,72,81,27,4,7,1.898,False,HARD,38,HARD,57,GREEN,2024,Dutch_Race
02:28:49.239,72,81,3,4,8,1.898,False,HARD,38,HARD,42,GREEN,2024,Dutch_Race
02:28:49.239,72,81,77,4,10,1.898,False,HARD,38,MEDIUM,27,GREEN,2024,Dutch_Race
02:28:53.640,72,55,14,5,7,4.8,False,HARD,41,HARD,40,GREEN,2024,Dutch_Race
02:28:53.640,72,55,18,5,10,4.8,False,HARD,41,HARD,41,GREEN,2024,Dutch_Race
02:28:53.640,72,55,10,5,6,4.8,False,HARD,41,HARD,39,GREEN,2024,Dutch_Race
02:28:53.640,72,55,27,5,8,4.8,False,HARD,41,HARD,57,GREEN,2024,Dutch_Race
02:28:53.640,72,55,3,5,9,4.8,False,HARD,41,HARD,42,GREEN,2024,Dutch_Race
02:28:53.640,72,55,77,5,11,4.8,False,HARD,41,MEDIUM,27,GREEN,2024,Dutch_Race
02:28:57.476,72,24,63,12,14,32.771,False,SOFT,18,SOFT,20,GREEN,2024,Dutch_Race
02:28:57.476,72,24,11,12,13,32.771,False,SOFT,18,HARD,42,GREEN,2024,Dutch_Race
02:28:57.476,72,24,22,12,19,32.771,False,SOFT,18,HARD,38,GREEN,2024,Dutch_Race
02:28:57.476,72,24,44,12,15,32.771,False,SOFT,18,SOFT,23,GREEN,2024,Dutch_Race
02:28:57.476,72,24,31,12,17,32.771,False,SOFT,18,HARD,40,GREEN,2024,Dutch_Race
02:28:57.476,72,24,2,12,18,32.771,False,SOFT,18,HARD,48,GREEN,2024,Dutch_Race
02:28:57.476,72,24,23,12,16,32.771,False,SOFT,18,MEDIUM,16,GREEN,2024,Dutch_Race
02:28:57.476,72,24,20,12,20,32.771,False,SOFT,18,MEDIUM,30,GREEN,2024,Dutch_Race
02:29:01.757,72,11,14,6,8,7.405,False,HARD,42,HARD,40,GREEN,2024,Dutch_Race
02:29:01.757,72,11,18,6,11,7.405,False,HARD,42,HARD,41,GREEN,2024,Dutch_Race
02:29:01.757,72,11,10,6,7,7.405,False,HARD,42,HARD,39,GREEN,2024,Dutch_Race
02:29:01.757,72,11,27,6,9,7.405,False,HARD,42,HARD,57,GREEN,2024,Dutch_Race
02:29:01.757,72,11,3,6,10,7.405,False,HARD,42,HARD,42,GREEN,2024,Dutch_Race
02:29:01.757,72,11,77,6,12,7.405,False,HARD,42,MEDIUM,27,GREEN,2024,Dutch_Race
02:29:01.757,72,11,24,6,13,7.405,False,HARD,42,SOFT,19,GREEN,2024,Dutch_Race
02:29:02.694,72,23,63,12,15,14.999,False,MEDIUM,16,SOFT,20,GREEN,2024,Dutch_Race
02:29:02.694,72,23,44,12,16,14.999,False,MEDIUM,16,SOFT,23,GREEN,2024,Dutch_Race
02:29:02.694,72,23,77,12,13,14.999,False,MEDIUM,16,MEDIUM,27,GREEN,2024,Dutch_Race
02:29:02.694,72,23,24,12,14,14.999,False,MEDIUM,16,SOFT,19,GREEN,2024,Dutch_Race
02:29:06.123,72,63,14,7,9,5.075,False,SOFT,20,HARD,40,GREEN,2024,Dutch_Race
02:29:06.123,72,63,18,7,12,5.075,False,SOFT,20,HARD,41,GREEN,2024,Dutch_Race
02:29:06.123,72,63,10,7,8,5.075,False,SOFT,20,HARD,39,GREEN,2024,Dutch_Race
02:29:06.123,72,63,27,7,10,5.075,False,SOFT,20,HARD,57,GREEN,2024,Dutch_Race
02:29:06.123,72,63,3,7,11,5.075,False,SOFT,20,HARD,42,GREEN,2024,Dutch_Race
02:29:06.123,72,63,77,7,14,5.075,False,SOFT,20,MEDIUM,27,GREEN,2024,Dutch_Race
02:29:06.123,72,63,24,7,15,5.075,False,SOFT,20,SOFT,19,GREEN,2024,Dutch_Race
02:29:06.123,72,63,23,7,13,5.075,False,SOFT,20,MEDIUM,17,GREEN,2024,Dutch_Race
02:29:08.863,72,31,44,14,17,6.167,False,HARD,40,SOFT,23,GREEN,2024,Dutch_Race
02:29:08.863,72,31,77,14,15,6.167,False,HARD,40,MEDIUM,27,GREEN,2024,Dutch_Race
02:29:08.863,72,31,24,14,16,6.167,False,HARD,40,SOFT,19,GREEN,2024,Dutch_Race
02:29:11.185,72,44,14,8,10,4.982,False,SOFT,23,HARD,40,GREEN,2024,Dutch_Race
02:29:11.185,72,44,18,8,13,4.982,False,SOFT,23,HARD,41,GREEN,2024,Dutch_Race
02:29:11.185,72,44,10,8,9,4.982,False,SOFT,23,HARD,39,GREEN,2024,Dutch_Race
02:29:11.185,72,44,27,8,11,4.982,False,SOFT,23,HARD,57,GREEN,2024,Dutch_Race
02:29:11.185,72,44,3,8,12,4.982,False,SOFT,23,HARD,42,GREEN,2024,Dutch_Race
02:29:11.185,72,44,31,8,15,4.982,False,SOFT,23,HARD,41,GREEN,2024,Dutch_Race
02:29:11.185,72,44,77,8,16,4.982,False,SOFT,23,MEDIUM,27,GREEN,2024,Dutch_Race
02:29:11.185,72,44,24,8,17,4.982,False,SOFT,23,SOFT,19,GREEN,2024,Dutch_Race
02:29:11.185,72,44,23,8,14,4.982,False,SOFT,23,MEDIUM,17,GREEN,2024,Dutch_Race
02:29:26.430,72,2,77,16,17,17.661,False,HARD,48,MEDIUM,27,GREEN,2024,Dutch_Race
02:29:26.430,72,2,24,16,18,17.661,False,HARD,48,SOFT,19,GREEN,2024,Dutch_Race
02:29:26.940,72,22,77,17,18,0.607,False,HARD,38,MEDIUM,27,GREEN,2024,Dutch_Race
02:29:26.940,72,22,24,17,19,0.607,False,HARD,38,SOFT,19,GREEN,2024,Dutch_Race
02:30:03.347,72,20,77,18,19,0.561,False,MEDIUM,31,MEDIUM,27,GREEN,2024,Dutch_Race
02:30:03.347,72,20,24,18,20,0.561,False,MEDIUM,31,SOFT,19,GREEN,2024,Dutch_Race
00:55:15.847,1,44,55,4,5,999.0,False,MEDIUM,0,MEDIUM,0,GREEN,2024,Hungarian_Race
00:55:15.949,1,16,55,5,6,0.091,False,MEDIUM,0,MEDIUM,0,GREEN,2024,Hungarian_Race
00:55:16.930,1,23,77,12,13,999.0,False,SOFT,0,MEDIUM,1,GREEN,2024,Hungarian_Race
00:55:17.178,1,20,2,14,15,999.0,False,SOFT,0,MEDIUM,0,GREEN,2024,Hungarian_Race
00:55:17.407,1,63,2,15,16,0.051,False,HARD,0,MEDIUM,0,GREEN,2024,Hungarian_Race
00:55:17.407,1,63,11,15,17,0.051,False,HARD,0,HARD,0,GREEN,2024,Hungarian_Race
00:55:17.441,1,11,2,16,17,0.178,False,HARD,0,MEDIUM,0,GREEN,2024,Hungarian_Race
00:55:17.543,1,31,24,18,19,0.072,False,MEDIUM,0,MEDIUM,1,GREEN,2024,Hungarian_Race
00:55:22.282,1,81,4,1,2,0.046,False,MEDIUM,0,MEDIUM,0,GREEN,2024,Hungarian_Race
00:55:22.875,1,44,1,3,4,999.0,False,MEDIUM,0,MEDIUM,0,GREEN,2024,Hungarian_Race
00:55:22.889,1,1,4,2,3,0.009,False,MEDIUM,0,MEDIUM,0,GREEN,2024,Hungarian_Race
00:55:22.889,1,1,44,2,4,0.009,False,MEDIUM,0,MEDIUM,0,GREEN,2024,Hungarian_Race
00:55:23.763,1,23,3,9,10,999.0,False,SOFT,0,MEDIUM,0,GREEN,2024,Hungarian_Race
00:55:23.763,1,23,22,9,11,999.0,False,SOFT,0,MEDIUM,0,GREEN,2024,Hungarian_Race
00:55:23.763,1,23,27,9,12,999.0,False,SOFT,0,MEDIUM,0,GREEN,2024,Hungarian_Race
00:55:24.203,1,77,27,12,13,0.156,False,MEDIUM,1,MEDIUM,0,GREEN,2024,Hungarian_Race
00:55:25.002,1,31,2,17,18,0.072,False,MEDIUM,0,MEDIUM,0,GREEN,2024,Hungarian_Race
00:55:28.660,1,44,4,2,4,999.0,False,MEDIUM,0,MEDIUM,0,GREEN,2024,Hungarian_Race
00:55:29.431,1,14,55,6,7,0.197,False,SOFT,2,MEDIUM,0,GREEN,2024,Hungarian_Race
00:55:30.563,1,20,27,12,14,0.079,False,SOFT,0,MEDIUM,0,GREEN,2024,Hungarian_Race
00:55:30.563,1,20,77,12,13,0.079,False,SOFT,0,MEDIUM,1,GREEN,2024,Hungarian_Race
00:55:31.540,1,2,31,17,18,0.12,False,MEDIUM,0,MEDIUM,0,GREEN,2024,Hungarian_Race
00:55:33.875,1,4,44,3,4,0.312,False,MEDIUM,0,MEDIUM,0,GREEN,2024,Hungarian_Race
00:55:35.434,1,20,22,11,12,0.079,False,SOFT,0,MEDIUM,0,GREEN,2024,Hungarian_Race
00:55:36.281,1,31,11,15,17,0.357,False,MEDIUM,0,HARD,0,GREEN,2024,Hungarian_Race
00:55:36.281,1,31,63,15,16,0.357,False,MEDIUM,0,HARD,0,GREEN,2024,Hungarian_Race
00:55:36.975,1,24,2,18,19,0.33,False,MEDIUM,1,MEDIUM,0,GREEN,2024,Hungarian_Race
00:55:50.107,1,20,3,10,11,0.16,False,SOFT,0,MEDIUM,0,GREEN,2024,Hungarian_Race
00:55:50.190,1,3,20,10,11,0.378,False,MEDIUM,0,SOFT,0,GREEN,2024,Hungarian_Race
00:55:50.889,1,27,77,13,14,0.01,False,MEDIUM,0,MEDIUM,1,GREEN,2024,Hungarian_Race
00:56:07.690,1,2,24,18,19,0.07,False,MEDIUM,0,MEDIUM,1,GREEN,2024,Hungarian_Race
00:56:49.204,2,2,11,17,18,0.093,False,MEDIUM,1,HARD,1,GREEN,2024,Hungarian_Race
00:58:08.292,3,31,27,14,15,0.573,False,MEDIUM,1,MEDIUM,1,GREEN,2024,Hungarian_Race
00:58:08.974,3,63,27,15,16,0.754,False,HARD,1,MEDIUM,1,GREEN,2024,Hungarian_Race
00:58:09.619,3,2,27,16,17,0.549,False,MEDIUM,1,MEDIUM,1,GREEN,2024,Hungarian_Race
00:58:13.443,3,11,27,17,18,0.071,False,HARD,2,MEDIUM,2,GREEN,2024,Hungarian_Race
00:58:14.036,3,24,27,18,19,0.575,False,MEDIUM,3,MEDIUM,2,GREEN,2024,Hungarian_Race
00:58:14.592,3,10,27,19,20,0.531,False,HARD,1,MEDIUM,2,GREEN,2024,Hungarian_Race
00:58:16.789,3,55,14,6,7,0.109,False,MEDIUM,2,SOFT,4,GREEN,2024,Hungarian_Race
00:59:42.685,4,4,1,2,3,0.989,False,MEDIUM,3,MEDIUM,3,GREEN,2024,Hungarian_Race
01:03:50.600,7,3,23,9,10,0.588,False,MEDIUM,5,SOFT,5,GREEN,2024,Hungarian_Race
01:03:50.600,7,3,20,9,11,0.588,False,MEDIUM,5,SOFT,5,GREEN,2024,Hungarian_Race
01:03:51.517,7,22,23,10,11,0.835,False,MEDIUM,5,SOFT,5,GREEN,2024,Hungarian_Race
01:03:51.517,7,22,20,10,12,0.835,False,MEDIUM,5,SOFT,5,GREEN,2024,Hungarian_Race
01:03:52.339,7,77,20,12,13,0.73,False,MEDIUM,6,SOFT,5,GREEN,2024,Hungarian_Race
01:03:53.523,7,63,31,14,15,0.456,False,HARD,5,MEDIUM,5,GREEN,2024,Hungarian_Race
01:03:54.419,7,2,31,15,16,0.818,False,MEDIUM,5,MEDIUM,5,GREEN,2024,Hungarian_Race
01:03:54.872,7,11,31,16,17,0.498,False,HARD,5,MEDIUM,5,GREEN,2024,Hungarian_Race
01:03:55.528,7,24,31,17,18,0.638,False,MEDIUM,6,MEDIUM,5,GREEN,2024,Hungarian_Race
01:03:55.884,7,77,23,11,12,0.777,False,MEDIUM,6,SOFT,5,GREEN,2024,Hungarian_Race
01:03:57.058,7,63,23,12,13,1.125,False,HARD,5,SOFT,5,GREEN,2024,Hungarian_Race
01:03:57.058,7,63,20,12,14,1.125,False,HARD,5,SOFT,5,GREEN,2024,Hungarian_Race
01:03:57.909,7,2,23,13,14,0.872,False,MEDIUM,6,SOFT,6,GREEN,2024,Hungarian_Race
01:03:57.909,7,2,20,13,15,0.872,False,MEDIUM,6,SOFT,6,GREEN,2024,Hungarian_Race
01:03:58.324,7,11,23,14,15,0.417,False,HARD,6,SOFT,6,GREEN,2024,Hungarian_Race
01:03:58.324,7,11,20,14,16,0.417,False,HARD,6,SOFT,6,GREEN,2024,Hungarian_Race
01:03:59.015,7,24,23,15,16,0.669,False,MEDIUM,7,SOFT,6,GREEN,2024,Hungarian_Race
01:03:59.015,7,24,20,15,17,0.669,False,MEDIUM,7,SOFT,6,GREEN,2024,Hungarian_Race
01:03:59.881,7,10,23,16,17,0.567,False,HARD,6,SOFT,6,GREEN,2024,Hungarian_Race
01:03:59.881,7,10,20,16,18,0.567,False,HARD,6,SOFT,6,GREEN,2024,Hungarian_Race
01:03:59.881,7,10,31,16,19,0.567,False,HARD,6,MEDIUM,6,GREEN,2024,Hungarian_Race
01:04:07.220,7,27,23,17,18,7.292,False,HARD,4,SOFT,6,GREEN,2024,Hungarian_Race
01:04:07.220,7,27,20,17,19,7.292,False,HARD,4,SOFT,6,GREEN,2024,Hungarian_Race
01:04:07.220,7,27,31,17,20,7.292,False,HARD,4,MEDIUM,6,GREEN,2024,Hungarian_Race
01:05:19.793,8,22,14,8,9,2.021,False,MEDIUM,7,SOFT,9,GREEN,2024,Hungarian_Race
01:05:20.935,8,77,14,9,10,0.421,False,MEDIUM,7,SOFT,9,GREEN,2024,Hungarian_Race
01:05:20.935,8,77,3,9,11,0.421,False,MEDIUM,7,MEDIUM,6,GREEN,2024,Hungarian_Race
01:05:21.647,8,63,14,10,11,0.805,False,HARD,7,SOFT,9,GREEN,2024,Hungarian_Race
01:05:21.647,8,63,3,10,12,0.805,False,HARD,7,MEDIUM,7,GREEN,2024,Hungarian_Race
01:05:21.768,8,10,24,15,16,0.479,False,HARD,6,MEDIUM,7,GREEN,2024,Hungarian_Race
01:05:23.120,8,2,14,11,12,1.373,False,MEDIUM,7,SOFT,9,GREEN,2024,Hungarian_Race
01:05:23.120,8,2,3,11,13,1.373,False,MEDIUM,7,MEDIUM,7,GREEN,2024,Hungarian_Race
01:05:23.593,8,11,14,12,13,0.629,False,HARD,7,SOFT,9,GREEN,2024,Hungarian_Race
01:05:23.593,8,11,3,12,14,0.629,False,HARD,7,MEDIUM,7,GREEN,2024,Hungarian_Race
01:05:25.337,8,10,14,13,14,1.733,False,HARD,6,SOFT,9,GREEN,2024,Hungarian_Race
01:05:25.337,8,10,3,13,15,1.733,False,HARD,6,MEDIUM,7,GREEN,2024,Hungarian_Race
01:05:32.186,8,27,14,14,15,4.898,False,HARD,5,SOFT,9,GREEN,2024,Hungarian_Race
01:05:32.186,8,27,3,14,16,4.898,False,HARD,5,MEDIUM,7,GREEN,2024,Hungarian_Race
01:05:32.186,8,27,24,14,17,4.898,False,HARD,5,MEDIUM,8,GREEN,2024,Hungarian_Race
01:05:37.465,8,23,24,17,18,5.22,False,HARD,1,MEDIUM,8,GREEN,2024,Hungarian_Race
01:05:40.516,8,23,3,16,17,5.22,False,HARD,1,MEDIUM,7,GREEN,2024,Hungarian_Race
01:05:41.118,8,31,24,19,20,2.639,False,HARD,0,MEDIUM,8,GREEN,2024,Hungarian_Race
01:05:53.695,8,20,3,17,18,0.186,False,HARD,1,HARD,0,GREEN,2024,Hungarian_Race
01:06:45.158,9,11,2,11,12,0.574,False,HARD,7,MEDIUM,7,GREEN,2024,Hungarian_Race
01:06:51.302,9,10,2,12,13,2.644,False,HARD,8,MEDIUM,8,GREEN,2024,Hungarian_Race
01:06:57.033,9,27,2,13,14,5.728,False,HARD,6,MEDIUM,8,GREEN,2024,Hungarian_Race
01:07:00.981,9,14,2,14,15,3.922,False,MEDIUM,1,MEDIUM,8,GREEN,2024,Hungarian_Race
01:07:01.970,9,23,2,15,16,1.093,False,HARD,2,MEDIUM,8,GREEN,2024,Hungarian_Race
01:07:02.930,9,20,2,16,17,0.948,False,HARD,2,MEDIUM,8,GREEN,2024,Hungarian_Race
01:07:03.482,9,3,2,17,18,0.546,False,HARD,1,MEDIUM,8,GREEN,2024,Hungarian_Race
01:07:05.371,9,31,2,18,19,1.804,False,HARD,1,MEDIUM,8,GREEN,2024,Hungarian_Race
01:15:09.968,15,22,18,7,8,1.867,False,MEDIUM,13,SOFT,16,GREEN,2024,Hungarian_Race
01:15:17.048,15,77,18,8,9,2.943,False,MEDIUM,15,SOFT,17,GREEN,2024,Hungarian_Race
01:15:18.191,15,63,18,9,10,1.173,False,HARD,14,SOFT,17,GREEN,2024,Hungarian_Race
01:15:18.947,15,11,18,10,11,0.891,False,HARD,14,SOFT,17,GREEN,2024,Hungarian_Race
01:15:25.159,15,10,18,11,12,6.06,False,HARD,13,SOFT,17,GREEN,2024,Hungarian_Race
01:15:27.517,15,27,18,12,13,2.366,False,HARD,12,SOFT,17,GREEN,2024,Hungarian_Race
01:15:30.912,15,14,18,13,14,3.381,False,MEDIUM,7,SOFT,17,GREEN,2024,Hungarian_Race
01:15:34.932,15,23,18,14,15,1.071,False,HARD,8,SOFT,17,GREEN,2024,Hungarian_Race
01:15:43.144,15,20,18,15,16,0.011,False,HARD,8,MEDIUM,1,GREEN,2024,Hungarian_Race
01:17:08.438,16,18,20,15,16,0.077,False,MEDIUM,2,HARD,9,GREEN,2024,Hungarian_Race
01:17:44.465,17,16,44,4,5,1.956,False,MEDIUM,15,MEDIUM,15,GREEN,2024,Hungarian_Race
01:17:52.355,17,55,44,5,6,3.921,False,MEDIUM,16,MEDIUM,16,GREEN,2024,Hungarian_Race
01:18:03.370,17,22,44,6,7,10.947,False,MEDIUM,16,MEDIUM,16,GREEN,2024,Hungarian_Race
01:18:05.096,17,63,77,8,9,0.966,False,HARD,15,MEDIUM,16,GREEN,2024,Hungarian_Race
01:18:06.129,17,11,77,9,10,0.964,False,HARD,15,MEDIUM,16,GREEN,2024,Hungarian_Race
01:18:16.273,17,10,77,10,11,6.619,False,HARD,15,MEDIUM,17,GREEN,2024,Hungarian_Race
01:18:18.491,17,27,77,11,12,2.258,False,HARD,14,MEDIUM,17,GREEN,2024,Hungarian_Race
01:18:21.862,17,14,77,12,13,3.353,False,MEDIUM,10,MEDIUM,17,GREEN,2024,Hungarian_Race
01:18:22.520,17,23,77,13,14,0.651,False,HARD,10,MEDIUM,17,GREEN,2024,Hungarian_Race
01:18:23.120,17,18,77,14,15,0.672,False,MEDIUM,3,MEDIUM,17,GREEN,2024,Hungarian_Race
01:18:24.986,17,20,77,15,16,1.681,False,HARD,9,MEDIUM,17,GREEN,2024,Hungarian_Race
01:18:25.659,17,3,77,16,17,0.773,False,HARD,8,MEDIUM,17,GREEN,2024,Hungarian_Race
01:18:30.035,17,31,77,17,18,1.308,False,HARD,10,MEDIUM,17,GREEN,2024,Hungarian_Race
01:19:09.553,18,1,4,2,3,2.244,False,MEDIUM,17,MEDIUM,17,GREEN,2024,Hungarian_Race
01:19:12.998,18,16,4,3,4,3.414,False,MEDIUM,17,MEDIUM,17,GREEN,2024,Hungarian_Race
01:19:17.429,18,55,4,4,5,4.421,False,MEDIUM,17,MEDIUM,17,GREEN,2024,Hungarian_Race
01:19:31.444,18,44,22,6,7,0.143,False,HARD,1,MEDIUM,17,GREEN,2024,Hungarian_Race
01:19:51.548,18,18,23,13,14,0.184,False,MEDIUM,4,HARD,11,GREEN,2024,Hungarian_Race
01:19:58.612,18,23,18,13,14,0.026,False,HARD,11,MEDIUM,4,GREEN,2024,Hungarian_Race
01:20:34.268,19,1,81,1,2,6.178,False,MEDIUM,18,MEDIUM,18,GREEN,2024,Hungarian_Race
01:20:37.706,19,16,81,2,3,3.466,False,MEDIUM,18,MEDIUM,18,GREEN,2024,Hungarian_Race
01:20:42.278,19,55,81,3,4,4.565,False,MEDIUM,18,MEDIUM,18,GREEN,2024,Hungarian_Race
01:21:34.661,19,77,31,17,18,0.033,False,HARD,2,HARD,12,GREEN,2024,Hungarian_Race
01:24:51.355,22,16,1,1,2,1.084,False,MEDIUM,20,MEDIUM,20,GREEN,2024,Hungarian_Race
01:24:53.941,22,81,55,3,4,1.056,False,HARD,3,MEDIUM,20,GREEN,2024,Hungarian_Race
01:24:57.603,22,81,1,2,3,6.243,False,HARD,4,MEDIUM,21,GREEN,2024,Hungarian_Race
01:24:59.948,22,4,1,3,4,0.854,False,HARD,4,MEDIUM,21,GREEN,2024,Hungarian_Race
01:24:59.948,22,4,55,3,5,0.854,False,HARD,4,MEDIUM,21,GREEN,2024,Hungarian_Race
01:25:02.105,22,44,1,4,5,2.139,False,HARD,5,MEDIUM,21,GREEN,2024,Hungarian_Race
01:25:02.105,22,44,55,4,6,2.139,False,HARD,5,MEDIUM,21,GREEN,2024,Hungarian_Race
01:25:10.657,22,22,55,6,7,8.496,False,MEDIUM,20,MEDIUM,21,GREEN,2024,Hungarian_Race
01:25:13.317,22,63,55,7,8,2.741,False,HARD,21,MEDIUM,21,GREEN,2024,Hungarian_Race
01:25:14.577,22,11,55,8,9,1.247,False,HARD,21,MEDIUM,21,GREEN,2024,Hungarian_Race
01:27:44.005,24,81,16,1,2,1.223,False,HARD,6,MEDIUM,23,GREEN,2024,Hungarian_Race
01:27:46.913,24,4,16,2,3,2.955,False,HARD,7,MEDIUM,23,GREEN,2024,Hungarian_Race
01:27:48.902,24,44,16,3,4,2.008,False,HARD,7,MEDIUM,23,GREEN,2024,Hungarian_Race
01:28:14.971,24,55,11,8,9,0.059,False,HARD,2,HARD,23,GREEN,2024,Hungarian_Race
01:29:38.609,25,55,63,7,8,0.074,False,HARD,3,HARD,24,GREEN,2024,Hungarian_Race
01:30:56.348,26,55,22,6,7,0.055,False,HARD,4,MEDIUM,25,GREEN,2024,Hungarian_Race
01:32:45.416,27,14,27,11,12,0.155,False,MEDIUM,20,HARD,24,GREEN,2024,Hungarian_Race
01:35:30.006,29,77,3,16,17,0.587,False,HARD,11,HARD,20,GREEN,2024,Hungarian_Race
01:35:30.937,29,23,27,12,13,1.264,False,HARD,21,HARD,26,GREEN,2024,Hungarian_Race
01:35:30.937,29,23,11,12,13,1.264,False,HARD,21,HARD,28,GREEN,2024,Hungarian_Race
01:35:30.937,29,23,10,12,14,1.264,False,HARD,21,HARD,28,GREEN,2024,Hungarian_Race
01:35:31.673,29,27,23,11,12,0.695,False,HARD,26,HARD,22,GREEN,2024,Hungarian_Race
01:35:32.733,29,20,10,14,15,1.663,False,HARD,22,HARD,28,GREEN,2024,Hungarian_Race
01:35:33.498,29,77,10,15,16,1.036,False,HARD,12,HARD,28,GREEN,2024,Hungarian_Race
01:35:36.096,29,2,3,17,19,0.715,False,HARD,19,HARD,20,GREEN,2024,Hungarian_Race
01:35:36.096,29,2,31,17,18,0.715,False,HARD,19,HARD,21,GREEN,2024,Hungarian_Race
01:35:36.096,29,2,10,17,18,0.715,False,HARD,19,HARD,28,GREEN,2024,Hungarian_Race
01:35:36.361,29,77,11,14,15,0.929,False,HARD,12,HARD,28,GREEN,2024,Hungarian_Race
01:35:36.670,29,31,2,16,17,0.082,False,HARD,22,HARD,20,GREEN,2024,Hungarian_Race
01:35:39.859,29,24,3,18,20,3.635,False,HARD,21,HARD,21,GREEN,2024,Hungarian_Race
01:35:39.859,29,24,10,18,19,3.635,False,HARD,21,HARD,28,GREEN,2024,Hungarian_Race
01:36:34.917,30,63,22,7,8,0.8,False,HARD,28,MEDIUM,28,GREEN,2024,Hungarian_Race
01:36:52.289,30,18,22,9,10,1.715,False,MEDIUM,16,MEDIUM,29,GREEN,2024,Hungarian_Race
01:36:54.575,30,20,23,12,13,1.656,False,HARD,22,HARD,22,GREEN,2024,Hungarian_Race
01:36:55.127,30,3,23,19,20,5.104,False,HARD,0,HARD,22,GREEN,2024,Hungarian_Race
01:36:55.127,30,77,23,13,20,0.43,False,HARD,12,HARD,22,GREEN,2024,Hungarian_Race
01:36:55.127,30,2,23,16,20,0.717,False,HARD,20,HARD,22,GREEN,2024,Hungarian_Race
01:36:55.127,30,11,23,14,20,0.343,False,MEDIUM,0,HARD,22,GREEN,2024,Hungarian_Race
01:36:55.127,30,24,23,17,20,3.454,False,HARD,21,HARD,22,GREEN,2024,Hungarian_Race
01:36:55.127,30,31,23,15,20,2.452,False,HARD,22,HARD,22,GREEN,2024,Hungarian_Race
01:36:55.127,30,10,23,18,20,5.763,False,MEDIUM,0,HARD,22,GREEN,2024,Hungarian_Race
01:36:55.129,30,23,3,14,20,1.221,False,HARD,22,HARD,0,GREEN,2024,Hungarian_Race
01:36:55.129,30,23,2,14,17,1.221,False,HARD,22,HARD,20,GREEN,2024,Hungarian_Race
01:36:55.129,30,23,11,14,15,1.221,False,HARD,22,MEDIUM,0,GREEN,2024,Hungarian_Race
01:36:55.129,30,23,24,14,18,1.221,False,HARD,22,HARD,21,GREEN,2024,Hungarian_Race
01:36:55.129,30,23,31,14,16,1.221,False,HARD,22,HARD,22,GREEN,2024,Hungarian_Race
01:36:55.129,30,23,10,14,19,1.221,False,HARD,22,MEDIUM,0,GREEN,2024,Hungarian_Race
01:36:58.198,30,20,27,11,12,0.652,False,HARD,23,HARD,27,GREEN,2024,Hungarian_Race
01:36:58.625,30,77,27,12,13,0.517,False,HARD,13,HARD,27,GREEN,2024,Hungarian_Race
01:36:58.722,30,11,27,13,14,0.052,False,MEDIUM,1,HARD,27,GREEN,2024,Hungarian_Race
01:37:01.530,30,31,27,14,15,2.596,False,HARD,22,HARD,27,GREEN,2024,Hungarian_Race
01:37:02.100,30,2,27,15,16,0.647,False,HARD,21,HARD,27,GREEN,2024,Hungarian_Race
01:37:05.519,30,24,27,16,17,3.398,False,HARD,21,HARD,27,GREEN,2024,Hungarian_Race
01:37:08.566,30,11,77,12,13,0.018,False,MEDIUM,1,HARD,13,GREEN,2024,Hungarian_Race
01:37:10.623,30,10,27,17,18,5.103,False,MEDIUM,0,HARD,27,GREEN,2024,Hungarian_Race
01:37:18.327,30,3,27,18,19,4.703,False,HARD,1,HARD,0,GREEN,2024,Hungarian_Race
01:38:24.456,31,2,31,14,15,2.786,False,HARD,21,HARD,23,GREEN,2024,Hungarian_Race
01:38:31.197,31,24,31,15,16,1.118,False,HARD,22,HARD,24,GREEN,2024,Hungarian_Race
01:38:33.992,31,11,20,11,12,0.044,False,MEDIUM,2,HARD,24,GREEN,2024,Hungarian_Race
01:38:34.067,31,10,31,16,17,2.882,False,MEDIUM,2,HARD,24,GREEN,2024,Hungarian_Race
01:38:38.007,31,3,31,17,18,3.897,False,HARD,2,HARD,24,GREEN,2024,Hungarian_Race
01:38:40.289,31,27,31,18,19,2.337,False,HARD,0,HARD,24,GREEN,2024,Hungarian_Race
01:40:12.679,33,10,24,15,16,0.141,False,MEDIUM,3,HARD,24,GREEN,2024,Hungarian_Race
01:41:19.350,33,11,22,10,11,0.165,False,MEDIUM,4,HARD,3,GREEN,2024,Hungarian_Race
01:42:27.727,34,14,63,7,8,28.849,False,MEDIUM,27,HARD,33,GREEN,2024,Hungarian_Race
01:42:32.304,34,11,63,9,10,2.441,False,MEDIUM,5,HARD,33,GREEN,2024,Hungarian_Race
01:42:34.488,34,22,63,10,11,2.143,False,HARD,4,HARD,33,GREEN,2024,Hungarian_Race
01:42:50.232,34,24,2,14,15,2.155,False,HARD,25,HARD,25,GREEN,2024,Hungarian_Race
01:42:50.232,34,24,10,14,16,2.155,False,HARD,25,MEDIUM,5,GREEN,2024,Hungarian_Race
01:42:50.366,34,3,2,15,16,0.263,False,HARD,4,HARD,25,GREEN,2024,Hungarian_Race
01:42:50.366,34,3,10,15,17,0.263,False,HARD,4,MEDIUM,5,GREEN,2024,Hungarian_Race
01:42:52.047,34,27,2,16,17,1.627,False,HARD,4,HARD,25,GREEN,2024,Hungarian_Race
01:42:52.047,34,27,10,16,18,1.627,False,HARD,4,MEDIUM,5,GREEN,2024,Hungarian_Race
01:42:53.186,34,3,24,14,15,0.135,False,HARD,5,HARD,26,GREEN,2024,Hungarian_Race
01:42:57.216,34,23,2,17,18,2.52,False,HARD,4,HARD,25,GREEN,2024,Hungarian_Race
01:42:57.216,34,23,10,17,19,2.52,False,HARD,4,MEDIUM,5,GREEN,2024,Hungarian_Race
01:43:03.603,35,31,10,19,20,9.119,False,HARD,3,MEDIUM,5,GREEN,2024,Hungarian_Race
01:43:06.521,35,31,2,18,19,9.119,False,HARD,3,HARD,25,GREEN,2024,Hungarian_Race
01:43:24.326,35,1,44,3,4,0.095,False,HARD,13,HARD,18,GREEN,2024,Hungarian_Race
01:43:29.517,35,44,1,3,4,0.309,False,HARD,18,HARD,13,GREEN,2024,Hungarian_Race
01:44:03.843,35,77,20,12,13,0.452,False,HARD,17,HARD,27,GREEN,2024,Hungarian_Race
01:44:14.324,35,3,20,13,14,4.927,False,HARD,6,HARD,28,GREEN,2024,Hungarian_Race
01:44:18.074,35,27,20,14,15,0.163,False,HARD,5,HARD,28,GREEN,2024,Hungarian_Race
01:44:18.074,35,27,24,14,16,0.163,False,HARD,5,HARD,27,GREEN,2024,Hungarian_Race
01:44:18.097,35,24,20,15,16,3.767,False,HARD,27,HARD,28,GREEN,2024,Hungarian_Race
01:44:18.730,35,23,20,16,17,0.652,False,HARD,5,HARD,28,GREEN,2024,Hungarian_Race
01:44:39.598,36,23,24,15,16,0.062,False,HARD,5,HARD,27,GREEN,2024,Hungarian_Race
01:45:29.198,36,11,18,8,9,0.132,False,MEDIUM,7,MEDIUM,22,GREEN,2024,Hungarian_Race
01:46:50.141,37,63,22,10,11,0.025,False,MEDIUM,3,HARD,7,GREEN,2024,Hungarian_Race
01:47:16.768,38,20,24,16,17,1.31,False,HARD,2,HARD,29,GREEN,2024,Hungarian_Race
01:47:17.525,38,31,24,17,18,0.838,False,HARD,6,HARD,29,GREEN,2024,Hungarian_Race
01:47:18.104,38,2,24,18,19,0.616,False,HARD,3,HARD,29,GREEN,2024,Hungarian_Race
01:48:09.953,38,18,14,8,9,0.83,False,MEDIUM,24,MEDIUM,31,GREEN,2024,Hungarian_Race
01:48:10.226,38,63,14,9,10,0.416,False,MEDIUM,3,MEDIUM,31,GREEN,2024,Hungarian_Race
01:48:12.546,38,22,14,10,11,2.17,False,HARD,8,MEDIUM,31,GREEN,2024,Hungarian_Race
01:48:19.946,38,63,18,8,9,0.05,False,MEDIUM,4,MEDIUM,24,GREEN,2024,Hungarian_Race
01:48:20.910,38,77,14,11,12,8.299,False,HARD,20,MEDIUM,31,GREEN,2024,Hungarian_Race
01:48:25.301,38,3,14,12,13,4.443,False,HARD,8,MEDIUM,31,GREEN,2024,Hungarian_Race
01:50:04.895,40,14,3,12,13,0.162,False,HARD,2,HARD,10,GREEN,2024,Hungarian_Race
01:51:34.796,41,1,44,3,4,0.471,False,HARD,18,HARD,23,GREEN,2024,Hungarian_Race
01:51:45.198,41,55,44,4,5,3.41,False,HARD,19,HARD,24,GREEN,2024,Hungarian_Race
01:51:45.198,41,55,16,4,6,3.41,False,HARD,19,HARD,17,GREEN,2024,Hungarian_Race
01:54:03.902,42,14,77,11,12,0.025,False,HARD,5,HARD,25,GREEN,2024,Hungarian_Race
01:57:02.311,45,3,77,12,13,0.145,False,HARD,15,HARD,27,GREEN,2024,Hungarian_Race
01:58:35.969,46,1,4,2,3,9.241,False,HARD,23,HARD,29,GREEN,2024,Hungarian_Race
01:58:44.790,46,55,4,3,4,8.826,False,HARD,24,HARD,29,GREEN,2024,Hungarian_Race
01:59:36.451,46,14,18,10,11,6.8,False,HARD,8,MEDIUM,32,GREEN,2024,Hungarian_Race
01:59:40.658,46,3,18,11,12,4.201,False,HARD,16,MEDIUM,32,GREEN,2024,Hungarian_Race
01:59:42.341,46,27,77,13,14,0.465,False,HARD,15,HARD,28,GREEN,2024,Hungarian_Race
01:59:43.524,46,23,77,14,15,1.04,False,HARD,15,HARD,28,GREEN,2024,Hungarian_Race
01:59:45.843,46,27,18,12,13,5.314,False,HARD,15,MEDIUM,32,GREEN,2024,Hungarian_Race
01:59:54.438,47,20,77,15,16,6.581,False,HARD,11,HARD,29,GREEN,2024,Hungarian_Race
01:59:57.441,47,2,77,17,18,1.254,False,HARD,12,HARD,29,GREEN,2024,Hungarian_Race
02:01:14.384,48,18,23,13,14,0.001,False,HARD,2,HARD,17,GREEN,2024,Hungarian_Race
02:01:33.151,48,4,81,2,3,9.073,False,MEDIUM,3,HARD,30,GREEN,2024,Hungarian_Race
02:01:39.177,48,44,55,4,5,3.149,False,HARD,7,HARD,26,GREEN,2024,Hungarian_Race
02:01:40.861,48,16,55,5,6,1.61,False,MEDIUM,6,HARD,26,GREEN,2024,Hungarian_Race
02:01:54.346,48,63,11,7,8,2.394,False,MEDIUM,13,MEDIUM,18,GREEN,2024,Hungarian_Race
02:02:49.695,49,18,27,12,13,0.216,False,HARD,3,HARD,18,GREEN,2024,Hungarian_Race
02:04:17.327,50,4,1,1,2,2.415,False,MEDIUM,5,HARD,28,GREEN,2024,Hungarian_Race
02:04:21.007,50,81,1,2,3,3.658,False,MEDIUM,2,HARD,28,GREEN,2024,Hungarian_Race
02:04:25.193,50,44,1,3,4,4.239,False,HARD,9,HARD,28,GREEN,2024,Hungarian_Race
02:04:26.603,50,16,1,4,5,1.339,False,MEDIUM,8,HARD,28,GREEN,2024,Hungarian_Race
02:10:24.853,54,11,63,7,8,7.66,False,MEDIUM,6,MEDIUM,20,GREEN,2024,Hungarian_Race
02:12:33.904,56,18,3,11,12,0.128,False,HARD,10,HARD,26,GREEN,2024,Hungarian_Race
02:14:09.021,57,1,16,4,5,0.165,False,MEDIUM,7,MEDIUM,16,GREEN,2024,Hungarian_Race
02:21:28.828,62,77,2,17,18,0.107,False,HARD,15,HARD,27,GREEN,2024,Hungarian_Race
02:21:28.862,62,2,77,17,18,1.338,False,HARD,27,HARD,15,GREEN,2024,Hungarian_Race
02:22:35.323,63,16,1,4,5,4.373,False,MEDIUM,22,MEDIUM,13,GREEN,2024,Hungarian_Race
02:25:30.159,65,77,31,16,17,0.143,False,HARD,18,HARD,33,GREEN,2024,Hungarian_Race
02:25:42.861,65,24,2,18,19,15.635,False,HARD,27,HARD,30,GREEN,2024,Hungarian_Race
02:26:15.557,66,18,14,10,11,0.069,False,HARD,20,HARD,28,GREEN,2024,Hungarian_Race
02:27:07.836,66,24,31,17,18,8.806,False,HARD,28,HARD,34,GREEN,2024,Hungarian_Race
02:27:14.660,66,2,31,18,19,6.87,False,SOFT,1,HARD,34,GREEN,2024,Hungarian_Race
02:29:05.230,68,81,4,1,2,0.964,False,MEDIUM,21,MEDIUM,23,GREEN,2024,Hungarian_Race
02:30:00.202,68,2,24,17,18,0.011,False,SOFT,3,HARD,30,GREEN,2024,Hungarian_Race
02:32:57.919,70,31,24,18,19,0.015,False,SOFT,4,HARD,32,GREEN,2024,Hungarian_Race
00:56:00.723,1,14,23,9,10,202.895,False,MEDIUM,1,MEDIUM,0,GREEN,2024,Italian_Race
00:56:00.723,1,14,27,9,11,202.895,False,MEDIUM,1,MEDIUM,0,GREEN,2024,Italian_Race
00:56:01.612,1,77,43,18,19,174.109,False,HARD,1,MEDIUM,0,GREEN,2024,Italian_Race
00:56:04.708,1,23,14,9,10,0.031,False,MEDIUM,0,MEDIUM,1,GREEN,2024,Italian_Race
00:56:04.998,1,3,27,10,12,0.026,False,MEDIUM,0,MEDIUM,0,GREEN,2024,Italian_Race
00:56:04.998,1,3,14,10,11,0.026,False,MEDIUM,0,MEDIUM,1,GREEN,2024,Italian_Race
00:56:05.024,1,14,3,10,11,0.226,False,MEDIUM,1,MEDIUM,0,GREEN,2024,Italian_Race
00:56:06.717,1,43,77,18,19,0.076,False,MEDIUM,0,HARD,1,GREEN,2024,Italian_Race
00:56:16.695,1,16,63,3,4,0.016,False,MEDIUM,0,MEDIUM,0,GREEN,2024,Italian_Race
00:56:16.940,1,55,63,4,5,0.238,False,MEDIUM,0,MEDIUM,0,GREEN,2024,Italian_Race
00:56:17.201,1,44,63,5,6,0.255,False,MEDIUM,0,MEDIUM,0,GREEN,2024,Italian_Race
00:56:20.749,1,1,63,6,7,0.103,False,HARD,0,MEDIUM,0,GREEN,2024,Italian_Race
00:56:22.789,1,81,4,1,2,0.06,False,MEDIUM,0,MEDIUM,0,GREEN,2024,Italian_Race
00:56:24.648,1,11,63,7,8,0.283,False,HARD,0,MEDIUM,0,GREEN,2024,Italian_Race
00:56:30.497,1,63,11,7,8,0.006,False,MEDIUM,0,HARD,0,GREEN,2024,Italian_Race
00:56:32.093,1,16,4,2,3,0.073,False,MEDIUM,0,MEDIUM,0,GREEN,2024,Italian_Race
00:57:04.319,1,20,27,12,13,0.269,False,MEDIUM,0,MEDIUM,0,GREEN,2024,Italian_Race
00:57:05.223,1,10,27,13,14,0.438,False,MEDIUM,0,MEDIUM,0,GREEN,2024,Italian_Race
00:57:14.849,1,22,27,14,15,0.032,False,HARD,1,MEDIUM,0,GREEN,2024,Italian_Race
00:57:14.849,1,22,31,14,16,0.032,False,HARD,1,HARD,0,GREEN,2024,Italian_Race
00:57:14.950,1,31,27,15,16,0.014,False,HARD,0,MEDIUM,0,GREEN,2024,Italian_Race
00:57:30.046,2,11,63,7,8,0.071,False,HARD,1,MEDIUM,1,GREEN,2024,Italian_Race
00:57:33.768,2,63,11,7,8,0.007,False,MEDIUM,1,HARD,1,GREEN,2024,Italian_Race
00:57:33.846,2,27,31,15,16,0.041,False,MEDIUM,1,HARD,1,GREEN,2024,Italian_Race
00:57:33.939,2,31,27,15,16,0.142,False,HARD,1,MEDIUM,1,GREEN,2024,Italian_Race
00:57:44.858,2,31,22,14,15,0.156,False,HARD,1,HARD,2,GREEN,2024,Italian_Race
00:57:45.806,2,43,18,17,18,0.088,False,MEDIUM,1,HARD,2,GREEN,2024,Italian_Race
01:00:23.879,4,27,22,15,16,0.027,False,MEDIUM,3,HARD,4,GREEN,2024,Italian_Race
01:00:31.220,4,22,27,15,16,0.031,False,HARD,4,MEDIUM,3,GREEN,2024,Italian_Race
01:02:10.985,5,27,22,15,16,0.197,False,MEDIUM,4,HARD,5,GREEN,2024,Italian_Race
01:02:14.586,5,43,22,16,17,0.133,False,MEDIUM,4,HARD,5,GREEN,2024,Italian_Race
01:02:24.254,5,18,22,17,18,0.043,False,HARD,5,HARD,5,GREEN,2024,Italian_Race
01:02:50.803,5,77,22,18,19,0.003,False,HARD,5,HARD,5,GREEN,2024,Italian_Race
01:03:14.440,6,43,27,15,16,0.073,False,MEDIUM,4,MEDIUM,4,GREEN,2024,Italian_Race
01:03:15.118,6,18,27,16,17,0.648,False,HARD,5,MEDIUM,4,GREEN,2024,Italian_Race
01:03:16.952,6,77,27,17,18,2.591,False,HARD,5,MEDIUM,4,GREEN,2024,Italian_Race
01:03:22.469,6,24,27,18,19,0.055,False,MEDIUM,6,MEDIUM,5,GREEN,2024,Italian_Race
01:03:22.469,6,24,22,18,20,0.055,False,MEDIUM,6,HARD,6,GREEN,2024,Italian_Race
01:03:22.471,6,22,27,19,20,0.142,False,HARD,6,MEDIUM,5,GREEN,2024,Italian_Race
01:04:48.141,7,18,43,15,16,0.043,False,HARD,7,MEDIUM,6,GREEN,2024,Italian_Race
01:06:48.368,8,27,22,19,20,17.126,False,HARD,2,HARD,8,GREEN,2024,Italian_Race
01:07:37.603,9,31,10,13,14,0.007,False,HARD,8,MEDIUM,8,GREEN,2024,Italian_Race
01:10:18.997,11,11,63,7,8,0.023,False,HARD,10,MEDIUM,10,GREEN,2024,Italian_Race
01:10:24.885,11,18,10,14,15,0.242,False,HARD,10,MEDIUM,9,GREEN,2024,Italian_Race
01:10:26.611,11,43,10,15,16,1.73,False,MEDIUM,9,MEDIUM,9,GREEN,2024,Italian_Race
01:10:28.349,11,77,10,16,17,1.74,False,HARD,10,MEDIUM,9,GREEN,2024,Italian_Race
01:10:31.231,11,20,3,11,12,0.162,False,MEDIUM,10,MEDIUM,10,GREEN,2024,Italian_Race
01:10:33.661,11,24,10,17,18,1.218,False,MEDIUM,11,MEDIUM,10,GREEN,2024,Italian_Race
01:11:47.415,12,23,63,8,9,1.157,False,MEDIUM,11,MEDIUM,11,GREEN,2024,Italian_Race
01:11:47.858,12,31,3,12,13,1.545,False,HARD,10,MEDIUM,10,GREEN,2024,Italian_Race
01:11:48.308,12,14,63,9,10,0.965,False,MEDIUM,12,MEDIUM,11,GREEN,2024,Italian_Race
01:11:50.069,12,20,63,10,11,1.752,False,MEDIUM,11,MEDIUM,11,GREEN,2024,Italian_Race
01:11:50.549,12,18,3,13,14,2.723,False,HARD,11,MEDIUM,10,GREEN,2024,Italian_Race
01:11:51.640,12,31,63,11,12,1.545,False,HARD,10,MEDIUM,11,GREEN,2024,Italian_Race
01:11:54.404,12,18,63,12,13,2.723,False,HARD,12,MEDIUM,11,GREEN,2024,Italian_Race
01:11:57.038,12,43,63,13,14,1.372,False,MEDIUM,10,MEDIUM,11,GREEN,2024,Italian_Race
01:11:57.038,12,43,3,13,15,1.372,False,MEDIUM,10,MEDIUM,11,GREEN,2024,Italian_Race
01:11:58.638,12,77,63,14,15,1.603,False,HARD,12,MEDIUM,11,GREEN,2024,Italian_Race
01:11:58.638,12,77,3,14,16,1.603,False,HARD,12,MEDIUM,11,GREEN,2024,Italian_Race
01:12:00.192,12,24,63,15,16,1.521,False,MEDIUM,12,MEDIUM,11,GREEN,2024,Italian_Race
01:12:00.192,12,24,3,15,17,1.521,False,MEDIUM,12,MEDIUM,11,GREEN,2024,Italian_Race
01:12:18.158,12,10,3,17,18,17.971,False,HARD,1,MEDIUM,11,GREEN,2024,Italian_Race
01:13:12.430,13,20,14,9,10,2.236,False,MEDIUM,11,MEDIUM,12,GREEN,2024,Italian_Race
01:13:13.791,13,31,14,10,11,1.373,False,HARD,11,MEDIUM,12,GREEN,2024,Italian_Race
01:13:20.366,13,18,14,11,12,2.227,False,HARD,13,MEDIUM,13,GREEN,2024,Italian_Race
01:13:23.549,13,43,14,12,13,3.207,False,MEDIUM,12,MEDIUM,13,GREEN,2024,Italian_Race
01:13:24.825,13,77,14,13,14,1.31,False,HARD,13,MEDIUM,13,GREEN,2024,Italian_Race
01:13:26.494,13,24,14,14,15,1.662,False,MEDIUM,12,MEDIUM,13,GREEN,2024,Italian_Race
01:15:11.341,14,63,14,15,16,0.115,False,HARD,2,HARD,2,GREEN,2024,Italian_Race
01:15:45.938,15,55,4,3,4,2.835,False,MEDIUM,13,MEDIUM,13,GREEN,2024,Italian_Race
01:15:52.390,15,44,4,4,5,1.507,False,MEDIUM,14,MEDIUM,14,GREEN,2024,Italian_Race
01:15:53.001,15,1,4,5,6,0.695,False,HARD,14,MEDIUM,14,GREEN,2024,Italian_Race
01:15:54.889,15,11,4,6,7,1.868,False,HARD,14,MEDIUM,14,GREEN,2024,Italian_Race
01:16:04.565,15,23,4,7,8,9.617,False,MEDIUM,14,MEDIUM,14,GREEN,2024,Italian_Race
01:16:06.172,15,31,20,9,10,1.653,False,HARD,13,MEDIUM,13,GREEN,2024,Italian_Race
01:16:08.532,15,18,20,10,11,2.388,False,HARD,14,MEDIUM,13,GREEN,2024,Italian_Race
01:16:14.038,15,31,4,8,9,5.441,False,HARD,14,HARD,0,GREEN,2024,Italian_Race
01:16:16.888,15,43,20,11,12,4.388,False,MEDIUM,13,MEDIUM,14,GREEN,2024,Italian_Race
01:16:17.642,15,77,20,12,13,0.8,False,HARD,15,MEDIUM,14,GREEN,2024,Italian_Race
01:16:20.398,15,24,20,13,14,2.726,False,MEDIUM,15,MEDIUM,14,GREEN,2024,Italian_Race
01:16:28.743,15,63,20,14,15,8.344,False,HARD,3,MEDIUM,14,GREEN,2024,Italian_Race
01:16:29.533,15,14,20,15,16,0.782,False,HARD,3,MEDIUM,14,GREEN,2024,Italian_Race
01:16:33.805,15,4,31,8,9,0.069,False,HARD,0,HARD,14,GREEN,2024,Italian_Race
01:16:40.883,15,10,20,16,17,0.093,False,HARD,4,HARD,0,GREEN,2024,Italian_Race
01:17:11.161,16,55,16,2,3,2.75,False,MEDIUM,14,MEDIUM,14,GREEN,2024,Italian_Race
01:17:14.948,16,1,44,4,5,0.287,False,HARD,14,MEDIUM,14,GREEN,2024,Italian_Race
01:17:16.620,16,11,44,5,6,1.661,False,HARD,14,MEDIUM,14,GREEN,2024,Italian_Race
01:17:18.824,16,1,16,3,4,2.52,False,HARD,15,MEDIUM,15,GREEN,2024,Italian_Race
01:17:20.463,16,11,16,4,5,1.665,False,HARD,15,MEDIUM,15,GREEN,2024,Italian_Race
01:17:31.020,16,23,16,5,6,8.278,False,MEDIUM,15,MEDIUM,15,GREEN,2024,Italian_Race
01:17:31.020,16,23,44,5,7,8.278,False,MEDIUM,15,MEDIUM,15,GREEN,2024,Italian_Race
01:17:34.693,16,4,44,7,8,3.69,False,HARD,1,MEDIUM,15,GREEN,2024,Italian_Race
01:17:36.648,16,31,44,8,9,1.965,False,HARD,14,MEDIUM,15,GREEN,2024,Italian_Race
01:17:38.747,16,4,16,6,7,3.69,False,HARD,1,HARD,0,GREEN,2024,Italian_Race
01:17:39.592,16,18,44,9,10,2.697,False,HARD,16,MEDIUM,15,GREEN,2024,Italian_Race
01:17:53.309,16,63,24,13,14,0.856,False,HARD,4,MEDIUM,16,GREEN,2024,Italian_Race
01:17:54.179,16,14,24,14,15,0.892,False,HARD,4,MEDIUM,16,GREEN,2024,Italian_Race
01:17:58.752,16,10,24,15,16,4.562,False,HARD,5,MEDIUM,16,GREEN,2024,Italian_Race
01:17:59.474,16,20,24,16,17,0.751,False,HARD,1,MEDIUM,16,GREEN,2024,Italian_Race
01:18:05.385,16,3,24,17,18,5.862,False,HARD,5,MEDIUM,16,GREEN,2024,Italian_Race
01:18:10.377,16,27,24,18,19,5.068,False,HARD,10,MEDIUM,16,GREEN,2024,Italian_Race
01:18:40.395,17,55,81,1,2,2.518,False,MEDIUM,16,MEDIUM,16,GREEN,2024,Italian_Race
01:18:44.028,17,1,81,2,3,3.746,False,HARD,16,MEDIUM,16,GREEN,2024,Italian_Race
01:18:45.891,17,11,81,3,4,1.855,False,HARD,16,MEDIUM,16,GREEN,2024,Italian_Race
01:19:07.193,17,77,43,11,12,0.409,False,HARD,16,MEDIUM,15,GREEN,2024,Italian_Race
01:19:18.005,17,63,43,12,13,3.257,False,HARD,5,MEDIUM,16,GREEN,2024,Italian_Race
01:19:18.764,17,14,43,13,14,0.814,False,HARD,5,MEDIUM,16,GREEN,2024,Italian_Race
01:19:24.330,17,10,43,14,15,5.485,False,HARD,6,MEDIUM,16,GREEN,2024,Italian_Race
01:19:25.087,17,20,43,15,16,0.858,False,HARD,2,MEDIUM,16,GREEN,2024,Italian_Race
01:19:30.777,17,3,43,16,17,5.616,False,HARD,6,MEDIUM,16,GREEN,2024,Italian_Race
01:20:18.969,18,4,23,5,6,0.233,False,HARD,2,MEDIUM,16,GREEN,2024,Italian_Race
01:20:21.617,18,16,23,6,7,1.007,False,HARD,1,MEDIUM,16,GREEN,2024,Italian_Race
01:20:29.574,18,31,23,7,8,0.461,False,HARD,17,MEDIUM,17,GREEN,2024,Italian_Race
01:20:32.593,18,18,23,8,9,3.178,False,HARD,18,MEDIUM,17,GREEN,2024,Italian_Race
01:20:33.176,18,44,23,9,10,0.7,False,HARD,2,MEDIUM,17,GREEN,2024,Italian_Race
01:20:37.444,18,77,23,10,11,4.201,False,HARD,18,MEDIUM,17,GREEN,2024,Italian_Race
01:20:42.535,18,63,23,11,12,5.113,False,HARD,6,MEDIUM,17,GREEN,2024,Italian_Race
01:20:43.294,18,14,23,12,13,0.842,False,HARD,6,MEDIUM,17,GREEN,2024,Italian_Race
01:20:59.526,18,44,18,8,9,0.22,False,HARD,2,HARD,18,GREEN,2024,Italian_Race
01:22:56.594,19,1,55,1,2,2.994,False,HARD,18,MEDIUM,18,GREEN,2024,Italian_Race
01:23:02.482,20,11,55,2,3,0.703,False,HARD,19,MEDIUM,19,GREEN,2024,Italian_Race
01:23:10.661,20,81,55,3,4,8.186,False,HARD,3,MEDIUM,19,GREEN,2024,Italian_Race
01:23:12.474,20,4,55,4,5,1.843,False,HARD,5,MEDIUM,19,GREEN,2024,Italian_Race
01:23:13.460,20,16,55,5,6,1.013,False,HARD,4,MEDIUM,19,GREEN,2024,Italian_Race
01:23:26.431,20,77,18,9,10,7.536,False,HARD,19,HARD,19,GREEN,2024,Italian_Race
01:23:31.769,20,63,18,10,11,0.396,False,HARD,7,HARD,19,GREEN,2024,Italian_Race
01:23:33.584,20,14,18,11,12,1.811,False,HARD,8,HARD,20,GREEN,2024,Italian_Race
01:23:40.198,20,23,18,12,13,6.596,False,HARD,2,HARD,20,GREEN,2024,Italian_Race
01:23:40.967,20,10,18,13,14,0.869,False,HARD,8,HARD,20,GREEN,2024,Italian_Race
01:23:41.472,20,20,18,14,15,0.519,False,HARD,4,HARD,20,GREEN,2024,Italian_Race
01:23:45.758,20,3,18,15,16,4.192,False,HARD,9,HARD,20,GREEN,2024,Italian_Race
01:23:46.012,20,44,31,7,8,0.09,False,HARD,4,HARD,19,GREEN,2024,Italian_Race
01:23:54.436,20,43,18,16,17,4.745,False,HARD,3,MEDIUM,1,GREEN,2024,Italian_Race
01:25:01.098,21,63,77,9,10,0.079,False,HARD,9,HARD,21,GREEN,2024,Italian_Race
01:26:31.787,22,14,77,10,11,2.455,False,HARD,10,HARD,22,GREEN,2024,Italian_Race
01:27:16.376,22,11,1,1,2,3.216,False,HARD,21,HARD,21,GREEN,2024,Italian_Race
01:27:22.173,23,81,1,2,3,1.198,False,HARD,5,HARD,21,GREEN,2024,Italian_Race
01:27:23.748,23,4,1,3,4,1.594,False,HARD,8,HARD,22,GREEN,2024,Italian_Race
01:27:24.934,23,16,1,4,5,1.2,False,HARD,7,HARD,22,GREEN,2024,Italian_Race
01:27:35.290,23,55,1,5,6,10.317,False,HARD,3,HARD,22,GREEN,2024,Italian_Race
01:27:36.857,23,44,1,6,7,1.572,False,HARD,6,HARD,22,GREEN,2024,Italian_Race
01:27:45.911,23,31,1,7,8,4.985,False,HARD,22,HARD,0,GREEN,2024,Italian_Race
01:28:42.028,23,81,11,1,2,0.179,False,HARD,6,HARD,22,GREEN,2024,Italian_Race
01:28:43.530,24,4,11,2,3,1.523,False,HARD,8,HARD,22,GREEN,2024,Italian_Race
01:28:45.019,24,16,11,3,4,1.483,False,HARD,7,HARD,22,GREEN,2024,Italian_Race
01:28:59.849,24,55,11,4,5,9.837,False,HARD,4,HARD,23,GREEN,2024,Italian_Race
01:29:00.995,24,44,11,5,6,1.147,False,HARD,8,HARD,23,GREEN,2024,Italian_Race
01:29:07.214,24,20,10,13,14,0.137,False,HARD,8,HARD,12,GREEN,2024,Italian_Race
01:29:12.106,24,31,11,6,7,7.054,False,HARD,23,HARD,23,GREEN,2024,Italian_Race
01:29:12.687,24,1,11,7,8,0.685,False,HARD,1,HARD,0,GREEN,2024,Italian_Race
01:29:35.111,24,1,31,6,7,0.042,False,HARD,1,HARD,23,GREEN,2024,Italian_Race
01:30:38.739,25,11,31,7,8,0.1,False,HARD,1,HARD,24,GREEN,2024,Italian_Race
01:30:49.145,25,23,77,11,12,0.21,False,HARD,7,HARD,25,GREEN,2024,Italian_Race
01:31:28.831,26,63,31,8,9,0.131,False,HARD,13,HARD,24,GREEN,2024,Italian_Race
01:32:16.032,26,20,77,12,13,0.115,False,HARD,11,HARD,26,GREEN,2024,Italian_Race
01:33:32.742,27,14,31,9,10,0.214,False,HARD,15,HARD,26,GREEN,2024,Italian_Race
01:34:15.394,28,3,10,14,15,0.329,False,HARD,16,HARD,16,GREEN,2024,Italian_Race
01:36:34.864,29,3,77,13,14,0.118,False,HARD,18,HARD,29,GREEN,2024,Italian_Race
01:38:06.262,30,43,10,15,16,0.075,False,HARD,13,HARD,19,GREEN,2024,Italian_Race
01:39:03.510,31,16,4,2,3,1.764,False,HARD,15,HARD,16,GREEN,2024,Italian_Race
01:39:05.433,31,63,11,7,8,0.203,False,HARD,19,HARD,7,GREEN,2024,Italian_Race
01:39:06.691,31,4,16,2,3,3.023,False,HARD,16,HARD,15,GREEN,2024,Italian_Race
01:39:18.477,31,11,63,7,8,0.065,False,HARD,7,HARD,19,GREEN,2024,Italian_Race
01:39:22.180,31,18,10,16,17,0.128,False,HARD,12,HARD,19,GREEN,2024,Italian_Race
01:39:34.543,31,27,10,17,18,4.587,False,HARD,25,HARD,20,GREEN,2024,Italian_Race
01:39:40.444,31,24,10,18,19,5.896,False,HARD,16,HARD,20,GREEN,2024,Italian_Race
01:40:34.130,32,23,31,10,11,0.291,False,HARD,13,HARD,30,GREEN,2024,Italian_Race
01:40:36.533,32,20,31,11,12,0.451,False,HARD,16,HARD,30,GREEN,2024,Italian_Race
01:40:45.979,32,3,31,12,13,1.614,False,HARD,20,HARD,31,GREEN,2024,Italian_Race
01:40:49.923,32,77,31,13,14,3.913,False,HARD,32,HARD,31,GREEN,2024,Italian_Race
01:40:50.158,32,43,31,14,15,0.378,False,HARD,15,HARD,31,GREEN,2024,Italian_Race
01:40:50.652,32,18,31,15,16,0.461,False,HARD,14,HARD,31,GREEN,2024,Italian_Race
01:40:57.134,32,43,77,13,14,0.036,False,HARD,15,HARD,32,GREEN,2024,Italian_Race
01:40:59.695,32,27,31,16,17,8.966,False,HARD,26,HARD,31,GREEN,2024,Italian_Race
01:41:16.225,33,16,4,2,3,0.784,False,HARD,16,HARD,17,GREEN,2024,Italian_Race
01:41:17.594,33,18,77,14,15,0.051,False,HARD,14,HARD,32,GREEN,2024,Italian_Race
01:41:31.706,33,55,4,3,4,8.367,False,HARD,12,HARD,18,GREEN,2024,Italian_Race
01:41:33.054,33,44,4,4,5,1.35,False,HARD,17,HARD,18,GREEN,2024,Italian_Race
01:41:44.752,33,1,4,5,6,7.661,False,HARD,10,HARD,0,GREEN,2024,Italian_Race
01:42:19.328,33,20,23,10,11,0.026,False,HARD,18,HARD,15,GREEN,2024,Italian_Race
01:42:25.249,33,31,27,16,17,3.603,False,MEDIUM,0,HARD,26,GREEN,2024,Italian_Race
01:42:31.259,33,24,27,17,18,1.685,False,HARD,17,HARD,27,GREEN,2024,Italian_Race
01:42:40.116,34,10,27,18,19,8.863,False,HARD,2,HARD,27,GREEN,2024,Italian_Race
01:43:24.348,34,14,63,8,9,8.683,False,HARD,22,HARD,22,GREEN,2024,Italian_Race
01:43:29.643,34,20,63,9,10,5.387,False,HARD,19,HARD,22,GREEN,2024,Italian_Race
01:43:30.484,34,23,63,10,11,0.934,False,HARD,16,HARD,22,GREEN,2024,Italian_Race
01:43:39.264,34,3,63,11,12,4.766,False,HARD,23,HARD,0,GREEN,2024,Italian_Race
01:43:53.722,34,31,77,15,16,5.052,False,MEDIUM,2,HARD,34,GREEN,2024,Italian_Race
01:43:56.729,34,24,77,16,17,3.009,False,HARD,18,HARD,34,GREEN,2024,Italian_Race
01:44:04.390,35,10,77,17,18,7.664,False,HARD,3,HARD,34,GREEN,2024,Italian_Race
01:45:04.111,35,63,3,11,12,0.184,False,HARD,1,HARD,24,GREEN,2024,Italian_Race
01:46:14.658,36,20,14,8,9,3.643,False,HARD,20,HARD,23,GREEN,2024,Italian_Race
01:46:21.124,36,23,14,9,10,2.003,False,HARD,18,HARD,24,GREEN,2024,Italian_Race
01:46:22.511,36,20,11,7,8,16.406,False,HARD,21,MEDIUM,0,GREEN,2024,Italian_Race
01:46:23.339,36,63,14,10,11,2.239,False,HARD,2,HARD,24,GREEN,2024,Italian_Race
01:46:25.099,36,23,11,8,9,2.61,False,HARD,18,MEDIUM,0,GREEN,2024,Italian_Race
01:46:25.700,36,3,14,11,12,2.328,False,HARD,25,HARD,24,GREEN,2024,Italian_Race
01:46:30.260,36,43,14,12,13,4.594,False,HARD,19,HARD,24,GREEN,2024,Italian_Race
01:46:30.897,36,18,14,13,14,0.683,False,HARD,18,HARD,24,GREEN,2024,Italian_Race
01:48:00.430,37,11,23,8,9,0.059,False,MEDIUM,1,HARD,19,GREEN,2024,Italian_Race
01:48:01.065,37,63,23,9,10,0.654,False,HARD,3,HARD,19,GREEN,2024,Italian_Race
01:48:03.284,37,14,18,13,14,2.971,False,HARD,3,HARD,19,GREEN,2024,Italian_Race
01:48:08.675,38,31,18,14,15,5.375,False,MEDIUM,5,HARD,19,GREEN,2024,Italian_Race
01:48:14.372,38,24,18,15,16,5.696,False,HARD,22,HARD,19,GREEN,2024,Italian_Race
01:48:23.161,38,10,18,16,17,4.847,False,HARD,6,MEDIUM,1,GREEN,2024,Italian_Race
01:48:38.539,38,1,44,4,5,3.235,False,HARD,15,HARD,22,GREEN,2024,Italian_Race
01:48:39.652,38,4,44,5,6,1.131,False,HARD,5,HARD,22,GREEN,2024,Italian_Race
01:49:16.876,38,63,11,8,9,0.064,False,HARD,4,MEDIUM,2,GREEN,2024,Italian_Race
01:49:30.713,38,11,63,8,9,0.141,False,MEDIUM,2,HARD,4,GREEN,2024,Italian_Race
01:49:37.316,39,63,11,8,9,0.005,False,HARD,4,MEDIUM,2,GREEN,2024,Italian_Race
01:49:41.258,39,16,81,1,2,1.182,False,HARD,22,HARD,22,GREEN,2024,Italian_Race
01:49:50.909,39,18,10,16,17,0.187,False,MEDIUM,2,HARD,7,GREEN,2024,Italian_Race
01:49:51.820,39,55,81,2,3,10.591,False,HARD,18,HARD,22,GREEN,2024,Italian_Race
01:52:38.854,41,18,24,15,16,0.03,False,MEDIUM,4,HARD,25,GREEN,2024,Italian_Race
01:52:46.527,41,24,18,15,16,0.604,False,HARD,25,MEDIUM,4,GREEN,2024,Italian_Race
01:52:53.671,41,4,1,4,5,0.078,False,HARD,8,HARD,18,GREEN,2024,Italian_Race
01:54:01.529,42,18,24,15,16,0.193,False,MEDIUM,5,HARD,26,GREEN,2024,Italian_Race
01:54:26.648,42,44,1,5,6,8.095,False,HARD,3,HARD,19,GREEN,2024,Italian_Race
01:54:48.679,42,63,20,7,8,0.043,False,HARD,8,HARD,27,GREEN,2024,Italian_Race
01:55:27.975,43,10,24,16,17,0.104,False,HARD,11,HARD,27,GREEN,2024,Italian_Race
01:56:32.813,43,14,43,12,13,0.115,False,HARD,9,HARD,26,GREEN,2024,Italian_Race
01:57:41.590,44,11,20,8,9,0.084,False,MEDIUM,8,HARD,29,GREEN,2024,Italian_Race
01:59:09.804,45,81,55,2,3,0.014,False,HARD,6,HARD,25,GREEN,2024,Italian_Race
02:00:40.121,46,14,3,11,12,0.095,False,HARD,12,HARD,35,GREEN,2024,Italian_Race
02:02:31.528,48,4,55,3,4,0.121,False,HARD,15,HARD,28,GREEN,2024,Italian_Race
02:03:00.650,48,77,24,17,18,0.146,False,MEDIUM,14,HARD,32,GREEN,2024,Italian_Race
02:05:34.195,50,27,24,18,19,0.147,False,HARD,16,HARD,34,GREEN,2024,Italian_Race
02:08:05.872,52,10,18,15,16,0.32,False,HARD,20,MEDIUM,15,GREEN,2024,Italian_Race
02:08:14.901,52,77,18,16,17,9.007,False,MEDIUM,18,MEDIUM,15,GREEN,2024,Italian_Race
02:08:17.949,52,27,18,17,18,3.07,False,HARD,18,MEDIUM,15,GREEN,2024,Italian_Race
02:08:22.103,52,24,18,18,19,4.136,False,HARD,35,MEDIUM,15,GREEN,2024,Italian_Race
02:11:35.879,53,43,3,12,13,12.771,False,HARD,36,HARD,42,GREEN,2024,Italian_Race
02:11:38.945,53,23,20,9,10,13.308,False,HARD,35,HARD,39,GREEN,2024,Italian_Race
02:11:49.957,53,3,43,12,13,24.957,False,HARD,42,HARD,36,GREEN,2024,Italian_Race
00:56:39.244,1,16,55,2,3,0.331,False,MEDIUM,0,MEDIUM,0,GREEN,2024,Las_Vegas_Race
00:56:39.244,1,16,10,2,4,0.331,False,MEDIUM,0,MEDIUM,0,GREEN,2024,Las_Vegas_Race
00:56:41.062,1,24,20,12,13,999.0,False,MEDIUM,1,MEDIUM,0,GREEN,2024,Las_Vegas_Race
00:56:41.335,1,14,11,15,16,999.0,False,SOFT,0,HARD,0,GREEN,2024,Las_Vegas_Race
00:56:46.610,1,30,20,13,14,0.067,False,MEDIUM,0,MEDIUM,0,GREEN,2024,Las_Vegas_Race
00:56:52.058,1,27,81,8,9,0.047,False,MEDIUM,0,MEDIUM,0,GREEN,2024,Las_Vegas_Race
00:56:58.254,1,81,27,8,9,0.132,False,MEDIUM,0,MEDIUM,0,GREEN,2024,Las_Vegas_Race
00:56:59.608,1,30,24,12,13,0.227,False,MEDIUM,0,MEDIUM,1,GREEN,2024,Las_Vegas_Race
00:57:03.665,1,24,30,12,13,0.042,False,MEDIUM,1,MEDIUM,0,GREEN,2024,Las_Vegas_Race
00:57:30.440,1,20,30,13,14,0.023,False,MEDIUM,0,MEDIUM,0,GREEN,2024,Las_Vegas_Race
00:57:59.872,1,11,14,15,16,0.036,False,HARD,0,SOFT,0,GREEN,2024,Las_Vegas_Race
00:58:13.426,2,30,20,13,14,0.006,False,MEDIUM,0,MEDIUM,0,GREEN,2024,Las_Vegas_Race
00:58:14.156,2,23,11,16,17,0.25,False,MEDIUM,0,HARD,0,GREEN,2024,Las_Vegas_Race
00:58:24.551,2,11,23,16,17,0.145,False,HARD,0,MEDIUM,0,GREEN,2024,Las_Vegas_Race
00:58:28.600,2,14,20,14,15,0.302,False,SOFT,1,MEDIUM,1,GREEN,2024,Las_Vegas_Race
00:58:40.453,2,27,81,8,9,0.006,False,MEDIUM,1,MEDIUM,1,GREEN,2024,Las_Vegas_Race
01:02:52.431,4,1,10,4,5,0.169,False,MEDIUM,3,MEDIUM,3,GREEN,2024,Las_Vegas_Race
01:03:11.157,5,16,63,1,2,0.089,False,MEDIUM,4,MEDIUM,5,GREEN,2024,Las_Vegas_Race
01:03:15.413,5,63,16,1,2,0.006,False,MEDIUM,5,MEDIUM,4,GREEN,2024,Las_Vegas_Race
01:03:22.864,5,20,14,14,15,1.091,False,MEDIUM,3,SOFT,3,GREEN,2024,Las_Vegas_Race
01:03:23.355,5,11,14,15,16,0.563,False,HARD,3,SOFT,3,GREEN,2024,Las_Vegas_Race
01:03:24.011,5,23,14,16,17,0.643,False,MEDIUM,3,SOFT,3,GREEN,2024,Las_Vegas_Race
01:03:24.696,5,18,14,17,18,0.7,False,MEDIUM,4,SOFT,3,GREEN,2024,Las_Vegas_Race
01:03:25.523,5,77,14,18,19,0.791,False,HARD,3,SOFT,3,GREEN,2024,Las_Vegas_Race
01:03:29.975,5,43,14,19,20,0.146,False,HARD,3,SOFT,3,GREEN,2024,Las_Vegas_Race
01:04:42.584,5,81,27,8,9,0.111,False,MEDIUM,4,MEDIUM,4,GREEN,2024,Las_Vegas_Race
01:05:02.337,6,44,27,9,10,0.318,False,MEDIUM,5,MEDIUM,5,GREEN,2024,Las_Vegas_Race
01:07:53.702,7,44,81,8,9,0.024,False,MEDIUM,6,MEDIUM,6,GREEN,2024,Las_Vegas_Race
01:07:53.883,7,55,16,2,3,0.138,False,MEDIUM,6,MEDIUM,6,GREEN,2024,Las_Vegas_Race
01:08:01.683,7,81,44,8,9,0.037,False,MEDIUM,6,MEDIUM,6,GREEN,2024,Las_Vegas_Race
01:08:09.999,8,11,20,14,15,0.213,False,HARD,6,MEDIUM,6,GREEN,2024,Las_Vegas_Race
01:09:27.571,8,1,16,3,4,0.01,False,MEDIUM,7,MEDIUM,7,GREEN,2024,Las_Vegas_Race
01:09:29.758,8,44,81,8,9,0.128,False,MEDIUM,7,MEDIUM,7,GREEN,2024,Las_Vegas_Race
01:09:39.576,8,4,10,5,6,0.127,False,MEDIUM,7,MEDIUM,7,GREEN,2024,Las_Vegas_Race
01:11:14.255,9,44,22,7,8,0.064,False,MEDIUM,8,MEDIUM,8,GREEN,2024,Las_Vegas_Race
01:11:28.474,10,11,30,13,14,0.204,False,HARD,8,MEDIUM,8,GREEN,2024,Las_Vegas_Race
01:11:32.801,10,10,16,4,5,0.973,False,MEDIUM,8,MEDIUM,8,GREEN,2024,Las_Vegas_Race
01:11:32.801,10,10,4,4,6,0.973,False,MEDIUM,8,MEDIUM,8,GREEN,2024,Las_Vegas_Race
01:11:33.023,10,44,16,5,6,0.238,False,MEDIUM,8,MEDIUM,8,GREEN,2024,Las_Vegas_Race
01:11:33.023,10,44,4,5,7,0.238,False,MEDIUM,8,MEDIUM,8,GREEN,2024,Las_Vegas_Race
01:11:33.744,10,22,16,6,7,0.733,False,MEDIUM,8,MEDIUM,8,GREEN,2024,Las_Vegas_Race
01:11:33.744,10,22,4,6,8,0.733,False,MEDIUM,8,MEDIUM,8,GREEN,2024,Las_Vegas_Race
01:11:35.056,10,81,4,8,9,1.269,False,MEDIUM,8,MEDIUM,8,GREEN,2024,Las_Vegas_Race
01:11:35.619,10,27,4,9,10,0.623,False,MEDIUM,8,MEDIUM,8,GREEN,2024,Las_Vegas_Race
01:11:39.165,10,81,16,7,8,0.593,False,MEDIUM,9,MEDIUM,9,GREEN,2024,Las_Vegas_Race
01:11:39.752,10,27,16,8,9,0.542,False,MEDIUM,8,MEDIUM,9,GREEN,2024,Las_Vegas_Race
01:11:40.605,10,31,16,9,10,0.466,False,MEDIUM,9,MEDIUM,9,GREEN,2024,Las_Vegas_Race
01:11:40.605,10,31,4,9,11,0.466,False,MEDIUM,9,MEDIUM,9,GREEN,2024,Las_Vegas_Race
01:11:41.107,10,24,16,10,11,0.492,False,MEDIUM,10,MEDIUM,9,GREEN,2024,Las_Vegas_Race
01:11:41.107,10,24,4,10,12,0.492,False,MEDIUM,10,MEDIUM,9,GREEN,2024,Las_Vegas_Race
01:11:43.305,10,11,16,11,12,2.35,False,HARD,9,MEDIUM,9,GREEN,2024,Las_Vegas_Race
01:11:43.305,10,11,4,11,13,2.35,False,HARD,9,MEDIUM,9,GREEN,2024,Las_Vegas_Race
01:11:43.840,10,77,23,16,17,2.427,False,HARD,8,MEDIUM,8,GREEN,2024,Las_Vegas_Race
01:11:43.840,10,77,18,16,18,2.427,False,HARD,8,MEDIUM,9,GREEN,2024,Las_Vegas_Race
01:11:44.224,10,30,16,12,13,0.618,False,MEDIUM,9,MEDIUM,9,GREEN,2024,Las_Vegas_Race
01:11:44.224,10,30,4,12,14,0.618,False,MEDIUM,9,MEDIUM,9,GREEN,2024,Las_Vegas_Race
01:11:44.621,10,43,23,17,18,0.851,False,HARD,8,MEDIUM,8,GREEN,2024,Las_Vegas_Race
01:11:44.621,10,43,18,17,19,0.851,False,HARD,8,MEDIUM,9,GREEN,2024,Las_Vegas_Race
01:11:45.395,10,20,16,13,14,1.408,False,MEDIUM,9,MEDIUM,9,GREEN,2024,Las_Vegas_Race
01:11:45.395,10,20,4,13,15,1.408,False,MEDIUM,9,MEDIUM,9,GREEN,2024,Las_Vegas_Race
01:11:47.932,10,77,16,14,15,2.427,False,HARD,9,MEDIUM,9,GREEN,2024,Las_Vegas_Race
01:11:47.932,10,77,4,14,16,2.427,False,HARD,9,MEDIUM,9,GREEN,2024,Las_Vegas_Race
01:11:48.573,10,43,16,15,16,0.819,False,HARD,9,MEDIUM,9,GREEN,2024,Las_Vegas_Race
01:11:48.573,10,43,4,15,17,0.819,False,HARD,9,MEDIUM,9,GREEN,2024,Las_Vegas_Race
01:12:03.041,10,14,23,18,19,11.399,False,HARD,6,MEDIUM,9,GREEN,2024,Las_Vegas_Race
01:12:03.041,10,14,18,18,20,11.399,False,HARD,6,MEDIUM,10,GREEN,2024,Las_Vegas_Race
01:12:43.277,10,1,55,2,3,0.036,False,MEDIUM,9,MEDIUM,9,GREEN,2024,Las_Vegas_Race
01:12:50.723,10,44,10,4,5,0.11,False,MEDIUM,9,MEDIUM,9,GREEN,2024,Las_Vegas_Race
01:13:16.522,11,27,10,5,6,0.561,False,MEDIUM,9,MEDIUM,9,GREEN,2024,Las_Vegas_Race
01:13:16.522,11,27,22,5,7,0.561,False,MEDIUM,9,MEDIUM,9,GREEN,2024,Las_Vegas_Race
01:13:16.522,11,27,81,5,8,0.561,False,MEDIUM,9,MEDIUM,9,GREEN,2024,Las_Vegas_Race
01:13:17.280,11,44,55,3,4,1.822,False,MEDIUM,10,MEDIUM,10,GREEN,2024,Las_Vegas_Race
01:13:17.624,11,31,10,6,7,1.088,False,MEDIUM,9,MEDIUM,9,GREEN,2024,Las_Vegas_Race
01:13:17.624,11,31,22,6,8,1.088,False,MEDIUM,9,MEDIUM,9,GREEN,2024,Las_Vegas_Race
01:13:17.624,11,31,81,6,9,1.088,False,MEDIUM,9,MEDIUM,9,GREEN,2024,Las_Vegas_Race
01:13:18.281,11,24,10,7,8,0.706,False,MEDIUM,10,MEDIUM,9,GREEN,2024,Las_Vegas_Race
01:13:18.281,11,24,22,7,9,0.706,False,MEDIUM,10,MEDIUM,9,GREEN,2024,Las_Vegas_Race
01:13:18.281,11,24,81,7,10,0.706,False,MEDIUM,10,MEDIUM,9,GREEN,2024,Las_Vegas_Race
01:13:18.583,11,11,10,8,9,0.303,False,HARD,9,MEDIUM,9,GREEN,2024,Las_Vegas_Race
01:13:18.583,11,11,22,8,10,0.303,False,HARD,9,MEDIUM,9,GREEN,2024,Las_Vegas_Race
01:13:18.583,11,11,81,8,11,0.303,False,HARD,9,MEDIUM,9,GREEN,2024,Las_Vegas_Race
01:13:20.544,11,27,55,4,5,3.316,False,MEDIUM,10,MEDIUM,10,GREEN,2024,Las_Vegas_Race
01:13:21.622,11,31,55,5,6,1.082,False,MEDIUM,10,MEDIUM,10,GREEN,2024,Las_Vegas_Race
01:13:22.364,11,24,55,6,7,0.678,False,MEDIUM,11,MEDIUM,10,GREEN,2024,Las_Vegas_Race
01:13:22.710,11,11,55,7,8,0.298,False,HARD,10,MEDIUM,10,GREEN,2024,Las_Vegas_Race
01:13:25.046,11,30,55,8,9,0.46,False,MEDIUM,9,MEDIUM,10,GREEN,2024,Las_Vegas_Race
01:13:25.046,11,30,10,8,10,0.46,False,MEDIUM,9,MEDIUM,10,GREEN,2024,Las_Vegas_Race
01:13:25.046,11,30,22,8,11,0.46,False,MEDIUM,9,MEDIUM,10,GREEN,2024,Las_Vegas_Race
01:13:25.046,11,30,81,8,12,0.46,False,MEDIUM,9,MEDIUM,9,GREEN,2024,Las_Vegas_Race
01:13:26.876,11,20,55,9,10,1.809,False,MEDIUM,10,MEDIUM,10,GREEN,2024,Las_Vegas_Race
01:13:26.876,11,20,10,9,11,1.809,False,MEDIUM,10,MEDIUM,10,GREEN,2024,Las_Vegas_Race
01:13:26.876,11,20,22,9,12,1.809,False,MEDIUM,10,MEDIUM,10,GREEN,2024,Las_Vegas_Race
01:13:26.876,11,20,81,9,13,1.809,False,MEDIUM,10,MEDIUM,10,GREEN,2024,Las_Vegas_Race
01:13:28.229,11,77,55,10,11,0.815,False,HARD,10,MEDIUM,10,GREEN,2024,Las_Vegas_Race
01:13:28.229,11,77,10,10,12,0.815,False,HARD,10,MEDIUM,10,GREEN,2024,Las_Vegas_Race
01:13:28.229,11,77,22,10,13,0.815,False,HARD,10,MEDIUM,10,GREEN,2024,Las_Vegas_Race
01:13:28.229,11,77,81,10,14,0.815,False,HARD,10,MEDIUM,10,GREEN,2024,Las_Vegas_Race
01:13:28.234,11,43,55,11,12,0.359,False,HARD,10,MEDIUM,10,GREEN,2024,Las_Vegas_Race
01:13:28.234,11,43,10,11,13,0.359,False,HARD,10,MEDIUM,10,GREEN,2024,Las_Vegas_Race
01:13:28.234,11,43,22,11,14,0.359,False,HARD,10,MEDIUM,10,GREEN,2024,Las_Vegas_Race
01:13:28.234,11,43,81,11,15,0.359,False,HARD,10,MEDIUM,10,GREEN,2024,Las_Vegas_Race
01:13:32.683,11,16,10,13,14,4.794,False,MEDIUM,0,MEDIUM,10,GREEN,2024,Las_Vegas_Race
01:13:32.683,11,16,22,13,15,4.794,False,MEDIUM,0,MEDIUM,10,GREEN,2024,Las_Vegas_Race
01:13:32.683,11,16,81,13,16,4.794,False,MEDIUM,0,MEDIUM,10,GREEN,2024,Las_Vegas_Race
01:13:34.281,11,4,10,14,15,1.538,False,MEDIUM,0,MEDIUM,10,GREEN,2024,Las_Vegas_Race
01:13:34.281,11,4,22,14,16,1.538,False,MEDIUM,0,MEDIUM,10,GREEN,2024,Las_Vegas_Race
01:13:34.281,11,4,81,14,17,1.538,False,MEDIUM,0,MEDIUM,10,GREEN,2024,Las_Vegas_Race
01:13:37.872,11,22,10,15,16,0.871,False,MEDIUM,10,MEDIUM,10,GREEN,2024,Las_Vegas_Race
01:13:42.138,11,14,81,17,18,7.899,False,HARD,7,MEDIUM,10,GREEN,2024,Las_Vegas_Race
01:14:48.507,12,11,24,6,7,0.048,False,HARD,10,MEDIUM,11,GREEN,2024,Las_Vegas_Race
01:14:56.301,12,44,1,2,3,1.9,False,MEDIUM,11,MEDIUM,11,GREEN,2024,Las_Vegas_Race
01:14:59.318,12,11,31,5,6,0.359,False,HARD,10,MEDIUM,10,GREEN,2024,Las_Vegas_Race
01:15:01.436,12,27,1,3,4,5.174,False,MEDIUM,11,MEDIUM,11,GREEN,2024,Las_Vegas_Race
01:15:03.225,12,11,1,4,5,1.899,False,HARD,11,MEDIUM,11,GREEN,2024,Las_Vegas_Race
01:15:04.028,12,20,24,7,8,0.889,False,MEDIUM,10,MEDIUM,11,GREEN,2024,Las_Vegas_Race
01:15:04.028,12,20,30,7,9,0.889,False,MEDIUM,10,MEDIUM,10,GREEN,2024,Las_Vegas_Race
01:15:04.512,12,77,24,8,9,0.468,False,HARD,10,MEDIUM,11,GREEN,2024,Las_Vegas_Race
01:15:04.512,12,77,30,8,10,0.468,False,HARD,10,MEDIUM,10,GREEN,2024,Las_Vegas_Race
01:15:04.999,12,43,30,10,11,0.423,False,HARD,10,MEDIUM,10,GREEN,2024,Las_Vegas_Race
01:15:06.177,12,55,30,11,12,1.192,False,MEDIUM,0,MEDIUM,10,GREEN,2024,Las_Vegas_Race
01:15:07.644,12,16,30,12,13,1.519,False,HARD,0,MEDIUM,10,GREEN,2024,Las_Vegas_Race
01:15:08.043,12,20,31,6,7,0.576,False,MEDIUM,11,MEDIUM,11,GREEN,2024,Las_Vegas_Race
01:15:08.562,12,77,31,7,8,0.464,False,HARD,11,MEDIUM,11,GREEN,2024,Las_Vegas_Race
01:15:09.123,12,43,31,8,9,0.18,False,HARD,11,MEDIUM,11,GREEN,2024,Las_Vegas_Race
01:15:09.123,12,43,24,8,10,0.18,False,HARD,11,MEDIUM,12,GREEN,2024,Las_Vegas_Race
01:15:10.080,12,55,31,9,10,1.112,False,MEDIUM,0,MEDIUM,11,GREEN,2024,Las_Vegas_Race
01:15:10.080,12,55,24,9,11,1.112,False,MEDIUM,0,MEDIUM,12,GREEN,2024,Las_Vegas_Race
01:15:11.568,12,16,31,10,11,1.527,False,HARD,0,MEDIUM,11,GREEN,2024,Las_Vegas_Race
01:15:11.568,12,16,24,10,12,1.527,False,HARD,0,MEDIUM,12,GREEN,2024,Las_Vegas_Race
01:15:12.162,12,4,31,11,12,0.442,False,HARD,0,MEDIUM,11,GREEN,2024,Las_Vegas_Race
01:15:12.162,12,4,24,11,13,0.442,False,HARD,0,MEDIUM,12,GREEN,2024,Las_Vegas_Race
01:15:12.162,12,4,30,11,14,0.442,False,HARD,0,MEDIUM,11,GREEN,2024,Las_Vegas_Race
01:15:12.602,12,20,1,5,6,0.576,False,MEDIUM,11,HARD,0,GREEN,2024,Las_Vegas_Race
01:15:17.788,12,77,1,6,7,0.07,False,HARD,11,HARD,0,GREEN,2024,Las_Vegas_Race
01:15:19.530,12,22,24,13,14,7.465,False,MEDIUM,0,MEDIUM,12,GREEN,2024,Las_Vegas_Race
01:15:19.530,12,22,30,13,15,7.465,False,MEDIUM,0,MEDIUM,11,GREEN,2024,Las_Vegas_Race
01:15:19.665,12,10,24,14,15,0.204,False,HARD,0,MEDIUM,12,GREEN,2024,Las_Vegas_Race
01:15:19.665,12,10,30,14,16,0.204,False,HARD,0,MEDIUM,11,GREEN,2024,Las_Vegas_Race
01:15:20.781,12,14,24,15,16,1.013,False,HARD,8,MEDIUM,12,GREEN,2024,Las_Vegas_Race
01:15:20.781,12,14,30,15,17,1.013,False,HARD,8,MEDIUM,11,GREEN,2024,Las_Vegas_Race
01:15:25.302,12,81,30,17,18,4.727,False,HARD,0,MEDIUM,11,GREEN,2024,Las_Vegas_Race
01:15:29.618,12,81,24,16,17,4.727,False,HARD,1,MEDIUM,0,GREEN,2024,Las_Vegas_Race
01:15:30.496,12,23,30,18,19,0.874,False,MEDIUM,0,HARD,1,GREEN,2024,Las_Vegas_Race
01:15:47.055,12,23,24,17,18,0.067,False,MEDIUM,0,HARD,1,GREEN,2024,Las_Vegas_Race
01:15:50.667,12,1,77,6,7,0.109,False,HARD,0,HARD,11,GREEN,2024,Las_Vegas_Race
01:16:34.612,13,1,20,5,6,0.089,False,HARD,0,MEDIUM,11,GREEN,2024,Las_Vegas_Race
01:16:35.349,13,44,63,1,2,11.189,False,MEDIUM,11,MEDIUM,13,GREEN,2024,Las_Vegas_Race
01:16:36.139,13,55,43,8,9,0.069,False,MEDIUM,0,HARD,11,GREEN,2024,Las_Vegas_Race
01:16:51.204,13,22,31,12,13,0.239,False,HARD,1,MEDIUM,11,GREEN,2024,Las_Vegas_Race
01:16:54.403,13,10,31,13,14,0.648,False,HARD,0,MEDIUM,11,GREEN,2024,Las_Vegas_Race
01:16:55.463,13,14,31,14,15,1.047,False,HARD,8,MEDIUM,11,GREEN,2024,Las_Vegas_Race
01:16:55.831,13,16,43,9,10,0.025,False,HARD,0,HARD,12,GREEN,2024,Las_Vegas_Race
01:17:03.475,13,81,31,15,16,1.308,False,HARD,2,MEDIUM,12,GREEN,2024,Las_Vegas_Race
01:17:05.589,13,23,31,16,17,1.948,False,HARD,0,MEDIUM,12,GREEN,2024,Las_Vegas_Race
01:17:07.783,13,24,31,17,18,2.239,False,HARD,2,MEDIUM,12,GREEN,2024,Las_Vegas_Race
01:17:09.182,13,30,31,18,19,1.271,False,HARD,2,MEDIUM,12,GREEN,2024,Las_Vegas_Race
01:17:11.350,13,55,77,7,8,0.107,False,HARD,1,HARD,12,GREEN,2024,Las_Vegas_Race
01:17:12.820,13,4,43,10,11,0.135,False,HARD,0,HARD,12,GREEN,2024,Las_Vegas_Race
01:17:22.758,13,16,77,8,9,0.249,False,HARD,0,HARD,12,GREEN,2024,Las_Vegas_Race
01:17:33.258,13,4,77,9,10,0.124,False,HARD,0,HARD,12,GREEN,2024,Las_Vegas_Race
01:18:00.416,13,11,27,3,4,0.156,False,HARD,12,MEDIUM,12,GREEN,2024,Las_Vegas_Race
01:18:04.262,13,55,20,6,7,0.16,False,HARD,1,MEDIUM,12,GREEN,2024,Las_Vegas_Race
01:18:16.791,14,16,20,7,8,0.173,False,HARD,0,MEDIUM,12,GREEN,2024,Las_Vegas_Race
01:18:18.901,14,63,44,1,2,0.375,False,HARD,2,MEDIUM,13,GREEN,2024,Las_Vegas_Race
01:18:23.167,14,11,44,2,3,4.2,False,HARD,13,MEDIUM,13,GREEN,2024,Las_Vegas_Race
01:18:23.815,14,27,44,3,4,0.474,False,MEDIUM,13,MEDIUM,13,GREEN,2024,Las_Vegas_Race
01:18:27.640,14,1,44,4,5,4.108,False,HARD,2,MEDIUM,13,GREEN,2024,Las_Vegas_Race
01:18:30.325,14,55,44,5,6,2.826,False,HARD,1,MEDIUM,13,GREEN,2024,Las_Vegas_Race
01:18:31.409,14,16,44,6,7,1.016,False,HARD,0,MEDIUM,13,GREEN,2024,Las_Vegas_Race
01:18:32.200,14,20,44,7,8,0.662,False,MEDIUM,13,MEDIUM,13,GREEN,2024,Las_Vegas_Race
01:18:36.986,14,4,44,8,9,0.217,False,HARD,0,HARD,1,GREEN,2024,Las_Vegas_Race
01:19:03.992,14,4,20,7,8,0.184,False,HARD,0,MEDIUM,13,GREEN,2024,Las_Vegas_Race
01:19:47.234,14,44,20,8,9,0.025,False,HARD,1,MEDIUM,13,GREEN,2024,Las_Vegas_Race
01:20:02.056,15,1,27,3,4,0.553,False,HARD,2,MEDIUM,13,GREEN,2024,Las_Vegas_Race
01:20:04.446,15,55,27,4,5,2.941,False,HARD,1,MEDIUM,13,GREEN,2024,Las_Vegas_Race
01:20:10.327,15,16,27,5,6,0.402,False,HARD,0,MEDIUM,13,GREEN,2024,Las_Vegas_Race
01:20:12.193,15,4,27,6,7,1.784,False,HARD,0,MEDIUM,14,GREEN,2024,Las_Vegas_Race
01:20:13.324,15,44,27,7,8,1.252,False,HARD,2,MEDIUM,14,GREEN,2024,Las_Vegas_Race
01:20:14.578,15,20,27,8,9,1.172,False,MEDIUM,13,MEDIUM,14,GREEN,2024,Las_Vegas_Race
01:20:15.283,15,77,27,9,10,0.686,False,HARD,13,MEDIUM,14,GREEN,2024,Las_Vegas_Race
01:20:15.772,15,43,27,10,11,0.544,False,HARD,14,MEDIUM,14,GREEN,2024,Las_Vegas_Race
01:20:16.282,15,22,27,11,12,0.41,False,HARD,1,MEDIUM,14,GREEN,2024,Las_Vegas_Race
01:20:17.042,15,10,27,12,13,0.716,False,HARD,0,MEDIUM,14,GREEN,2024,Las_Vegas_Race
01:20:17.351,15,14,27,13,14,0.25,False,HARD,11,MEDIUM,14,GREEN,2024,Las_Vegas_Race
01:20:20.365,15,22,43,10,11,0.561,False,HARD,1,HARD,14,GREEN,2024,Las_Vegas_Race
01:20:20.416,15,81,27,14,15,3.236,False,HARD,3,MEDIUM,14,GREEN,2024,Las_Vegas_Race
01:20:22.976,15,23,27,15,16,2.524,False,HARD,0,MEDIUM,14,GREEN,2024,Las_Vegas_Race
01:21:22.285,15,1,11,2,3,0.406,False,HARD,3,HARD,14,GREEN,2024,Las_Vegas_Race
01:21:25.341,15,14,10,12,13,0.368,False,HARD,11,HARD,0,GREEN,2024,Las_Vegas_Race
01:21:28.765,15,81,10,13,14,0.082,False,HARD,4,HARD,0,GREEN,2024,Las_Vegas_Race
01:21:34.195,16,22,77,9,10,0.101,False,HARD,1,HARD,14,GREEN,2024,Las_Vegas_Race
01:21:36.489,16,81,14,12,13,0.139,False,HARD,4,HARD,11,GREEN,2024,Las_Vegas_Race
01:21:55.370,16,23,10,14,15,0.834,False,HARD,0,HARD,0,GREEN,2024,Las_Vegas_Race
01:22:01.517,16,27,10,15,16,2.854,False,HARD,0,HARD,0,GREEN,2024,Las_Vegas_Race
01:22:02.097,16,24,10,16,17,0.597,False,HARD,4,HARD,0,GREEN,2024,Las_Vegas_Race
01:22:03.563,16,30,10,17,18,1.428,False,HARD,4,HARD,0,GREEN,2024,Las_Vegas_Race
01:22:15.871,16,31,10,18,19,7.77,False,HARD,3,HARD,0,GREEN,2024,Las_Vegas_Race
01:22:17.596,16,18,10,19,20,1.704,False,HARD,1,HARD,0,GREEN,2024,Las_Vegas_Race
01:22:23.118,16,81,43,11,12,0.107,False,HARD,5,HARD,15,GREEN,2024,Las_Vegas_Race
01:22:40.073,16,81,77,10,11,0.174,False,HARD,5,HARD,15,GREEN,2024,Las_Vegas_Race
01:23:03.352,16,55,11,3,4,0.04,False,HARD,1,HARD,15,GREEN,2024,Las_Vegas_Race
01:23:13.566,17,44,4,6,7,0.135,False,HARD,3,HARD,0,GREEN,2024,Las_Vegas_Race
01:23:15.255,17,22,20,8,9,0.054,False,HARD,1,MEDIUM,15,GREEN,2024,Las_Vegas_Race
01:23:25.412,17,43,77,11,12,0.035,False,HARD,15,HARD,15,GREEN,2024,Las_Vegas_Race
01:23:36.859,17,77,43,11,12,0.556,False,HARD,15,HARD,15,GREEN,2024,Las_Vegas_Race
01:23:37.029,17,14,43,12,13,0.191,False,HARD,12,HARD,15,GREEN,2024,Las_Vegas_Race
01:23:37.321,17,23,43,13,14,0.262,False,HARD,0,HARD,15,GREEN,2024,Las_Vegas_Race
01:23:44.430,17,27,43,14,15,0.071,False,HARD,1,HARD,16,GREEN,2024,Las_Vegas_Race
01:23:45.448,17,24,43,15,16,0.805,False,HARD,6,HARD,16,GREEN,2024,Las_Vegas_Race
01:23:46.555,17,30,43,16,17,1.187,False,HARD,6,HARD,16,GREEN,2024,Las_Vegas_Race
01:23:54.839,17,31,43,17,18,8.412,False,HARD,3,HARD,16,GREEN,2024,Las_Vegas_Race
01:23:56.648,17,18,43,18,19,1.788,False,HARD,1,HARD,16,GREEN,2024,Las_Vegas_Race
01:23:58.012,17,16,11,4,5,0.155,False,HARD,0,HARD,16,GREEN,2024,Las_Vegas_Race
01:23:59.485,17,81,20,9,10,0.067,False,HARD,6,MEDIUM,16,GREEN,2024,Las_Vegas_Race
01:24:05.780,17,14,77,11,12,0.053,False,HARD,13,HARD,16,GREEN,2024,Las_Vegas_Race
01:24:06.046,17,23,77,12,13,0.357,False,HARD,0,HARD,16,GREEN,2024,Las_Vegas_Race
01:24:37.639,17,44,11,5,6,0.052,False,HARD,4,HARD,16,GREEN,2024,Las_Vegas_Race
01:24:45.804,17,4,11,6,7,0.176,False,HARD,0,HARD,16,GREEN,2024,Las_Vegas_Race
01:25:00.799,18,27,77,13,14,0.003,False,HARD,2,HARD,16,GREEN,2024,Las_Vegas_Race
01:25:14.962,18,14,20,10,11,0.25,False,HARD,13,MEDIUM,16,GREEN,2024,Las_Vegas_Race
01:25:15.931,18,22,11,7,8,1.439,False,HARD,1,HARD,17,GREEN,2024,Las_Vegas_Race
01:25:17.843,18,23,20,11,12,0.403,False,HARD,0,MEDIUM,16,GREEN,2024,Las_Vegas_Race
01:25:17.989,18,81,11,8,9,1.727,False,HARD,7,HARD,17,GREEN,2024,Las_Vegas_Race
01:25:18.045,18,24,77,14,15,0.163,False,HARD,6,HARD,16,GREEN,2024,Las_Vegas_Race
01:25:19.056,18,27,20,12,13,1.245,False,HARD,2,MEDIUM,16,GREEN,2024,Las_Vegas_Race
01:25:20.473,18,24,20,13,14,1.401,False,HARD,6,MEDIUM,16,GREEN,2024,Las_Vegas_Race
01:25:21.247,18,14,11,9,10,3.43,False,HARD,14,HARD,17,GREEN,2024,Las_Vegas_Race
01:25:21.813,18,30,77,15,16,1.193,False,HARD,6,HARD,16,GREEN,2024,Las_Vegas_Race
01:25:21.973,18,23,11,10,11,0.449,False,HARD,0,HARD,17,GREEN,2024,Las_Vegas_Race
01:25:23.039,18,27,11,11,12,1.191,False,HARD,3,HARD,17,GREEN,2024,Las_Vegas_Race
01:25:24.472,18,24,11,12,13,1.409,False,HARD,6,HARD,17,GREEN,2024,Las_Vegas_Race
01:25:25.832,18,30,20,13,15,0.022,False,HARD,7,MEDIUM,17,GREEN,2024,Las_Vegas_Race
01:25:25.832,18,30,11,13,14,0.022,False,HARD,7,HARD,17,GREEN,2024,Las_Vegas_Race
01:25:33.669,18,31,20,15,16,4.969,False,HARD,5,MEDIUM,17,GREEN,2024,Las_Vegas_Race
01:25:33.669,18,31,77,15,17,4.969,False,HARD,5,HARD,17,GREEN,2024,Las_Vegas_Race
01:25:35.172,18,18,20,16,17,1.515,False,HARD,1,MEDIUM,17,GREEN,2024,Las_Vegas_Race
01:25:35.172,18,18,77,16,18,1.515,False,HARD,1,HARD,17,GREEN,2024,Las_Vegas_Race
01:25:39.920,18,43,20,17,18,4.794,False,MEDIUM,0,MEDIUM,17,GREEN,2024,Las_Vegas_Race
01:25:39.920,18,43,77,17,19,4.794,False,MEDIUM,0,HARD,17,GREEN,2024,Las_Vegas_Race
01:26:45.688,19,23,14,9,10,0.144,False,HARD,0,HARD,14,GREEN,2024,Las_Vegas_Race
01:28:17.635,20,27,14,10,11,0.005,False,HARD,4,HARD,15,GREEN,2024,Las_Vegas_Race
01:33:11.340,23,27,23,9,10,0.124,False,HARD,7,HARD,0,GREEN,2024,Las_Vegas_Race
01:35:03.671,24,24,14,11,12,0.168,False,HARD,12,HARD,19,GREEN,2024,Las_Vegas_Race
01:36:46.255,25,11,30,13,14,0.007,False,MEDIUM,6,HARD,13,GREEN,2024,Las_Vegas_Race
01:36:57.025,25,11,14,12,13,1.831,False,MEDIUM,6,HARD,20,GREEN,2024,Las_Vegas_Race
01:36:57.491,25,30,14,13,14,0.47,False,HARD,13,HARD,20,GREEN,2024,Las_Vegas_Race
01:36:59.284,25,31,14,14,15,1.824,False,HARD,11,HARD,20,GREEN,2024,Las_Vegas_Race
01:37:05.033,25,18,14,15,16,1.347,False,HARD,15,HARD,21,GREEN,2024,Las_Vegas_Race
01:37:08.410,25,43,14,16,17,3.511,False,MEDIUM,8,HARD,21,GREEN,2024,Las_Vegas_Race
01:38:24.596,26,27,81,8,9,0.518,False,HARD,10,HARD,14,GREEN,2024,Las_Vegas_Race
01:38:33.668,26,24,23,10,11,0.869,False,HARD,14,HARD,15,GREEN,2024,Las_Vegas_Race
01:38:35.106,26,11,23,11,12,1.473,False,MEDIUM,7,HARD,15,GREEN,2024,Las_Vegas_Race
01:38:37.139,26,30,23,12,13,2.012,False,HARD,14,HARD,15,GREEN,2024,Las_Vegas_Race
01:38:37.657,26,24,81,9,10,5.381,False,HARD,15,HARD,15,GREEN,2024,Las_Vegas_Race
01:38:38.097,26,31,23,13,14,1.005,False,HARD,12,HARD,15,GREEN,2024,Las_Vegas_Race
01:38:38.996,26,11,81,10,11,1.429,False,MEDIUM,8,HARD,15,GREEN,2024,Las_Vegas_Race
01:38:41.061,26,30,81,11,12,2.032,False,HARD,15,HARD,15,GREEN,2024,Las_Vegas_Race
01:38:41.922,26,31,81,12,13,0.978,False,HARD,13,HARD,15,GREEN,2024,Las_Vegas_Race
01:38:44.431,26,18,81,13,14,1.367,False,HARD,16,HARD,15,GREEN,2024,Las_Vegas_Race
01:38:44.431,26,18,23,13,15,1.367,False,HARD,16,HARD,16,GREEN,2024,Las_Vegas_Race
01:38:46.331,26,43,81,14,15,1.889,False,MEDIUM,9,HARD,15,GREEN,2024,Las_Vegas_Race
01:38:46.331,26,43,23,14,16,1.889,False,MEDIUM,9,HARD,16,GREEN,2024,Las_Vegas_Race
01:38:46.374,26,81,43,14,15,1.358,False,HARD,15,MEDIUM,9,GREEN,2024,Las_Vegas_Race
01:38:57.649,26,14,23,16,17,11.35,False,HARD,2,HARD,16,GREEN,2024,Las_Vegas_Race
01:38:58.097,26,20,23,17,18,0.282,False,HARD,8,HARD,16,GREEN,2024,Las_Vegas_Race
01:38:59.429,26,77,23,18,19,1.263,False,MEDIUM,8,HARD,16,GREEN,2024,Las_Vegas_Race
01:39:50.461,27,11,24,9,10,0.101,False,MEDIUM,8,HARD,15,GREEN,2024,Las_Vegas_Race
01:40:22.468,27,81,43,14,15,1.422,False,HARD,0,MEDIUM,9,GREEN,2024,Las_Vegas_Race
01:40:35.650,27,14,43,15,16,6.55,False,HARD,2,MEDIUM,10,GREEN,2024,Las_Vegas_Race
01:40:36.332,27,20,43,16,17,0.653,False,HARD,9,MEDIUM,10,GREEN,2024,Las_Vegas_Race
01:40:38.061,27,77,43,17,18,1.661,False,MEDIUM,9,MEDIUM,10,GREEN,2024,Las_Vegas_Race
01:41:08.260,28,16,55,3,4,0.042,False,HARD,17,HARD,16,GREEN,2024,Las_Vegas_Race
01:41:18.914,28,16,1,2,3,2.263,False,HARD,17,HARD,15,GREEN,2024,Las_Vegas_Race
01:41:26.072,28,55,1,3,4,0.629,False,HARD,17,HARD,16,GREEN,2024,Las_Vegas_Race
01:41:32.528,28,4,1,4,5,3.788,False,HARD,18,HARD,16,GREEN,2024,Las_Vegas_Race
01:41:32.528,28,4,44,4,6,3.788,False,HARD,18,HARD,15,GREEN,2024,Las_Vegas_Race
01:42:04.014,28,31,30,11,12,0.194,False,HARD,15,HARD,17,GREEN,2024,Las_Vegas_Race
01:42:24.572,28,81,18,13,14,0.059,False,HARD,2,HARD,19,GREEN,2024,Las_Vegas_Race
01:43:11.292,29,4,55,3,4,2.332,False,HARD,19,HARD,18,GREEN,2024,Las_Vegas_Race
01:43:19.389,29,1,55,4,5,8.13,False,HARD,0,HARD,18,GREEN,2024,Las_Vegas_Race
01:43:21.529,29,44,55,5,6,2.092,False,HARD,2,HARD,18,GREEN,2024,Las_Vegas_Race
01:43:52.769,29,14,18,14,15,2.553,False,HARD,5,HARD,20,GREEN,2024,Las_Vegas_Race
01:43:54.406,29,20,18,15,16,1.615,False,HARD,11,HARD,20,GREEN,2024,Las_Vegas_Race
01:43:55.321,29,77,18,16,17,0.892,False,MEDIUM,10,HARD,20,GREEN,2024,Las_Vegas_Race
01:43:59.328,29,43,18,17,18,4.127,False,HARD,2,HARD,20,GREEN,2024,Las_Vegas_Race
01:45:00.331,30,27,22,7,8,0.414,False,HARD,14,HARD,19,GREEN,2024,Las_Vegas_Race
01:45:11.046,30,11,22,8,9,2.985,False,MEDIUM,12,HARD,20,GREEN,2024,Las_Vegas_Race
01:45:16.336,30,24,22,9,10,5.098,False,HARD,19,HARD,20,GREEN,2024,Las_Vegas_Race
01:45:18.398,30,31,22,10,11,2.136,False,HARD,17,HARD,20,GREEN,2024,Las_Vegas_Race
01:45:19.361,30,30,22,11,12,0.842,False,HARD,19,HARD,20,GREEN,2024,Las_Vegas_Race
01:45:20.020,30,81,22,12,13,0.685,False,HARD,3,HARD,20,GREEN,2024,Las_Vegas_Race
01:46:30.456,31,1,4,3,4,3.636,False,HARD,2,HARD,20,GREEN,2024,Las_Vegas_Race
01:46:35.289,31,44,4,4,5,0.225,False,HARD,3,HARD,20,GREEN,2024,Las_Vegas_Race
01:46:35.658,31,81,30,11,12,0.16,False,HARD,4,HARD,19,GREEN,2024,Las_Vegas_Race
01:46:39.330,31,55,4,5,6,4.188,False,HARD,20,HARD,21,GREEN,2024,Las_Vegas_Race
01:46:43.032,31,27,4,6,7,3.606,False,HARD,16,HARD,21,GREEN,2024,Las_Vegas_Race
01:47:21.964,31,81,31,10,11,0.11,False,HARD,5,HARD,18,GREEN,2024,Las_Vegas_Race
01:47:49.724,32,44,1,3,4,0.014,False,HARD,4,HARD,3,GREEN,2024,Las_Vegas_Race
01:48:11.527,32,44,16,2,3,11.389,False,HARD,5,HARD,22,GREEN,2024,Las_Vegas_Race
01:48:12.423,32,1,16,3,4,0.728,False,HARD,4,HARD,22,GREEN,2024,Las_Vegas_Race
01:48:30.910,32,55,16,4,5,0.23,False,HARD,3,HARD,0,GREEN,2024,Las_Vegas_Race
01:49:52.894,33,81,24,9,10,0.118,False,HARD,6,HARD,21,GREEN,2024,Las_Vegas_Race
01:50:11.189,33,43,77,16,17,0.154,False,HARD,5,MEDIUM,14,GREEN,2024,Las_Vegas_Race
01:50:15.022,33,81,11,8,9,1.857,False,HARD,6,MEDIUM,15,GREEN,2024,Las_Vegas_Race
01:50:15.829,33,24,11,9,10,0.729,False,HARD,22,MEDIUM,15,GREEN,2024,Las_Vegas_Race
01:50:16.964,33,31,11,10,11,1.261,False,HARD,20,MEDIUM,15,GREEN,2024,Las_Vegas_Race
01:50:17.675,33,30,11,11,12,0.594,False,HARD,22,MEDIUM,15,GREEN,2024,Las_Vegas_Race
01:50:20.436,33,22,11,12,13,2.959,False,HARD,3,MEDIUM,15,GREEN,2024,Las_Vegas_Race
01:50:24.159,33,14,11,13,14,3.733,False,HARD,9,MEDIUM,15,GREEN,2024,Las_Vegas_Race
01:50:27.091,33,20,11,14,15,2.891,False,HARD,15,MEDIUM,15,GREEN,2024,Las_Vegas_Race
01:51:39.903,34,4,27,6,7,4.114,False,HARD,2,HARD,18,GREEN,2024,Las_Vegas_Race
01:51:53.631,34,81,27,7,8,9.778,False,HARD,8,HARD,19,GREEN,2024,Las_Vegas_Race
01:51:55.253,34,24,27,8,9,1.488,False,HARD,22,HARD,19,GREEN,2024,Las_Vegas_Race
01:51:56.332,34,31,27,9,10,1.249,False,HARD,21,HARD,19,GREEN,2024,Las_Vegas_Race
01:51:57.010,34,30,27,10,11,0.741,False,HARD,23,HARD,19,GREEN,2024,Las_Vegas_Race
01:51:58.431,34,22,27,11,12,1.42,False,HARD,5,HARD,19,GREEN,2024,Las_Vegas_Race
01:53:14.580,35,22,30,10,11,0.725,False,HARD,5,HARD,23,GREEN,2024,Las_Vegas_Race
01:53:31.678,35,31,24,8,9,0.956,False,HARD,21,HARD,23,GREEN,2024,Las_Vegas_Race
01:53:32.721,35,22,24,9,10,1.035,False,HARD,5,HARD,23,GREEN,2024,Las_Vegas_Race
01:53:33.730,35,30,24,10,11,0.995,False,HARD,23,HARD,23,GREEN,2024,Las_Vegas_Race
01:53:35.043,35,27,24,11,12,1.381,False,HARD,0,HARD,23,GREEN,2024,Las_Vegas_Race
01:53:39.804,35,14,24,12,13,0.521,False,HARD,10,HARD,24,GREEN,2024,Las_Vegas_Race
01:53:42.397,35,20,24,13,14,2.736,False,HARD,17,HARD,24,GREEN,2024,Las_Vegas_Race
01:53:44.905,35,11,24,14,15,2.4,False,HARD,1,HARD,24,GREEN,2024,Las_Vegas_Race
01:53:48.416,35,43,24,15,16,3.625,False,HARD,8,HARD,24,GREEN,2024,Las_Vegas_Race
01:54:20.665,35,18,77,17,18,0.031,False,HARD,7,MEDIUM,17,GREEN,2024,Las_Vegas_Race
01:54:52.515,36,22,31,8,9,0.129,False,HARD,6,HARD,22,GREEN,2024,Las_Vegas_Race
01:55:36.949,36,27,30,10,11,0.116,False,HARD,2,HARD,25,GREEN,2024,Las_Vegas_Race
01:56:32.770,37,27,31,9,10,0.01,False,HARD,2,HARD,23,GREEN,2024,Las_Vegas_Race
01:56:34.354,37,14,30,11,12,0.076,False,HARD,12,HARD,25,GREEN,2024,Las_Vegas_Race
01:58:12.315,38,14,31,10,11,0.025,False,HARD,13,HARD,24,GREEN,2024,Las_Vegas_Race
01:58:22.611,38,11,20,12,14,0.129,False,HARD,4,HARD,19,GREEN,2024,Las_Vegas_Race
01:58:22.611,38,11,30,12,13,0.129,False,HARD,4,HARD,26,GREEN,2024,Las_Vegas_Race
02:00:03.233,39,20,30,13,14,0.173,False,HARD,20,HARD,27,GREEN,2024,Las_Vegas_Race
02:00:12.020,39,43,30,14,15,0.049,False,HARD,11,HARD,27,GREEN,2024,Las_Vegas_Race
02:00:27.845,39,24,30,15,16,4.671,False,HARD,4,HARD,28,GREEN,2024,Las_Vegas_Race
02:00:29.769,39,18,30,16,17,1.952,False,HARD,10,HARD,28,GREEN,2024,Las_Vegas_Race
02:01:24.520,40,27,22,8,9,0.215,False,HARD,5,HARD,10,GREEN,2024,Las_Vegas_Race
02:01:31.585,40,11,31,11,12,0.146,False,HARD,6,HARD,26,GREEN,2024,Las_Vegas_Race
02:01:32.151,40,22,27,8,9,0.022,False,HARD,10,HARD,5,GREEN,2024,Las_Vegas_Race
02:03:19.038,41,20,31,12,13,0.004,False,HARD,22,HARD,27,GREEN,2024,Las_Vegas_Race
02:04:08.566,42,55,1,3,4,0.185,False,HARD,12,HARD,13,GREEN,2024,Las_Vegas_Race
02:04:58.729,42,43,31,13,14,0.089,False,HARD,14,HARD,28,GREEN,2024,Las_Vegas_Race
02:09:33.307,45,27,22,8,9,0.204,False,HARD,10,HARD,15,GREEN,2024,Las_Vegas_Race
02:09:47.946,45,24,31,14,15,0.206,False,HARD,9,HARD,31,GREEN,2024,Las_Vegas_Race
02:10:09.382,45,16,55,3,4,0.642,False,HARD,13,HARD,16,GREEN,2024,Las_Vegas_Race
02:10:09.382,45,16,1,3,5,0.642,False,HARD,13,HARD,17,GREEN,2024,Las_Vegas_Race
02:10:14.941,45,55,16,3,4,9.672,False,HARD,16,HARD,13,GREEN,2024,Las_Vegas_Race
02:10:15.853,45,1,16,4,5,1.061,False,HARD,17,HARD,13,GREEN,2024,Las_Vegas_Race
02:11:20.555,46,11,14,10,11,0.041,False,HARD,12,HARD,21,GREEN,2024,Las_Vegas_Race
02:11:50.719,46,18,31,15,16,4.633,False,HARD,17,HARD,32,GREEN,2024,Las_Vegas_Race
02:12:01.923,46,30,31,16,17,7.928,False,HARD,8,HARD,33,GREEN,2024,Las_Vegas_Race
02:12:11.034,47,16,1,4,5,0.166,False,HARD,14,HARD,18,GREEN,2024,Las_Vegas_Race
02:13:10.259,47,44,63,1,2,5.676,False,HARD,20,HARD,15,GREEN,2024,Las_Vegas_Race
02:13:10.766,47,63,44,1,2,0.375,False,HARD,15,HARD,20,GREEN,2024,Las_Vegas_Race
02:14:55.031,48,55,44,2,3,7.455,False,HARD,19,HARD,21,GREEN,2024,Las_Vegas_Race
02:14:55.549,48,44,55,2,3,6.561,False,HARD,21,HARD,19,GREEN,2024,Las_Vegas_Race
02:18:33.130,50,24,43,13,14,0.009,False,HARD,15,HARD,23,GREEN,2024,Las_Vegas_Race
00:56:10.045,1,1,55,1,2,0.021,False,MEDIUM,0,MEDIUM,0,GREEN,2024,Mexico_City_Race
00:56:11.279,1,14,30,12,13,999.0,False,MEDIUM,1,HARD,0,GREEN,2024,Mexico_City_Race
00:56:11.695,1,11,43,16,18,0.102,False,HARD,0,HARD,0,GREEN,2024,Mexico_City_Race
00:56:11.695,1,11,81,16,17,0.102,False,HARD,0,MEDIUM,0,GREEN,2024,Mexico_City_Race
00:56:15.239,1,16,4,3,4,0.174,False,MEDIUM,0,MEDIUM,0,GREEN,2024,Mexico_City_Race
00:56:15.347,1,44,4,4,5,0.058,False,MEDIUM,0,MEDIUM,0,GREEN,2024,Mexico_City_Race
00:56:15.347,1,44,63,4,6,0.058,False,MEDIUM,0,MEDIUM,0,GREEN,2024,Mexico_City_Race
00:56:15.425,1,20,4,5,6,0.078,False,MEDIUM,0,MEDIUM,0,GREEN,2024,Mexico_City_Race
00:56:15.425,1,20,63,5,7,0.078,False,MEDIUM,0,MEDIUM,0,GREEN,2024,Mexico_City_Race
00:56:15.503,1,4,16,3,4,0.113,False,MEDIUM,0,MEDIUM,0,GREEN,2024,Mexico_City_Race
00:56:15.503,1,4,44,3,5,0.113,False,MEDIUM,0,MEDIUM,0,GREEN,2024,Mexico_City_Race
00:56:15.503,1,4,20,3,6,0.113,False,MEDIUM,0,MEDIUM,0,GREEN,2024,Mexico_City_Race
00:56:15.843,1,30,14,12,13,0.06,False,HARD,0,MEDIUM,1,GREEN,2024,Mexico_City_Race
00:56:16.105,1,11,77,15,16,0.095,False,HARD,0,HARD,1,GREEN,2024,Mexico_City_Race
00:56:17.598,1,63,20,6,7,0.082,False,MEDIUM,0,MEDIUM,0,GREEN,2024,Mexico_City_Race
00:56:17.899,1,22,10,8,9,0.024,False,MEDIUM,0,MEDIUM,0,GREEN,2024,Mexico_City_Race
00:56:17.899,1,22,23,8,10,0.024,False,MEDIUM,0,MEDIUM,0,GREEN,2024,Mexico_City_Race
00:56:17.899,1,22,27,8,11,0.024,False,MEDIUM,0,MEDIUM,0,GREEN,2024,Mexico_City_Race
00:56:18.085,1,27,23,10,11,0.027,False,MEDIUM,0,MEDIUM,0,GREEN,2024,Mexico_City_Race
01:11:47.303,9,55,1,1,2,0.11,False,MEDIUM,8,MEDIUM,8,GREEN,2024,Mexico_City_Race
01:13:21.582,10,4,1,2,3,0.163,False,MEDIUM,9,MEDIUM,9,GREEN,2024,Mexico_City_Race
01:13:33.710,10,81,24,16,17,0.194,False,MEDIUM,9,HARD,10,GREEN,2024,Mexico_City_Race
01:13:41.294,10,16,1,2,4,0.436,False,MEDIUM,9,MEDIUM,9,GREEN,2024,Mexico_City_Race
01:13:41.294,10,16,4,2,3,0.436,False,MEDIUM,9,MEDIUM,9,GREEN,2024,Mexico_City_Race
01:13:42.471,10,44,1,3,5,1.262,False,MEDIUM,9,MEDIUM,9,GREEN,2024,Mexico_City_Race
01:13:42.471,10,44,4,3,4,1.262,False,MEDIUM,9,MEDIUM,9,GREEN,2024,Mexico_City_Race
01:13:43.303,10,63,1,4,6,0.877,False,MEDIUM,9,MEDIUM,9,GREEN,2024,Mexico_City_Race
01:13:43.303,10,63,4,4,5,0.877,False,MEDIUM,9,MEDIUM,9,GREEN,2024,Mexico_City_Race
01:13:43.893,10,20,1,5,7,0.602,False,MEDIUM,9,MEDIUM,9,GREEN,2024,Mexico_City_Race
01:13:43.893,10,20,4,5,6,0.602,False,MEDIUM,9,MEDIUM,9,GREEN,2024,Mexico_City_Race
01:13:44.906,10,1,4,3,7,0.084,False,MEDIUM,9,MEDIUM,9,GREEN,2024,Mexico_City_Race
01:13:44.906,10,1,63,3,5,0.084,False,MEDIUM,9,MEDIUM,9,GREEN,2024,Mexico_City_Race
01:13:44.906,10,1,44,3,4,0.084,False,MEDIUM,9,MEDIUM,9,GREEN,2024,Mexico_City_Race
01:13:44.906,10,1,20,3,6,0.084,False,MEDIUM,9,MEDIUM,9,GREEN,2024,Mexico_City_Race
01:13:45.317,10,4,63,4,6,0.779,False,MEDIUM,9,MEDIUM,9,GREEN,2024,Mexico_City_Race
01:13:45.317,10,4,44,4,5,0.779,False,MEDIUM,9,MEDIUM,9,GREEN,2024,Mexico_City_Race
01:13:45.317,10,4,20,4,7,0.779,False,MEDIUM,9,MEDIUM,9,GREEN,2024,Mexico_City_Race
01:14:54.272,11,11,14,12,13,0.076,False,HARD,10,MEDIUM,11,GREEN,2024,Mexico_City_Race
01:14:56.362,11,81,77,15,16,0.195,False,MEDIUM,10,HARD,11,GREEN,2024,Mexico_City_Race
01:15:03.996,11,77,81,15,16,0.064,False,HARD,11,MEDIUM,10,GREEN,2024,Mexico_City_Race
01:16:24.684,12,11,18,11,12,0.075,False,HARD,11,MEDIUM,12,GREEN,2024,Mexico_City_Race
01:17:26.272,13,81,77,15,16,0.062,False,MEDIUM,12,HARD,13,GREEN,2024,Mexico_City_Race
01:20:00.389,15,63,44,5,6,0.049,False,MEDIUM,14,MEDIUM,14,GREEN,2024,Mexico_City_Race
01:20:41.307,15,31,24,17,18,0.162,False,HARD,14,HARD,15,GREEN,2024,Mexico_City_Race
01:20:46.999,15,24,31,17,18,0.007,False,HARD,15,HARD,14,GREEN,2024,Mexico_City_Race
01:21:24.489,16,43,14,13,14,0.142,False,HARD,14,MEDIUM,15,GREEN,2024,Mexico_City_Race
01:21:25.032,16,81,14,14,15,0.607,False,MEDIUM,14,MEDIUM,15,GREEN,2024,Mexico_City_Race
01:21:25.756,16,77,14,15,16,0.651,False,HARD,15,MEDIUM,15,GREEN,2024,Mexico_City_Race
01:21:27.400,16,24,14,16,17,1.659,False,HARD,15,MEDIUM,15,GREEN,2024,Mexico_City_Race
01:21:33.875,16,31,14,17,18,1.676,False,HARD,15,MEDIUM,16,GREEN,2024,Mexico_City_Race
01:24:42.379,18,11,30,10,11,0.131,False,HARD,17,HARD,17,GREEN,2024,Mexico_City_Race
01:24:48.176,18,30,11,10,11,0.005,False,HARD,17,HARD,17,GREEN,2024,Mexico_City_Race
01:26:01.934,19,18,11,11,12,0.046,False,MEDIUM,19,HARD,18,GREEN,2024,Mexico_City_Race
01:26:09.962,19,11,18,11,12,0.054,False,HARD,18,MEDIUM,19,GREEN,2024,Mexico_City_Race
01:28:11.997,21,18,11,11,12,1.907,False,MEDIUM,20,HARD,19,GREEN,2024,Mexico_City_Race
01:28:22.184,21,43,11,12,13,0.28,False,HARD,19,HARD,19,GREEN,2024,Mexico_City_Race
01:28:22.347,21,81,11,13,14,0.174,False,MEDIUM,19,HARD,19,GREEN,2024,Mexico_City_Race
01:28:24.185,21,77,11,14,15,1.876,False,HARD,20,HARD,19,GREEN,2024,Mexico_City_Race
01:28:30.185,21,24,11,15,16,1.033,False,HARD,20,HARD,20,GREEN,2024,Mexico_City_Race
01:28:31.384,21,31,11,16,17,1.204,False,HARD,20,HARD,20,GREEN,2024,Mexico_City_Race
01:28:41.956,21,81,43,12,13,0.126,False,MEDIUM,20,HARD,20,GREEN,2024,Mexico_City_Race
01:28:48.668,21,43,81,12,13,0.049,False,HARD,20,MEDIUM,20,GREEN,2024,Mexico_City_Race
01:33:09.656,24,81,18,11,12,0.105,False,MEDIUM,23,MEDIUM,24,GREEN,2024,Mexico_City_Race
01:36:11.329,27,4,1,3,4,0.61,False,MEDIUM,25,MEDIUM,25,GREEN,2024,Mexico_City_Race
01:36:22.409,27,63,1,4,5,4.689,False,MEDIUM,26,MEDIUM,26,GREEN,2024,Mexico_City_Race
01:36:26.887,27,44,1,5,6,4.418,False,MEDIUM,26,MEDIUM,26,GREEN,2024,Mexico_City_Race
01:36:31.918,27,20,1,6,7,5.121,False,MEDIUM,26,MEDIUM,26,GREEN,2024,Mexico_City_Race
01:36:35.697,27,27,1,7,8,3.723,False,MEDIUM,25,MEDIUM,26,GREEN,2024,Mexico_City_Race
01:36:38.739,27,10,1,8,9,3.092,False,MEDIUM,26,MEDIUM,26,GREEN,2024,Mexico_City_Race
01:36:40.040,27,30,1,9,10,1.207,False,HARD,26,MEDIUM,26,GREEN,2024,Mexico_City_Race
01:36:43.373,27,81,1,10,11,3.404,False,MEDIUM,26,MEDIUM,26,GREEN,2024,Mexico_City_Race
01:36:44.357,27,43,18,12,13,5.214,False,HARD,25,MEDIUM,26,GREEN,2024,Mexico_City_Race
01:36:45.772,27,77,18,13,14,1.495,False,HARD,26,MEDIUM,26,GREEN,2024,Mexico_City_Race
01:36:48.578,27,43,1,11,12,5.214,False,HARD,26,MEDIUM,26,GREEN,2024,Mexico_City_Race
01:36:50.032,27,77,1,12,13,1.461,False,HARD,27,MEDIUM,26,GREEN,2024,Mexico_City_Race
01:36:52.622,27,24,1,13,14,1.433,False,HARD,27,MEDIUM,26,GREEN,2024,Mexico_City_Race
01:36:52.622,27,24,18,13,15,1.433,False,HARD,27,MEDIUM,27,GREEN,2024,Mexico_City_Race
01:36:53.396,27,31,1,14,15,0.795,False,HARD,26,MEDIUM,26,GREEN,2024,Mexico_City_Race
01:36:53.396,27,31,18,14,16,0.795,False,HARD,26,MEDIUM,27,GREEN,2024,Mexico_City_Race
01:37:05.604,27,11,18,16,17,12.183,False,MEDIUM,5,MEDIUM,27,GREEN,2024,Mexico_City_Race
01:38:32.595,28,31,24,13,14,0.14,False,HARD,27,HARD,28,GREEN,2024,Mexico_City_Race
01:39:19.811,29,20,44,5,6,2.702,False,MEDIUM,28,MEDIUM,28,GREEN,2024,Mexico_City_Race
01:39:23.209,29,27,44,6,7,3.427,False,MEDIUM,28,MEDIUM,28,GREEN,2024,Mexico_City_Race
01:39:23.535,29,30,10,8,9,0.442,False,HARD,27,MEDIUM,27,GREEN,2024,Mexico_City_Race
01:39:25.106,29,81,10,9,10,1.59,False,MEDIUM,27,MEDIUM,27,GREEN,2024,Mexico_City_Race
01:39:27.797,29,30,44,7,8,4.51,False,HARD,28,MEDIUM,28,GREEN,2024,Mexico_City_Race
01:39:29.321,29,81,44,8,9,1.582,False,MEDIUM,28,MEDIUM,28,GREEN,2024,Mexico_City_Race
01:39:34.486,29,43,10,10,11,4.282,False,HARD,28,MEDIUM,28,GREEN,2024,Mexico_City_Race
01:39:36.968,29,43,44,9,10,4.282,False,HARD,28,HARD,0,GREEN,2024,Mexico_City_Race
01:39:37.039,29,77,10,11,12,2.581,False,HARD,29,MEDIUM,28,GREEN,2024,Mexico_City_Race
01:39:40.303,29,31,10,12,13,3.294,False,HARD,27,MEDIUM,28,GREEN,2024,Mexico_City_Race
01:39:41.658,29,24,10,13,14,1.306,False,HARD,29,MEDIUM,28,GREEN,2024,Mexico_City_Race
01:39:41.825,29,1,10,14,15,0.291,False,HARD,2,MEDIUM,28,GREEN,2024,Mexico_City_Race
01:39:48.358,29,1,24,13,14,0.056,False,HARD,2,HARD,29,GREEN,2024,Mexico_City_Race
01:40:50.653,30,30,27,6,7,0.639,False,HARD,28,MEDIUM,29,GREEN,2024,Mexico_City_Race
01:40:52.095,30,81,27,7,8,1.485,False,MEDIUM,29,MEDIUM,29,GREEN,2024,Mexico_City_Race
01:40:57.451,30,43,27,8,9,5.325,False,HARD,29,MEDIUM,29,GREEN,2024,Mexico_City_Race
01:40:58.703,30,44,27,9,10,1.316,False,HARD,1,MEDIUM,29,GREEN,2024,Mexico_City_Race
01:41:00.778,30,77,27,10,11,2.032,False,HARD,29,MEDIUM,29,GREEN,2024,Mexico_City_Race
01:41:03.902,30,31,27,11,12,3.096,False,HARD,29,MEDIUM,29,GREEN,2024,Mexico_City_Race
01:41:04.112,30,1,27,12,13,0.309,False,HARD,3,MEDIUM,29,GREEN,2024,Mexico_City_Race
01:41:08.723,30,24,27,13,14,1.926,False,HARD,30,MEDIUM,29,GREEN,2024,Mexico_City_Race
01:41:10.649,30,1,31,11,12,0.114,False,HARD,3,HARD,29,GREEN,2024,Mexico_City_Race
01:41:52.832,31,63,4,3,4,3.662,False,MEDIUM,30,MEDIUM,30,GREEN,2024,Mexico_City_Race
01:42:13.644,31,30,20,5,6,2.904,False,HARD,30,MEDIUM,30,GREEN,2024,Mexico_City_Race
01:42:14.858,31,81,20,6,7,1.147,False,MEDIUM,30,MEDIUM,30,GREEN,2024,Mexico_City_Race
01:42:20.248,31,43,20,7,8,5.433,False,HARD,29,MEDIUM,30,GREEN,2024,Mexico_City_Race
01:42:20.607,31,44,20,8,9,0.404,False,HARD,1,MEDIUM,30,GREEN,2024,Mexico_City_Race
01:42:24.213,31,77,20,9,10,3.584,False,HARD,31,MEDIUM,30,GREEN,2024,Mexico_City_Race
01:42:25.405,31,1,20,10,11,1.232,False,HARD,3,MEDIUM,30,GREEN,2024,Mexico_City_Race
01:42:27.259,31,44,43,7,8,0.17,False,HARD,2,HARD,30,GREEN,2024,Mexico_City_Race
01:42:30.429,31,31,20,11,12,2.414,False,HARD,30,MEDIUM,30,GREEN,2024,Mexico_City_Race
01:42:36.787,31,24,20,12,13,0.47,False,HARD,31,HARD,0,GREEN,2024,Mexico_City_Race
01:42:46.055,31,20,24,12,13,0.069,False,HARD,0,HARD,31,GREEN,2024,Mexico_City_Race
01:43:11.588,32,27,24,13,14,0.131,False,HARD,1,HARD,31,GREEN,2024,Mexico_City_Race
01:43:29.060,32,4,63,3,4,10.484,False,HARD,1,MEDIUM,31,GREEN,2024,Mexico_City_Race
01:43:43.779,32,30,63,4,5,0.161,False,HARD,31,HARD,0,GREEN,2024,Mexico_City_Race
01:43:44.075,32,81,63,5,6,0.638,False,MEDIUM,31,HARD,0,GREEN,2024,Mexico_City_Race
01:43:54.178,32,1,77,9,10,0.292,False,HARD,5,HARD,32,GREEN,2024,Mexico_City_Race
01:45:16.148,33,63,81,5,6,0.01,False,HARD,1,MEDIUM,32,GREEN,2024,Mexico_City_Race
01:45:23.053,33,20,31,11,12,0.026,False,HARD,2,HARD,32,GREEN,2024,Mexico_City_Race
01:45:26.846,33,63,30,4,5,0.042,False,HARD,1,HARD,32,GREEN,2024,Mexico_City_Race
01:45:26.990,33,10,24,14,15,0.263,False,HARD,4,HARD,33,GREEN,2024,Mexico_City_Race
01:46:45.418,34,27,31,12,13,0.237,False,HARD,4,HARD,33,GREEN,2024,Mexico_City_Race
01:46:58.969,34,81,30,5,6,0.035,False,MEDIUM,33,HARD,33,GREEN,2024,Mexico_City_Race
01:47:05.149,34,44,30,6,7,0.163,False,HARD,5,HARD,33,GREEN,2024,Mexico_City_Race
01:47:56.640,35,44,81,5,6,0.146,False,HARD,6,MEDIUM,34,GREEN,2024,Mexico_City_Race
01:49:21.943,36,1,43,8,9,0.164,False,HARD,9,HARD,35,GREEN,2024,Mexico_City_Race
01:49:27.482,36,20,77,10,11,0.129,False,HARD,5,HARD,36,GREEN,2024,Mexico_City_Race
01:50:53.052,37,27,77,11,12,0.025,False,HARD,7,HARD,37,GREEN,2024,Mexico_City_Race
01:50:56.343,37,10,31,13,14,0.638,False,HARD,8,HARD,36,GREEN,2024,Mexico_City_Race
01:52:06.202,38,1,30,7,8,0.319,False,HARD,11,HARD,37,GREEN,2024,Mexico_City_Race
01:54:38.248,40,1,81,6,7,1.699,False,HARD,12,MEDIUM,38,GREEN,2024,Mexico_City_Race
01:54:44.219,40,43,30,8,9,2.02,False,HARD,38,HARD,38,GREEN,2024,Mexico_City_Race
01:54:44.772,40,20,30,9,10,0.593,False,HARD,8,HARD,38,GREEN,2024,Mexico_City_Race
01:54:48.406,40,43,81,7,8,4.743,False,HARD,39,MEDIUM,39,GREEN,2024,Mexico_City_Race
01:54:48.860,40,20,81,8,9,0.593,False,HARD,9,MEDIUM,39,GREEN,2024,Mexico_City_Race
01:54:51.518,40,27,30,9,11,2.284,False,HARD,10,HARD,39,GREEN,2024,Mexico_City_Race
01:54:51.518,40,27,81,9,10,2.284,False,HARD,10,MEDIUM,39,GREEN,2024,Mexico_City_Race
01:54:54.576,40,77,30,10,12,2.96,False,HARD,40,HARD,39,GREEN,2024,Mexico_City_Race
01:54:54.576,40,77,81,10,11,2.96,False,HARD,40,MEDIUM,39,GREEN,2024,Mexico_City_Race
01:54:55.446,40,20,43,7,8,0.338,False,HARD,9,HARD,39,GREEN,2024,Mexico_City_Race
01:54:57.006,40,10,30,11,13,2.481,False,HARD,11,HARD,39,GREEN,2024,Mexico_City_Race
01:54:57.006,40,10,81,11,12,2.481,False,HARD,11,MEDIUM,39,GREEN,2024,Mexico_City_Race
01:54:59.629,40,31,30,13,14,2.626,False,HARD,39,HARD,39,GREEN,2024,Mexico_City_Race
01:55:02.147,40,31,81,12,13,2.626,False,HARD,39,HARD,0,GREEN,2024,Mexico_City_Race
01:55:07.508,40,24,30,14,15,5.31,False,HARD,40,MEDIUM,0,GREEN,2024,Mexico_City_Race
01:55:14.284,40,11,30,15,16,0.096,False,MEDIUM,19,MEDIUM,0,GREEN,2024,Mexico_City_Race
01:55:14.312,40,18,30,16,17,0.303,False,HARD,14,MEDIUM,0,GREEN,2024,Mexico_City_Race
01:55:16.363,40,18,11,15,16,0.017,False,HARD,14,MEDIUM,19,GREEN,2024,Mexico_City_Race
01:56:29.722,41,81,31,12,13,0.243,False,HARD,1,HARD,40,GREEN,2024,Mexico_City_Race
01:56:39.703,41,30,11,16,17,0.049,False,MEDIUM,1,MEDIUM,20,GREEN,2024,Mexico_City_Race
01:58:01.260,42,18,24,14,15,0.125,False,HARD,16,HARD,42,GREEN,2024,Mexico_City_Race
01:59:04.535,43,27,43,8,9,0.297,False,HARD,13,HARD,42,GREEN,2024,Mexico_City_Race
01:59:13.211,43,10,77,10,11,0.053,False,HARD,14,HARD,43,GREEN,2024,Mexico_City_Race
01:59:23.367,44,30,24,15,16,0.223,False,MEDIUM,3,HARD,43,GREEN,2024,Mexico_City_Race
01:59:31.531,44,81,77,11,12,0.007,False,HARD,3,HARD,43,GREEN,2024,Mexico_City_Race
02:00:42.687,44,81,10,10,11,0.016,False,HARD,4,HARD,15,GREEN,2024,Mexico_City_Race
02:03:58.372,47,11,24,16,17,0.004,False,MEDIUM,2,MEDIUM,3,GREEN,2024,Mexico_City_Race
02:05:50.178,48,81,43,9,10,0.604,False,HARD,7,HARD,46,GREEN,2024,Mexico_City_Race
02:05:57.166,48,10,43,10,11,0.588,False,HARD,19,HARD,47,GREEN,2024,Mexico_City_Race
02:06:01.562,48,77,43,11,12,4.393,False,HARD,48,HARD,47,GREEN,2024,Mexico_City_Race
02:06:04.794,48,31,43,12,13,3.286,False,HARD,47,HARD,47,GREEN,2024,Mexico_City_Race
02:06:05.289,48,18,43,13,14,0.529,False,HARD,21,HARD,47,GREEN,2024,Mexico_City_Race
02:06:06.155,49,30,43,14,15,0.693,False,MEDIUM,8,HARD,47,GREEN,2024,Mexico_City_Race
02:06:13.842,49,18,31,12,13,0.091,False,HARD,22,HARD,47,GREEN,2024,Mexico_City_Race
02:06:39.855,49,30,31,13,14,0.011,False,MEDIUM,8,HARD,47,GREEN,2024,Mexico_City_Race
02:07:39.088,50,43,31,14,15,5.953,False,MEDIUM,1,HARD,48,GREEN,2024,Mexico_City_Race
02:08:44.630,50,18,77,11,12,1.363,False,HARD,23,HARD,49,GREEN,2024,Mexico_City_Race
02:08:45.543,50,30,77,12,13,0.906,False,MEDIUM,9,HARD,49,GREEN,2024,Mexico_City_Race
02:08:59.408,51,43,77,13,14,9.226,False,MEDIUM,2,HARD,50,GREEN,2024,Mexico_City_Race
02:16:53.709,57,81,27,8,9,0.095,False,HARD,16,HARD,26,GREEN,2024,Mexico_City_Race
02:25:05.870,63,4,16,2,3,0.11,False,HARD,31,HARD,30,GREEN,2024,Mexico_City_Race
02:29:27.183,66,43,30,12,13,0.057,False,MEDIUM,17,MEDIUM,25,GREEN,2024,Mexico_City_Race
02:29:50.758,66,44,63,4,5,0.139,False,HARD,37,HARD,34,GREEN,2024,Mexico_City_Race
02:30:53.044,67,77,30,13,14,3.667,False,MEDIUM,17,MEDIUM,26,GREEN,2024,Mexico_City_Race
02:30:54.844,67,31,30,14,15,1.833,False,MEDIUM,17,MEDIUM,26,GREEN,2024,Mexico_City_Race
02:31:01.347,67,11,30,15,16,6.442,False,MEDIUM,22,MEDIUM,26,GREEN,2024,Mexico_City_Race
02:31:11.389,67,24,30,16,17,10.098,False,MEDIUM,23,MEDIUM,26,GREEN,2024,Mexico_City_Race
02:35:17.173,70,24,11,15,16,1.529,False,MEDIUM,26,MEDIUM,25,GREEN,2024,Mexico_City_Race
02:35:19.308,70,30,11,16,17,2.206,False,SOFT,3,MEDIUM,25,GREEN,2024,Mexico_City_Race
02:36:27.208,71,31,77,13,14,0.327,False,MEDIUM,21,MEDIUM,21,GREEN,2024,Mexico_City_Race
00:54:57.333,1,16,63,1,2,999.0,False,MEDIUM,1,MEDIUM,1,GREEN,2024,Qatar_Race
00:54:57.333,1,16,1,1,3,999.0,False,MEDIUM,1,MEDIUM,0,GREEN,2024,Qatar_Race
00:54:57.333,1,16,4,1,4,999.0,False,MEDIUM,1,MEDIUM,0,GREEN,2024,Qatar_Race
00:54:57.333,1,16,81,1,5,999.0,False,MEDIUM,1,MEDIUM,0,GREEN,2024,Qatar_Race
00:54:57.528,1,55,63,2,3,0.167,False,MEDIUM,1,MEDIUM,1,GREEN,2024,Qatar_Race
00:54:57.528,1,55,1,2,4,0.167,False,MEDIUM,1,MEDIUM,0,GREEN,2024,Qatar_Race
00:54:57.528,1,55,4,2,5,0.167,False,MEDIUM,1,MEDIUM,0,GREEN,2024,Qatar_Race
00:54:57.528,1,55,81,2,6,0.167,False,MEDIUM,1,MEDIUM,0,GREEN,2024,Qatar_Race
00:54:57.528,1,55,44,2,7,0.167,False,MEDIUM,1,MEDIUM,0,GREEN,2024,Qatar_Race
00:54:57.617,1,14,63,3,4,0.312,False,MEDIUM,0,MEDIUM,1,GREEN,2024,Qatar_Race
00:54:57.617,1,14,1,3,5,0.312,False,MEDIUM,0,MEDIUM,0,GREEN,2024,Qatar_Race
00:54:57.617,1,14,4,3,6,0.312,False,MEDIUM,0,MEDIUM,0,GREEN,2024,Qatar_Race
00:54:57.617,1,14,81,3,7,0.312,False,MEDIUM,0,MEDIUM,0,GREEN,2024,Qatar_Race
00:54:57.617,1,14,44,3,8,0.312,False,MEDIUM,0,MEDIUM,0,GREEN,2024,Qatar_Race
00:54:57.664,1,11,63,4,5,0.284,False,MEDIUM,0,MEDIUM,1,GREEN,2024,Qatar_Race
00:54:57.664,1,11,1,4,6,0.284,False,MEDIUM,0,MEDIUM,0,GREEN,2024,Qatar_Race
00:54:57.664,1,11,4,4,7,0.284,False,MEDIUM,0,MEDIUM,0,GREEN,2024,Qatar_Race
00:54:57.664,1,11,81,4,8,0.284,False,MEDIUM,0,MEDIUM,0,GREEN,2024,Qatar_Race
00:54:57.664,1,11,44,4,9,0.284,False,MEDIUM,0,MEDIUM,0,GREEN,2024,Qatar_Race
00:54:57.708,1,44,63,5,6,1.053,False,MEDIUM,0,MEDIUM,1,GREEN,2024,Qatar_Race
00:54:57.708,1,44,1,5,7,1.053,False,MEDIUM,0,MEDIUM,0,GREEN,2024,Qatar_Race
00:54:57.708,1,44,4,5,8,1.053,False,MEDIUM,0,MEDIUM,0,GREEN,2024,Qatar_Race
00:54:57.708,1,44,81,5,9,1.053,False,MEDIUM,0,MEDIUM,0,GREEN,2024,Qatar_Race
00:54:57.793,1,20,63,6,7,0.36,False,MEDIUM,0,MEDIUM,1,GREEN,2024,Qatar_Race
00:54:57.793,1,20,1,6,8,0.36,False,MEDIUM,0,MEDIUM,0,GREEN,2024,Qatar_Race
00:54:57.793,1,20,4,6,9,0.36,False,MEDIUM,0,MEDIUM,0,GREEN,2024,Qatar_Race
00:54:57.793,1,20,81,6,10,0.36,False,MEDIUM,0,MEDIUM,0,GREEN,2024,Qatar_Race
00:54:57.874,1,10,63,7,8,0.273,False,MEDIUM,0,MEDIUM,1,GREEN,2024,Qatar_Race
00:54:57.874,1,10,1,7,9,0.273,False,MEDIUM,0,MEDIUM,0,GREEN,2024,Qatar_Race
00:54:57.874,1,10,4,7,10,0.273,False,MEDIUM,0,MEDIUM,0,GREEN,2024,Qatar_Race
00:54:57.874,1,10,81,7,11,0.273,False,MEDIUM,0,MEDIUM,0,GREEN,2024,Qatar_Race
00:54:58.083,1,77,63,8,9,0.004,False,MEDIUM,0,MEDIUM,1,GREEN,2024,Qatar_Race
00:54:58.083,1,77,1,8,10,0.004,False,MEDIUM,0,MEDIUM,0,GREEN,2024,Qatar_Race
00:54:58.083,1,77,4,8,11,0.004,False,MEDIUM,0,MEDIUM,0,GREEN,2024,Qatar_Race
00:54:58.083,1,77,81,8,12,0.004,False,MEDIUM,0,MEDIUM,0,GREEN,2024,Qatar_Race
00:54:58.083,1,77,24,8,13,0.004,False,MEDIUM,0,MEDIUM,0,GREEN,2024,Qatar_Race
00:54:58.265,1,24,63,9,10,0.304,False,MEDIUM,0,MEDIUM,1,GREEN,2024,Qatar_Race
00:54:58.265,1,24,1,9,11,0.304,False,MEDIUM,0,MEDIUM,0,GREEN,2024,Qatar_Race
00:54:58.265,1,24,4,9,12,0.304,False,MEDIUM,0,MEDIUM,0,GREEN,2024,Qatar_Race
00:54:58.265,1,24,81,9,13,0.304,False,MEDIUM,0,MEDIUM,0,GREEN,2024,Qatar_Race
00:54:58.286,1,22,63,10,11,0.321,False,MEDIUM,0,MEDIUM,1,GREEN,2024,Qatar_Race
00:54:58.286,1,22,1,10,12,0.321,False,MEDIUM,0,MEDIUM,0,GREEN,2024,Qatar_Race
00:54:58.286,1,22,4,10,13,0.321,False,MEDIUM,0,MEDIUM,0,GREEN,2024,Qatar_Race
00:54:58.286,1,22,81,10,14,0.321,False,MEDIUM,0,MEDIUM,0,GREEN,2024,Qatar_Race
00:54:58.297,1,18,63,11,12,0.053,False,MEDIUM,0,MEDIUM,1,GREEN,2024,Qatar_Race
00:54:58.297,1,18,1,11,13,0.053,False,MEDIUM,0,MEDIUM,0,GREEN,2024,Qatar_Race
00:54:58.297,1,18,4,11,14,0.053,False,MEDIUM,0,MEDIUM,0,GREEN,2024,Qatar_Race
00:54:58.297,1,18,81,11,15,0.053,False,MEDIUM,0,MEDIUM,0,GREEN,2024,Qatar_Race
00:54:58.560,1,23,63,12,13,0.304,False,MEDIUM,0,MEDIUM,1,GREEN,2024,Qatar_Race
00:54:58.560,1,23,1,12,14,0.304,False,MEDIUM,0,MEDIUM,0,GREEN,2024,Qatar_Race
00:54:58.560,1,23,4,12,15,0.304,False,MEDIUM,0,MEDIUM,0,GREEN,2024,Qatar_Race
00:54:58.560,1,23,81,12,16,0.304,False,MEDIUM,0,MEDIUM,0,GREEN,2024,Qatar_Race
00:54:58.709,1,30,63,13,14,0.219,False,MEDIUM,0,MEDIUM,1,GREEN,2024,Qatar_Race
00:54:58.709,1,30,1,13,15,0.219,False,MEDIUM,0,MEDIUM,0,GREEN,2024,Qatar_Race
00:54:58.709,1,30,4,13,16,0.219,False,MEDIUM,0,MEDIUM,0,GREEN,2024,Qatar_Race
00:54:58.709,1,30,81,13,17,0.219,False,MEDIUM,0,MEDIUM,0,GREEN,2024,Qatar_Race
00:54:59.004,1,27,63,14,15,0.16,False,HARD,0,MEDIUM,1,GREEN,2024,Qatar_Race
00:54:59.004,1,27,1,14,16,0.16,False,HARD,0,MEDIUM,0,GREEN,2024,Qatar_Race
00:54:59.004,1,27,4,14,17,0.16,False,HARD,0,MEDIUM,0,GREEN,2024,Qatar_Race
00:54:59.004,1,27,81,14,18,0.16,False,HARD,0,MEDIUM,0,GREEN,2024,Qatar_Race
00:54:59.305,1,63,16,1,2,999.0,False,MEDIUM,1,MEDIUM,1,GREEN,2024,Qatar_Race
00:54:59.305,1,63,44,1,6,999.0,False,MEDIUM,1,MEDIUM,0,GREEN,2024,Qatar_Race
00:54:59.305,1,63,55,1,3,999.0,False,MEDIUM,1,MEDIUM,1,GREEN,2024,Qatar_Race
00:54:59.305,1,63,14,1,4,999.0,False,MEDIUM,1,MEDIUM,0,GREEN,2024,Qatar_Race
00:54:59.305,1,63,11,1,5,999.0,False,MEDIUM,1,MEDIUM,0,GREEN,2024,Qatar_Race
00:54:59.305,1,63,20,1,7,999.0,False,MEDIUM,1,MEDIUM,0,GREEN,2024,Qatar_Race
00:54:59.305,1,63,10,1,8,999.0,False,MEDIUM,1,MEDIUM,0,GREEN,2024,Qatar_Race
00:54:59.305,1,63,24,1,10,999.0,False,MEDIUM,1,MEDIUM,0,GREEN,2024,Qatar_Race
00:54:59.305,1,63,77,1,9,999.0,False,MEDIUM,1,MEDIUM,0,GREEN,2024,Qatar_Race
00:54:59.305,1,63,22,1,11,999.0,False,MEDIUM,1,MEDIUM,0,GREEN,2024,Qatar_Race
00:54:59.305,1,63,18,1,12,999.0,False,MEDIUM,1,MEDIUM,0,GREEN,2024,Qatar_Race
00:54:59.305,1,63,23,1,13,999.0,False,MEDIUM,1,MEDIUM,0,GREEN,2024,Qatar_Race
00:54:59.305,1,63,30,1,14,999.0,False,MEDIUM,1,MEDIUM,0,GREEN,2024,Qatar_Race
00:54:59.305,1,63,27,1,15,999.0,False,MEDIUM,1,HARD,0,GREEN,2024,Qatar_Race
00:54:59.320,1,1,16,2,3,0.052,False,MEDIUM,0,MEDIUM,1,GREEN,2024,Qatar_Race
00:54:59.320,1,1,44,2,7,0.052,False,MEDIUM,0,MEDIUM,0,GREEN,2024,Qatar_Race
00:54:59.320,1,1,55,2,4,0.052,False,MEDIUM,0,MEDIUM,1,GREEN,2024,Qatar_Race
00:54:59.320,1,1,14,2,5,0.052,False,MEDIUM,0,MEDIUM,0,GREEN,2024,Qatar_Race
00:54:59.320,1,1,11,2,6,0.052,False,MEDIUM,0,MEDIUM,0,GREEN,2024,Qatar_Race
00:54:59.320,1,1,20,2,8,0.052,False,MEDIUM,0,MEDIUM,0,GREEN,2024,Qatar_Race
00:54:59.320,1,1,10,2,9,0.052,False,MEDIUM,0,MEDIUM,0,GREEN,2024,Qatar_Race
00:54:59.320,1,1,24,2,11,0.052,False,MEDIUM,0,MEDIUM,0,GREEN,2024,Qatar_Race
00:54:59.320,1,1,77,2,10,0.052,False,MEDIUM,0,MEDIUM,0,GREEN,2024,Qatar_Race
00:54:59.320,1,1,22,2,12,0.052,False,MEDIUM,0,MEDIUM,0,GREEN,2024,Qatar_Race
00:54:59.320,1,1,18,2,13,0.052,False,MEDIUM,0,MEDIUM,0,GREEN,2024,Qatar_Race
00:54:59.320,1,1,23,2,14,0.052,False,MEDIUM,0,MEDIUM,0,GREEN,2024,Qatar_Race
00:54:59.320,1,1,30,2,15,0.052,False,MEDIUM,0,MEDIUM,0,GREEN,2024,Qatar_Race
00:54:59.320,1,1,27,2,16,0.052,False,MEDIUM,0,HARD,0,GREEN,2024,Qatar_Race
00:54:59.449,1,4,16,3,4,0.137,False,MEDIUM,0,MEDIUM,1,GREEN,2024,Qatar_Race
00:54:59.449,1,4,44,3,8,0.137,False,MEDIUM,0,MEDIUM,0,GREEN,2024,Qatar_Race
00:54:59.449,1,4,55,3,5,0.137,False,MEDIUM,0,MEDIUM,1,GREEN,2024,Qatar_Race
00:54:59.449,1,4,14,3,6,0.137,False,MEDIUM,0,MEDIUM,0,GREEN,2024,Qatar_Race
00:54:59.449,1,4,11,3,7,0.137,False,MEDIUM,0,MEDIUM,0,GREEN,2024,Qatar_Race
00:54:59.449,1,4,20,3,9,0.137,False,MEDIUM,0,MEDIUM,0,GREEN,2024,Qatar_Race
00:54:59.449,1,4,10,3,10,0.137,False,MEDIUM,0,MEDIUM,0,GREEN,2024,Qatar_Race
00:54:59.449,1,4,24,3,12,0.137,False,MEDIUM,0,MEDIUM,0,GREEN,2024,Qatar_Race
00:54:59.449,1,4,77,3,11,0.137,False,MEDIUM,0,MEDIUM,0,GREEN,2024,Qatar_Race
00:54:59.449,1,4,22,3,13,0.137,False,MEDIUM,0,MEDIUM,0,GREEN,2024,Qatar_Race
00:54:59.449,1,4,18,3,14,0.137,False,MEDIUM,0,MEDIUM,0,GREEN,2024,Qatar_Race
00:54:59.449,1,4,23,3,15,0.137,False,MEDIUM,0,MEDIUM,0,GREEN,2024,Qatar_Race
00:54:59.449,1,4,30,3,16,0.137,False,MEDIUM,0,MEDIUM,0,GREEN,2024,Qatar_Race
00:54:59.449,1,4,27,3,17,0.137,False,MEDIUM,0,HARD,0,GREEN,2024,Qatar_Race
00:54:59.482,1,31,81,18,19,999.0,False,MEDIUM,0,MEDIUM,0,GREEN,2024,Qatar_Race
00:54:59.482,1,31,43,18,20,999.0,False,MEDIUM,0,MEDIUM,0,GREEN,2024,Qatar_Race
00:54:59.726,1,43,81,19,20,0.374,False,MEDIUM,0,MEDIUM,0,GREEN,2024,Qatar_Race
00:54:59.861,1,81,16,4,5,0.213,False,MEDIUM,0,MEDIUM,1,GREEN,2024,Qatar_Race
00:54:59.861,1,81,44,4,9,0.213,False,MEDIUM,0,MEDIUM,0,GREEN,2024,Qatar_Race
00:54:59.861,1,81,55,4,6,0.213,False,MEDIUM,0,MEDIUM,1,GREEN,2024,Qatar_Race
00:54:59.861,1,81,14,4,7,0.213,False,MEDIUM,0,MEDIUM,0,GREEN,2024,Qatar_Race
00:54:59.861,1,81,11,4,8,0.213,False,MEDIUM,0,MEDIUM,0,GREEN,2024,Qatar_Race
00:54:59.861,1,81,20,4,10,0.213,False,MEDIUM,0,MEDIUM,0,GREEN,2024,Qatar_Race
00:54:59.861,1,81,10,4,11,0.213,False,MEDIUM,0,MEDIUM,0,GREEN,2024,Qatar_Race
00:54:59.861,1,81,24,4,13,0.213,False,MEDIUM,0,MEDIUM,0,GREEN,2024,Qatar_Race
00:54:59.861,1,81,77,4,12,0.213,False,MEDIUM,0,MEDIUM,0,GREEN,2024,Qatar_Race
00:54:59.861,1,81,22,4,14,0.213,False,MEDIUM,0,MEDIUM,0,GREEN,2024,Qatar_Race
00:54:59.861,1,81,18,4,15,0.213,False,MEDIUM,0,MEDIUM,0,GREEN,2024,Qatar_Race
00:54:59.861,1,81,23,4,16,0.213,False,MEDIUM,0,MEDIUM,0,GREEN,2024,Qatar_Race
00:54:59.861,1,81,30,4,17,0.213,False,MEDIUM,0,MEDIUM,0,GREEN,2024,Qatar_Race
00:54:59.861,1,81,27,4,18,0.213,False,MEDIUM,0,HARD,0,GREEN,2024,Qatar_Race
00:54:59.861,1,81,43,4,20,0.213,False,MEDIUM,0,MEDIUM,0,GREEN,2024,Qatar_Race
00:54:59.861,1,81,31,4,19,0.213,False,MEDIUM,0,MEDIUM,0,GREEN,2024,Qatar_Race
00:55:00.160,1,11,14,7,8,0.021,False,MEDIUM,0,MEDIUM,0,GREEN,2024,Qatar_Race
00:55:00.443,1,22,24,13,14,0.04,False,MEDIUM,0,MEDIUM,0,GREEN,2024,Qatar_Race
00:55:00.449,1,18,24,14,15,0.011,False,MEDIUM,0,MEDIUM,0,GREEN,2024,Qatar_Race
00:55:04.816,1,4,63,1,2,0.098,False,MEDIUM,0,MEDIUM,1,GREEN,2024,Qatar_Race
00:55:04.816,1,4,1,1,3,0.098,False,MEDIUM,0,MEDIUM,0,GREEN,2024,Qatar_Race
00:55:04.873,1,1,63,2,3,0.024,False,MEDIUM,0,MEDIUM,1,GREEN,2024,Qatar_Race
00:55:05.777,1,14,55,6,7,0.046,False,MEDIUM,0,MEDIUM,1,GREEN,2024,Qatar_Race
00:55:05.777,1,14,11,6,8,0.046,False,MEDIUM,0,MEDIUM,0,GREEN,2024,Qatar_Race
00:55:06.285,1,20,44,9,10,0.103,False,MEDIUM,0,MEDIUM,0,GREEN,2024,Qatar_Race
00:55:06.553,1,77,10,11,12,0.131,False,MEDIUM,0,MEDIUM,0,GREEN,2024,Qatar_Race
00:55:06.858,1,24,22,13,14,0.01,False,MEDIUM,0,MEDIUM,0,GREEN,2024,Qatar_Race
00:55:06.858,1,24,18,13,15,0.01,False,MEDIUM,0,MEDIUM,0,GREEN,2024,Qatar_Race
01:04:00.691,5,81,16,4,5,0.115,False,MEDIUM,4,MEDIUM,5,GREEN,2024,Qatar_Race
01:04:02.305,5,44,14,8,9,0.045,False,MEDIUM,4,MEDIUM,4,GREEN,2024,Qatar_Race
01:04:05.948,5,27,18,17,18,0.044,False,HARD,3,HARD,3,GREEN,2024,Qatar_Race
01:04:10.091,5,22,14,9,10,0.004,False,MEDIUM,4,MEDIUM,4,GREEN,2024,Qatar_Race
01:04:12.108,5,24,77,13,14,0.694,False,MEDIUM,4,MEDIUM,4,GREEN,2024,Qatar_Race
01:04:12.108,5,24,30,13,15,0.694,False,MEDIUM,4,MEDIUM,4,GREEN,2024,Qatar_Race
01:05:08.167,5,20,14,10,11,0.702,False,MEDIUM,4,MEDIUM,4,GREEN,2024,Qatar_Race
01:05:08.206,5,14,20,10,11,0.351,False,MEDIUM,4,MEDIUM,4,GREEN,2024,Qatar_Race
01:05:41.976,6,10,14,11,12,0.014,False,MEDIUM,5,MEDIUM,5,GREEN,2024,Qatar_Race
01:07:12.219,7,30,18,17,18,0.102,False,MEDIUM,6,HARD,5,GREEN,2024,Qatar_Race
01:11:32.403,10,20,22,9,10,0.092,False,MEDIUM,9,MEDIUM,9,GREEN,2024,Qatar_Race
01:15:57.393,13,10,22,10,11,0.025,False,MEDIUM,12,MEDIUM,12,GREEN,2024,Qatar_Race
01:17:26.197,14,14,22,11,12,0.051,False,MEDIUM,13,MEDIUM,13,GREEN,2024,Qatar_Race
01:18:49.646,15,24,22,12,13,0.136,False,MEDIUM,14,MEDIUM,14,GREEN,2024,Qatar_Race
01:26:13.723,20,77,22,13,14,0.007,False,MEDIUM,19,MEDIUM,19,GREEN,2024,Qatar_Race
01:31:11.284,24,81,63,3,4,0.674,False,MEDIUM,22,MEDIUM,23,GREEN,2024,Qatar_Race
01:31:12.947,24,16,63,4,5,1.63,False,MEDIUM,23,MEDIUM,23,GREEN,2024,Qatar_Race
01:31:21.614,24,55,63,5,6,1.083,False,MEDIUM,24,MEDIUM,24,GREEN,2024,Qatar_Race
01:31:29.381,24,11,63,6,7,7.716,False,MEDIUM,23,MEDIUM,24,GREEN,2024,Qatar_Race
01:31:31.932,24,44,63,7,8,2.606,False,MEDIUM,23,MEDIUM,24,GREEN,2024,Qatar_Race
01:31:42.901,24,20,63,8,9,10.833,False,MEDIUM,23,MEDIUM,24,GREEN,2024,Qatar_Race
01:31:44.040,24,10,63,9,10,1.234,False,MEDIUM,23,MEDIUM,24,GREEN,2024,Qatar_Race
01:31:47.725,24,14,63,10,11,0.688,False,MEDIUM,23,MEDIUM,24,GREEN,2024,Qatar_Race
01:33:17.588,25,22,77,13,14,3.683,False,MEDIUM,23,MEDIUM,23,GREEN,2024,Qatar_Race
01:33:24.106,25,23,77,14,15,0.308,False,MEDIUM,24,MEDIUM,24,GREEN,2024,Qatar_Race
01:33:25.769,25,27,77,15,16,1.597,False,HARD,23,MEDIUM,24,GREEN,2024,Qatar_Race
01:33:27.670,25,30,77,16,17,1.846,False,MEDIUM,24,MEDIUM,24,GREEN,2024,Qatar_Race
01:37:22.694,28,10,20,8,9,1.25,False,MEDIUM,26,MEDIUM,26,GREEN,2024,Qatar_Race
01:37:24.946,28,14,20,9,10,2.276,False,MEDIUM,26,MEDIUM,26,GREEN,2024,Qatar_Race
01:37:31.278,28,63,20,10,11,0.082,False,HARD,4,MEDIUM,27,GREEN,2024,Qatar_Race
01:37:33.698,28,24,20,11,12,2.309,False,MEDIUM,27,MEDIUM,27,GREEN,2024,Qatar_Race
01:37:43.732,28,22,20,12,13,9.954,False,MEDIUM,27,MEDIUM,27,GREEN,2024,Qatar_Race
01:37:44.528,28,23,20,13,14,0.972,False,MEDIUM,27,MEDIUM,27,GREEN,2024,Qatar_Race
01:37:45.680,28,27,20,14,15,1.104,False,HARD,26,MEDIUM,27,GREEN,2024,Qatar_Race
01:37:48.203,28,30,20,15,16,2.415,False,MEDIUM,27,MEDIUM,27,GREEN,2024,Qatar_Race
01:43:28.143,32,30,27,14,15,3.271,False,MEDIUM,30,HARD,29,GREEN,2024,Qatar_Race
01:43:36.847,32,20,27,15,16,1.134,False,HARD,4,HARD,30,GREEN,2024,Qatar_Race
01:46:12.904,34,63,14,9,10,0.018,False,HARD,10,MEDIUM,33,GREEN,2024,Qatar_Race
01:46:40.652,35,10,44,7,8,0.9,False,MEDIUM,33,MEDIUM,33,GREEN,2024,Qatar_Race
01:46:46.525,35,16,81,3,4,1.239,False,MEDIUM,34,MEDIUM,33,GREEN,2024,Qatar_Race
01:46:49.719,35,11,55,5,6,1.554,False,MEDIUM,33,MEDIUM,34,GREEN,2024,Qatar_Race
01:46:52.917,35,63,44,8,9,1.442,False,HARD,10,MEDIUM,33,GREEN,2024,Qatar_Race
01:46:53.189,35,14,44,9,10,0.97,False,MEDIUM,33,MEDIUM,33,GREEN,2024,Qatar_Race
01:47:00.985,35,24,44,10,11,1.148,False,MEDIUM,33,MEDIUM,33,GREEN,2024,Qatar_Race
01:47:10.590,35,11,81,4,5,15.084,False,MEDIUM,34,MEDIUM,34,GREEN,2024,Qatar_Race
01:47:26.519,35,10,55,6,7,6.343,False,MEDIUM,34,MEDIUM,35,GREEN,2024,Qatar_Race
01:47:30.772,35,22,44,11,12,0.141,False,MEDIUM,33,MEDIUM,33,GREEN,2024,Qatar_Race
01:47:32.317,35,63,55,7,8,5.855,False,HARD,11,MEDIUM,35,GREEN,2024,Qatar_Race
01:47:32.539,35,23,44,12,13,0.977,False,MEDIUM,33,MEDIUM,33,GREEN,2024,Qatar_Race
01:47:33.054,35,14,55,8,9,0.93,False,MEDIUM,34,MEDIUM,35,GREEN,2024,Qatar_Race
01:47:34.819,35,24,55,9,10,1.562,False,MEDIUM,34,MEDIUM,35,GREEN,2024,Qatar_Race
01:47:38.853,35,30,44,13,14,1.383,False,MEDIUM,33,MEDIUM,33,GREEN,2024,Qatar_Race
01:47:40.314,35,20,44,14,15,1.439,False,HARD,6,MEDIUM,33,GREEN,2024,Qatar_Race
01:58:25.072,39,44,11,15,16,6.613,False,HARD,4,HARD,3,GREEN,2024,Qatar_Race
01:58:30.082,39,77,11,16,17,3.941,False,MEDIUM,11,HARD,3,GREEN,2024,Qatar_Race
01:58:48.099,40,4,1,1,2,0.004,False,HARD,4,HARD,4,GREEN,2024,Qatar_Race
01:58:48.728,40,14,24,8,9,0.113,False,MEDIUM,9,HARD,4,GREEN,2024,Qatar_Race
01:58:49.757,40,23,22,11,12,0.032,False,SOFT,4,HARD,4,GREEN,2024,Qatar_Race
01:58:51.615,40,22,23,11,12,0.007,False,HARD,4,SOFT,4,GREEN,2024,Qatar_Race
01:58:52.817,40,44,30,14,15,0.034,False,HARD,5,HARD,4,GREEN,2024,Qatar_Race
01:58:53.716,40,1,4,1,2,0.027,False,HARD,4,HARD,4,GREEN,2024,Qatar_Race
01:58:54.962,40,63,10,5,6,0.024,False,HARD,4,HARD,4,GREEN,2024,Qatar_Race
01:58:55.234,40,55,10,6,7,0.287,False,HARD,5,HARD,4,GREEN,2024,Qatar_Race
01:58:57.102,40,23,20,10,11,0.003,False,SOFT,4,MEDIUM,30,GREEN,2024,Qatar_Race
01:59:02.501,40,20,23,10,11,0.009,False,MEDIUM,30,SOFT,4,GREEN,2024,Qatar_Race
01:59:22.728,40,10,55,6,7,0.006,False,HARD,4,HARD,5,GREEN,2024,Qatar_Race
02:05:22.127,43,23,20,10,11,0.077,False,SOFT,7,HARD,15,GREEN,2024,Qatar_Race
02:05:22.893,43,77,44,12,13,0.125,False,MEDIUM,15,HARD,8,GREEN,2024,Qatar_Race
02:05:32.398,43,22,44,13,14,0.027,False,SOFT,2,HARD,8,GREEN,2024,Qatar_Race
02:08:13.321,45,44,22,13,14,0.065,False,HARD,10,SOFT,4,GREEN,2024,Qatar_Race
02:09:19.409,46,16,4,2,3,2.25,False,HARD,9,HARD,9,GREEN,2024,Qatar_Race
02:09:20.566,46,81,4,3,4,1.13,False,HARD,10,HARD,9,GREEN,2024,Qatar_Race
02:09:27.455,46,63,4,4,5,0.556,False,HARD,10,HARD,10,GREEN,2024,Qatar_Race
02:09:29.988,46,10,4,5,6,2.481,False,HARD,10,HARD,10,GREEN,2024,Qatar_Race
02:09:30.381,46,55,4,6,7,0.5,False,HARD,11,HARD,10,GREEN,2024,Qatar_Race
02:09:31.503,46,14,4,7,8,1.125,False,MEDIUM,15,HARD,10,GREEN,2024,Qatar_Race
02:09:33.545,46,24,4,8,9,1.807,False,HARD,10,HARD,10,GREEN,2024,Qatar_Race
02:09:34.904,46,23,4,9,10,1.474,False,SOFT,10,HARD,10,GREEN,2024,Qatar_Race
02:09:35.171,46,20,4,10,11,0.484,False,HARD,18,HARD,10,GREEN,2024,Qatar_Race
02:09:36.861,46,77,4,11,12,1.47,False,MEDIUM,18,HARD,10,GREEN,2024,Qatar_Race
02:09:36.946,46,44,4,12,13,0.269,False,HARD,11,HARD,10,GREEN,2024,Qatar_Race
02:09:38.370,46,22,4,13,14,1.291,False,SOFT,5,HARD,10,GREEN,2024,Qatar_Race
02:09:38.623,46,44,77,11,12,0.037,False,HARD,11,MEDIUM,18,GREEN,2024,Qatar_Race
02:09:39.028,46,30,4,14,15,0.771,False,SOFT,5,HARD,10,GREEN,2024,Qatar_Race
02:12:23.897,48,77,44,11,12,2.191,False,MEDIUM,19,HARD,12,GREEN,2024,Qatar_Race
02:12:25.080,48,22,44,12,13,1.195,False,SOFT,6,HARD,12,GREEN,2024,Qatar_Race
02:12:25.938,48,30,44,13,14,0.837,False,SOFT,6,HARD,12,GREEN,2024,Qatar_Race
02:12:42.604,48,4,44,14,15,10.662,False,HARD,12,HARD,13,GREEN,2024,Qatar_Race
02:13:59.057,49,20,23,9,10,0.011,False,HARD,21,SOFT,13,GREEN,2024,Qatar_Race
02:16:52.465,51,4,30,13,14,0.077,False,HARD,15,SOFT,10,GREEN,2024,Qatar_Race
02:18:17.700,52,4,22,12,13,0.115,False,HARD,16,SOFT,11,GREEN,2024,Qatar_Race
02:18:24.365,52,4,77,11,12,4.769,False,HARD,16,MEDIUM,24,GREEN,2024,Qatar_Race
02:18:25.261,52,22,77,12,13,0.219,False,SOFT,11,MEDIUM,24,GREEN,2024,Qatar_Race
02:18:25.511,52,77,4,11,12,0.135,False,MEDIUM,24,HARD,16,GREEN,2024,Qatar_Race
02:18:25.511,52,77,22,11,13,0.135,False,MEDIUM,24,SOFT,11,GREEN,2024,Qatar_Race
02:19:39.980,53,77,23,10,11,0.051,False,MEDIUM,25,SOFT,17,GREEN,2024,Qatar_Race
02:19:59.746,53,4,23,11,12,0.076,False,HARD,17,SOFT,17,GREEN,2024,Qatar_Race
02:21:05.705,54,4,77,10,11,0.202,False,HARD,18,MEDIUM,26,GREEN,2024,Qatar_Race
02:22:43.431,55,44,30,14,15,0.107,False,HARD,20,SOFT,14,GREEN,2024,Qatar_Race
02:24:01.776,56,22,23,12,13,0.84,False,SOFT,14,SOFT,19,GREEN,2024,Qatar_Race
02:24:02.120,56,44,23,13,14,0.351,False,HARD,20,SOFT,19,GREEN,2024,Qatar_Race
02:24:11.219,56,30,23,14,15,0.381,False,SOFT,15,SOFT,20,GREEN,2024,Qatar_Race
02:24:14.780,56,44,22,12,13,0.048,False,HARD,21,SOFT,15,GREEN,2024,Qatar_Race
02:31:07.840,57,43,31,19,20,0.092,False,MEDIUM,0,MEDIUM,0,GREEN,2024,Qatar_Race
00:57:10.498,1,16,22,8,9,218.121,False,MEDIUM,0,MEDIUM,0,GREEN,2024,Singapore_Race
00:57:10.691,1,23,22,9,10,215.197,False,MEDIUM,0,MEDIUM,0,GREEN,2024,Singapore_Race
00:57:10.691,1,23,55,9,11,215.197,False,MEDIUM,0,MEDIUM,0,GREEN,2024,Singapore_Race
00:57:10.802,1,43,22,10,11,0.367,False,MEDIUM,0,MEDIUM,0,GREEN,2024,Singapore_Race
00:57:10.802,1,43,55,10,12,0.367,False,MEDIUM,0,MEDIUM,0,GREEN,2024,Singapore_Race
00:57:10.963,1,55,22,11,12,0.335,False,MEDIUM,0,MEDIUM,0,GREEN,2024,Singapore_Race
00:57:13.313,1,27,81,5,6,0.319,False,MEDIUM,0,MEDIUM,0,GREEN,2024,Singapore_Race
00:57:14.417,1,43,14,7,8,0.016,False,MEDIUM,0,MEDIUM,1,GREEN,2024,Singapore_Race
00:57:14.417,1,43,16,7,9,0.016,False,MEDIUM,0,MEDIUM,0,GREEN,2024,Singapore_Race
00:57:14.417,1,43,23,7,10,0.016,False,MEDIUM,0,MEDIUM,0,GREEN,2024,Singapore_Race
00:57:14.760,1,55,14,8,9,0.112,False,MEDIUM,0,MEDIUM,1,GREEN,2024,Singapore_Race
00:57:14.760,1,55,16,8,10,0.112,False,MEDIUM,0,MEDIUM,0,GREEN,2024,Singapore_Race
00:57:14.760,1,55,23,8,11,0.112,False,MEDIUM,0,MEDIUM,0,GREEN,2024,Singapore_Race
00:57:14.827,1,23,14,8,10,0.153,False,MEDIUM,0,MEDIUM,1,GREEN,2024,Singapore_Race
00:57:14.827,1,23,16,8,11,0.153,False,MEDIUM,0,MEDIUM,0,GREEN,2024,Singapore_Race
00:57:14.942,1,22,14,10,11,0.118,False,MEDIUM,0,MEDIUM,1,GREEN,2024,Singapore_Race
00:57:14.942,1,22,16,10,12,0.118,False,MEDIUM,0,MEDIUM,0,GREEN,2024,Singapore_Race
00:57:15.226,1,11,14,11,12,0.13,False,MEDIUM,0,MEDIUM,1,GREEN,2024,Singapore_Race
00:57:15.226,1,11,16,11,13,0.13,False,MEDIUM,0,MEDIUM,0,GREEN,2024,Singapore_Race
00:57:15.258,1,31,14,12,13,0.17,False,MEDIUM,0,MEDIUM,1,GREEN,2024,Singapore_Race
00:57:15.258,1,31,16,12,14,0.17,False,MEDIUM,0,MEDIUM,0,GREEN,2024,Singapore_Race
00:57:15.258,1,31,20,12,15,0.17,False,MEDIUM,0,HARD,0,GREEN,2024,Singapore_Race
00:57:15.440,1,20,14,13,14,0.252,False,HARD,0,MEDIUM,1,GREEN,2024,Singapore_Race
00:57:15.440,1,20,16,13,15,0.252,False,HARD,0,MEDIUM,0,GREEN,2024,Singapore_Race
00:57:15.755,1,3,14,14,15,0.117,False,SOFT,0,MEDIUM,1,GREEN,2024,Singapore_Race
00:57:15.755,1,3,16,14,16,0.117,False,SOFT,0,MEDIUM,0,GREEN,2024,Singapore_Race
00:57:15.879,1,10,14,15,16,0.264,False,MEDIUM,0,MEDIUM,1,GREEN,2024,Singapore_Race
00:57:15.879,1,10,16,15,17,0.264,False,MEDIUM,0,MEDIUM,0,GREEN,2024,Singapore_Race
00:57:15.879,1,10,18,15,18,0.264,False,MEDIUM,0,HARD,1,GREEN,2024,Singapore_Race
00:57:16.127,1,18,14,16,17,0.326,False,HARD,1,MEDIUM,1,GREEN,2024,Singapore_Race
00:57:16.127,1,18,16,16,18,0.326,False,HARD,1,MEDIUM,0,GREEN,2024,Singapore_Race
00:57:16.239,1,77,14,17,18,0.022,False,HARD,0,MEDIUM,1,GREEN,2024,Singapore_Race
00:57:16.239,1,77,16,17,19,0.022,False,HARD,0,MEDIUM,0,GREEN,2024,Singapore_Race
00:57:16.635,1,24,14,18,19,0.619,False,HARD,0,MEDIUM,1,GREEN,2024,Singapore_Race
00:57:16.635,1,24,16,18,20,0.619,False,HARD,0,MEDIUM,0,GREEN,2024,Singapore_Race
00:57:20.455,1,14,22,7,11,0.051,False,MEDIUM,1,MEDIUM,0,GREEN,2024,Singapore_Race
00:57:20.455,1,14,55,7,10,0.051,False,MEDIUM,1,MEDIUM,0,GREEN,2024,Singapore_Race
00:57:20.455,1,14,23,7,9,0.051,False,MEDIUM,1,MEDIUM,0,GREEN,2024,Singapore_Race
00:57:20.455,1,14,43,7,8,0.051,False,MEDIUM,1,MEDIUM,0,GREEN,2024,Singapore_Race
00:57:20.455,1,14,11,7,12,0.051,False,MEDIUM,1,MEDIUM,0,GREEN,2024,Singapore_Race
00:57:20.455,1,14,20,7,14,0.051,False,MEDIUM,1,HARD,0,GREEN,2024,Singapore_Race
00:57:20.455,1,14,31,7,13,0.051,False,MEDIUM,1,MEDIUM,0,GREEN,2024,Singapore_Race
00:57:20.455,1,14,3,7,15,0.051,False,MEDIUM,1,SOFT,0,GREEN,2024,Singapore_Race
00:57:20.455,1,14,18,7,17,0.051,False,MEDIUM,1,HARD,1,GREEN,2024,Singapore_Race
00:57:20.455,1,14,10,7,16,0.051,False,MEDIUM,1,MEDIUM,0,GREEN,2024,Singapore_Race
00:57:20.455,1,14,77,7,18,0.051,False,MEDIUM,1,HARD,0,GREEN,2024,Singapore_Race
00:57:20.455,1,14,24,7,19,0.051,False,MEDIUM,1,HARD,0,GREEN,2024,Singapore_Race
00:57:20.755,1,16,55,8,11,0.423,False,MEDIUM,0,MEDIUM,0,GREEN,2024,Singapore_Race
00:57:20.755,1,16,23,8,10,0.423,False,MEDIUM,0,MEDIUM,0,GREEN,2024,Singapore_Race
00:57:20.755,1,16,43,8,9,0.423,False,MEDIUM,0,MEDIUM,0,GREEN,2024,Singapore_Race
00:57:20.755,1,16,11,8,13,0.423,False,MEDIUM,0,MEDIUM,0,GREEN,2024,Singapore_Race
00:57:20.755,1,16,20,8,15,0.423,False,MEDIUM,0,HARD,0,GREEN,2024,Singapore_Race
00:57:20.755,1,16,31,8,14,0.423,False,MEDIUM,0,MEDIUM,0,GREEN,2024,Singapore_Race
00:57:20.755,1,16,3,8,16,0.423,False,MEDIUM,0,SOFT,0,GREEN,2024,Singapore_Race
00:57:20.755,1,16,18,8,18,0.423,False,MEDIUM,0,HARD,1,GREEN,2024,Singapore_Race
00:57:20.755,1,16,10,8,17,0.423,False,MEDIUM,0,MEDIUM,0,GREEN,2024,Singapore_Race
00:57:20.755,1,16,77,8,19,0.423,False,MEDIUM,0,HARD,0,GREEN,2024,Singapore_Race
00:57:20.755,1,16,24,8,20,0.423,False,MEDIUM,0,HARD,0,GREEN,2024,Singapore_Race
00:57:21.341,1,22,55,10,12,0.071,False,MEDIUM,0,MEDIUM,0,GREEN,2024,Singapore_Race
00:57:21.341,1,22,23,10,11,0.071,False,MEDIUM,0,MEDIUM,0,GREEN,2024,Singapore_Race
00:57:21.703,1,11,23,12,13,0.305,False,MEDIUM,0,MEDIUM,0,GREEN,2024,Singapore_Race
00:57:21.959,1,31,23,13,14,0.045,False,MEDIUM,0,MEDIUM,0,GREEN,2024,Singapore_Race
00:57:22.157,1,20,23,14,15,0.242,False,HARD,0,MEDIUM,0,GREEN,2024,Singapore_Race
00:57:22.478,1,10,3,16,17,0.107,False,MEDIUM,0,SOFT,0,GREEN,2024,Singapore_Race
00:57:24.853,1,23,20,14,15,0.073,False,MEDIUM,0,HARD,0,GREEN,2024,Singapore_Race
00:57:34.047,1,3,10,16,17,0.044,False,SOFT,0,MEDIUM,0,GREEN,2024,Singapore_Race
00:57:41.290,1,81,27,5,6,0.117,False,MEDIUM,0,MEDIUM,0,GREEN,2024,Singapore_Race
00:57:45.078,1,3,23,15,16,0.045,False,SOFT,0,MEDIUM,0,GREEN,2024,Singapore_Race
00:57:50.463,1,11,55,11,12,0.042,False,MEDIUM,0,MEDIUM,0,GREEN,2024,Singapore_Race
00:57:51.805,1,23,3,15,16,0.07,False,MEDIUM,0,SOFT,0,GREEN,2024,Singapore_Race
00:57:55.578,1,11,22,10,11,0.156,False,MEDIUM,0,MEDIUM,0,GREEN,2024,Singapore_Race
01:06:12.681,6,24,77,19,20,0.054,False,HARD,5,HARD,5,GREEN,2024,Singapore_Race
01:10:42.392,9,18,10,17,18,1.443,False,HARD,9,MEDIUM,8,GREEN,2024,Singapore_Race
01:10:45.197,9,24,10,18,19,4.208,False,HARD,8,MEDIUM,8,GREEN,2024,Singapore_Race
01:10:47.378,9,10,18,17,18,1.259,False,MEDIUM,8,HARD,9,GREEN,2024,Singapore_Race
01:10:47.378,9,10,24,17,19,1.259,False,MEDIUM,8,HARD,8,GREEN,2024,Singapore_Race
01:13:53.056,11,10,3,16,17,2.701,False,MEDIUM,9,SOFT,9,GREEN,2024,Singapore_Race
01:13:54.938,11,18,3,17,18,1.041,False,HARD,10,SOFT,9,GREEN,2024,Singapore_Race
01:13:55.657,11,24,3,18,19,1.566,False,HARD,9,SOFT,9,GREEN,2024,Singapore_Race
01:14:07.951,11,77,3,19,20,0.833,False,HARD,10,SOFT,10,GREEN,2024,Singapore_Race
01:15:32.339,12,10,23,15,16,4.926,False,MEDIUM,10,MEDIUM,10,GREEN,2024,Singapore_Race
01:15:33.778,12,18,23,16,17,1.363,False,HARD,11,MEDIUM,10,GREEN,2024,Singapore_Race
01:15:43.974,12,24,23,17,18,0.332,False,HARD,11,MEDIUM,11,GREEN,2024,Singapore_Race
01:15:47.816,12,77,23,18,19,3.936,False,HARD,11,MEDIUM,11,GREEN,2024,Singapore_Race
01:18:43.668,14,31,55,12,13,1.769,False,MEDIUM,12,MEDIUM,12,GREEN,2024,Singapore_Race
01:18:46.412,14,20,55,13,14,2.716,False,HARD,12,MEDIUM,12,GREEN,2024,Singapore_Race
01:18:59.391,14,10,55,14,15,1.387,False,MEDIUM,13,MEDIUM,13,GREEN,2024,Singapore_Race
01:19:01.669,14,18,55,15,16,2.285,False,HARD,14,MEDIUM,13,GREEN,2024,Singapore_Race
01:19:04.161,14,24,55,16,17,2.471,False,HARD,13,MEDIUM,13,GREEN,2024,Singapore_Race
01:19:08.079,14,77,55,17,18,3.738,False,HARD,13,MEDIUM,13,GREEN,2024,Singapore_Race
01:21:23.563,15,3,23,19,20,2.852,False,MEDIUM,4,HARD,3,GREEN,2024,Singapore_Race
01:24:49.971,18,55,77,17,18,0.608,False,HARD,3,HARD,16,GREEN,2024,Singapore_Race
01:25:00.858,18,63,44,3,4,1.862,False,MEDIUM,16,SOFT,18,GREEN,2024,Singapore_Race
01:25:02.151,18,81,44,4,5,1.178,False,MEDIUM,16,SOFT,18,GREEN,2024,Singapore_Race
01:25:17.428,18,27,44,5,6,1.969,False,MEDIUM,17,SOFT,19,GREEN,2024,Singapore_Race
01:25:18.270,18,14,44,6,7,0.837,False,MEDIUM,18,SOFT,19,GREEN,2024,Singapore_Race
01:25:19.413,18,16,44,7,8,1.22,False,MEDIUM,17,SOFT,19,GREEN,2024,Singapore_Race
01:25:21.964,18,43,44,8,9,2.543,False,MEDIUM,17,SOFT,19,GREEN,2024,Singapore_Race
01:25:24.301,18,11,44,9,10,2.293,False,MEDIUM,17,SOFT,19,GREEN,2024,Singapore_Race
01:25:27.147,18,22,44,10,11,2.714,False,MEDIUM,17,SOFT,19,GREEN,2024,Singapore_Race
01:25:29.863,18,31,44,11,12,2.744,False,MEDIUM,17,SOFT,19,GREEN,2024,Singapore_Race
01:25:32.503,18,20,44,12,13,2.655,False,HARD,17,SOFT,19,GREEN,2024,Singapore_Race
01:27:50.508,19,55,24,16,17,0.049,False,HARD,5,HARD,18,GREEN,2024,Singapore_Race
01:28:30.577,20,44,20,12,13,0.223,False,HARD,1,HARD,18,GREEN,2024,Singapore_Race
01:31:07.728,22,55,18,15,16,0.111,False,HARD,7,HARD,21,GREEN,2024,Singapore_Race
01:32:36.542,22,44,31,11,12,0.178,False,HARD,4,MEDIUM,21,GREEN,2024,Singapore_Race
01:38:11.674,26,16,14,6,7,0.239,False,MEDIUM,24,MEDIUM,25,GREEN,2024,Singapore_Race
01:38:22.381,26,44,22,10,11,0.365,False,HARD,7,MEDIUM,24,GREEN,2024,Singapore_Race
01:38:26.809,26,55,10,14,15,0.113,False,HARD,11,MEDIUM,24,GREEN,2024,Singapore_Race
01:38:27.166,26,43,14,7,8,1.812,False,MEDIUM,24,MEDIUM,25,GREEN,2024,Singapore_Race
01:38:29.014,26,22,44,10,11,0.034,False,MEDIUM,24,HARD,7,GREEN,2024,Singapore_Race
01:38:31.198,26,11,14,8,9,4.062,False,MEDIUM,24,MEDIUM,25,GREEN,2024,Singapore_Race
01:38:44.646,26,22,14,9,10,2.852,False,MEDIUM,25,MEDIUM,26,GREEN,2024,Singapore_Race
01:38:45.411,26,44,14,10,11,0.449,False,HARD,8,MEDIUM,26,GREEN,2024,Singapore_Race
01:38:50.836,26,31,14,11,12,5.651,False,MEDIUM,25,MEDIUM,26,GREEN,2024,Singapore_Race
01:38:56.596,26,20,14,12,13,4.471,False,HARD,25,MEDIUM,26,GREEN,2024,Singapore_Race
01:38:56.701,26,55,14,13,14,0.497,False,HARD,12,MEDIUM,26,GREEN,2024,Singapore_Race
01:38:57.059,26,10,14,14,15,1.151,False,MEDIUM,25,MEDIUM,26,GREEN,2024,Singapore_Race
01:39:22.495,27,55,20,12,13,0.077,False,HARD,12,HARD,25,GREEN,2024,Singapore_Race
01:40:38.062,27,24,18,16,17,2.159,False,HARD,25,HARD,26,GREEN,2024,Singapore_Race
01:40:40.672,27,77,18,17,18,2.668,False,HARD,25,HARD,26,GREEN,2024,Singapore_Race
01:40:41.789,27,3,18,18,19,0.644,False,MEDIUM,15,HARD,26,GREEN,2024,Singapore_Race
01:41:26.777,28,81,63,3,4,0.496,False,MEDIUM,26,MEDIUM,26,GREEN,2024,Singapore_Race
01:41:49.989,28,44,22,9,10,0.136,False,HARD,9,MEDIUM,26,GREEN,2024,Singapore_Race
01:41:51.112,28,27,63,4,5,8.413,False,MEDIUM,27,MEDIUM,27,GREEN,2024,Singapore_Race
01:41:51.538,28,16,63,5,6,0.451,False,MEDIUM,27,MEDIUM,27,GREEN,2024,Singapore_Race
01:41:54.712,28,43,63,6,7,3.304,False,MEDIUM,27,MEDIUM,27,GREEN,2024,Singapore_Race
01:41:59.360,28,11,63,7,8,4.607,False,MEDIUM,27,HARD,0,GREEN,2024,Singapore_Race
01:42:03.489,28,14,10,14,15,0.133,False,HARD,2,MEDIUM,26,GREEN,2024,Singapore_Race
01:42:45.525,29,14,20,13,14,0.018,False,HARD,3,HARD,27,GREEN,2024,Singapore_Race
01:43:16.144,29,16,27,4,5,0.119,False,MEDIUM,27,MEDIUM,27,GREEN,2024,Singapore_Race
01:43:31.231,29,63,11,7,8,5.048,False,HARD,0,MEDIUM,27,GREEN,2024,Singapore_Race
01:43:35.256,29,44,11,8,9,4.116,False,HARD,10,MEDIUM,27,GREEN,2024,Singapore_Race
01:43:38.198,29,22,11,9,10,2.915,False,MEDIUM,27,MEDIUM,27,GREEN,2024,Singapore_Race
01:43:52.344,29,10,20,14,15,0.335,False,MEDIUM,27,HARD,27,GREEN,2024,Singapore_Race
01:43:53.303,29,31,11,10,11,6.261,False,MEDIUM,28,MEDIUM,28,GREEN,2024,Singapore_Race
01:43:53.835,29,55,11,11,12,0.512,False,HARD,15,MEDIUM,28,GREEN,2024,Singapore_Race
01:43:57.762,29,14,11,12,13,4.04,False,HARD,4,MEDIUM,28,GREEN,2024,Singapore_Race
01:43:58.129,29,24,20,15,16,5.934,False,HARD,27,HARD,27,GREEN,2024,Singapore_Race
01:44:00.708,29,10,11,13,14,2.892,False,MEDIUM,28,MEDIUM,28,GREEN,2024,Singapore_Race
01:44:09.937,29,77,20,16,17,1.646,False,HARD,28,HARD,28,GREEN,2024,Singapore_Race
01:44:10.349,30,3,20,17,18,0.504,False,MEDIUM,18,HARD,28,GREEN,2024,Singapore_Race
01:44:20.582,30,55,31,10,11,0.165,False,HARD,15,MEDIUM,28,GREEN,2024,Singapore_Race
01:44:37.121,30,3,77,16,17,0.211,False,MEDIUM,18,HARD,28,GREEN,2024,Singapore_Race
01:44:50.744,30,81,1,2,3,1.627,False,MEDIUM,29,MEDIUM,29,GREEN,2024,Singapore_Race
01:45:08.294,30,63,27,5,6,2.102,False,HARD,1,MEDIUM,28,GREEN,2024,Singapore_Race
01:45:08.294,30,63,43,5,7,2.102,False,HARD,1,MEDIUM,28,GREEN,2024,Singapore_Race
01:45:09.627,30,16,1,3,4,18.96,False,MEDIUM,29,HARD,0,GREEN,2024,Singapore_Race
01:45:13.315,30,44,43,7,8,7.241,False,HARD,11,MEDIUM,28,GREEN,2024,Singapore_Race
01:45:21.735,30,44,27,6,7,0.951,False,HARD,12,MEDIUM,29,GREEN,2024,Singapore_Race
01:45:26.774,30,22,27,7,8,3.782,False,MEDIUM,29,MEDIUM,29,GREEN,2024,Singapore_Race
01:45:26.774,30,22,43,7,9,3.782,False,MEDIUM,29,MEDIUM,29,GREEN,2024,Singapore_Race
01:45:27.918,30,14,31,11,12,1.575,False,HARD,4,MEDIUM,28,GREEN,2024,Singapore_Race
01:45:32.677,30,55,27,8,9,5.993,False,HARD,16,MEDIUM,29,GREEN,2024,Singapore_Race
01:45:32.677,30,55,43,8,10,5.993,False,HARD,16,MEDIUM,29,GREEN,2024,Singapore_Race
01:45:32.733,30,10,31,12,13,4.839,False,MEDIUM,28,MEDIUM,28,GREEN,2024,Singapore_Race
01:45:36.502,30,14,27,9,10,3.619,False,HARD,5,MEDIUM,29,GREEN,2024,Singapore_Race
01:45:36.502,30,14,43,9,11,3.619,False,HARD,5,MEDIUM,29,GREEN,2024,Singapore_Race
01:45:41.302,30,10,27,10,11,4.822,False,MEDIUM,29,HARD,0,GREEN,2024,Singapore_Race
01:45:41.302,30,10,43,10,12,4.822,False,MEDIUM,29,HARD,0,GREEN,2024,Singapore_Race
01:45:43.815,30,11,31,13,14,0.949,False,HARD,1,MEDIUM,29,GREEN,2024,Singapore_Race
01:45:47.903,30,24,31,14,15,3.694,False,HARD,29,MEDIUM,29,GREEN,2024,Singapore_Race
01:45:49.562,30,3,31,15,16,1.729,False,MEDIUM,19,MEDIUM,29,GREEN,2024,Singapore_Race
01:45:49.844,30,11,43,12,13,0.126,False,HARD,1,HARD,0,GREEN,2024,Singapore_Race
01:45:51.974,30,77,31,16,17,2.249,False,HARD,29,MEDIUM,29,GREEN,2024,Singapore_Race
01:46:19.345,31,1,16,3,4,0.165,False,HARD,0,MEDIUM,29,GREEN,2024,Singapore_Race
01:46:45.919,31,27,10,10,11,0.437,False,HARD,0,MEDIUM,29,GREEN,2024,Singapore_Race
01:47:01.605,31,11,10,11,12,0.082,False,HARD,1,MEDIUM,29,GREEN,2024,Singapore_Race
01:47:24.814,31,43,10,12,13,0.139,False,HARD,1,MEDIUM,30,GREEN,2024,Singapore_Race
01:47:31.562,31,10,43,12,13,0.262,False,MEDIUM,30,HARD,1,GREEN,2024,Singapore_Race
01:48:48.277,32,3,24,14,15,0.105,False,MEDIUM,20,HARD,30,GREEN,2024,Singapore_Race
01:51:58.786,34,55,22,7,8,0.343,False,HARD,19,MEDIUM,32,GREEN,2024,Singapore_Race
01:52:01.662,34,14,22,8,9,2.827,False,HARD,8,MEDIUM,32,GREEN,2024,Singapore_Race
01:52:17.170,34,27,22,9,10,2.372,False,HARD,4,MEDIUM,33,GREEN,2024,Singapore_Race
01:52:17.726,34,11,22,10,11,0.617,False,HARD,5,MEDIUM,33,GREEN,2024,Singapore_Race
01:52:20.590,34,43,22,11,12,2.936,False,HARD,4,MEDIUM,33,GREEN,2024,Singapore_Race
01:52:28.462,34,10,22,12,13,7.604,False,MEDIUM,33,MEDIUM,33,GREEN,2024,Singapore_Race
01:52:29.127,34,3,22,13,14,0.676,False,MEDIUM,23,MEDIUM,0,GREEN,2024,Singapore_Race
01:52:31.019,34,31,77,16,17,6.377,False,HARD,3,HARD,32,GREEN,2024,Singapore_Race
01:52:32.616,34,20,77,17,18,1.61,False,MEDIUM,4,HARD,32,GREEN,2024,Singapore_Race
01:52:33.259,34,24,22,14,15,4.033,False,HARD,33,MEDIUM,0,GREEN,2024,Singapore_Race
01:52:44.998,34,18,77,18,19,1.853,False,MEDIUM,8,HARD,33,GREEN,2024,Singapore_Race
01:54:07.451,35,22,24,14,15,6.247,False,SOFT,3,HARD,33,GREEN,2024,Singapore_Race
01:54:09.465,35,31,24,15,16,2.036,False,HARD,4,HARD,33,GREEN,2024,Singapore_Race
01:54:10.556,35,20,24,16,17,1.1,False,MEDIUM,5,HARD,33,GREEN,2024,Singapore_Race
01:54:23.395,36,18,24,17,18,1.339,False,MEDIUM,9,HARD,34,GREEN,2024,Singapore_Race
01:56:17.715,37,3,10,12,13,0.143,False,MEDIUM,25,MEDIUM,35,GREEN,2024,Singapore_Race
01:56:34.205,37,63,16,4,5,0.551,False,HARD,8,MEDIUM,35,GREEN,2024,Singapore_Race
01:56:37.770,37,44,16,5,6,3.73,False,HARD,18,MEDIUM,35,GREEN,2024,Singapore_Race
01:57:01.847,37,55,16,6,7,11.882,False,HARD,23,MEDIUM,36,GREEN,2024,Singapore_Race
01:57:04.994,37,14,16,7,8,3.011,False,HARD,12,HARD,0,GREEN,2024,Singapore_Race
01:57:53.790,38,22,10,13,14,0.096,False,SOFT,6,MEDIUM,36,GREEN,2024,Singapore_Race
01:58:46.453,38,31,10,14,15,0.081,False,HARD,7,MEDIUM,36,GREEN,2024,Singapore_Race
01:59:01.299,38,20,10,15,16,0.062,False,MEDIUM,8,MEDIUM,36,GREEN,2024,Singapore_Race
01:59:09.494,38,18,10,16,17,0.817,False,MEDIUM,11,MEDIUM,36,GREEN,2024,Singapore_Race
01:59:38.205,39,24,10,17,18,13.167,False,MEDIUM,3,MEDIUM,37,GREEN,2024,Singapore_Race
01:59:39.519,39,77,10,18,19,1.152,False,MEDIUM,4,MEDIUM,37,GREEN,2024,Singapore_Race
01:59:43.474,39,1,81,2,3,0.63,False,HARD,9,MEDIUM,38,GREEN,2024,Singapore_Race
01:59:57.922,39,63,81,3,4,14.361,False,HARD,11,MEDIUM,38,GREEN,2024,Singapore_Race
02:00:01.930,39,44,81,4,5,3.921,False,HARD,21,HARD,0,GREEN,2024,Singapore_Race
02:02:06.506,40,81,44,4,5,0.077,False,HARD,1,HARD,22,GREEN,2024,Singapore_Race
02:03:01.844,41,16,14,7,8,0.352,False,HARD,3,HARD,15,GREEN,2024,Singapore_Race
02:04:26.139,42,22,3,12,13,0.518,False,SOFT,10,MEDIUM,30,GREEN,2024,Singapore_Race
02:06:29.570,43,16,55,6,7,0.222,False,HARD,5,HARD,28,GREEN,2024,Singapore_Race
02:10:08.992,45,81,63,3,4,0.102,False,HARD,6,HARD,17,GREEN,2024,Singapore_Race
02:11:33.202,46,31,3,13,14,0.031,False,HARD,15,MEDIUM,34,GREEN,2024,Singapore_Race
02:11:33.539,46,20,3,14,15,0.63,False,MEDIUM,16,MEDIUM,34,GREEN,2024,Singapore_Race
02:12:56.341,47,18,3,15,16,0.076,False,MEDIUM,20,MEDIUM,35,GREEN,2024,Singapore_Race
02:14:22.625,48,24,3,16,17,3.294,False,MEDIUM,12,MEDIUM,36,GREEN,2024,Singapore_Race
02:14:23.212,48,77,3,17,18,0.507,False,MEDIUM,13,MEDIUM,36,GREEN,2024,Singapore_Race
02:14:26.223,48,10,3,18,19,3.109,False,SOFT,9,MEDIUM,36,GREEN,2024,Singapore_Race
02:17:45.431,50,18,20,14,15,2.373,False,MEDIUM,23,MEDIUM,20,GREEN,2024,Singapore_Race
02:18:21.046,50,16,44,5,6,0.229,False,HARD,13,HARD,32,GREEN,2024,Singapore_Race
02:18:21.162,50,24,20,15,16,2.917,False,MEDIUM,14,MEDIUM,20,GREEN,2024,Singapore_Race
02:18:22.080,50,77,20,16,17,1.022,False,MEDIUM,15,MEDIUM,20,GREEN,2024,Singapore_Race
02:18:23.276,50,10,20,17,18,1.157,False,SOFT,11,MEDIUM,20,GREEN,2024,Singapore_Race
02:18:57.269,51,3,20,18,19,1.14,False,SOFT,2,MEDIUM,20,GREEN,2024,Singapore_Race
00:57:07.304,1,63,44,3,4,0.063,False,SOFT,3,SOFT,3,GREEN,2024,Spanish_Race
00:57:07.418,1,16,44,4,5,0.095,False,SOFT,0,SOFT,3,GREEN,2024,Spanish_Race
00:57:07.578,1,55,44,5,6,0.168,False,SOFT,0,SOFT,3,GREEN,2024,Spanish_Race
00:57:08.149,1,81,31,8,9,999.0,False,SOFT,3,SOFT,3,GREEN,2024,Spanish_Race
00:57:08.401,1,27,77,12,13,999.0,False,SOFT,0,SOFT,0,GREEN,2024,Spanish_Race
00:57:08.447,1,18,77,13,14,0.12,False,SOFT,0,SOFT,0,GREEN,2024,Spanish_Race
00:57:08.491,1,24,77,14,15,999.0,False,SOFT,0,SOFT,0,GREEN,2024,Spanish_Race
00:57:08.536,1,77,24,14,15,0.168,False,SOFT,0,SOFT,0,GREEN,2024,Spanish_Race
00:57:08.602,1,3,20,16,17,0.138,False,SOFT,0,SOFT,0,GREEN,2024,Spanish_Race
00:57:08.602,1,3,22,16,18,0.138,False,SOFT,0,SOFT,0,GREEN,2024,Spanish_Race
00:57:08.614,1,2,20,17,18,0.101,False,SOFT,0,SOFT,0,GREEN,2024,Spanish_Race
00:57:08.614,1,2,22,17,19,0.101,False,SOFT,0,SOFT,0,GREEN,2024,Spanish_Race
00:57:08.771,1,20,3,16,17,0.037,False,SOFT,0,SOFT,0,GREEN,2024,Spanish_Race
00:57:08.771,1,20,2,16,18,0.037,False,SOFT,0,SOFT,0,GREEN,2024,Spanish_Race
00:57:09.799,1,63,4,1,2,0.063,False,SOFT,3,SOFT,0,GREEN,2024,Spanish_Race
00:57:09.799,1,63,1,1,3,0.063,False,SOFT,3,SOFT,3,GREEN,2024,Spanish_Race
00:57:10.221,1,44,55,5,6,0.016,False,SOFT,3,SOFT,0,GREEN,2024,Spanish_Race
00:57:11.666,1,22,2,18,19,0.037,False,SOFT,0,SOFT,0,GREEN,2024,Spanish_Race
00:57:16.401,1,31,81,8,9,0.114,False,SOFT,3,SOFT,3,GREEN,2024,Spanish_Race
00:57:16.628,1,11,14,10,11,0.036,False,SOFT,3,SOFT,0,GREEN,2024,Spanish_Race
00:57:17.537,1,22,20,16,17,0.037,False,SOFT,0,SOFT,0,GREEN,2024,Spanish_Race
00:57:17.537,1,22,3,16,18,0.037,False,SOFT,0,SOFT,0,GREEN,2024,Spanish_Race
00:57:17.874,1,2,3,18,19,0.047,False,SOFT,0,SOFT,0,GREEN,2024,Spanish_Race
00:57:27.211,1,77,18,13,14,0.002,False,SOFT,0,SOFT,0,GREEN,2024,Spanish_Race
00:57:31.935,1,22,24,15,16,0.052,False,SOFT,0,SOFT,0,GREEN,2024,Spanish_Race
00:57:36.637,1,27,14,11,12,0.146,False,SOFT,0,SOFT,0,GREEN,2024,Spanish_Race
00:57:42.262,1,27,11,10,11,0.005,False,SOFT,0,SOFT,3,GREEN,2024,Spanish_Race
00:57:53.387,1,20,24,16,17,0.178,False,SOFT,0,SOFT,0,GREEN,2024,Spanish_Race
00:58:38.316,2,3,2,18,19,0.076,False,SOFT,1,SOFT,1,GREEN,2024,Spanish_Race
00:59:53.938,3,1,63,1,2,0.014,False,SOFT,5,SOFT,5,GREEN,2024,Spanish_Race
01:04:02.392,6,18,14,12,13,0.255,False,SOFT,5,SOFT,5,GREEN,2024,Spanish_Race
01:04:02.412,6,14,18,12,13,1.692,False,SOFT,5,SOFT,5,GREEN,2024,Spanish_Race
01:04:12.583,6,20,22,15,16,0.005,False,SOFT,5,SOFT,5,GREEN,2024,Spanish_Race
01:04:14.589,6,23,2,19,20,0.039,False,MEDIUM,5,SOFT,5,GREEN,2024,Spanish_Race
01:05:25.940,7,77,14,13,14,0.24,False,SOFT,6,SOFT,6,GREEN,2024,Spanish_Race
01:05:35.970,7,22,24,16,17,0.009,False,SOFT,6,SOFT,6,GREEN,2024,Spanish_Race
01:05:39.206,7,24,22,16,17,0.036,False,SOFT,6,SOFT,6,GREEN,2024,Spanish_Race
01:09:28.461,10,3,24,16,17,0.614,False,SOFT,8,SOFT,8,GREEN,2024,Spanish_Race
01:09:28.461,10,3,22,16,18,0.614,False,SOFT,8,SOFT,8,GREEN,2024,Spanish_Race
01:09:29.514,10,23,24,17,18,1.048,False,MEDIUM,8,SOFT,8,GREEN,2024,Spanish_Race
01:09:29.514,10,23,22,17,19,1.048,False,MEDIUM,8,SOFT,8,GREEN,2024,Spanish_Race
01:09:30.238,10,2,24,18,19,0.65,False,SOFT,8,SOFT,8,GREEN,2024,Spanish_Race
01:09:30.238,10,2,22,18,20,0.65,False,SOFT,8,SOFT,8,GREEN,2024,Spanish_Race
01:09:32.963,10,24,2,18,19,1.593,False,SOFT,8,SOFT,8,GREEN,2024,Spanish_Race
01:10:50.269,11,3,20,15,16,2.899,False,SOFT,9,SOFT,9,GREEN,2024,Spanish_Race
01:10:52.340,11,23,20,16,17,2.142,False,MEDIUM,9,SOFT,9,GREEN,2024,Spanish_Race
01:10:53.144,11,2,20,17,18,0.707,False,SOFT,9,SOFT,9,GREEN,2024,Spanish_Race
01:10:53.977,11,20,2,16,18,0.758,False,SOFT,9,SOFT,9,GREEN,2024,Spanish_Race
01:10:53.977,11,20,23,16,17,0.758,False,SOFT,9,MEDIUM,9,GREEN,2024,Spanish_Race
01:11:18.235,11,24,20,18,19,15.218,False,MEDIUM,1,MEDIUM,0,GREEN,2024,Spanish_Race
01:12:08.493,12,14,77,13,14,0.981,False,SOFT,10,SOFT,10,GREEN,2024,Spanish_Race
01:12:12.382,12,3,77,14,15,4.797,False,SOFT,10,SOFT,10,GREEN,2024,Spanish_Race
01:12:12.531,12,11,27,10,11,0.262,False,SOFT,14,SOFT,11,GREEN,2024,Spanish_Race
01:12:14.165,12,77,3,14,15,2.422,False,SOFT,10,SOFT,10,GREEN,2024,Spanish_Race
01:12:18.070,12,20,22,19,20,0.109,False,MEDIUM,0,MEDIUM,1,GREEN,2024,Spanish_Race
01:12:21.790,12,23,77,15,16,2.38,False,MEDIUM,11,SOFT,11,GREEN,2024,Spanish_Race
01:12:22.636,12,2,77,16,17,0.973,False,SOFT,11,SOFT,11,GREEN,2024,Spanish_Race
01:12:38.434,12,24,77,17,18,12.837,False,MEDIUM,2,SOFT,3,GREEN,2024,Spanish_Race
01:12:48.749,12,22,20,19,20,0.061,False,MEDIUM,2,MEDIUM,1,GREEN,2024,Spanish_Race
01:13:27.487,13,18,27,11,12,3.563,False,SOFT,11,SOFT,11,GREEN,2024,Spanish_Race
01:13:29.557,13,14,27,12,13,2.192,False,SOFT,11,SOFT,11,GREEN,2024,Spanish_Race
01:13:30.587,13,27,14,11,13,1.325,False,SOFT,11,SOFT,11,GREEN,2024,Spanish_Race
01:13:30.587,13,27,18,11,12,1.325,False,SOFT,11,SOFT,11,GREEN,2024,Spanish_Race
01:13:41.277,13,3,27,13,14,4.669,False,SOFT,12,SOFT,12,GREEN,2024,Spanish_Race
01:13:43.902,13,23,27,14,15,2.642,False,MEDIUM,11,SOFT,12,GREEN,2024,Spanish_Race
01:13:45.261,13,2,27,15,16,1.315,False,SOFT,12,SOFT,12,GREEN,2024,Spanish_Race
01:14:49.577,14,18,11,10,11,5.505,False,SOFT,12,SOFT,15,GREEN,2024,Spanish_Race
01:14:51.142,14,14,11,11,12,1.535,False,SOFT,12,SOFT,15,GREEN,2024,Spanish_Race
01:14:51.230,14,11,14,10,12,2.304,False,SOFT,15,SOFT,12,GREEN,2024,Spanish_Race
01:14:51.230,14,11,18,10,11,2.304,False,SOFT,15,SOFT,12,GREEN,2024,Spanish_Race
01:14:58.172,14,14,31,10,11,1.549,False,SOFT,13,SOFT,16,GREEN,2024,Spanish_Race
01:14:58.172,14,14,18,10,11,1.549,False,SOFT,13,SOFT,13,GREEN,2024,Spanish_Race
01:14:58.208,14,18,14,9,10,1.569,False,SOFT,13,SOFT,13,GREEN,2024,Spanish_Race
01:15:03.218,14,3,31,11,12,5.054,False,SOFT,13,SOFT,16,GREEN,2024,Spanish_Race
01:15:03.218,14,3,11,11,13,5.054,False,SOFT,13,SOFT,16,GREEN,2024,Spanish_Race
01:15:06.254,14,23,31,12,13,2.931,False,MEDIUM,13,SOFT,16,GREEN,2024,Spanish_Race
01:15:06.254,14,23,11,12,14,2.931,False,MEDIUM,13,SOFT,16,GREEN,2024,Spanish_Race
01:15:08.360,14,2,11,14,15,2.157,False,SOFT,13,SOFT,16,GREEN,2024,Spanish_Race
01:15:11.499,14,2,31,13,14,2.145,False,SOFT,13,MEDIUM,0,GREEN,2024,Spanish_Race
01:15:21.897,14,77,24,17,18,0.284,False,SOFT,5,MEDIUM,4,GREEN,2024,Spanish_Race
01:16:00.476,15,81,10,7,8,1.71,False,SOFT,16,SOFT,16,GREEN,2024,Spanish_Race
01:16:18.473,15,18,10,8,9,9.057,False,SOFT,14,SOFT,17,GREEN,2024,Spanish_Race
01:16:20.031,15,14,10,9,10,1.636,False,SOFT,13,SOFT,17,GREEN,2024,Spanish_Race
01:16:24.411,15,31,2,13,14,0.189,False,MEDIUM,0,SOFT,13,GREEN,2024,Spanish_Race
01:16:25.165,15,3,10,10,11,5.101,False,SOFT,13,SOFT,17,GREEN,2024,Spanish_Race
01:16:27.187,15,11,2,14,15,3.014,False,SOFT,3,SOFT,13,GREEN,2024,Spanish_Race
01:16:28.473,15,23,10,11,12,3.275,False,MEDIUM,14,SOFT,17,GREEN,2024,Spanish_Race
01:16:28.553,15,27,2,15,16,1.357,False,MEDIUM,1,SOFT,13,GREEN,2024,Spanish_Race
01:16:29.822,15,77,2,16,17,1.276,False,SOFT,5,SOFT,13,GREEN,2024,Spanish_Race
01:16:30.883,15,2,77,15,17,2.865,False,SOFT,13,SOFT,5,GREEN,2024,Spanish_Race
01:16:30.883,15,2,27,15,16,2.865,False,SOFT,13,MEDIUM,1,GREEN,2024,Spanish_Race
01:16:36.598,15,31,10,12,13,0.058,False,MEDIUM,1,MEDIUM,0,GREEN,2024,Spanish_Race
01:16:38.012,15,24,2,17,18,1.237,False,MEDIUM,5,SOFT,14,GREEN,2024,Spanish_Race
01:16:41.950,15,20,2,18,19,3.933,False,MEDIUM,4,SOFT,14,GREEN,2024,Spanish_Race
01:16:44.510,15,22,2,19,20,2.546,False,MEDIUM,4,SOFT,14,GREEN,2024,Spanish_Race
01:17:13.851,16,4,63,2,3,0.996,False,SOFT,14,SOFT,17,GREEN,2024,Spanish_Race
01:17:16.795,16,16,63,4,5,0.531,False,SOFT,14,SOFT,17,GREEN,2024,Spanish_Race
01:17:16.795,16,16,55,4,6,0.531,False,SOFT,14,SOFT,14,GREEN,2024,Spanish_Race
01:17:22.020,16,81,55,6,7,5.729,False,SOFT,17,SOFT,14,GREEN,2024,Spanish_Race
01:17:22.835,16,55,81,6,7,0.868,False,SOFT,14,SOFT,17,GREEN,2024,Spanish_Race
01:17:29.026,16,81,63,5,6,2.42,False,SOFT,17,SOFT,18,GREEN,2024,Spanish_Race
01:17:40.332,16,18,63,6,7,11.292,False,SOFT,15,SOFT,18,GREEN,2024,Spanish_Race
01:17:40.332,16,18,55,6,8,11.292,False,SOFT,15,SOFT,15,GREEN,2024,Spanish_Race
01:17:41.923,16,14,55,8,9,1.558,False,SOFT,15,SOFT,15,GREEN,2024,Spanish_Race
01:17:44.981,16,14,63,7,8,1.558,False,SOFT,15,SOFT,18,GREEN,2024,Spanish_Race
01:17:54.069,16,31,23,11,12,0.08,False,MEDIUM,2,MEDIUM,15,GREEN,2024,Spanish_Race
01:18:15.282,16,10,23,12,13,0.052,False,MEDIUM,1,MEDIUM,15,GREEN,2024,Spanish_Race
01:18:37.717,17,16,44,3,4,0.791,False,SOFT,15,SOFT,18,GREEN,2024,Spanish_Race
01:18:48.410,17,63,14,7,8,0.316,False,MEDIUM,0,SOFT,15,GREEN,2024,Spanish_Race
01:18:48.443,17,14,63,7,8,1.596,False,SOFT,15,MEDIUM,0,GREEN,2024,Spanish_Race
01:18:50.531,17,81,44,4,5,3.194,False,SOFT,19,SOFT,19,GREEN,2024,Spanish_Race
01:19:02.277,17,18,44,5,6,11.715,False,SOFT,16,SOFT,19,GREEN,2024,Spanish_Race
01:19:06.633,17,63,44,6,7,1.191,False,MEDIUM,1,MEDIUM,0,GREEN,2024,Spanish_Race
01:19:07.225,17,14,44,7,8,0.745,False,SOFT,16,MEDIUM,0,GREEN,2024,Spanish_Race
01:19:07.275,17,55,44,8,9,0.127,False,MEDIUM,1,MEDIUM,0,GREEN,2024,Spanish_Race
01:19:09.484,17,55,14,7,8,0.127,False,MEDIUM,1,SOFT,16,GREEN,2024,Spanish_Race
01:19:09.972,17,27,3,14,15,1.952,False,MEDIUM,3,SOFT,15,GREEN,2024,Spanish_Race
01:19:10.011,17,3,11,12,13,5.701,False,SOFT,15,SOFT,5,GREEN,2024,Spanish_Race
01:19:10.011,17,3,27,12,14,5.701,False,SOFT,15,MEDIUM,3,GREEN,2024,Spanish_Race
01:19:14.578,17,23,3,12,13,0.754,False,MEDIUM,15,SOFT,15,GREEN,2024,Spanish_Race
01:19:14.793,17,11,3,13,14,0.395,False,SOFT,5,SOFT,15,GREEN,2024,Spanish_Race
01:19:17.141,17,10,31,10,11,6.202,False,MEDIUM,2,MEDIUM,3,GREEN,2024,Spanish_Race
01:19:17.668,17,11,23,12,13,0.395,False,SOFT,6,MEDIUM,16,GREEN,2024,Spanish_Race
01:19:19.194,17,77,3,15,16,2.279,False,SOFT,7,SOFT,16,GREEN,2024,Spanish_Race
01:19:20.762,17,24,3,16,17,1.653,False,MEDIUM,7,SOFT,16,GREEN,2024,Spanish_Race
01:19:24.981,17,20,3,17,18,4.124,False,MEDIUM,5,SOFT,16,GREEN,2024,Spanish_Race
01:19:40.049,17,44,14,8,9,0.223,False,MEDIUM,0,SOFT,16,GREEN,2024,Spanish_Race
01:19:55.179,17,4,1,1,2,4.371,False,SOFT,16,SOFT,19,GREEN,2024,Spanish_Race
01:19:57.508,17,1,4,1,2,0.014,False,SOFT,19,SOFT,16,GREEN,2024,Spanish_Race
01:20:02.188,18,4,1,1,2,0.837,False,SOFT,17,SOFT,20,GREEN,2024,Spanish_Race
01:20:03.357,18,63,18,5,6,0.014,False,MEDIUM,1,SOFT,16,GREEN,2024,Spanish_Race
01:20:05.731,18,16,1,2,3,3.582,False,SOFT,17,SOFT,20,GREEN,2024,Spanish_Race
01:20:12.431,18,81,1,3,4,6.65,False,SOFT,20,SOFT,20,GREEN,2024,Spanish_Race
01:20:18.446,18,55,18,6,7,0.17,False,MEDIUM,1,SOFT,16,GREEN,2024,Spanish_Race
01:20:18.738,18,44,18,7,8,0.232,False,MEDIUM,0,SOFT,16,GREEN,2024,Spanish_Race
01:20:20.660,18,14,18,8,9,1.943,False,SOFT,16,SOFT,16,GREEN,2024,Spanish_Race
01:20:25.154,18,10,18,9,10,6.892,False,MEDIUM,2,SOFT,16,GREEN,2024,Spanish_Race
01:20:25.452,18,18,10,9,10,1.341,False,SOFT,16,MEDIUM,2,GREEN,2024,Spanish_Race
01:20:32.882,18,31,18,10,11,0.863,False,MEDIUM,4,SOFT,17,GREEN,2024,Spanish_Race
01:20:35.362,18,11,18,11,12,2.347,False,SOFT,7,SOFT,17,GREEN,2024,Spanish_Race
01:20:38.141,18,23,18,12,13,2.711,False,MEDIUM,17,SOFT,17,GREEN,2024,Spanish_Race
01:20:38.178,18,27,18,13,14,0.249,False,MEDIUM,5,SOFT,17,GREEN,2024,Spanish_Race
01:20:40.718,18,77,18,14,15,2.585,False,SOFT,9,SOFT,17,GREEN,2024,Spanish_Race
01:20:41.063,18,27,23,12,13,2.541,False,MEDIUM,5,MEDIUM,17,GREEN,2024,Spanish_Race
01:20:42.368,18,24,18,15,16,1.673,False,MEDIUM,8,SOFT,17,GREEN,2024,Spanish_Race
01:20:49.338,18,20,18,16,17,3.857,False,MEDIUM,7,MEDIUM,1,GREEN,2024,Spanish_Race
01:21:55.429,19,77,23,13,14,0.919,False,SOFT,9,MEDIUM,17,GREEN,2024,Spanish_Race
01:21:55.598,19,44,55,6,7,0.035,False,MEDIUM,2,MEDIUM,3,GREEN,2024,Spanish_Race
01:21:56.976,19,24,23,14,15,1.674,False,MEDIUM,8,MEDIUM,17,GREEN,2024,Spanish_Race
01:22:00.590,19,20,23,15,16,6.122,False,MEDIUM,7,MEDIUM,17,GREEN,2024,Spanish_Race
01:22:01.171,19,23,20,15,16,2.246,False,MEDIUM,17,MEDIUM,7,GREEN,2024,Spanish_Race
01:22:08.128,19,18,23,16,17,0.717,False,MEDIUM,2,MEDIUM,18,GREEN,2024,Spanish_Race
01:22:11.777,19,22,23,17,18,3.544,False,MEDIUM,9,MEDIUM,18,GREEN,2024,Spanish_Race
01:22:14.659,19,3,23,18,19,2.858,False,MEDIUM,1,MEDIUM,18,GREEN,2024,Spanish_Race
01:22:17.686,19,2,23,19,20,2.992,False,MEDIUM,4,MEDIUM,18,GREEN,2024,Spanish_Race
01:23:06.016,20,10,14,8,9,1.271,False,MEDIUM,4,SOFT,18,GREEN,2024,Spanish_Race
01:23:07.706,20,31,14,9,10,1.639,False,MEDIUM,5,SOFT,18,GREEN,2024,Spanish_Race
01:23:09.149,20,11,14,10,11,1.47,False,SOFT,8,SOFT,18,GREEN,2024,Spanish_Race
01:23:20.238,20,27,14,11,12,4.169,False,MEDIUM,6,SOFT,19,GREEN,2024,Spanish_Race
01:23:23.592,20,77,14,12,13,3.342,False,SOFT,11,SOFT,19,GREEN,2024,Spanish_Race
01:23:25.326,20,24,14,13,14,1.767,False,MEDIUM,10,SOFT,19,GREEN,2024,Spanish_Race
01:23:28.463,20,20,14,14,15,3.15,False,MEDIUM,9,SOFT,19,GREEN,2024,Spanish_Race
01:23:28.717,20,18,14,15,16,0.227,False,MEDIUM,2,SOFT,19,GREEN,2024,Spanish_Race
01:23:33.835,20,18,20,14,15,0.024,False,MEDIUM,3,MEDIUM,9,GREEN,2024,Spanish_Race
01:24:56.918,21,1,81,3,4,0.128,False,MEDIUM,3,SOFT,23,GREEN,2024,Spanish_Race
01:25:36.258,22,63,81,4,5,2.483,False,MEDIUM,5,SOFT,23,GREEN,2024,Spanish_Race
01:25:37.663,22,44,81,5,6,1.376,False,MEDIUM,4,SOFT,23,GREEN,2024,Spanish_Race
01:25:39.447,22,55,81,6,7,1.743,False,MEDIUM,5,SOFT,23,GREEN,2024,Spanish_Race
01:25:40.774,22,81,44,5,6,1.789,False,SOFT,23,MEDIUM,4,GREEN,2024,Spanish_Race
01:25:40.774,22,81,55,5,7,1.789,False,SOFT,23,MEDIUM,5,GREEN,2024,Spanish_Race
01:25:53.842,22,10,81,7,8,7.471,False,MEDIUM,6,SOFT,24,GREEN,2024,Spanish_Race
01:25:56.089,22,31,81,8,9,2.221,False,MEDIUM,8,SOFT,24,GREEN,2024,Spanish_Race
01:25:57.787,22,11,81,9,10,1.735,False,SOFT,11,SOFT,24,GREEN,2024,Spanish_Race
01:26:08.128,22,27,81,10,11,0.014,False,MEDIUM,9,MEDIUM,0,GREEN,2024,Spanish_Race
01:26:38.687,22,3,22,17,18,0.452,False,MEDIUM,5,MEDIUM,12,GREEN,2024,Spanish_Race
01:26:55.648,23,81,27,10,11,5.37,False,MEDIUM,0,MEDIUM,9,GREEN,2024,Spanish_Race
01:27:37.364,23,14,20,15,16,2.058,False,MEDIUM,4,MEDIUM,12,GREEN,2024,Spanish_Race
01:28:06.648,23,16,4,1,2,6.234,False,SOFT,22,SOFT,22,GREEN,2024,Spanish_Race
01:28:07.264,23,4,16,1,2,0.837,False,SOFT,22,SOFT,22,GREEN,2024,Spanish_Race
01:28:18.290,24,1,4,2,3,4.739,False,MEDIUM,6,SOFT,23,GREEN,2024,Spanish_Race
01:28:23.149,24,63,4,3,4,4.862,False,MEDIUM,8,SOFT,23,GREEN,2024,Spanish_Race
01:28:24.357,24,44,4,4,5,1.239,False,MEDIUM,6,SOFT,23,GREEN,2024,Spanish_Race
01:28:29.580,24,55,4,5,6,2.177,False,MEDIUM,8,SOFT,23,GREEN,2024,Spanish_Race
01:29:31.055,24,1,16,1,2,2.658,False,MEDIUM,6,SOFT,23,GREEN,2024,Spanish_Race
01:29:43.193,25,63,16,2,3,4.296,False,MEDIUM,9,SOFT,24,GREEN,2024,Spanish_Race
01:29:44.443,25,44,16,3,4,1.279,False,MEDIUM,7,SOFT,24,GREEN,2024,Spanish_Race
01:29:46.713,25,55,16,4,5,2.293,False,MEDIUM,9,SOFT,24,GREEN,2024,Spanish_Race
01:29:58.363,25,10,16,6,7,6.564,False,MEDIUM,10,MEDIUM,0,GREEN,2024,Spanish_Race
01:30:07.543,25,23,2,19,20,0.251,False,SOFT,5,MEDIUM,9,GREEN,2024,Spanish_Race
01:30:18.734,25,24,77,12,13,0.417,False,MEDIUM,15,SOFT,16,GREEN,2024,Spanish_Race
01:31:41.322,26,18,77,13,14,0.044,False,MEDIUM,9,SOFT,17,GREEN,2024,Spanish_Race
01:32:29.836,27,4,55,4,5,0.191,False,MEDIUM,3,MEDIUM,11,GREEN,2024,Spanish_Race
01:32:39.481,27,16,10,6,7,9.66,False,MEDIUM,2,MEDIUM,12,GREEN,2024,Spanish_Race
01:33:01.816,27,14,77,14,15,0.07,False,MEDIUM,8,SOFT,18,GREEN,2024,Spanish_Race
01:34:05.991,28,81,11,9,10,0.883,False,MEDIUM,6,SOFT,17,GREEN,2024,Spanish_Race
01:34:25.254,28,23,22,18,19,1.246,False,SOFT,8,MEDIUM,17,GREEN,2024,Spanish_Race
01:34:29.518,28,2,22,19,20,5.519,False,MEDIUM,12,MEDIUM,17,GREEN,2024,Spanish_Race
01:34:30.646,28,22,2,19,20,4.611,False,MEDIUM,17,MEDIUM,12,GREEN,2024,Spanish_Race
01:35:26.667,29,81,31,8,9,4.24,False,MEDIUM,7,MEDIUM,15,GREEN,2024,Spanish_Race
01:35:39.873,29,20,77,15,16,2.531,False,MEDIUM,17,SOFT,19,GREEN,2024,Spanish_Race
01:35:40.928,29,3,77,16,17,1.091,False,MEDIUM,11,SOFT,19,GREEN,2024,Spanish_Race
01:35:44.033,29,77,3,16,17,2.355,False,SOFT,19,MEDIUM,11,GREEN,2024,Spanish_Race
01:35:53.678,29,23,77,17,18,5.715,False,SOFT,10,SOFT,20,GREEN,2024,Spanish_Race
01:35:59.168,29,2,77,18,19,5.5,False,MEDIUM,13,SOFT,20,GREEN,2024,Spanish_Race
01:36:56.501,30,11,31,9,10,2.682,False,SOFT,19,MEDIUM,16,GREEN,2024,Spanish_Race
01:37:02.373,30,3,20,15,16,0.737,False,MEDIUM,12,MEDIUM,18,GREEN,2024,Spanish_Race
01:37:07.732,30,23,20,16,17,6.207,False,SOFT,10,MEDIUM,18,GREEN,2024,Spanish_Race
01:37:21.620,30,2,20,17,18,6.823,False,MEDIUM,15,MEDIUM,19,GREEN,2024,Spanish_Race
01:37:27.495,30,77,20,18,19,5.904,False,HARD,1,MEDIUM,19,GREEN,2024,Spanish_Race
01:37:33.743,31,22,20,19,20,6.256,False,HARD,2,MEDIUM,19,GREEN,2024,Spanish_Race
01:39:08.154,32,4,44,3,4,0.189,False,MEDIUM,8,MEDIUM,15,GREEN,2024,Spanish_Race
01:39:23.996,32,31,11,9,10,1.419,False,MEDIUM,17,SOFT,20,GREEN,2024,Spanish_Race
01:39:28.414,32,27,11,10,11,5.847,False,MEDIUM,18,SOFT,20,GREEN,2024,Spanish_Race
01:39:29.486,32,11,27,10,11,5.846,False,SOFT,20,MEDIUM,18,GREEN,2024,Spanish_Race
01:39:41.803,32,24,11,11,12,6.442,False,MEDIUM,22,SOFT,21,GREEN,2024,Spanish_Race
01:39:43.932,32,18,11,12,13,2.154,False,MEDIUM,15,SOFT,21,GREEN,2024,Spanish_Race
01:39:46.053,32,14,11,13,14,2.126,False,MEDIUM,13,SOFT,21,GREEN,2024,Spanish_Race
01:41:29.555,33,77,2,17,18,0.205,False,HARD,3,MEDIUM,17,GREEN,2024,Spanish_Race
01:42:14.524,34,81,10,7,8,0.053,False,MEDIUM,12,MEDIUM,19,GREEN,2024,Spanish_Race
01:42:31.076,34,11,14,13,14,1.824,False,MEDIUM,2,MEDIUM,15,GREEN,2024,Spanish_Race
01:43:18.296,35,4,63,2,3,0.096,False,MEDIUM,11,MEDIUM,19,GREEN,2024,Spanish_Race
01:43:28.556,35,63,4,2,3,0.061,False,MEDIUM,19,MEDIUM,11,GREEN,2024,Spanish_Race
01:43:52.989,35,11,18,12,13,0.007,False,MEDIUM,3,MEDIUM,18,GREEN,2024,Spanish_Race
01:44:07.976,35,22,2,18,19,0.345,False,HARD,6,MEDIUM,19,GREEN,2024,Spanish_Race
01:44:12.709,35,20,2,19,20,5.009,False,HARD,4,MEDIUM,19,GREEN,2024,Spanish_Race
01:44:19.575,36,20,2,19,20,1.299,False,HARD,4,MEDIUM,20,GREEN,2024,Spanish_Race
01:45:41.160,37,44,63,3,4,0.353,False,MEDIUM,19,MEDIUM,20,GREEN,2024,Spanish_Race
01:45:45.709,37,16,63,4,5,0.792,False,MEDIUM,11,MEDIUM,20,GREEN,2024,Spanish_Race
01:45:45.709,37,16,55,4,6,0.792,False,MEDIUM,11,MEDIUM,20,GREEN,2024,Spanish_Race
01:45:47.454,37,63,16,4,5,2.309,False,MEDIUM,20,MEDIUM,11,GREEN,2024,Spanish_Race
01:46:03.798,37,81,63,5,6,8.693,False,MEDIUM,15,MEDIUM,21,GREEN,2024,Spanish_Race
01:46:03.798,37,81,55,5,7,8.693,False,MEDIUM,15,MEDIUM,21,GREEN,2024,Spanish_Race
01:46:09.054,37,10,55,7,8,5.29,False,MEDIUM,21,MEDIUM,21,GREEN,2024,Spanish_Race
01:46:12.188,37,10,63,6,7,5.29,False,MEDIUM,22,HARD,0,GREEN,2024,Spanish_Race
01:47:33.351,38,63,10,6,7,6.78,False,HARD,1,MEDIUM,23,GREEN,2024,Spanish_Race
01:47:36.027,38,27,31,9,10,3.262,False,MEDIUM,24,MEDIUM,23,GREEN,2024,Spanish_Race
01:47:45.229,38,11,31,10,11,1.696,False,MEDIUM,5,MEDIUM,24,GREEN,2024,Spanish_Race
01:47:50.524,38,24,31,11,12,5.275,False,MEDIUM,28,MEDIUM,24,GREEN,2024,Spanish_Race
01:47:52.090,38,3,18,14,15,6.338,False,MEDIUM,20,MEDIUM,20,GREEN,2024,Spanish_Race
01:47:52.614,38,18,3,14,15,2.19,False,MEDIUM,20,MEDIUM,20,GREEN,2024,Spanish_Race
01:47:53.109,38,14,31,12,13,2.661,False,MEDIUM,19,MEDIUM,24,GREEN,2024,Spanish_Race
01:48:02.150,38,3,31,13,14,6.168,False,MEDIUM,21,HARD,0,GREEN,2024,Spanish_Race
01:48:05.677,38,23,18,15,16,6.505,False,SOFT,19,MEDIUM,21,GREEN,2024,Spanish_Race
01:48:13.233,39,77,18,16,17,7.59,False,HARD,9,MEDIUM,21,GREEN,2024,Spanish_Race
01:48:45.664,39,55,10,7,8,0.418,False,HARD,1,MEDIUM,23,GREEN,2024,Spanish_Race
01:48:57.827,39,11,27,9,10,0.69,False,MEDIUM,6,MEDIUM,25,GREEN,2024,Spanish_Race
01:49:04.605,39,11,10,8,9,8.978,False,MEDIUM,6,MEDIUM,24,GREEN,2024,Spanish_Race
01:49:11.889,39,24,27,10,11,4.288,False,MEDIUM,29,MEDIUM,26,GREEN,2024,Spanish_Race
01:49:13.731,39,14,27,11,12,1.967,False,MEDIUM,20,MEDIUM,26,GREEN,2024,Spanish_Race
01:49:14.888,39,24,10,9,10,4.288,False,MEDIUM,29,MEDIUM,24,GREEN,2024,Spanish_Race
01:49:20.235,39,3,27,12,13,6.518,False,MEDIUM,21,MEDIUM,26,GREEN,2024,Spanish_Race
01:49:21.213,39,31,27,13,14,0.986,False,HARD,1,MEDIUM,26,GREEN,2024,Spanish_Race
01:50:36.235,40,10,24,9,10,9.377,False,HARD,1,MEDIUM,30,GREEN,2024,Spanish_Race
01:50:45.499,40,31,3,12,13,0.096,False,HARD,2,MEDIUM,23,GREEN,2024,Spanish_Race
01:52:20.782,42,18,77,16,17,0.108,False,HARD,4,HARD,12,GREEN,2024,Spanish_Race
01:53:11.407,42,14,24,10,11,1.069,False,MEDIUM,22,MEDIUM,31,GREEN,2024,Spanish_Race
01:53:15.250,42,31,24,11,12,4.799,False,HARD,3,MEDIUM,31,GREEN,2024,Spanish_Race
01:53:17.196,42,24,31,11,12,4.299,False,MEDIUM,31,HARD,3,GREEN,2024,Spanish_Race
01:53:26.444,42,3,24,12,13,4.217,False,MEDIUM,25,MEDIUM,32,GREEN,2024,Spanish_Race
01:53:27.424,42,27,24,13,14,1.095,False,HARD,3,MEDIUM,32,GREEN,2024,Spanish_Race
01:53:33.380,43,23,24,14,15,5.81,False,SOFT,23,MEDIUM,32,GREEN,2024,Spanish_Race
01:53:42.147,43,18,24,15,16,5.61,False,HARD,5,HARD,0,GREEN,2024,Spanish_Race
01:53:49.431,43,20,22,18,19,0.065,False,HARD,12,HARD,14,GREEN,2024,Spanish_Race
01:53:51.785,43,77,24,16,17,0.047,False,HARD,13,HARD,0,GREEN,2024,Spanish_Race
01:54:40.945,43,27,3,12,13,0.105,False,HARD,3,MEDIUM,25,GREEN,2024,Spanish_Race
01:54:57.630,44,23,3,13,14,6.264,False,SOFT,24,MEDIUM,26,GREEN,2024,Spanish_Race
01:54:59.927,44,18,3,14,15,2.356,False,HARD,5,MEDIUM,26,GREEN,2024,Spanish_Race
01:55:02.507,44,77,3,15,16,2.564,False,HARD,14,MEDIUM,26,GREEN,2024,Spanish_Race
01:55:02.730,44,24,3,16,17,0.428,False,HARD,1,MEDIUM,26,GREEN,2024,Spanish_Race
01:55:03.428,44,16,44,3,4,2.762,False,MEDIUM,18,MEDIUM,26,GREEN,2024,Spanish_Race
01:55:05.423,44,20,3,17,18,2.47,False,HARD,12,MEDIUM,26,GREEN,2024,Spanish_Race
01:55:05.615,44,24,77,15,16,0.428,False,HARD,1,HARD,14,GREEN,2024,Spanish_Race
01:55:11.144,44,22,3,18,19,2.77,False,HARD,15,MEDIUM,0,GREEN,2024,Spanish_Race
01:55:22.384,44,81,44,4,5,11.225,False,MEDIUM,22,MEDIUM,27,GREEN,2024,Spanish_Race
01:55:24.507,44,63,44,5,6,2.333,False,HARD,6,MEDIUM,27,GREEN,2024,Spanish_Race
01:55:30.478,44,55,44,6,7,2.763,False,HARD,7,MEDIUM,27,GREEN,2024,Spanish_Race
01:56:13.238,44,4,1,1,2,4.421,False,MEDIUM,20,MEDIUM,26,GREEN,2024,Spanish_Race
01:56:14.527,44,18,23,13,14,1.536,False,HARD,6,SOFT,24,GREEN,2024,Spanish_Race
01:56:15.007,44,24,23,14,15,0.51,False,HARD,1,SOFT,24,GREEN,2024,Spanish_Race
01:56:18.264,45,77,23,15,16,5.019,False,HARD,14,SOFT,24,GREEN,2024,Spanish_Race
01:56:19.463,45,20,23,16,17,1.399,False,HARD,13,SOFT,24,GREEN,2024,Spanish_Race
01:56:19.711,45,23,77,15,16,13.004,False,SOFT,24,HARD,14,GREEN,2024,Spanish_Race
01:56:19.711,45,23,20,15,16,13.004,False,SOFT,24,HARD,13,GREEN,2024,Spanish_Race
01:56:20.012,45,4,1,1,2,0.764,False,MEDIUM,20,MEDIUM,26,GREEN,2024,Spanish_Race
01:56:26.860,45,24,18,13,14,0.031,False,HARD,2,HARD,7,GREEN,2024,Spanish_Race
01:56:29.161,45,22,23,17,18,2.779,False,HARD,15,SOFT,25,GREEN,2024,Spanish_Race
01:56:30.303,45,16,1,2,3,10.265,False,MEDIUM,19,MEDIUM,27,GREEN,2024,Spanish_Race
01:57:46.768,46,3,22,17,18,1.19,False,HARD,1,HARD,16,GREEN,2024,Spanish_Race
01:58:00.956,46,23,22,18,19,5.324,False,SOFT,1,HARD,17,GREEN,2024,Spanish_Race
01:58:05.972,46,63,81,4,5,0.189,False,HARD,9,MEDIUM,24,GREEN,2024,Spanish_Race
01:58:08.678,46,44,55,6,7,0.123,False,SOFT,5,HARD,9,GREEN,2024,Spanish_Race
01:58:09.287,46,2,22,19,20,8.333,False,HARD,9,HARD,17,GREEN,2024,Spanish_Race
01:58:34.059,46,31,14,10,11,0.494,False,HARD,7,MEDIUM,26,GREEN,2024,Spanish_Race
01:58:38.947,46,27,14,11,12,5.44,False,HARD,6,MEDIUM,26,GREEN,2024,Spanish_Race
01:58:40.137,46,14,27,11,12,8.824,False,MEDIUM,26,HARD,6,GREEN,2024,Spanish_Race
01:59:03.727,47,24,14,12,13,14.68,False,HARD,4,MEDIUM,0,GREEN,2024,Spanish_Race
01:59:17.035,47,44,81,5,6,0.291,False,SOFT,5,MEDIUM,24,GREEN,2024,Spanish_Race
01:59:18.941,47,55,81,6,7,1.947,False,HARD,9,MEDIUM,24,GREEN,2024,Spanish_Race
01:59:39.540,47,11,81,7,8,12.488,False,MEDIUM,14,MEDIUM,25,GREEN,2024,Spanish_Race
02:00:25.387,48,1,16,2,3,1.678,False,SOFT,2,MEDIUM,22,GREEN,2024,Spanish_Race
02:00:32.247,48,1,4,1,2,11.014,False,SOFT,3,MEDIUM,24,GREEN,2024,Spanish_Race
02:00:40.037,48,63,16,3,4,6.084,False,HARD,10,MEDIUM,23,GREEN,2024,Spanish_Race
02:00:42.092,48,44,16,4,5,1.988,False,SOFT,7,MEDIUM,23,GREEN,2024,Spanish_Race
02:00:44.777,48,55,16,5,6,2.727,False,HARD,10,MEDIUM,23,GREEN,2024,Spanish_Race
02:03:35.444,50,81,11,7,8,3.491,False,SOFT,5,MEDIUM,17,GREEN,2024,Spanish_Race
02:03:49.555,50,10,11,8,9,7.118,False,HARD,10,MEDIUM,18,GREEN,2024,Spanish_Race
02:04:05.220,50,31,11,9,10,9.935,False,HARD,12,SOFT,3,GREEN,2024,Spanish_Race
02:05:22.163,51,11,31,9,10,0.12,False,SOFT,4,HARD,13,GREEN,2024,Spanish_Race
02:06:05.960,52,44,63,3,4,0.057,False,SOFT,11,HARD,15,GREEN,2024,Spanish_Race
02:08:18.319,54,14,24,12,13,0.24,False,HARD,8,HARD,11,GREEN,2024,Spanish_Race
02:10:05.741,55,16,55,5,6,0.825,False,SOFT,10,HARD,18,GREEN,2024,Spanish_Race
02:11:44.898,56,22,2,19,20,14.625,False,SOFT,10,HARD,20,GREEN,2024,Spanish_Race
02:14:10.625,58,3,20,16,17,0.115,False,HARD,14,HARD,27,GREEN,2024,Spanish_Race
02:16:03.420,59,22,23,18,19,11.034,False,SOFT,13,SOFT,14,GREEN,2024,Spanish_Race
02:16:06.280,60,23,22,18,19,1.803,False,SOFT,14,SOFT,13,GREEN,2024,Spanish_Race
02:18:11.993,61,3,77,15,16,0.234,False,HARD,17,HARD,31,GREEN,2024,Spanish_Race
02:25:06.649,66,11,10,8,9,0.043,False,SOFT,19,HARD,27,GREEN,2024,Spanish_Race
01:12:04.820,1,63,4,1,2,999.0,False,INTERMEDIATE,3,INTERMEDIATE,3,GREEN,2024,São_Paulo_Race
01:12:06.330,1,81,23,7,8,999.0,False,INTERMEDIATE,3,,0,GREEN,2024,São_Paulo_Race
01:12:06.376,1,14,23,8,9,0.219,False,INTERMEDIATE,0,,0,GREEN,2024,São_Paulo_Race
01:12:06.766,1,77,23,9,10,999.0,False,INTERMEDIATE,0,,0,GREEN,2024,São_Paulo_Race
01:12:06.766,1,77,18,9,11,999.0,False,INTERMEDIATE,0,INTERMEDIATE,0,GREEN,2024,São_Paulo_Race
01:12:06.772,1,10,23,10,11,999.0,False,INTERMEDIATE,0,,0,GREEN,2024,São_Paulo_Race
01:12:06.772,1,10,18,10,12,999.0,False,INTERMEDIATE,0,INTERMEDIATE,0,GREEN,2024,São_Paulo_Race
01:12:06.772,1,10,11,10,13,999.0,False,INTERMEDIATE,0,INTERMEDIATE,0,GREEN,2024,São_Paulo_Race
01:12:06.855,1,44,23,11,12,999.0,False,INTERMEDIATE,0,,0,GREEN,2024,São_Paulo_Race
01:12:06.855,1,44,18,11,13,999.0,False,INTERMEDIATE,0,INTERMEDIATE,0,GREEN,2024,São_Paulo_Race
01:12:06.855,1,44,11,11,14,999.0,False,INTERMEDIATE,0,INTERMEDIATE,0,GREEN,2024,São_Paulo_Race
01:12:07.129,1,1,23,12,13,999.0,False,INTERMEDIATE,0,,0,GREEN,2024,São_Paulo_Race
01:12:07.129,1,1,18,12,14,999.0,False,INTERMEDIATE,0,INTERMEDIATE,0,GREEN,2024,São_Paulo_Race
01:12:07.129,1,1,11,12,15,999.0,False,INTERMEDIATE,0,INTERMEDIATE,0,GREEN,2024,São_Paulo_Race
01:12:07.129,1,1,50,12,16,999.0,False,INTERMEDIATE,0,INTERMEDIATE,0,GREEN,2024,São_Paulo_Race
01:12:07.129,1,1,43,12,17,999.0,False,INTERMEDIATE,0,INTERMEDIATE,0,GREEN,2024,São_Paulo_Race
01:12:07.201,1,43,23,13,14,999.0,False,INTERMEDIATE,0,,0,GREEN,2024,São_Paulo_Race
01:12:07.201,1,43,18,13,15,999.0,False,INTERMEDIATE,0,INTERMEDIATE,0,GREEN,2024,São_Paulo_Race
01:12:07.201,1,43,11,13,16,999.0,False,INTERMEDIATE,0,INTERMEDIATE,0,GREEN,2024,São_Paulo_Race
01:12:07.201,1,43,50,13,17,999.0,False,INTERMEDIATE,0,INTERMEDIATE,0,GREEN,2024,São_Paulo_Race
01:12:07.280,1,11,23,14,15,0.199,False,INTERMEDIATE,0,,0,GREEN,2024,São_Paulo_Race
01:12:07.280,1,11,18,14,16,0.199,False,INTERMEDIATE,0,INTERMEDIATE,0,GREEN,2024,São_Paulo_Race
01:12:07.643,1,50,23,15,16,0.905,False,INTERMEDIATE,0,,0,GREEN,2024,São_Paulo_Race
01:12:07.643,1,50,18,15,17,0.905,False,INTERMEDIATE,0,INTERMEDIATE,0,GREEN,2024,São_Paulo_Race
01:12:07.809,1,27,23,16,17,0.545,False,INTERMEDIATE,0,,0,GREEN,2024,São_Paulo_Race
01:12:07.809,1,27,18,16,18,0.545,False,INTERMEDIATE,0,INTERMEDIATE,0,GREEN,2024,São_Paulo_Race
01:12:08.452,1,24,23,17,18,0.493,False,INTERMEDIATE,0,,0,GREEN,2024,São_Paulo_Race
01:12:08.452,1,24,18,17,19,0.493,False,INTERMEDIATE,0,INTERMEDIATE,0,GREEN,2024,São_Paulo_Race
01:12:12.162,1,10,77,9,10,0.019,False,INTERMEDIATE,0,INTERMEDIATE,0,GREEN,2024,São_Paulo_Race
01:12:14.540,1,44,77,10,11,0.098,False,INTERMEDIATE,0,INTERMEDIATE,0,GREEN,2024,São_Paulo_Race
01:12:14.557,1,43,1,12,13,0.094,False,INTERMEDIATE,0,INTERMEDIATE,0,GREEN,2024,São_Paulo_Race
01:12:15.202,1,16,30,5,6,0.143,False,INTERMEDIATE,2,INTERMEDIATE,3,GREEN,2024,São_Paulo_Race
01:12:17.449,1,50,11,14,15,0.163,False,INTERMEDIATE,0,INTERMEDIATE,0,GREEN,2024,São_Paulo_Race
01:12:20.718,1,1,77,11,12,0.135,False,INTERMEDIATE,0,INTERMEDIATE,0,GREEN,2024,São_Paulo_Race
01:12:26.362,1,43,77,12,13,0.04,False,INTERMEDIATE,0,INTERMEDIATE,0,GREEN,2024,São_Paulo_Race
01:12:26.551,1,11,50,14,15,0.014,False,INTERMEDIATE,0,INTERMEDIATE,0,GREEN,2024,São_Paulo_Race
01:12:27.385,1,55,23,18,19,999.0,False,INTERMEDIATE,0,,0,GREEN,2024,São_Paulo_Race
01:12:27.385,1,55,18,18,20,999.0,False,INTERMEDIATE,0,INTERMEDIATE,0,GREEN,2024,São_Paulo_Race
01:12:32.922,1,14,81,7,8,0.042,False,INTERMEDIATE,0,INTERMEDIATE,3,GREEN,2024,São_Paulo_Race
01:12:36.723,1,81,14,7,8,0.006,False,INTERMEDIATE,3,INTERMEDIATE,0,GREEN,2024,São_Paulo_Race
01:12:48.331,1,50,77,13,14,0.265,False,INTERMEDIATE,0,INTERMEDIATE,0,GREEN,2024,São_Paulo_Race
01:13:36.621,2,27,77,14,15,0.026,False,INTERMEDIATE,0,INTERMEDIATE,0,GREEN,2024,São_Paulo_Race
01:13:39.001,2,1,44,10,11,0.204,False,INTERMEDIATE,1,INTERMEDIATE,1,GREEN,2024,São_Paulo_Race
01:16:39.421,4,55,24,16,17,0.053,False,INTERMEDIATE,3,INTERMEDIATE,3,GREEN,2024,São_Paulo_Race
01:17:37.582,4,24,50,16,17,0.52,False,INTERMEDIATE,3,INTERMEDIATE,3,GREEN,2024,São_Paulo_Race
01:18:13.505,5,1,10,9,10,0.025,False,INTERMEDIATE,4,INTERMEDIATE,4,GREEN,2024,São_Paulo_Race
01:18:32.164,5,50,24,16,17,0.433,False,INTERMEDIATE,4,INTERMEDIATE,4,GREEN,2024,São_Paulo_Race
01:18:32.830,5,11,24,17,18,0.515,False,INTERMEDIATE,4,INTERMEDIATE,4,GREEN,2024,São_Paulo_Race
01:19:40.782,6,1,14,8,9,0.077,False,INTERMEDIATE,5,INTERMEDIATE,5,GREEN,2024,São_Paulo_Race
01:19:44.200,6,27,43,12,13,0.583,False,INTERMEDIATE,5,INTERMEDIATE,5,GREEN,2024,São_Paulo_Race
01:25:16.498,10,1,81,7,8,0.035,False,INTERMEDIATE,9,INTERMEDIATE,12,GREEN,2024,São_Paulo_Race
01:27:08.066,11,1,30,6,7,0.338,False,INTERMEDIATE,10,INTERMEDIATE,13,GREEN,2024,São_Paulo_Race
01:28:06.226,12,55,77,14,15,0.224,False,INTERMEDIATE,11,INTERMEDIATE,11,GREEN,2024,São_Paulo_Race
01:28:19.543,12,43,44,12,13,0.053,False,INTERMEDIATE,11,INTERMEDIATE,11,GREEN,2024,São_Paulo_Race
01:28:31.945,12,50,77,15,16,0.203,False,INTERMEDIATE,11,INTERMEDIATE,11,GREEN,2024,São_Paulo_Race
01:28:35.851,12,11,77,16,17,0.234,False,INTERMEDIATE,11,INTERMEDIATE,11,GREEN,2024,São_Paulo_Race
01:33:51.372,16,10,14,9,10,2.089,False,INTERMEDIATE,15,INTERMEDIATE,15,GREEN,2024,São_Paulo_Race
01:37:45.753,19,55,44,13,14,0.749,False,INTERMEDIATE,17,INTERMEDIATE,17,GREEN,2024,São_Paulo_Race
01:38:27.033,19,50,44,14,15,0.099,False,INTERMEDIATE,18,INTERMEDIATE,18,GREEN,2024,São_Paulo_Race
01:42:40.865,22,50,55,13,14,1.467,False,INTERMEDIATE,21,INTERMEDIATE,21,GREEN,2024,São_Paulo_Race
01:42:44.825,22,44,55,14,15,0.373,False,INTERMEDIATE,21,INTERMEDIATE,21,GREEN,2024,São_Paulo_Race
01:44:08.640,23,50,43,12,13,0.926,False,INTERMEDIATE,22,INTERMEDIATE,22,GREEN,2024,São_Paulo_Race
01:44:09.437,23,44,43,13,14,0.734,False,INTERMEDIATE,22,INTERMEDIATE,22,GREEN,2024,São_Paulo_Race
01:46:03.565,25,1,16,5,6,0.78,False,INTERMEDIATE,23,INTERMEDIATE,25,GREEN,2024,São_Paulo_Race
01:46:13.213,25,30,16,6,7,1.204,False,INTERMEDIATE,27,INTERMEDIATE,26,GREEN,2024,São_Paulo_Race
01:46:13.713,25,81,16,7,8,0.484,False,INTERMEDIATE,27,INTERMEDIATE,26,GREEN,2024,São_Paulo_Race
01:46:15.689,25,10,16,8,9,2.054,False,INTERMEDIATE,24,INTERMEDIATE,26,GREEN,2024,São_Paulo_Race
01:46:17.187,25,14,16,9,10,1.431,False,INTERMEDIATE,24,INTERMEDIATE,26,GREEN,2024,São_Paulo_Race
01:46:19.530,25,27,16,10,11,2.492,False,INTERMEDIATE,24,INTERMEDIATE,26,GREEN,2024,São_Paulo_Race
01:46:44.289,25,50,16,11,12,10.572,False,INTERMEDIATE,24,INTERMEDIATE,3,GREEN,2024,São_Paulo_Race
01:46:44.796,25,44,16,12,13,0.555,False,INTERMEDIATE,24,INTERMEDIATE,3,GREEN,2024,São_Paulo_Race
01:47:54.036,26,81,30,6,7,0.297,False,INTERMEDIATE,28,INTERMEDIATE,28,GREEN,2024,São_Paulo_Race
01:47:54.629,26,10,30,7,8,0.626,False,INTERMEDIATE,25,INTERMEDIATE,28,GREEN,2024,São_Paulo_Race
01:47:55.070,26,50,27,10,11,4.899,False,INTERMEDIATE,25,INTERMEDIATE,25,GREEN,2024,São_Paulo_Race
01:47:55.773,26,44,27,11,12,0.773,False,INTERMEDIATE,25,INTERMEDIATE,25,GREEN,2024,São_Paulo_Race
01:47:56.035,26,14,30,8,9,1.404,False,INTERMEDIATE,25,INTERMEDIATE,28,GREEN,2024,São_Paulo_Race
01:47:57.000,26,16,27,12,13,1.295,False,INTERMEDIATE,4,INTERMEDIATE,25,GREEN,2024,São_Paulo_Race
01:47:59.287,26,43,27,13,14,2.009,False,INTERMEDIATE,25,INTERMEDIATE,25,GREEN,2024,São_Paulo_Race
01:47:59.747,26,55,27,14,15,0.672,False,INTERMEDIATE,25,INTERMEDIATE,25,GREEN,2024,São_Paulo_Race
01:48:01.419,26,11,27,15,16,1.685,False,INTERMEDIATE,25,INTERMEDIATE,25,GREEN,2024,São_Paulo_Race
01:48:03.498,26,77,27,16,17,2.143,False,INTERMEDIATE,25,INTERMEDIATE,25,GREEN,2024,São_Paulo_Race
01:48:04.398,26,10,81,6,7,0.632,False,INTERMEDIATE,25,INTERMEDIATE,28,GREEN,2024,São_Paulo_Race
01:49:21.034,27,55,43,13,14,4.378,False,INTERMEDIATE,25,INTERMEDIATE,25,GREEN,2024,São_Paulo_Race
01:49:23.050,27,11,43,14,15,2.027,False,INTERMEDIATE,25,INTERMEDIATE,25,GREEN,2024,São_Paulo_Race
01:49:30.696,27,77,43,15,16,1.756,False,INTERMEDIATE,26,INTERMEDIATE,26,GREEN,2024,São_Paulo_Race
01:49:36.774,27,27,43,16,17,6.043,False,INTERMEDIATE,0,INTERMEDIATE,26,GREEN,2024,São_Paulo_Race
01:52:13.036,29,30,22,6,18,12.132,False,INTERMEDIATE,30,INTERMEDIATE,30,GREEN,2024,São_Paulo_Race
01:52:13.036,29,16,22,7,18,10.665,False,INTERMEDIATE,6,INTERMEDIATE,30,GREEN,2024,São_Paulo_Race
01:52:13.036,29,81,22,8,18,1.204,False,INTERMEDIATE,4,INTERMEDIATE,30,GREEN,2024,São_Paulo_Race
01:52:13.036,29,14,22,9,18,3.352,False,INTERMEDIATE,3,INTERMEDIATE,30,GREEN,2024,São_Paulo_Race
01:52:13.036,29,77,22,10,18,8.732,False,INTERMEDIATE,27,INTERMEDIATE,30,GREEN,2024,São_Paulo_Race
01:52:13.036,29,11,22,14,18,1.535,False,WET,5,INTERMEDIATE,30,GREEN,2024,São_Paulo_Race
01:52:13.036,29,10,22,5,18,6.165,False,INTERMEDIATE,27,INTERMEDIATE,30,GREEN,2024,São_Paulo_Race
01:52:13.036,29,44,22,11,18,3.418,False,INTERMEDIATE,0,INTERMEDIATE,30,GREEN,2024,São_Paulo_Race
01:52:13.036,29,50,22,13,18,1.363,False,INTERMEDIATE,0,INTERMEDIATE,30,GREEN,2024,São_Paulo_Race
01:52:13.036,29,43,22,15,18,2.677,False,INTERMEDIATE,1,INTERMEDIATE,30,GREEN,2024,São_Paulo_Race
01:52:13.036,29,1,22,4,18,0.62,False,INTERMEDIATE,27,INTERMEDIATE,30,GREEN,2024,São_Paulo_Race
01:52:13.036,29,27,22,17,18,113.974,False,INTERMEDIATE,1,INTERMEDIATE,30,GREEN,2024,São_Paulo_Race
01:52:13.036,29,24,22,16,18,3.702,False,INTERMEDIATE,0,INTERMEDIATE,30,GREEN,2024,São_Paulo_Race
01:52:13.036,29,55,22,12,18,7.812,False,INTERMEDIATE,0,INTERMEDIATE,30,GREEN,2024,São_Paulo_Race
01:52:13.058,29,22,30,5,7,2.218,False,INTERMEDIATE,30,INTERMEDIATE,30,GREEN,2024,São_Paulo_Race
01:52:13.058,29,22,16,5,8,2.218,False,INTERMEDIATE,30,INTERMEDIATE,6,GREEN,2024,São_Paulo_Race
01:52:13.058,29,22,81,5,9,2.218,False,INTERMEDIATE,30,INTERMEDIATE,4,GREEN,2024,São_Paulo_Race
01:52:13.058,29,22,14,5,10,2.218,False,INTERMEDIATE,30,INTERMEDIATE,3,GREEN,2024,São_Paulo_Race
01:52:13.058,29,22,77,5,11,2.218,False,INTERMEDIATE,30,INTERMEDIATE,27,GREEN,2024,São_Paulo_Race
01:52:13.058,29,22,11,5,15,2.218,False,INTERMEDIATE,30,WET,5,GREEN,2024,São_Paulo_Race
01:52:13.058,29,22,10,5,6,2.218,False,INTERMEDIATE,30,INTERMEDIATE,27,GREEN,2024,São_Paulo_Race
01:52:13.058,29,22,44,5,12,2.218,False,INTERMEDIATE,30,INTERMEDIATE,0,GREEN,2024,São_Paulo_Race
01:52:13.058,29,22,50,5,14,2.218,False,INTERMEDIATE,30,INTERMEDIATE,0,GREEN,2024,São_Paulo_Race
01:52:13.058,29,22,43,5,16,2.218,False,INTERMEDIATE,30,INTERMEDIATE,1,GREEN,2024,São_Paulo_Race
01:52:13.058,29,22,27,5,18,2.218,False,INTERMEDIATE,30,INTERMEDIATE,1,GREEN,2024,São_Paulo_Race
01:52:13.058,29,22,24,5,17,2.218,False,INTERMEDIATE,30,INTERMEDIATE,0,GREEN,2024,São_Paulo_Race
01:52:13.058,29,22,55,5,13,2.218,False,INTERMEDIATE,30,INTERMEDIATE,0,GREEN,2024,São_Paulo_Race
01:52:15.173,29,31,4,1,3,7.661,False,INTERMEDIATE,30,INTERMEDIATE,31,GREEN,2024,São_Paulo_Race
01:52:15.173,29,31,63,1,2,7.661,False,INTERMEDIATE,30,INTERMEDIATE,31,GREEN,2024,São_Paulo_Race
01:52:18.716,29,1,4,2,4,3.355,False,INTERMEDIATE,28,INTERMEDIATE,31,GREEN,2024,São_Paulo_Race
01:52:18.716,29,1,63,2,3,3.355,False,INTERMEDIATE,28,INTERMEDIATE,31,GREEN,2024,São_Paulo_Race
01:52:40.972,29,10,4,3,5,1.754,False,INTERMEDIATE,28,INTERMEDIATE,4,GREEN,2024,São_Paulo_Race
01:52:40.972,29,10,63,3,4,1.754,False,INTERMEDIATE,28,INTERMEDIATE,3,GREEN,2024,São_Paulo_Race
01:52:44.230,29,16,30,7,8,2.282,False,INTERMEDIATE,7,INTERMEDIATE,31,GREEN,2024,São_Paulo_Race
01:52:45.319,29,81,30,8,9,1.26,False,INTERMEDIATE,5,INTERMEDIATE,31,GREEN,2024,São_Paulo_Race
01:52:48.595,29,14,30,9,10,3.041,False,INTERMEDIATE,4,INTERMEDIATE,31,GREEN,2024,São_Paulo_Race
01:52:59.533,29,77,30,10,11,10.824,False,INTERMEDIATE,28,INTERMEDIATE,31,GREEN,2024,São_Paulo_Race
01:53:18.958,29,44,30,11,12,2.213,False,INTERMEDIATE,1,WET,0,GREEN,2024,São_Paulo_Race
01:53:27.971,29,11,50,14,15,0.059,False,WET,6,INTERMEDIATE,1,GREEN,2024,São_Paulo_Race
01:54:30.958,30,44,77,10,11,0.195,False,INTERMEDIATE,1,INTERMEDIATE,28,GREEN,2024,São_Paulo_Race
01:54:33.896,30,4,63,4,5,0.203,False,INTERMEDIATE,5,INTERMEDIATE,4,GREEN,2024,São_Paulo_Race
01:54:37.231,30,30,77,11,12,0.193,False,WET,0,INTERMEDIATE,28,GREEN,2024,São_Paulo_Race
02:26:45.650,34,16,22,6,7,0.024,False,INTERMEDIATE,4,INTERMEDIATE,4,GREEN,2024,São_Paulo_Race
02:26:50.439,34,11,77,12,13,0.012,False,INTERMEDIATE,1,INTERMEDIATE,1,GREEN,2024,São_Paulo_Race
02:26:50.439,34,11,55,12,14,0.012,False,INTERMEDIATE,1,INTERMEDIATE,1,GREEN,2024,São_Paulo_Race
02:27:07.895,34,44,30,10,11,0.161,False,INTERMEDIATE,1,INTERMEDIATE,4,GREEN,2024,São_Paulo_Race
02:27:15.062,34,81,22,7,8,0.131,False,INTERMEDIATE,3,INTERMEDIATE,4,GREEN,2024,São_Paulo_Race
02:27:16.918,34,63,4,4,5,0.267,False,INTERMEDIATE,4,INTERMEDIATE,5,GREEN,2024,São_Paulo_Race
02:27:44.782,34,50,24,15,16,0.225,False,INTERMEDIATE,1,INTERMEDIATE,2,GREEN,2024,São_Paulo_Race
02:28:20.273,35,44,14,9,10,0.043,False,INTERMEDIATE,1,INTERMEDIATE,1,GREEN,2024,São_Paulo_Race
02:28:30.632,35,55,77,13,14,0.021,False,INTERMEDIATE,2,INTERMEDIATE,2,GREEN,2024,São_Paulo_Race
02:28:47.477,35,50,77,14,15,0.281,False,INTERMEDIATE,2,INTERMEDIATE,2,GREEN,2024,São_Paulo_Race
02:42:00.704,43,16,4,5,6,0.059,False,INTERMEDIATE,13,INTERMEDIATE,14,GREEN,2024,São_Paulo_Race
02:42:02.183,43,14,44,9,10,0.136,False,INTERMEDIATE,10,INTERMEDIATE,10,GREEN,2024,São_Paulo_Race
02:42:14.465,43,1,31,1,2,0.097,False,INTERMEDIATE,10,INTERMEDIATE,12,GREEN,2024,São_Paulo_Race
02:42:16.522,43,16,63,4,5,0.095,False,INTERMEDIATE,13,INTERMEDIATE,13,GREEN,2024,São_Paulo_Race
02:42:17.769,43,81,4,6,7,0.421,False,INTERMEDIATE,12,INTERMEDIATE,14,GREEN,2024,São_Paulo_Race
02:42:20.976,43,50,24,14,15,0.109,False,INTERMEDIATE,10,INTERMEDIATE,11,GREEN,2024,São_Paulo_Race
02:42:38.862,43,50,77,13,14,0.058,False,INTERMEDIATE,10,INTERMEDIATE,10,GREEN,2024,São_Paulo_Race
02:42:49.276,43,30,14,9,10,0.093,False,INTERMEDIATE,13,INTERMEDIATE,10,GREEN,2024,São_Paulo_Race
02:42:49.276,43,30,44,9,11,0.093,False,INTERMEDIATE,13,INTERMEDIATE,10,GREEN,2024,São_Paulo_Race
02:42:50.335,43,11,44,11,12,0.949,False,INTERMEDIATE,10,INTERMEDIATE,10,GREEN,2024,São_Paulo_Race
02:43:11.379,43,50,44,12,13,0.009,False,INTERMEDIATE,10,INTERMEDIATE,10,GREEN,2024,São_Paulo_Race
02:46:37.897,46,4,81,6,7,0.536,False,INTERMEDIATE,17,INTERMEDIATE,15,GREEN,2024,São_Paulo_Race
02:46:47.479,46,63,16,4,5,0.295,False,INTERMEDIATE,16,INTERMEDIATE,16,GREEN,2024,São_Paulo_Race
02:54:36.444,52,22,81,7,8,0.419,False,INTERMEDIATE,21,INTERMEDIATE,20,GREEN,2024,São_Paulo_Race
02:54:36.485,52,81,22,7,8,3.511,False,INTERMEDIATE,20,INTERMEDIATE,21,GREEN,2024,São_Paulo_Race
02:59:27.453,55,44,11,10,11,0.592,False,INTERMEDIATE,22,INTERMEDIATE,22,GREEN,2024,São_Paulo_Race
03:03:29.471,58,14,24,14,15,0.115,False,INTERMEDIATE,25,INTERMEDIATE,26,GREEN,2024,São_Paulo_Race
03:19:32.229,69,22,81,7,8,10.684,False,INTERMEDIATE,39,INTERMEDIATE,39,GREEN,2024,São_Paulo_Race
00:57:19.233,1,14,81,5,6,0.013,False,MEDIUM,0,MEDIUM,0,GREEN,2024,United_States_Race
00:57:19.233,1,14,10,5,7,0.013,False,MEDIUM,0,MEDIUM,0,GREEN,2024,United_States_Race
00:57:19.915,1,27,22,10,11,0.077,False,MEDIUM,0,MEDIUM,0,GREEN,2024,United_States_Race
00:57:20.541,1,44,77,16,17,999.0,False,HARD,0,MEDIUM,0,GREEN,2024,United_States_Race
00:57:26.070,1,16,4,1,2,0.105,False,MEDIUM,0,MEDIUM,0,GREEN,2024,United_States_Race
00:57:26.070,1,16,1,1,3,0.105,False,MEDIUM,0,MEDIUM,0,GREEN,2024,United_States_Race
00:57:26.070,1,16,55,1,4,0.105,False,MEDIUM,0,MEDIUM,0,GREEN,2024,United_States_Race
00:57:26.416,1,1,4,2,3,0.123,False,MEDIUM,0,MEDIUM,0,GREEN,2024,United_States_Race
00:57:26.525,1,55,4,3,4,0.117,False,MEDIUM,0,MEDIUM,0,GREEN,2024,United_States_Race
00:57:26.757,1,10,81,5,7,0.076,False,MEDIUM,0,MEDIUM,0,GREEN,2024,United_States_Race
00:57:26.757,1,10,14,5,6,0.076,False,MEDIUM,0,MEDIUM,0,GREEN,2024,United_States_Race
00:57:27.001,1,81,14,6,7,0.033,False,MEDIUM,0,MEDIUM,0,GREEN,2024,United_States_Race
00:57:41.272,1,22,14,9,10,0.145,False,MEDIUM,0,MEDIUM,0,GREEN,2024,United_States_Race
00:58:05.516,1,30,43,14,15,0.296,False,HARD,0,HARD,0,GREEN,2024,United_States_Race
00:58:14.825,1,22,11,8,9,0.022,False,MEDIUM,0,MEDIUM,0,GREEN,2024,United_States_Race
00:58:25.070,1,24,43,15,16,0.411,False,MEDIUM,0,HARD,0,GREEN,2024,United_States_Race
00:58:48.925,1,23,77,17,18,0.098,False,MEDIUM,0,MEDIUM,0,GREEN,2024,United_States_Race
00:58:55.919,2,77,23,17,18,0.054,False,MEDIUM,0,MEDIUM,0,GREEN,2024,United_States_Race
01:00:11.295,2,63,23,18,19,0.021,False,HARD,1,MEDIUM,1,GREEN,2024,United_States_Race
01:08:17.111,6,30,18,12,13,0.02,False,HARD,5,HARD,6,GREEN,2024,United_States_Race
01:08:41.301,6,24,18,13,14,0.321,False,MEDIUM,5,HARD,6,GREEN,2024,United_States_Race
01:08:41.445,6,43,18,14,15,0.208,False,HARD,5,HARD,6,GREEN,2024,United_States_Race
01:08:41.978,6,77,18,15,16,0.448,False,MEDIUM,5,HARD,6,GREEN,2024,United_States_Race
01:08:51.058,6,63,18,16,17,0.085,False,HARD,5,HARD,6,GREEN,2024,United_States_Race
01:08:51.299,6,31,18,17,18,0.143,False,MEDIUM,5,HARD,6,GREEN,2024,United_States_Race
01:08:51.529,6,23,18,18,19,0.239,False,MEDIUM,2,HARD,6,GREEN,2024,United_States_Race
01:09:23.829,6,18,23,18,19,0.064,False,HARD,6,MEDIUM,2,GREEN,2024,United_States_Race
01:10:41.340,7,27,14,10,11,0.071,False,MEDIUM,6,MEDIUM,6,GREEN,2024,United_States_Race
01:15:07.805,10,23,24,18,19,1.387,False,MEDIUM,6,MEDIUM,9,GREEN,2024,United_States_Race
01:17:36.923,11,30,14,11,12,0.09,False,HARD,10,MEDIUM,10,GREEN,2024,United_States_Race
01:21:03.162,13,63,77,14,15,0.207,False,HARD,12,MEDIUM,12,GREEN,2024,United_States_Race
01:22:33.064,14,63,43,13,14,0.127,False,HARD,13,HARD,13,GREEN,2024,United_States_Race
01:25:09.406,16,31,77,15,16,0.73,False,MEDIUM,15,MEDIUM,15,GREEN,2024,United_States_Race
01:25:10.821,16,18,77,16,17,1.33,False,HARD,16,MEDIUM,15,GREEN,2024,United_States_Race
01:25:12.466,16,23,77,17,18,1.653,False,MEDIUM,12,MEDIUM,15,GREEN,2024,United_States_Race
01:27:40.900,17,63,14,12,13,0.164,False,HARD,16,MEDIUM,16,GREEN,2024,United_States_Race
01:27:41.446,17,11,22,8,9,0.127,False,MEDIUM,16,MEDIUM,16,GREEN,2024,United_States_Race
01:28:21.489,18,11,20,7,8,1.483,False,MEDIUM,17,MEDIUM,17,GREEN,2024,United_States_Race
01:28:22.038,18,22,20,8,9,0.71,False,MEDIUM,17,MEDIUM,17,GREEN,2024,United_States_Race
01:28:22.463,18,27,20,9,10,0.499,False,MEDIUM,17,MEDIUM,17,GREEN,2024,United_States_Race
01:28:25.880,18,30,20,10,11,3.203,False,HARD,17,MEDIUM,17,GREEN,2024,United_States_Race
01:28:27.696,18,63,20,11,12,1.876,False,HARD,17,MEDIUM,17,GREEN,2024,United_States_Race
01:28:28.305,18,14,20,12,13,0.688,False,MEDIUM,17,MEDIUM,17,GREEN,2024,United_States_Race
01:28:30.474,18,43,20,13,14,1.999,False,HARD,17,MEDIUM,17,GREEN,2024,United_States_Race
01:28:33.193,18,31,20,14,15,2.746,False,MEDIUM,17,MEDIUM,17,GREEN,2024,United_States_Race
01:28:35.184,18,18,20,15,16,1.958,False,HARD,18,MEDIUM,17,GREEN,2024,United_States_Race
01:28:36.645,18,23,20,16,17,1.503,False,MEDIUM,14,MEDIUM,17,GREEN,2024,United_States_Race
01:29:59.442,19,27,22,8,9,0.063,False,MEDIUM,17,MEDIUM,17,GREEN,2024,United_States_Race
01:30:02.017,19,11,10,6,7,3.143,False,MEDIUM,18,MEDIUM,18,GREEN,2024,United_States_Race
01:30:04.665,19,27,10,7,8,2.801,False,MEDIUM,18,MEDIUM,18,GREEN,2024,United_States_Race
01:30:07.200,19,30,10,8,9,2.361,False,HARD,18,MEDIUM,18,GREEN,2024,United_States_Race
01:30:07.200,19,30,22,8,10,2.361,False,HARD,18,MEDIUM,18,GREEN,2024,United_States_Race
01:30:08.177,19,63,10,9,10,1.071,False,HARD,18,MEDIUM,18,GREEN,2024,United_States_Race
01:30:08.177,19,63,22,9,11,1.071,False,HARD,18,MEDIUM,18,GREEN,2024,United_States_Race
01:30:09.704,19,14,10,10,11,1.396,False,MEDIUM,18,MEDIUM,18,GREEN,2024,United_States_Race
01:30:09.704,19,14,22,10,12,1.396,False,MEDIUM,18,MEDIUM,18,GREEN,2024,United_States_Race
01:30:11.857,19,43,10,11,12,2.188,False,HARD,18,MEDIUM,18,GREEN,2024,United_States_Race
01:30:11.857,19,43,22,11,13,2.188,False,HARD,18,MEDIUM,18,GREEN,2024,United_States_Race
01:30:14.828,19,31,10,12,13,2.988,False,MEDIUM,18,MEDIUM,18,GREEN,2024,United_States_Race
01:30:14.828,19,31,22,12,14,2.988,False,MEDIUM,18,MEDIUM,18,GREEN,2024,United_States_Race
01:30:17.044,19,18,10,13,14,2.158,False,HARD,19,MEDIUM,18,GREEN,2024,United_States_Race
01:30:17.044,19,18,22,13,15,2.158,False,HARD,19,MEDIUM,18,GREEN,2024,United_States_Race
01:30:18.161,19,23,10,14,15,1.158,False,MEDIUM,15,MEDIUM,18,GREEN,2024,United_States_Race
01:30:18.161,19,23,22,14,16,1.158,False,MEDIUM,15,MEDIUM,18,GREEN,2024,United_States_Race
01:30:19.754,19,20,10,15,16,1.602,False,HARD,1,MEDIUM,18,GREEN,2024,United_States_Race
01:30:19.754,19,20,22,15,17,1.602,False,HARD,1,MEDIUM,18,GREEN,2024,United_States_Race
01:34:30.712,22,63,30,8,9,0.094,False,HARD,20,HARD,20,GREEN,2024,United_States_Race
01:34:44.830,22,4,55,3,4,2.288,False,MEDIUM,21,MEDIUM,21,GREEN,2024,United_States_Race
01:34:48.852,22,81,55,4,5,4.018,False,MEDIUM,21,MEDIUM,21,GREEN,2024,United_States_Race
01:34:56.099,22,20,23,14,15,0.303,False,HARD,3,MEDIUM,17,GREEN,2024,United_States_Race
01:36:16.270,23,43,14,10,11,0.116,False,HARD,21,MEDIUM,21,GREEN,2024,United_States_Race
01:36:36.719,23,20,18,13,14,0.237,False,HARD,4,HARD,22,GREEN,2024,United_States_Race
01:41:23.630,26,4,1,2,3,1.96,False,MEDIUM,25,MEDIUM,25,GREEN,2024,United_States_Race
01:41:25.743,26,20,31,12,13,0.138,False,HARD,7,MEDIUM,24,GREEN,2024,United_States_Race
01:41:28.311,26,81,1,3,4,4.722,False,MEDIUM,25,MEDIUM,25,GREEN,2024,United_States_Race
01:41:37.632,26,55,1,4,5,9.338,False,HARD,4,MEDIUM,25,GREEN,2024,United_States_Race
01:43:03.136,27,4,16,1,2,13.091,False,MEDIUM,26,MEDIUM,26,GREEN,2024,United_States_Race
01:43:09.883,27,81,16,2,3,4.494,False,MEDIUM,26,MEDIUM,26,GREEN,2024,United_States_Race
01:43:25.107,27,23,18,14,15,0.174,False,MEDIUM,22,HARD,26,GREEN,2024,United_States_Race
01:43:28.953,27,27,11,6,7,2.305,False,MEDIUM,26,MEDIUM,26,GREEN,2024,United_States_Race
01:43:30.216,27,63,11,7,8,1.327,False,HARD,26,MEDIUM,26,GREEN,2024,United_States_Race
01:43:36.257,27,30,11,8,9,5.964,False,HARD,26,MEDIUM,26,GREEN,2024,United_States_Race
01:43:40.562,27,43,11,9,10,4.248,False,HARD,26,MEDIUM,26,GREEN,2024,United_States_Race
01:43:45.462,27,20,14,11,12,1.107,False,HARD,9,MEDIUM,26,GREEN,2024,United_States_Race
01:43:47.773,27,20,11,10,11,1.107,False,HARD,9,HARD,0,GREEN,2024,United_States_Race
01:43:47.815,27,31,14,12,13,2.32,False,MEDIUM,26,MEDIUM,26,GREEN,2024,United_States_Race
01:43:52.904,27,18,14,13,14,0.114,False,HARD,27,MEDIUM,26,GREEN,2024,United_States_Race
01:43:52.904,27,18,23,13,15,0.114,False,HARD,27,MEDIUM,23,GREEN,2024,United_States_Race
01:43:52.930,27,23,14,14,15,5.081,False,MEDIUM,23,MEDIUM,26,GREEN,2024,United_States_Race
01:43:53.087,27,10,14,15,16,0.362,False,HARD,8,MEDIUM,26,GREEN,2024,United_States_Race
01:43:55.781,27,22,14,16,17,2.428,False,HARD,8,MEDIUM,26,GREEN,2024,United_States_Race
01:43:59.552,27,77,14,17,18,3.782,False,HARD,11,MEDIUM,26,GREEN,2024,United_States_Race
01:45:08.665,28,10,23,14,15,0.172,False,HARD,8,MEDIUM,23,GREEN,2024,United_States_Race
01:45:09.983,28,63,27,6,7,0.043,False,HARD,27,MEDIUM,27,GREEN,2024,United_States_Race
01:45:16.508,28,30,27,7,8,6.379,False,HARD,27,MEDIUM,27,GREEN,2024,United_States_Race
01:45:20.925,28,43,27,8,9,4.395,False,HARD,27,MEDIUM,27,GREEN,2024,United_States_Race
01:45:25.579,28,20,27,9,10,4.647,False,HARD,10,MEDIUM,27,GREEN,2024,United_States_Race
01:45:26.397,28,11,27,10,11,0.865,False,HARD,1,MEDIUM,27,GREEN,2024,United_States_Race
01:45:31.369,28,31,27,11,12,2.69,False,MEDIUM,27,MEDIUM,27,GREEN,2024,United_States_Race
01:45:35.765,28,10,18,13,14,0.57,False,HARD,9,HARD,28,GREEN,2024,United_States_Race
01:45:36.284,28,23,18,14,15,0.661,False,MEDIUM,24,HARD,28,GREEN,2024,United_States_Race
01:45:36.907,28,22,18,15,16,0.606,False,HARD,9,HARD,28,GREEN,2024,United_States_Race
01:45:40.408,28,77,18,16,17,3.405,False,HARD,12,HARD,28,GREEN,2024,United_States_Race
01:45:45.218,28,14,18,17,18,4.774,False,HARD,2,HARD,28,GREEN,2024,United_States_Race
01:45:58.356,28,24,18,18,19,10.833,False,MEDIUM,14,MEDIUM,0,GREEN,2024,United_States_Race
01:46:33.964,29,11,20,9,10,0.03,False,HARD,1,HARD,10,GREEN,2024,United_States_Race
01:46:38.518,29,22,23,14,15,0.15,False,HARD,9,MEDIUM,24,GREEN,2024,United_States_Race
01:48:39.133,30,18,24,18,19,0.08,False,MEDIUM,1,MEDIUM,15,GREEN,2024,United_States_Race
01:50:42.637,31,27,31,11,12,0.162,False,HARD,3,MEDIUM,30,GREEN,2024,United_States_Race
01:50:46.503,31,16,81,2,3,0.177,False,HARD,4,MEDIUM,30,GREEN,2024,United_States_Race
01:51:24.978,32,16,4,1,2,2.89,False,HARD,5,MEDIUM,31,GREEN,2024,United_States_Race
01:51:26.290,32,81,4,2,3,1.339,False,MEDIUM,31,MEDIUM,31,GREEN,2024,United_States_Race
01:51:32.108,32,55,4,3,4,5.847,False,HARD,10,MEDIUM,31,GREEN,2024,United_States_Race
01:51:35.945,32,1,4,4,5,3.79,False,HARD,6,MEDIUM,31,GREEN,2024,United_States_Race
01:52:18.373,32,10,31,12,13,1.807,False,HARD,13,MEDIUM,31,GREEN,2024,United_States_Race
01:52:20.776,32,22,31,13,14,2.398,False,HARD,13,MEDIUM,31,GREEN,2024,United_States_Race
01:52:23.922,32,23,31,14,15,3.14,False,MEDIUM,28,MEDIUM,31,GREEN,2024,United_States_Race
01:52:25.242,32,77,31,15,16,1.387,False,HARD,16,MEDIUM,31,GREEN,2024,United_States_Race
01:52:26.491,32,14,31,16,17,1.194,False,HARD,6,MEDIUM,31,GREEN,2024,United_States_Race
01:53:11.132,33,55,81,2,3,3.765,False,HARD,11,MEDIUM,32,GREEN,2024,United_States_Race
01:53:15.035,33,1,81,3,4,3.871,False,HARD,7,MEDIUM,32,GREEN,2024,United_States_Race
01:53:21.666,33,4,81,4,5,6.633,False,HARD,1,MEDIUM,32,GREEN,2024,United_States_Race
01:55:46.819,34,77,23,14,15,0.104,False,HARD,18,MEDIUM,30,GREEN,2024,United_States_Race
01:55:47.512,34,14,23,15,16,0.634,False,HARD,8,MEDIUM,30,GREEN,2024,United_States_Race
01:55:57.554,34,31,23,16,17,9.889,False,HARD,2,MEDIUM,30,GREEN,2024,United_States_Race
01:55:59.543,34,18,23,17,18,2.019,False,MEDIUM,6,MEDIUM,30,GREEN,2024,United_States_Race
01:56:07.754,34,24,23,18,19,5.926,False,MEDIUM,20,HARD,0,GREEN,2024,United_States_Race
01:56:48.721,35,14,77,14,15,0.2,False,HARD,8,HARD,18,GREEN,2024,United_States_Race
01:59:23.196,36,23,24,18,19,8.129,False,HARD,1,MEDIUM,21,GREEN,2024,United_States_Race
02:00:23.624,37,43,30,7,8,2.073,False,HARD,36,HARD,36,GREEN,2024,United_States_Race
02:00:24.244,37,11,30,8,9,0.801,False,HARD,10,HARD,36,GREEN,2024,United_States_Race
02:00:27.574,37,20,30,9,10,3.164,False,HARD,19,HARD,36,GREEN,2024,United_States_Race
02:00:29.842,37,27,30,10,11,2.293,False,HARD,9,HARD,36,GREEN,2024,United_States_Race
02:00:41.711,37,10,30,11,12,9.63,False,HARD,18,HARD,36,GREEN,2024,United_States_Race
02:01:31.788,38,11,43,7,8,0.138,False,HARD,10,HARD,36,GREEN,2024,United_States_Race
02:03:13.788,39,30,10,11,12,0.235,False,MEDIUM,1,HARD,19,GREEN,2024,United_States_Race
02:03:48.260,39,27,20,9,10,0.538,False,HARD,11,HARD,21,GREEN,2024,United_States_Race
02:04:00.060,39,30,20,10,11,11.603,False,MEDIUM,2,HARD,21,GREEN,2024,United_States_Race
02:04:00.868,39,10,20,11,12,1.001,False,HARD,20,HARD,21,GREEN,2024,United_States_Race
02:04:02.217,39,22,20,12,13,1.191,False,HARD,20,HARD,21,GREEN,2024,United_States_Race
02:05:27.735,40,27,43,8,9,2.025,False,HARD,12,HARD,39,GREEN,2024,United_States_Race
02:05:39.423,40,30,43,9,10,11.705,False,MEDIUM,3,HARD,39,GREEN,2024,United_States_Race
02:05:40.977,40,10,43,10,11,1.586,False,HARD,21,HARD,39,GREEN,2024,United_States_Race
02:05:41.673,40,22,43,11,12,0.824,False,HARD,21,HARD,39,GREEN,2024,United_States_Race
02:07:00.901,41,11,63,6,7,15.184,False,HARD,14,HARD,40,GREEN,2024,United_States_Race
02:07:07.089,41,27,63,7,8,6.221,False,HARD,13,HARD,40,GREEN,2024,United_States_Race
02:07:40.079,41,14,22,13,14,4.989,False,HARD,15,HARD,22,GREEN,2024,United_States_Race
02:13:52.332,45,63,27,7,8,0.055,False,MEDIUM,4,HARD,17,GREEN,2024,United_States_Race
02:14:22.021,46,31,77,15,16,0.145,False,HARD,13,HARD,29,GREEN,2024,United_States_Race
02:15:00.344,46,43,10,10,11,0.179,False,MEDIUM,5,HARD,26,GREEN,2024,United_States_Race
02:15:29.482,46,18,77,16,17,0.023,False,MEDIUM,17,HARD,29,GREEN,2024,United_States_Race
02:17:07.045,47,23,77,17,18,0.069,False,HARD,12,HARD,30,GREEN,2024,United_States_Race
02:17:28.802,47,20,10,11,12,0.073,False,MEDIUM,8,HARD,28,GREEN,2024,United_States_Race
02:23:57.702,51,4,1,3,4,0.157,False,HARD,19,HARD,25,GREEN,2024,United_States_Race
02:24:03.614,51,1,4,3,4,9.174,False,HARD,25,HARD,19,GREEN,2024,United_States_Race
02:25:22.784,52,4,1,3,4,0.262,False,HARD,20,HARD,26,GREEN,2024,United_States_Race
02:26:03.548,53,18,31,15,16,2.368,False,MEDIUM,24,HARD,20,GREEN,2024,United_States_Race
02:26:05.222,53,23,31,16,17,1.692,False,HARD,18,HARD,20,GREEN,2024,United_States_Race
02:26:17.812,53,77,31,17,18,12.633,False,HARD,36,HARD,20,GREEN,2024,United_States_Race
02:27:48.029,54,63,11,6,7,0.148,False,MEDIUM,12,HARD,26,GREEN,2024,United_States_Race
02:27:54.802,54,11,63,6,7,0.064,False,HARD,26,MEDIUM,12,GREEN,2024,United_States_Race
02:30:58.630,56,63,11,6,7,0.22,False,MEDIUM,14,HARD,28,GREEN,2024,United_States_Race
02:32:40.615,56,1,4,3,4,10.85,False,HARD,30,HARD,25,GREEN,2024,United_States_Race
