2025-10-05 02:40:24 | ERROR | f1.console |    ⚠️  TireAnalysisModule: 測試時發生錯誤 - module 'modules.gui.tire_analysis.tire_analysis_mdi' has no attribute 'TireAnalysisModule'
2025-10-05 02:40:24 | ERROR | f1.console |    ⚠️  LapBoxPlotAnalysisModule: 測試時發生錯誤 - module 'modules.gui.driver_race.lap_box_plot_analysis.lap_box_plot_analysis_mdi' has no attribute 'LapBoxPlotAnalysisModule'
2025-10-05 02:40:24 | ERROR | f1.console | [ERROR] 無法導入基礎模組
2025-10-05 02:40:24 | WARNING | f1.console | [ACCIDENT_API DEBUG] ⚠️  [API-ONLY] CLI 調用已禁用
2025-10-05 02:40:24 | WARNING | f1.console | [TRACK_ANALYSIS] ⚠️  [API-ONLY] CLI 調用已禁用
2025-10-05 02:40:24 | WARNING | f1.console | 
⚠️  [API-ONLY 模式] 系統現在只允許通過 API 獲取數據
2025-10-05 02:40:26 | ERROR | f1.console | [[BOXPLOT_DATA] DEBUG] ========== API 錯誤回調 ==========
2025-10-05 02:40:26 | ERROR | f1.console | [[BOXPLOT_DATA] DEBUG] 錯誤訊息: HTTPConnectionPool(host='127.0.0.1', port=8000): Max retries exceeded with url: /api/v2/analysis/execute?function_id=28&year=2025&race=Japan&session=R (Caused by NewConnectionError('<urllib3.connection.HTTPConnection object at 0x0000020F179A6510>: Failed to establish a new connection: [WinError 10061] 無法連線，因為目標電腦拒絕連線。'))
2025-10-05 02:40:26 | ERROR | f1.console | [ERROR] [[BOXPLOT_DATA]] API 請求失敗: HTTPConnectionPool(host='127.0.0.1', port=8000): Max retries exceeded with url: /api/v2/analysis/execute?function_id=28&year=2025&race=Japan&session=R (Caused by NewConnectionError('<urllib3.connection.HTTPConnection object at 0x0000020F179A6510>: Failed to establish a new connection: [WinError 10061] 無法連線，因為目標電腦拒絕連線。'))
2025-10-05 02:40:26 | ERROR | f1.console | [狀態] API 請求失敗，改用本地資料
2025-10-05 02:40:26 | ERROR | f1.console |    - 如果 API 請求失敗,檢查 refactored_api.py 是否運行
2025-10-05 02:40:26 | ERROR | f1.console |    - 如果本地 JSON 回退失敗,檢查 json/ 目錄中是否存在檔案:
2025-10-05 02:40:27 | WARNING | f1.console | [ANALYSIS_MANAGER] ⚠️ Not a lap analysis module, skipping: laptime_boxplot_analysis_2263844560848
2025-10-05 02:40:29 | ERROR | f1.console | [[BOXPLOT_DATA] DEBUG] ========== API 錯誤回調 ==========
2025-10-05 02:40:29 | ERROR | f1.console | [[BOXPLOT_DATA] DEBUG] 錯誤訊息: HTTPConnectionPool(host='127.0.0.1', port=8000): Max retries exceeded with url: /api/v2/analysis/execute?function_id=28&year=2025&race=Japan&session=R (Caused by NewConnectionError('<urllib3.connection.HTTPConnection object at 0x0000020F17A24F50>: Failed to establish a new connection: [WinError 10061] 無法連線，因為目標電腦拒絕連線。'))
2025-10-05 02:40:29 | ERROR | f1.console | [ERROR] [[BOXPLOT_DATA]] API 請求失敗: HTTPConnectionPool(host='127.0.0.1', port=8000): Max retries exceeded with url: /api/v2/analysis/execute?function_id=28&year=2025&race=Japan&session=R (Caused by NewConnectionError('<urllib3.connection.HTTPConnection object at 0x0000020F17A24F50>: Failed to establish a new connection: [WinError 10061] 無法連線，因為目標電腦拒絕連線。'))
2025-10-05 02:40:34 | ERROR | f1.console | 🎉 導入錯誤已修復!
2025-10-05 02:40:34 | ERROR | f1.console |    ℹ️  之前會因為 'NameError: name "tr" is not defined' 而失敗
2025-10-05 02:40:34 | ERROR | f1.console | ✅ 不再出現 'NameError: name "tr" is not defined' 錯誤
2025-10-05 02:40:34 | WARNING | f1.console | ⚠️  缺少模組: ['speed_diff', 'distance_diff']
2025-10-05 02:40:41 | ERROR | f1.console | ❌ 測試失敗: Can't instantiate abstract class UniversalDataLoader without an implementation for abstract methods '_build_filename_patterns', '_generate_data_via_cli', '_process_data', '_validate_data_format', '_validate_load_parameters'
2025-10-05 02:40:41 | ERROR | f1.console |    ⚠️  RainAnalysisModule: 測試時發生錯誤 - module 'modules.gui.rain_analysis.rain_analysis_mdi' has no attribute 'RainAnalysisModule'
2025-10-05 02:40:41 | ERROR | f1.console |    ⚠️  TrackAnalysisModule: 測試時發生錯誤 - module 'modules.gui.track_analysis.track_analysis_mdi' has no attribute 'TrackAnalysisModule'
2025-10-05 02:40:41 | ERROR | f1.console |    ⚠️  TireAnalysisModule: 測試時發生錯誤 - module 'modules.gui.tire_analysis.tire_analysis_mdi' has no attribute 'TireAnalysisModule'
2025-10-05 02:40:41 | ERROR | f1.console |    ⚠️  LapBoxPlotAnalysisModule: 測試時發生錯誤 - module 'modules.gui.driver_race.lap_box_plot_analysis.lap_box_plot_analysis_mdi' has no attribute 'LapBoxPlotAnalysisModule'
2025-10-05 02:40:41 | ERROR | f1.console | [ERROR] 無法導入基礎模組
2025-10-05 02:40:41 | WARNING | f1.console | [ACCIDENT_API DEBUG] ⚠️  [API-ONLY] CLI 調用已禁用
2025-10-05 02:40:41 | WARNING | f1.console | [TRACK_ANALYSIS] ⚠️  [API-ONLY] CLI 調用已禁用
2025-10-05 02:40:41 | WARNING | f1.console | 
⚠️  [API-ONLY 模式] 系統現在只允許通過 API 獲取數據
2025-10-05 02:40:43 | ERROR | f1.console | [[BOXPLOT_DATA] DEBUG] ========== API 錯誤回調 ==========
2025-10-05 02:40:43 | ERROR | f1.console | [[BOXPLOT_DATA] DEBUG] 錯誤訊息: HTTPConnectionPool(host='127.0.0.1', port=8000): Max retries exceeded with url: /api/v2/analysis/execute?function_id=28&year=2025&race=Japan&session=R (Caused by NewConnectionError('<urllib3.connection.HTTPConnection object at 0x0000028A12792660>: Failed to establish a new connection: [WinError 10061] 無法連線，因為目標電腦拒絕連線。'))
2025-10-05 02:40:43 | ERROR | f1.console | [ERROR] [[BOXPLOT_DATA]] API 請求失敗: HTTPConnectionPool(host='127.0.0.1', port=8000): Max retries exceeded with url: /api/v2/analysis/execute?function_id=28&year=2025&race=Japan&session=R (Caused by NewConnectionError('<urllib3.connection.HTTPConnection object at 0x0000028A12792660>: Failed to establish a new connection: [WinError 10061] 無法連線，因為目標電腦拒絕連線。'))
2025-10-05 02:40:43 | ERROR | f1.console | [狀態] API 請求失敗，改用本地資料
2025-10-05 02:40:43 | ERROR | f1.console |    - 如果 API 請求失敗,檢查 refactored_api.py 是否運行
2025-10-05 02:40:43 | ERROR | f1.console |    - 如果本地 JSON 回退失敗,檢查 json/ 目錄中是否存在檔案:
2025-10-05 02:40:43 | WARNING | f1.console | [ANALYSIS_MANAGER] ⚠️ Not a lap analysis module, skipping: laptime_boxplot_analysis_2792039071280
2025-10-05 02:40:45 | ERROR | f1.console | [[BOXPLOT_DATA] DEBUG] ========== API 錯誤回調 ==========
2025-10-05 02:40:45 | ERROR | f1.console | [[BOXPLOT_DATA] DEBUG] 錯誤訊息: HTTPConnectionPool(host='127.0.0.1', port=8000): Max retries exceeded with url: /api/v2/analysis/execute?function_id=28&year=2025&race=Japan&session=R (Caused by NewConnectionError('<urllib3.connection.HTTPConnection object at 0x0000028A12805450>: Failed to establish a new connection: [WinError 10061] 無法連線，因為目標電腦拒絕連線。'))
2025-10-05 02:40:45 | ERROR | f1.console | [ERROR] [[BOXPLOT_DATA]] API 請求失敗: HTTPConnectionPool(host='127.0.0.1', port=8000): Max retries exceeded with url: /api/v2/analysis/execute?function_id=28&year=2025&race=Japan&session=R (Caused by NewConnectionError('<urllib3.connection.HTTPConnection object at 0x0000028A12805450>: Failed to establish a new connection: [WinError 10061] 無法連線，因為目標電腦拒絕連線。'))
2025-10-05 02:40:51 | ERROR | f1.console | 🎉 導入錯誤已修復!
2025-10-05 02:40:51 | ERROR | f1.console |    ℹ️  之前會因為 'NameError: name "tr" is not defined' 而失敗
2025-10-05 02:40:51 | ERROR | f1.console | ✅ 不再出現 'NameError: name "tr" is not defined' 錯誤
2025-10-05 02:40:51 | WARNING | f1.console | ⚠️  缺少模組: ['speed_diff', 'distance_diff']
2025-10-05 02:41:00 | ERROR | f1.console | ❌ 測試失敗: Can't instantiate abstract class UniversalDataLoader without an implementation for abstract methods '_build_filename_patterns', '_generate_data_via_cli', '_process_data', '_validate_data_format', '_validate_load_parameters'
2025-10-05 02:41:00 | ERROR | f1.console |    ⚠️  RainAnalysisModule: 測試時發生錯誤 - module 'modules.gui.rain_analysis.rain_analysis_mdi' has no attribute 'RainAnalysisModule'
2025-10-05 02:41:00 | ERROR | f1.console |    ⚠️  TrackAnalysisModule: 測試時發生錯誤 - module 'modules.gui.track_analysis.track_analysis_mdi' has no attribute 'TrackAnalysisModule'
2025-10-05 02:41:00 | ERROR | f1.console |    ⚠️  TireAnalysisModule: 測試時發生錯誤 - module 'modules.gui.tire_analysis.tire_analysis_mdi' has no attribute 'TireAnalysisModule'
2025-10-05 02:41:00 | ERROR | f1.console |    ⚠️  LapBoxPlotAnalysisModule: 測試時發生錯誤 - module 'modules.gui.driver_race.lap_box_plot_analysis.lap_box_plot_analysis_mdi' has no attribute 'LapBoxPlotAnalysisModule'
2025-10-05 02:41:00 | ERROR | f1.console | [ERROR] 無法導入基礎模組
2025-10-05 02:41:00 | WARNING | f1.console | [ACCIDENT_API DEBUG] ⚠️  [API-ONLY] CLI 調用已禁用
2025-10-05 02:41:00 | WARNING | f1.console | [TRACK_ANALYSIS] ⚠️  [API-ONLY] CLI 調用已禁用
2025-10-05 02:41:00 | WARNING | f1.console | 
⚠️  [API-ONLY 模式] 系統現在只允許通過 API 獲取數據
2025-10-05 02:41:02 | ERROR | f1.console | [[BOXPLOT_DATA] DEBUG] ========== API 錯誤回調 ==========
2025-10-05 02:41:02 | ERROR | f1.console | [[BOXPLOT_DATA] DEBUG] 錯誤訊息: HTTPConnectionPool(host='127.0.0.1', port=8000): Max retries exceeded with url: /api/v2/analysis/execute?function_id=28&year=2025&race=Japan&session=R (Caused by NewConnectionError('<urllib3.connection.HTTPConnection object at 0x000001411C826900>: Failed to establish a new connection: [WinError 10061] 無法連線，因為目標電腦拒絕連線。'))
2025-10-05 02:41:02 | ERROR | f1.console | [ERROR] [[BOXPLOT_DATA]] API 請求失敗: HTTPConnectionPool(host='127.0.0.1', port=8000): Max retries exceeded with url: /api/v2/analysis/execute?function_id=28&year=2025&race=Japan&session=R (Caused by NewConnectionError('<urllib3.connection.HTTPConnection object at 0x000001411C826900>: Failed to establish a new connection: [WinError 10061] 無法連線，因為目標電腦拒絕連線。'))
2025-10-05 02:41:02 | ERROR | f1.console | [狀態] API 請求失敗，改用本地資料
2025-10-05 02:41:02 | ERROR | f1.console |    - 如果 API 請求失敗,檢查 refactored_api.py 是否運行
2025-10-05 02:41:02 | ERROR | f1.console |    - 如果本地 JSON 回退失敗,檢查 json/ 目錄中是否存在檔案:
2025-10-05 02:41:02 | WARNING | f1.console | [ANALYSIS_MANAGER] ⚠️ Not a lap analysis module, skipping: laptime_boxplot_analysis_1379163274080
2025-10-05 02:41:05 | ERROR | f1.console | [[BOXPLOT_DATA] DEBUG] ========== API 錯誤回調 ==========
2025-10-05 02:41:05 | ERROR | f1.console | [[BOXPLOT_DATA] DEBUG] 錯誤訊息: HTTPConnectionPool(host='127.0.0.1', port=8000): Max retries exceeded with url: /api/v2/analysis/execute?function_id=28&year=2025&race=Japan&session=R (Caused by NewConnectionError('<urllib3.connection.HTTPConnection object at 0x000001411C8AD6D0>: Failed to establish a new connection: [WinError 10061] 無法連線，因為目標電腦拒絕連線。'))
2025-10-05 02:41:05 | ERROR | f1.console | [ERROR] [[BOXPLOT_DATA]] API 請求失敗: HTTPConnectionPool(host='127.0.0.1', port=8000): Max retries exceeded with url: /api/v2/analysis/execute?function_id=28&year=2025&race=Japan&session=R (Caused by NewConnectionError('<urllib3.connection.HTTPConnection object at 0x000001411C8AD6D0>: Failed to establish a new connection: [WinError 10061] 無法連線，因為目標電腦拒絕連線。'))
2025-10-05 02:41:10 | ERROR | f1.console | 🎉 導入錯誤已修復!
2025-10-05 02:41:10 | ERROR | f1.console |    ℹ️  之前會因為 'NameError: name "tr" is not defined' 而失敗
2025-10-05 02:41:10 | ERROR | f1.console | ✅ 不再出現 'NameError: name "tr" is not defined' 錯誤
2025-10-05 02:41:10 | WARNING | f1.console | ⚠️  缺少模組: ['speed_diff', 'distance_diff']
2025-10-05 02:41:12 | ERROR | f1.console | 
❌ 無法連接到 API 伺服器
2025-10-05 02:41:13 | ERROR | f1.console | 
❌ 測試超時
2025-10-05 02:41:23 | ERROR | f1.console | ❌ 測試失敗: Can't instantiate abstract class UniversalDataLoader without an implementation for abstract methods '_build_filename_patterns', '_generate_data_via_cli', '_process_data', '_validate_data_format', '_validate_load_parameters'
2025-10-05 02:41:23 | ERROR | f1.console |    ⚠️  RainAnalysisModule: 測試時發生錯誤 - module 'modules.gui.rain_analysis.rain_analysis_mdi' has no attribute 'RainAnalysisModule'
2025-10-05 02:41:23 | ERROR | f1.console |    ⚠️  TrackAnalysisModule: 測試時發生錯誤 - module 'modules.gui.track_analysis.track_analysis_mdi' has no attribute 'TrackAnalysisModule'
2025-10-05 02:41:23 | ERROR | f1.console |    ⚠️  TireAnalysisModule: 測試時發生錯誤 - module 'modules.gui.tire_analysis.tire_analysis_mdi' has no attribute 'TireAnalysisModule'
2025-10-05 02:41:23 | ERROR | f1.console |    ⚠️  LapBoxPlotAnalysisModule: 測試時發生錯誤 - module 'modules.gui.driver_race.lap_box_plot_analysis.lap_box_plot_analysis_mdi' has no attribute 'LapBoxPlotAnalysisModule'
2025-10-05 02:41:23 | ERROR | f1.console | [ERROR] 無法導入基礎模組
2025-10-05 02:41:23 | WARNING | f1.console | [ACCIDENT_API DEBUG] ⚠️  [API-ONLY] CLI 調用已禁用
2025-10-05 02:41:23 | WARNING | f1.console | [TRACK_ANALYSIS] ⚠️  [API-ONLY] CLI 調用已禁用
2025-10-05 02:41:23 | WARNING | f1.console | 
⚠️  [API-ONLY 模式] 系統現在只允許通過 API 獲取數據
2025-10-05 02:41:25 | ERROR | f1.console | [[BOXPLOT_DATA] DEBUG] ========== API 錯誤回調 ==========
2025-10-05 02:41:25 | ERROR | f1.console | [[BOXPLOT_DATA] DEBUG] 錯誤訊息: HTTPConnectionPool(host='127.0.0.1', port=8000): Max retries exceeded with url: /api/v2/analysis/execute?function_id=28&year=2025&race=Japan&session=R (Caused by NewConnectionError('<urllib3.connection.HTTPConnection object at 0x000001A71885E120>: Failed to establish a new connection: [WinError 10061] 無法連線，因為目標電腦拒絕連線。'))
2025-10-05 02:41:25 | ERROR | f1.console | [ERROR] [[BOXPLOT_DATA]] API 請求失敗: HTTPConnectionPool(host='127.0.0.1', port=8000): Max retries exceeded with url: /api/v2/analysis/execute?function_id=28&year=2025&race=Japan&session=R (Caused by NewConnectionError('<urllib3.connection.HTTPConnection object at 0x000001A71885E120>: Failed to establish a new connection: [WinError 10061] 無法連線，因為目標電腦拒絕連線。'))
2025-10-05 02:41:25 | ERROR | f1.console | [狀態] API 請求失敗，改用本地資料
2025-10-05 02:41:25 | ERROR | f1.console |    - 如果 API 請求失敗,檢查 refactored_api.py 是否運行
2025-10-05 02:41:25 | ERROR | f1.console |    - 如果本地 JSON 回退失敗,檢查 json/ 目錄中是否存在檔案:
2025-10-05 02:41:25 | WARNING | f1.console | [ANALYSIS_MANAGER] ⚠️ Not a lap analysis module, skipping: laptime_boxplot_analysis_1817182845504
2025-10-05 02:41:28 | ERROR | f1.console | [[BOXPLOT_DATA] DEBUG] ========== API 錯誤回調 ==========
2025-10-05 02:41:28 | ERROR | f1.console | [[BOXPLOT_DATA] DEBUG] 錯誤訊息: HTTPConnectionPool(host='127.0.0.1', port=8000): Max retries exceeded with url: /api/v2/analysis/execute?function_id=28&year=2025&race=Japan&session=R (Caused by NewConnectionError('<urllib3.connection.HTTPConnection object at 0x000001A7188B0CD0>: Failed to establish a new connection: [WinError 10061] 無法連線，因為目標電腦拒絕連線。'))
2025-10-05 02:41:28 | ERROR | f1.console | [ERROR] [[BOXPLOT_DATA]] API 請求失敗: HTTPConnectionPool(host='127.0.0.1', port=8000): Max retries exceeded with url: /api/v2/analysis/execute?function_id=28&year=2025&race=Japan&session=R (Caused by NewConnectionError('<urllib3.connection.HTTPConnection object at 0x000001A7188B0CD0>: Failed to establish a new connection: [WinError 10061] 無法連線，因為目標電腦拒絕連線。'))
2025-10-05 02:41:33 | ERROR | f1.console | 🎉 導入錯誤已修復!
2025-10-05 02:41:33 | ERROR | f1.console |    ℹ️  之前會因為 'NameError: name "tr" is not defined' 而失敗
2025-10-05 02:41:33 | ERROR | f1.console | ✅ 不再出現 'NameError: name "tr" is not defined' 錯誤
2025-10-05 02:41:33 | WARNING | f1.console | ⚠️  缺少模組: ['speed_diff', 'distance_diff']
2025-10-05 02:41:35 | ERROR | f1.console | 
❌ 無法連接到 API 伺服器
2025-10-05 02:41:36 | ERROR | f1.console | 
❌ 測試超時
2025-10-05 02:43:41 | ERROR | f1.console | ❌ 測試失敗: Can't instantiate abstract class UniversalDataLoader without an implementation for abstract methods '_build_filename_patterns', '_generate_data_via_cli', '_process_data', '_validate_data_format', '_validate_load_parameters'
2025-10-05 02:43:41 | ERROR | f1.console |    ⚠️  RainAnalysisModule: 測試時發生錯誤 - module 'modules.gui.rain_analysis.rain_analysis_mdi' has no attribute 'RainAnalysisModule'
2025-10-05 02:43:41 | ERROR | f1.console |    ⚠️  TrackAnalysisModule: 測試時發生錯誤 - module 'modules.gui.track_analysis.track_analysis_mdi' has no attribute 'TrackAnalysisModule'
2025-10-05 02:43:41 | ERROR | f1.console |    ⚠️  TireAnalysisModule: 測試時發生錯誤 - module 'modules.gui.tire_analysis.tire_analysis_mdi' has no attribute 'TireAnalysisModule'
2025-10-05 02:43:41 | ERROR | f1.console |    ⚠️  LapBoxPlotAnalysisModule: 測試時發生錯誤 - module 'modules.gui.driver_race.lap_box_plot_analysis.lap_box_plot_analysis_mdi' has no attribute 'LapBoxPlotAnalysisModule'
2025-10-05 02:43:41 | ERROR | f1.console | [ERROR] 無法導入基礎模組
2025-10-05 02:43:41 | WARNING | f1.console | [ACCIDENT_API DEBUG] ⚠️  [API-ONLY] CLI 調用已禁用
2025-10-05 02:43:41 | WARNING | f1.console | [TRACK_ANALYSIS] ⚠️  [API-ONLY] CLI 調用已禁用
2025-10-05 02:43:41 | WARNING | f1.console | 
⚠️  [API-ONLY 模式] 系統現在只允許通過 API 獲取數據
2025-10-05 02:43:43 | ERROR | f1.console | [[BOXPLOT_DATA] DEBUG] ========== API 錯誤回調 ==========
2025-10-05 02:43:43 | ERROR | f1.console | [[BOXPLOT_DATA] DEBUG] 錯誤訊息: HTTPConnectionPool(host='127.0.0.1', port=8000): Max retries exceeded with url: /api/v2/analysis/execute?function_id=28&year=2025&race=Japan&session=R (Caused by NewConnectionError('<urllib3.connection.HTTPConnection object at 0x00000241F7146510>: Failed to establish a new connection: [WinError 10061] 無法連線，因為目標電腦拒絕連線。'))
2025-10-05 02:43:43 | ERROR | f1.console | [ERROR] [[BOXPLOT_DATA]] API 請求失敗: HTTPConnectionPool(host='127.0.0.1', port=8000): Max retries exceeded with url: /api/v2/analysis/execute?function_id=28&year=2025&race=Japan&session=R (Caused by NewConnectionError('<urllib3.connection.HTTPConnection object at 0x00000241F7146510>: Failed to establish a new connection: [WinError 10061] 無法連線，因為目標電腦拒絕連線。'))
2025-10-05 02:43:43 | ERROR | f1.console | [狀態] API 請求失敗，改用本地資料
2025-10-05 02:43:43 | ERROR | f1.console |    - 如果 API 請求失敗,檢查 refactored_api.py 是否運行
2025-10-05 02:43:43 | ERROR | f1.console |    - 如果本地 JSON 回退失敗,檢查 json/ 目錄中是否存在檔案:
2025-10-05 02:43:43 | WARNING | f1.console | [ANALYSIS_MANAGER] ⚠️ Not a lap analysis module, skipping: laptime_boxplot_analysis_2482342240208
2025-10-05 02:43:45 | ERROR | f1.console | [[BOXPLOT_DATA] DEBUG] ========== API 錯誤回調 ==========
2025-10-05 02:43:45 | ERROR | f1.console | [[BOXPLOT_DATA] DEBUG] 錯誤訊息: HTTPConnectionPool(host='127.0.0.1', port=8000): Max retries exceeded with url: /api/v2/analysis/execute?function_id=28&year=2025&race=Japan&session=R (Caused by NewConnectionError('<urllib3.connection.HTTPConnection object at 0x00000241F71C4F50>: Failed to establish a new connection: [WinError 10061] 無法連線，因為目標電腦拒絕連線。'))
2025-10-05 02:43:45 | ERROR | f1.console | [ERROR] [[BOXPLOT_DATA]] API 請求失敗: HTTPConnectionPool(host='127.0.0.1', port=8000): Max retries exceeded with url: /api/v2/analysis/execute?function_id=28&year=2025&race=Japan&session=R (Caused by NewConnectionError('<urllib3.connection.HTTPConnection object at 0x00000241F71C4F50>: Failed to establish a new connection: [WinError 10061] 無法連線，因為目標電腦拒絕連線。'))
2025-10-05 02:43:51 | ERROR | f1.console | 🎉 導入錯誤已修復!
2025-10-05 02:43:51 | ERROR | f1.console |    ℹ️  之前會因為 'NameError: name "tr" is not defined' 而失敗
2025-10-05 02:43:51 | ERROR | f1.console | ✅ 不再出現 'NameError: name "tr" is not defined' 錯誤
2025-10-05 02:43:51 | WARNING | f1.console | ⚠️  缺少模組: ['speed_diff', 'distance_diff']
2025-10-05 02:44:07 | ERROR | f1.console | ❌ 測試失敗: Can't instantiate abstract class UniversalDataLoader without an implementation for abstract methods '_build_filename_patterns', '_generate_data_via_cli', '_process_data', '_validate_data_format', '_validate_load_parameters'
2025-10-05 02:44:07 | ERROR | f1.console |    ⚠️  RainAnalysisModule: 測試時發生錯誤 - module 'modules.gui.rain_analysis.rain_analysis_mdi' has no attribute 'RainAnalysisModule'
2025-10-05 02:44:07 | ERROR | f1.console |    ⚠️  TrackAnalysisModule: 測試時發生錯誤 - module 'modules.gui.track_analysis.track_analysis_mdi' has no attribute 'TrackAnalysisModule'
2025-10-05 02:44:07 | ERROR | f1.console |    ⚠️  TireAnalysisModule: 測試時發生錯誤 - module 'modules.gui.tire_analysis.tire_analysis_mdi' has no attribute 'TireAnalysisModule'
2025-10-05 02:44:07 | ERROR | f1.console |    ⚠️  LapBoxPlotAnalysisModule: 測試時發生錯誤 - module 'modules.gui.driver_race.lap_box_plot_analysis.lap_box_plot_analysis_mdi' has no attribute 'LapBoxPlotAnalysisModule'
2025-10-05 02:44:07 | ERROR | f1.console | [ERROR] 無法導入基礎模組
2025-10-05 02:44:07 | WARNING | f1.console | [ACCIDENT_API DEBUG] ⚠️  [API-ONLY] CLI 調用已禁用
2025-10-05 02:44:07 | WARNING | f1.console | [TRACK_ANALYSIS] ⚠️  [API-ONLY] CLI 調用已禁用
2025-10-05 02:44:07 | WARNING | f1.console | 
⚠️  [API-ONLY 模式] 系統現在只允許通過 API 獲取數據
2025-10-05 02:44:09 | ERROR | f1.console | [[BOXPLOT_DATA] DEBUG] ========== API 錯誤回調 ==========
2025-10-05 02:44:09 | ERROR | f1.console | [[BOXPLOT_DATA] DEBUG] 錯誤訊息: HTTPConnectionPool(host='127.0.0.1', port=8000): Max retries exceeded with url: /api/v2/analysis/execute?function_id=28&year=2025&race=Japan&session=R (Caused by NewConnectionError('<urllib3.connection.HTTPConnection object at 0x0000021298D96900>: Failed to establish a new connection: [WinError 10061] 無法連線，因為目標電腦拒絕連線。'))
2025-10-05 02:44:09 | ERROR | f1.console | [ERROR] [[BOXPLOT_DATA]] API 請求失敗: HTTPConnectionPool(host='127.0.0.1', port=8000): Max retries exceeded with url: /api/v2/analysis/execute?function_id=28&year=2025&race=Japan&session=R (Caused by NewConnectionError('<urllib3.connection.HTTPConnection object at 0x0000021298D96900>: Failed to establish a new connection: [WinError 10061] 無法連線，因為目標電腦拒絕連線。'))
2025-10-05 02:44:09 | ERROR | f1.console | [狀態] API 請求失敗，改用本地資料
2025-10-05 02:44:09 | ERROR | f1.console |    - 如果 API 請求失敗,檢查 refactored_api.py 是否運行
2025-10-05 02:44:09 | ERROR | f1.console |    - 如果本地 JSON 回退失敗,檢查 json/ 目錄中是否存在檔案:
2025-10-05 02:44:10 | WARNING | f1.console | [ANALYSIS_MANAGER] ⚠️ Not a lap analysis module, skipping: laptime_boxplot_analysis_2278897498832
2025-10-05 02:44:12 | ERROR | f1.console | [[BOXPLOT_DATA] DEBUG] ========== API 錯誤回調 ==========
2025-10-05 02:44:12 | ERROR | f1.console | [[BOXPLOT_DATA] DEBUG] 錯誤訊息: HTTPConnectionPool(host='127.0.0.1', port=8000): Max retries exceeded with url: /api/v2/analysis/execute?function_id=28&year=2025&race=Japan&session=R (Caused by NewConnectionError('<urllib3.connection.HTTPConnection object at 0x0000021298E1D6D0>: Failed to establish a new connection: [WinError 10061] 無法連線，因為目標電腦拒絕連線。'))
2025-10-05 02:44:12 | ERROR | f1.console | [ERROR] [[BOXPLOT_DATA]] API 請求失敗: HTTPConnectionPool(host='127.0.0.1', port=8000): Max retries exceeded with url: /api/v2/analysis/execute?function_id=28&year=2025&race=Japan&session=R (Caused by NewConnectionError('<urllib3.connection.HTTPConnection object at 0x0000021298E1D6D0>: Failed to establish a new connection: [WinError 10061] 無法連線，因為目標電腦拒絕連線。'))
2025-10-05 02:44:17 | ERROR | f1.console | 🎉 導入錯誤已修復!
2025-10-05 02:44:17 | ERROR | f1.console |    ℹ️  之前會因為 'NameError: name "tr" is not defined' 而失敗
2025-10-05 02:44:17 | ERROR | f1.console | ✅ 不再出現 'NameError: name "tr" is not defined' 錯誤
2025-10-05 02:44:17 | WARNING | f1.console | ⚠️  缺少模組: ['speed_diff', 'distance_diff']
2025-10-05 02:44:19 | ERROR | f1.console | 
❌ 無法連接到 API 伺服器
2025-10-05 02:44:21 | ERROR | f1.console | 
❌ 測試超時
2025-10-05 02:44:21 | ERROR | f1.console |   ❌ confirm_exit_title                       = [MISSING]
2025-10-05 02:44:21 | ERROR | f1.console |   ❌ no_charts_selected                       = [MISSING]
2025-10-05 02:44:21 | ERROR | f1.console |   ❌ no_driver_selected                       = [MISSING]
2025-10-05 02:44:21 | ERROR | f1.console |   ❌ module_unavailable                       = [MISSING]
2025-10-05 02:44:21 | ERROR | f1.console |   ❌ track_analysis_unavailable               = [MISSING]
2025-10-05 02:44:21 | ERROR | f1.console |   ❌ cannot_find_mdi_area                     = [MISSING]
2025-10-05 02:44:21 | ERROR | f1.console |   ❌ cannot_open_window                       = [MISSING]
2025-10-05 02:44:21 | WARNING | f1.console | 
  ⚠️  缺少 7 個翻譯鍵
2025-10-05 02:44:21 | ERROR | f1.console |   ❌ confirm_exit_title                       = [MISSING]
2025-10-05 02:44:21 | ERROR | f1.console |   ✅ analysis_failed                          = 分析失敗
2025-10-05 02:44:21 | WARNING | f1.console |   ✅ warning                                  = 警告
2025-10-05 02:44:21 | ERROR | f1.console |   ✅ error                                    = 錯誤
2025-10-05 02:44:21 | ERROR | f1.console |   ❌ no_charts_selected                       = [MISSING]
2025-10-05 02:44:21 | ERROR | f1.console |   ❌ no_driver_selected                       = [MISSING]
2025-10-05 02:44:21 | ERROR | f1.console |   ❌ module_unavailable                       = [MISSING]
2025-10-05 02:44:21 | ERROR | f1.console |   ❌ track_analysis_unavailable               = [MISSING]
2025-10-05 02:44:21 | ERROR | f1.console |   ❌ cannot_find_mdi_area                     = [MISSING]
2025-10-05 02:44:21 | ERROR | f1.console |   ❌ cannot_open_window                       = [MISSING]
2025-10-05 02:44:21 | WARNING | f1.console | 
  ⚠️  缺少 7 個翻譯鍵
2025-10-05 02:44:21 | ERROR | f1.console |   ❌ confirm_exit_title                       = [MISSING]
2025-10-05 02:44:21 | ERROR | f1.console |   ✅ analysis_failed                          = 分析失敗
2025-10-05 02:44:21 | ERROR | f1.console |   ❌ no_charts_selected                       = [MISSING]
2025-10-05 02:44:21 | ERROR | f1.console |   ❌ no_driver_selected                       = [MISSING]
2025-10-05 02:44:21 | ERROR | f1.console |   ❌ module_unavailable                       = [MISSING]
2025-10-05 02:44:21 | ERROR | f1.console |   ❌ track_analysis_unavailable               = [MISSING]
2025-10-05 02:44:21 | ERROR | f1.console |   ❌ cannot_find_mdi_area                     = [MISSING]
2025-10-05 02:44:21 | ERROR | f1.console |   ❌ cannot_open_window                       = [MISSING]
2025-10-05 02:44:21 | WARNING | f1.console | 
  ⚠️  缺少 7 個翻譯鍵
2025-10-05 02:44:23 | ERROR | f1.console | [SEASON] API 請求失敗: HTTPConnectionPool(host='127.0.0.1', port=8000): Max retries exceeded with url: /api/v2/analysis/execute?function_id=99&year=2025 (Caused by NewConnectionError('<urllib3.connection.HTTPConnection object at 0x0000021298D9F820>: Failed to establish a new connection: [WinError 10061] 無法連線，因為目標電腦拒絕連線。'))
2025-10-05 02:44:23 | WARNING | f1.console | 
[超時] ⚠️ 15秒內未收到信號
2025-10-05 02:45:16 | ERROR | f1.console | ❌ 測試失敗: Can't instantiate abstract class UniversalDataLoader without an implementation for abstract methods '_build_filename_patterns', '_generate_data_via_cli', '_process_data', '_validate_data_format', '_validate_load_parameters'
2025-10-05 02:45:16 | ERROR | f1.console |    ⚠️  RainAnalysisModule: 測試時發生錯誤 - module 'modules.gui.rain_analysis.rain_analysis_mdi' has no attribute 'RainAnalysisModule'
2025-10-05 02:45:16 | ERROR | f1.console |    ⚠️  TrackAnalysisModule: 測試時發生錯誤 - module 'modules.gui.track_analysis.track_analysis_mdi' has no attribute 'TrackAnalysisModule'
2025-10-05 02:45:16 | ERROR | f1.console |    ⚠️  TireAnalysisModule: 測試時發生錯誤 - module 'modules.gui.tire_analysis.tire_analysis_mdi' has no attribute 'TireAnalysisModule'
2025-10-05 02:45:16 | ERROR | f1.console |    ⚠️  LapBoxPlotAnalysisModule: 測試時發生錯誤 - module 'modules.gui.driver_race.lap_box_plot_analysis.lap_box_plot_analysis_mdi' has no attribute 'LapBoxPlotAnalysisModule'
2025-10-05 02:45:16 | ERROR | f1.console | [ERROR] 無法導入基礎模組
2025-10-05 02:45:16 | WARNING | f1.console | [ACCIDENT_API DEBUG] ⚠️  [API-ONLY] CLI 調用已禁用
2025-10-05 02:45:16 | WARNING | f1.console | [TRACK_ANALYSIS] ⚠️  [API-ONLY] CLI 調用已禁用
2025-10-05 02:45:16 | WARNING | f1.console | 
⚠️  [API-ONLY 模式] 系統現在只允許通過 API 獲取數據
2025-10-05 02:45:18 | ERROR | f1.console | [[BOXPLOT_DATA] DEBUG] ========== API 錯誤回調 ==========
2025-10-05 02:45:18 | ERROR | f1.console | [[BOXPLOT_DATA] DEBUG] 錯誤訊息: HTTPConnectionPool(host='127.0.0.1', port=8000): Max retries exceeded with url: /api/v2/analysis/execute?function_id=28&year=2025&race=Japan&session=R (Caused by NewConnectionError('<urllib3.connection.HTTPConnection object at 0x000002575E05A900>: Failed to establish a new connection: [WinError 10061] 無法連線，因為目標電腦拒絕連線。'))
2025-10-05 02:45:18 | ERROR | f1.console | [ERROR] [[BOXPLOT_DATA]] API 請求失敗: HTTPConnectionPool(host='127.0.0.1', port=8000): Max retries exceeded with url: /api/v2/analysis/execute?function_id=28&year=2025&race=Japan&session=R (Caused by NewConnectionError('<urllib3.connection.HTTPConnection object at 0x000002575E05A900>: Failed to establish a new connection: [WinError 10061] 無法連線，因為目標電腦拒絕連線。'))
2025-10-05 02:45:18 | ERROR | f1.console | [狀態] API 請求失敗，改用本地資料
2025-10-05 02:45:18 | ERROR | f1.console |    - 如果 API 請求失敗,檢查 refactored_api.py 是否運行
2025-10-05 02:45:18 | ERROR | f1.console |    - 如果本地 JSON 回退失敗,檢查 json/ 目錄中是否存在檔案:
2025-10-05 02:45:18 | WARNING | f1.console | [ANALYSIS_MANAGER] ⚠️ Not a lap analysis module, skipping: laptime_boxplot_analysis_2574263254864
2025-10-05 02:45:21 | ERROR | f1.console | [[BOXPLOT_DATA] DEBUG] ========== API 錯誤回調 ==========
2025-10-05 02:45:21 | ERROR | f1.console | [[BOXPLOT_DATA] DEBUG] 錯誤訊息: HTTPConnectionPool(host='127.0.0.1', port=8000): Max retries exceeded with url: /api/v2/analysis/execute?function_id=28&year=2025&race=Japan&session=R (Caused by NewConnectionError('<urllib3.connection.HTTPConnection object at 0x000002575E0D5450>: Failed to establish a new connection: [WinError 10061] 無法連線，因為目標電腦拒絕連線。'))
2025-10-05 02:45:21 | ERROR | f1.console | [ERROR] [[BOXPLOT_DATA]] API 請求失敗: HTTPConnectionPool(host='127.0.0.1', port=8000): Max retries exceeded with url: /api/v2/analysis/execute?function_id=28&year=2025&race=Japan&session=R (Caused by NewConnectionError('<urllib3.connection.HTTPConnection object at 0x000002575E0D5450>: Failed to establish a new connection: [WinError 10061] 無法連線，因為目標電腦拒絕連線。'))
2025-10-05 02:45:26 | ERROR | f1.console | ❌ 測試失敗: Can't instantiate abstract class UniversalDataLoader without an implementation for abstract methods '_build_filename_patterns', '_generate_data_via_cli', '_process_data', '_validate_data_format', '_validate_load_parameters'
2025-10-05 02:45:26 | ERROR | f1.console |    ⚠️  RainAnalysisModule: 測試時發生錯誤 - module 'modules.gui.rain_analysis.rain_analysis_mdi' has no attribute 'RainAnalysisModule'
2025-10-05 02:45:26 | ERROR | f1.console |    ⚠️  TrackAnalysisModule: 測試時發生錯誤 - module 'modules.gui.track_analysis.track_analysis_mdi' has no attribute 'TrackAnalysisModule'
2025-10-05 02:45:26 | ERROR | f1.console |    ⚠️  TireAnalysisModule: 測試時發生錯誤 - module 'modules.gui.tire_analysis.tire_analysis_mdi' has no attribute 'TireAnalysisModule'
2025-10-05 02:45:26 | ERROR | f1.console |    ⚠️  LapBoxPlotAnalysisModule: 測試時發生錯誤 - module 'modules.gui.driver_race.lap_box_plot_analysis.lap_box_plot_analysis_mdi' has no attribute 'LapBoxPlotAnalysisModule'
2025-10-05 02:45:26 | ERROR | f1.console | [ERROR] 無法導入基礎模組
2025-10-05 02:45:26 | WARNING | f1.console | [ACCIDENT_API DEBUG] ⚠️  [API-ONLY] CLI 調用已禁用
2025-10-05 02:45:26 | WARNING | f1.console | [TRACK_ANALYSIS] ⚠️  [API-ONLY] CLI 調用已禁用
2025-10-05 02:45:26 | WARNING | f1.console | 
⚠️  [API-ONLY 模式] 系統現在只允許通過 API 獲取數據
2025-10-05 02:45:26 | ERROR | f1.console | 🎉 導入錯誤已修復!
2025-10-05 02:45:26 | ERROR | f1.console |    ℹ️  之前會因為 'NameError: name "tr" is not defined' 而失敗
2025-10-05 02:45:26 | ERROR | f1.console | ✅ 不再出現 'NameError: name "tr" is not defined' 錯誤
2025-10-05 02:45:26 | WARNING | f1.console | ⚠️  缺少模組: ['speed_diff', 'distance_diff']
2025-10-05 02:45:28 | ERROR | f1.console | [[BOXPLOT_DATA] DEBUG] ========== API 錯誤回調 ==========
2025-10-05 02:45:28 | ERROR | f1.console | [[BOXPLOT_DATA] DEBUG] 錯誤訊息: HTTPConnectionPool(host='127.0.0.1', port=8000): Max retries exceeded with url: /api/v2/analysis/execute?function_id=28&year=2025&race=Japan&session=R (Caused by NewConnectionError('<urllib3.connection.HTTPConnection object at 0x000001FBB04D6900>: Failed to establish a new connection: [WinError 10061] 無法連線，因為目標電腦拒絕連線。'))
2025-10-05 02:45:28 | ERROR | f1.console | [ERROR] [[BOXPLOT_DATA]] API 請求失敗: HTTPConnectionPool(host='127.0.0.1', port=8000): Max retries exceeded with url: /api/v2/analysis/execute?function_id=28&year=2025&race=Japan&session=R (Caused by NewConnectionError('<urllib3.connection.HTTPConnection object at 0x000001FBB04D6900>: Failed to establish a new connection: [WinError 10061] 無法連線，因為目標電腦拒絕連線。'))
2025-10-05 02:45:28 | ERROR | f1.console | [狀態] API 請求失敗，改用本地資料
2025-10-05 02:45:28 | ERROR | f1.console |    - 如果 API 請求失敗,檢查 refactored_api.py 是否運行
2025-10-05 02:45:28 | ERROR | f1.console |    - 如果本地 JSON 回退失敗,檢查 json/ 目錄中是否存在檔案:
2025-10-05 02:45:28 | WARNING | f1.console | [ANALYSIS_MANAGER] ⚠️ Not a lap analysis module, skipping: laptime_boxplot_analysis_2180506745552
2025-10-05 02:45:30 | ERROR | f1.console | [[BOXPLOT_DATA] DEBUG] ========== API 錯誤回調 ==========
2025-10-05 02:45:30 | ERROR | f1.console | [[BOXPLOT_DATA] DEBUG] 錯誤訊息: HTTPConnectionPool(host='127.0.0.1', port=8000): Max retries exceeded with url: /api/v2/analysis/execute?function_id=28&year=2025&race=Japan&session=R (Caused by NewConnectionError('<urllib3.connection.HTTPConnection object at 0x000001FBB055D6D0>: Failed to establish a new connection: [WinError 10061] 無法連線，因為目標電腦拒絕連線。'))
2025-10-05 02:45:30 | ERROR | f1.console | [ERROR] [[BOXPLOT_DATA]] API 請求失敗: HTTPConnectionPool(host='127.0.0.1', port=8000): Max retries exceeded with url: /api/v2/analysis/execute?function_id=28&year=2025&race=Japan&session=R (Caused by NewConnectionError('<urllib3.connection.HTTPConnection object at 0x000001FBB055D6D0>: Failed to establish a new connection: [WinError 10061] 無法連線，因為目標電腦拒絕連線。'))
2025-10-05 02:45:36 | ERROR | f1.console | 🎉 導入錯誤已修復!
2025-10-05 02:45:36 | ERROR | f1.console |    ℹ️  之前會因為 'NameError: name "tr" is not defined' 而失敗
2025-10-05 02:45:36 | ERROR | f1.console | ✅ 不再出現 'NameError: name "tr" is not defined' 錯誤
2025-10-05 02:45:36 | WARNING | f1.console | ⚠️  缺少模組: ['speed_diff', 'distance_diff']
2025-10-05 02:45:38 | ERROR | f1.console | 
❌ 無法連接到 API 伺服器
2025-10-05 02:45:40 | ERROR | f1.console | 
❌ 測試超時
2025-10-05 02:45:40 | ERROR | f1.console |   ❌ confirm_exit_title                       = [MISSING]
2025-10-05 02:45:40 | ERROR | f1.console |   ❌ no_charts_selected                       = [MISSING]
2025-10-05 02:45:40 | ERROR | f1.console |   ❌ no_driver_selected                       = [MISSING]
2025-10-05 02:45:40 | ERROR | f1.console |   ❌ module_unavailable                       = [MISSING]
2025-10-05 02:45:40 | ERROR | f1.console |   ❌ track_analysis_unavailable               = [MISSING]
2025-10-05 02:45:40 | ERROR | f1.console |   ❌ cannot_find_mdi_area                     = [MISSING]
2025-10-05 02:45:40 | ERROR | f1.console |   ❌ cannot_open_window                       = [MISSING]
2025-10-05 02:45:40 | WARNING | f1.console | 
  ⚠️  缺少 7 個翻譯鍵
2025-10-05 02:45:40 | ERROR | f1.console |   ❌ confirm_exit_title                       = [MISSING]
2025-10-05 02:45:40 | ERROR | f1.console |   ✅ analysis_failed                          = 分析失敗
2025-10-05 02:45:40 | WARNING | f1.console |   ✅ warning                                  = 警告
2025-10-05 02:45:40 | ERROR | f1.console |   ✅ error                                    = 錯誤
2025-10-05 02:45:40 | ERROR | f1.console |   ❌ no_charts_selected                       = [MISSING]
2025-10-05 02:45:40 | ERROR | f1.console |   ❌ no_driver_selected                       = [MISSING]
2025-10-05 02:45:40 | ERROR | f1.console |   ❌ module_unavailable                       = [MISSING]
2025-10-05 02:45:40 | ERROR | f1.console |   ❌ track_analysis_unavailable               = [MISSING]
2025-10-05 02:45:40 | ERROR | f1.console |   ❌ cannot_find_mdi_area                     = [MISSING]
2025-10-05 02:45:40 | ERROR | f1.console |   ❌ cannot_open_window                       = [MISSING]
2025-10-05 02:45:40 | WARNING | f1.console | 
  ⚠️  缺少 7 個翻譯鍵
2025-10-05 02:45:40 | ERROR | f1.console |   ❌ confirm_exit_title                       = [MISSING]
2025-10-05 02:45:40 | ERROR | f1.console |   ✅ analysis_failed                          = 分析失敗
2025-10-05 02:45:40 | ERROR | f1.console |   ❌ no_charts_selected                       = [MISSING]
2025-10-05 02:45:40 | ERROR | f1.console |   ❌ no_driver_selected                       = [MISSING]
2025-10-05 02:45:40 | ERROR | f1.console |   ❌ module_unavailable                       = [MISSING]
2025-10-05 02:45:40 | ERROR | f1.console |   ❌ track_analysis_unavailable               = [MISSING]
2025-10-05 02:45:40 | ERROR | f1.console |   ❌ cannot_find_mdi_area                     = [MISSING]
2025-10-05 02:45:40 | ERROR | f1.console |   ❌ cannot_open_window                       = [MISSING]
2025-10-05 02:45:40 | WARNING | f1.console | 
  ⚠️  缺少 7 個翻譯鍵
2025-10-05 02:45:42 | ERROR | f1.console | [SEASON] API 請求失敗: HTTPConnectionPool(host='127.0.0.1', port=8000): Max retries exceeded with url: /api/v2/analysis/execute?function_id=99&year=2025 (Caused by NewConnectionError('<urllib3.connection.HTTPConnection object at 0x000001FBB04DF820>: Failed to establish a new connection: [WinError 10061] 無法連線，因為目標電腦拒絕連線。'))
2025-10-05 02:45:42 | WARNING | f1.console | 
[超時] ⚠️ 15秒內未收到信號
2025-10-05 02:45:42 | ERROR | f1.console | [SERVICE] ❌ 服務異常! (耗時: 0.000s): Missing required parameter 'session' for function 1
2025-10-05 02:45:42 | ERROR | f1.console | ❌ 事故分析模組測試失敗: QObject(parent: Optional[QObject] = None): argument 1 has unexpected type 'MockDataManager'
2025-10-05 02:45:42 | WARNING | f1.console | ⚠️ speed_analysis                 → 速度分析
2025-10-05 02:45:42 | WARNING | f1.console | ⚠️ rpm_analysis                   → RPM分析
2025-10-05 02:45:42 | WARNING | f1.console | ⚠️ rain_analysis                  → 降雨分析
2025-10-05 02:45:42 | WARNING | f1.console | ⚠️ accident_analysis              → 事故分析
2025-10-05 02:45:42 | WARNING | f1.console | ⚠️ speed_analysis                 → 速度分析
2025-10-05 02:45:42 | WARNING | f1.console | ⚠️ rpm_analysis                   → RPM分析
2025-10-05 02:45:43 | ERROR | f1.console | [SEASON] API 請求失敗: network unavailable
2025-10-05 02:45:43 | ERROR | f1.console | [SEASON] API 請求失敗: network unavailable
2025-10-05 02:46:11 | ERROR | f1.console | ❌ 測試失敗: Can't instantiate abstract class UniversalDataLoader without an implementation for abstract methods '_build_filename_patterns', '_generate_data_via_cli', '_process_data', '_validate_data_format', '_validate_load_parameters'
2025-10-05 02:46:11 | ERROR | f1.console |    ⚠️  RainAnalysisModule: 測試時發生錯誤 - module 'modules.gui.rain_analysis.rain_analysis_mdi' has no attribute 'RainAnalysisModule'
2025-10-05 02:46:11 | ERROR | f1.console |    ⚠️  TrackAnalysisModule: 測試時發生錯誤 - module 'modules.gui.track_analysis.track_analysis_mdi' has no attribute 'TrackAnalysisModule'
2025-10-05 02:46:11 | ERROR | f1.console |    ⚠️  TireAnalysisModule: 測試時發生錯誤 - module 'modules.gui.tire_analysis.tire_analysis_mdi' has no attribute 'TireAnalysisModule'
2025-10-05 02:46:11 | ERROR | f1.console |    ⚠️  LapBoxPlotAnalysisModule: 測試時發生錯誤 - module 'modules.gui.driver_race.lap_box_plot_analysis.lap_box_plot_analysis_mdi' has no attribute 'LapBoxPlotAnalysisModule'
2025-10-05 02:46:11 | ERROR | f1.console | [ERROR] 無法導入基礎模組
2025-10-05 02:46:11 | WARNING | f1.console | [ACCIDENT_API DEBUG] ⚠️  [API-ONLY] CLI 調用已禁用
2025-10-05 02:46:11 | WARNING | f1.console | [TRACK_ANALYSIS] ⚠️  [API-ONLY] CLI 調用已禁用
2025-10-05 02:46:11 | WARNING | f1.console | 
⚠️  [API-ONLY 模式] 系統現在只允許通過 API 獲取數據
2025-10-05 02:46:13 | ERROR | f1.console | [[BOXPLOT_DATA] DEBUG] ========== API 錯誤回調 ==========
2025-10-05 02:46:13 | ERROR | f1.console | [[BOXPLOT_DATA] DEBUG] 錯誤訊息: HTTPConnectionPool(host='127.0.0.1', port=8000): Max retries exceeded with url: /api/v2/analysis/execute?function_id=28&year=2025&race=Japan&session=R (Caused by NewConnectionError('<urllib3.connection.HTTPConnection object at 0x000002274B42E900>: Failed to establish a new connection: [WinError 10061] 無法連線，因為目標電腦拒絕連線。'))
2025-10-05 02:46:13 | ERROR | f1.console | [ERROR] [[BOXPLOT_DATA]] API 請求失敗: HTTPConnectionPool(host='127.0.0.1', port=8000): Max retries exceeded with url: /api/v2/analysis/execute?function_id=28&year=2025&race=Japan&session=R (Caused by NewConnectionError('<urllib3.connection.HTTPConnection object at 0x000002274B42E900>: Failed to establish a new connection: [WinError 10061] 無法連線，因為目標電腦拒絕連線。'))
2025-10-05 02:46:13 | ERROR | f1.console | [狀態] API 請求失敗，改用本地資料
2025-10-05 02:46:13 | ERROR | f1.console |    - 如果 API 請求失敗,檢查 refactored_api.py 是否運行
2025-10-05 02:46:13 | ERROR | f1.console |    - 如果本地 JSON 回退失敗,檢查 json/ 目錄中是否存在檔案:
2025-10-05 02:46:13 | WARNING | f1.console | [ANALYSIS_MANAGER] ⚠️ Not a lap analysis module, skipping: laptime_boxplot_analysis_2367790071632
2025-10-05 02:46:15 | ERROR | f1.console | [[BOXPLOT_DATA] DEBUG] ========== API 錯誤回調 ==========
2025-10-05 02:46:15 | ERROR | f1.console | [[BOXPLOT_DATA] DEBUG] 錯誤訊息: HTTPConnectionPool(host='127.0.0.1', port=8000): Max retries exceeded with url: /api/v2/analysis/execute?function_id=28&year=2025&race=Japan&session=R (Caused by NewConnectionError('<urllib3.connection.HTTPConnection object at 0x000002274B4A5450>: Failed to establish a new connection: [WinError 10061] 無法連線，因為目標電腦拒絕連線。'))
2025-10-05 02:46:15 | ERROR | f1.console | [ERROR] [[BOXPLOT_DATA]] API 請求失敗: HTTPConnectionPool(host='127.0.0.1', port=8000): Max retries exceeded with url: /api/v2/analysis/execute?function_id=28&year=2025&race=Japan&session=R (Caused by NewConnectionError('<urllib3.connection.HTTPConnection object at 0x000002274B4A5450>: Failed to establish a new connection: [WinError 10061] 無法連線，因為目標電腦拒絕連線。'))
2025-10-05 02:46:21 | ERROR | f1.console | 🎉 導入錯誤已修復!
2025-10-05 02:46:21 | ERROR | f1.console |    ℹ️  之前會因為 'NameError: name "tr" is not defined' 而失敗
2025-10-05 02:46:21 | ERROR | f1.console | ✅ 不再出現 'NameError: name "tr" is not defined' 錯誤
2025-10-05 02:46:21 | WARNING | f1.console | ⚠️  缺少模組: ['speed_diff', 'distance_diff']
2025-10-05 02:46:26 | ERROR | f1.console | ❌ 測試失敗: Can't instantiate abstract class UniversalDataLoader without an implementation for abstract methods '_build_filename_patterns', '_generate_data_via_cli', '_process_data', '_validate_data_format', '_validate_load_parameters'
2025-10-05 02:46:26 | ERROR | f1.console |    ⚠️  RainAnalysisModule: 測試時發生錯誤 - module 'modules.gui.rain_analysis.rain_analysis_mdi' has no attribute 'RainAnalysisModule'
2025-10-05 02:46:26 | ERROR | f1.console |    ⚠️  TrackAnalysisModule: 測試時發生錯誤 - module 'modules.gui.track_analysis.track_analysis_mdi' has no attribute 'TrackAnalysisModule'
2025-10-05 02:46:26 | ERROR | f1.console |    ⚠️  TireAnalysisModule: 測試時發生錯誤 - module 'modules.gui.tire_analysis.tire_analysis_mdi' has no attribute 'TireAnalysisModule'
2025-10-05 02:46:26 | ERROR | f1.console |    ⚠️  LapBoxPlotAnalysisModule: 測試時發生錯誤 - module 'modules.gui.driver_race.lap_box_plot_analysis.lap_box_plot_analysis_mdi' has no attribute 'LapBoxPlotAnalysisModule'
2025-10-05 02:46:26 | ERROR | f1.console | [ERROR] 無法導入基礎模組
2025-10-05 02:46:26 | WARNING | f1.console | [ACCIDENT_API DEBUG] ⚠️  [API-ONLY] CLI 調用已禁用
2025-10-05 02:46:26 | WARNING | f1.console | [TRACK_ANALYSIS] ⚠️  [API-ONLY] CLI 調用已禁用
2025-10-05 02:46:26 | WARNING | f1.console | 
⚠️  [API-ONLY 模式] 系統現在只允許通過 API 獲取數據
2025-10-05 02:46:28 | ERROR | f1.console | [[BOXPLOT_DATA] DEBUG] ========== API 錯誤回調 ==========
2025-10-05 02:46:28 | ERROR | f1.console | [[BOXPLOT_DATA] DEBUG] 錯誤訊息: HTTPConnectionPool(host='127.0.0.1', port=8000): Max retries exceeded with url: /api/v2/analysis/execute?function_id=28&year=2025&race=Japan&session=R (Caused by NewConnectionError('<urllib3.connection.HTTPConnection object at 0x0000015D0FC86900>: Failed to establish a new connection: [WinError 10061] 無法連線，因為目標電腦拒絕連線。'))
2025-10-05 02:46:28 | ERROR | f1.console | [ERROR] [[BOXPLOT_DATA]] API 請求失敗: HTTPConnectionPool(host='127.0.0.1', port=8000): Max retries exceeded with url: /api/v2/analysis/execute?function_id=28&year=2025&race=Japan&session=R (Caused by NewConnectionError('<urllib3.connection.HTTPConnection object at 0x0000015D0FC86900>: Failed to establish a new connection: [WinError 10061] 無法連線，因為目標電腦拒絕連線。'))
2025-10-05 02:46:28 | ERROR | f1.console | [狀態] API 請求失敗，改用本地資料
2025-10-05 02:46:28 | ERROR | f1.console |    - 如果 API 請求失敗,檢查 refactored_api.py 是否運行
2025-10-05 02:46:28 | ERROR | f1.console |    - 如果本地 JSON 回退失敗,檢查 json/ 目錄中是否存在檔案:
2025-10-05 02:46:29 | WARNING | f1.console | [ANALYSIS_MANAGER] ⚠️ Not a lap analysis module, skipping: laptime_boxplot_analysis_1499208825552
2025-10-05 02:46:31 | ERROR | f1.console | [[BOXPLOT_DATA] DEBUG] ========== API 錯誤回調 ==========
2025-10-05 02:46:31 | ERROR | f1.console | [[BOXPLOT_DATA] DEBUG] 錯誤訊息: HTTPConnectionPool(host='127.0.0.1', port=8000): Max retries exceeded with url: /api/v2/analysis/execute?function_id=28&year=2025&race=Japan&session=R (Caused by NewConnectionError('<urllib3.connection.HTTPConnection object at 0x0000015D0FD096D0>: Failed to establish a new connection: [WinError 10061] 無法連線，因為目標電腦拒絕連線。'))
2025-10-05 02:46:31 | ERROR | f1.console | [ERROR] [[BOXPLOT_DATA]] API 請求失敗: HTTPConnectionPool(host='127.0.0.1', port=8000): Max retries exceeded with url: /api/v2/analysis/execute?function_id=28&year=2025&race=Japan&session=R (Caused by NewConnectionError('<urllib3.connection.HTTPConnection object at 0x0000015D0FD096D0>: Failed to establish a new connection: [WinError 10061] 無法連線，因為目標電腦拒絕連線。'))
2025-10-05 02:46:36 | ERROR | f1.console | 🎉 導入錯誤已修復!
2025-10-05 02:46:36 | ERROR | f1.console |    ℹ️  之前會因為 'NameError: name "tr" is not defined' 而失敗
2025-10-05 02:46:36 | ERROR | f1.console | ✅ 不再出現 'NameError: name "tr" is not defined' 錯誤
2025-10-05 02:46:36 | WARNING | f1.console | ⚠️  缺少模組: ['speed_diff', 'distance_diff']
2025-10-05 02:46:38 | ERROR | f1.console | 
❌ 無法連接到 API 伺服器
2025-10-05 02:46:40 | ERROR | f1.console | 
❌ 測試超時
2025-10-05 02:46:40 | ERROR | f1.console |   ❌ confirm_exit_title                       = [MISSING]
2025-10-05 02:46:40 | ERROR | f1.console |   ❌ no_charts_selected                       = [MISSING]
2025-10-05 02:46:40 | ERROR | f1.console |   ❌ no_driver_selected                       = [MISSING]
2025-10-05 02:46:40 | ERROR | f1.console |   ❌ module_unavailable                       = [MISSING]
2025-10-05 02:46:40 | ERROR | f1.console |   ❌ track_analysis_unavailable               = [MISSING]
2025-10-05 02:46:40 | ERROR | f1.console |   ❌ cannot_find_mdi_area                     = [MISSING]
2025-10-05 02:46:40 | ERROR | f1.console |   ❌ cannot_open_window                       = [MISSING]
2025-10-05 02:46:40 | WARNING | f1.console | 
  ⚠️  缺少 7 個翻譯鍵
2025-10-05 02:46:40 | ERROR | f1.console |   ❌ confirm_exit_title                       = [MISSING]
2025-10-05 02:46:40 | ERROR | f1.console |   ✅ analysis_failed                          = 分析失敗
2025-10-05 02:46:40 | WARNING | f1.console |   ✅ warning                                  = 警告
2025-10-05 02:46:40 | ERROR | f1.console |   ✅ error                                    = 錯誤
2025-10-05 02:46:40 | ERROR | f1.console |   ❌ no_charts_selected                       = [MISSING]
2025-10-05 02:46:40 | ERROR | f1.console |   ❌ no_driver_selected                       = [MISSING]
2025-10-05 02:46:40 | ERROR | f1.console |   ❌ module_unavailable                       = [MISSING]
2025-10-05 02:46:40 | ERROR | f1.console |   ❌ track_analysis_unavailable               = [MISSING]
2025-10-05 02:46:40 | ERROR | f1.console |   ❌ cannot_find_mdi_area                     = [MISSING]
2025-10-05 02:46:40 | ERROR | f1.console |   ❌ cannot_open_window                       = [MISSING]
2025-10-05 02:46:40 | WARNING | f1.console | 
  ⚠️  缺少 7 個翻譯鍵
2025-10-05 02:46:40 | ERROR | f1.console |   ❌ confirm_exit_title                       = [MISSING]
2025-10-05 02:46:40 | ERROR | f1.console |   ✅ analysis_failed                          = 分析失敗
2025-10-05 02:46:40 | ERROR | f1.console |   ❌ no_charts_selected                       = [MISSING]
2025-10-05 02:46:40 | ERROR | f1.console |   ❌ no_driver_selected                       = [MISSING]
2025-10-05 02:46:40 | ERROR | f1.console |   ❌ module_unavailable                       = [MISSING]
2025-10-05 02:46:40 | ERROR | f1.console |   ❌ track_analysis_unavailable               = [MISSING]
2025-10-05 02:46:40 | ERROR | f1.console |   ❌ cannot_find_mdi_area                     = [MISSING]
2025-10-05 02:46:40 | ERROR | f1.console |   ❌ cannot_open_window                       = [MISSING]
2025-10-05 02:46:40 | WARNING | f1.console | 
  ⚠️  缺少 7 個翻譯鍵
2025-10-05 02:46:42 | ERROR | f1.console | [SEASON] API 請求失敗: HTTPConnectionPool(host='127.0.0.1', port=8000): Max retries exceeded with url: /api/v2/analysis/execute?function_id=99&year=2025 (Caused by NewConnectionError('<urllib3.connection.HTTPConnection object at 0x0000015D0FC8B820>: Failed to establish a new connection: [WinError 10061] 無法連線，因為目標電腦拒絕連線。'))
2025-10-05 02:46:42 | WARNING | f1.console | 
[超時] ⚠️ 15秒內未收到信號
2025-10-05 02:46:42 | ERROR | f1.console | [SERVICE] ❌ 服務異常! (耗時: 0.000s): Missing required parameter 'session' for function 1
2025-10-05 02:46:42 | ERROR | f1.console | ❌ 事故分析模組測試失敗: QObject(parent: Optional[QObject] = None): argument 1 has unexpected type 'MockDataManager'
2025-10-05 02:46:42 | WARNING | f1.console | ⚠️ speed_analysis                 → 速度分析
2025-10-05 02:46:42 | WARNING | f1.console | ⚠️ rpm_analysis                   → RPM分析
2025-10-05 02:46:43 | WARNING | f1.console | ⚠️ rain_analysis                  → 降雨分析
2025-10-05 02:46:43 | WARNING | f1.console | ⚠️ accident_analysis              → 事故分析
2025-10-05 02:46:43 | WARNING | f1.console | ⚠️ speed_analysis                 → 速度分析
2025-10-05 02:46:43 | WARNING | f1.console | ⚠️ rpm_analysis                   → RPM分析
2025-10-05 02:46:43 | ERROR | f1.console | [SEASON] API 請求失敗: network unavailable
2025-10-05 02:46:43 | ERROR | f1.console | [SEASON] API 請求失敗: network unavailable
2025-10-05 02:48:09 | ERROR | f1.console | ❌ 測試失敗: Can't instantiate abstract class UniversalDataLoader without an implementation for abstract methods '_build_filename_patterns', '_generate_data_via_cli', '_process_data', '_validate_data_format', '_validate_load_parameters'
2025-10-05 02:48:09 | ERROR | f1.console |    ⚠️  RainAnalysisModule: 測試時發生錯誤 - module 'modules.gui.rain_analysis.rain_analysis_mdi' has no attribute 'RainAnalysisModule'
2025-10-05 02:48:09 | ERROR | f1.console |    ⚠️  TrackAnalysisModule: 測試時發生錯誤 - 'return' outside function (track_analysis_mdi.py, line 290)
2025-10-05 02:48:09 | ERROR | f1.console |    ⚠️  TireAnalysisModule: 測試時發生錯誤 - module 'modules.gui.tire_analysis.tire_analysis_mdi' has no attribute 'TireAnalysisModule'
2025-10-05 02:48:09 | ERROR | f1.console |    ⚠️  LapBoxPlotAnalysisModule: 測試時發生錯誤 - module 'modules.gui.driver_race.lap_box_plot_analysis.lap_box_plot_analysis_mdi' has no attribute 'LapBoxPlotAnalysisModule'
2025-10-05 02:48:10 | ERROR | f1.console | [ERROR] 無法導入基礎模組
2025-10-05 02:48:10 | WARNING | f1.console | [ACCIDENT_API DEBUG] ⚠️  [API-ONLY] CLI 調用已禁用
2025-10-05 02:48:10 | ERROR | f1.console |    ⚠️  測試失敗: 'return' outside function (track_analysis_mdi.py, line 290)
2025-10-05 02:48:10 | WARNING | f1.console | 
⚠️  [API-ONLY 模式] 系統現在只允許通過 API 獲取數據
2025-10-05 02:48:12 | ERROR | f1.console | [[BOXPLOT_DATA] DEBUG] ========== API 錯誤回調 ==========
2025-10-05 02:48:12 | ERROR | f1.console | [[BOXPLOT_DATA] DEBUG] 錯誤訊息: HTTPConnectionPool(host='127.0.0.1', port=8000): Max retries exceeded with url: /api/v2/analysis/execute?function_id=28&year=2025&race=Japan&session=R (Caused by NewConnectionError('<urllib3.connection.HTTPConnection object at 0x000001C74444E270>: Failed to establish a new connection: [WinError 10061] 無法連線，因為目標電腦拒絕連線。'))
2025-10-05 02:48:12 | ERROR | f1.console | [ERROR] [[BOXPLOT_DATA]] API 請求失敗: HTTPConnectionPool(host='127.0.0.1', port=8000): Max retries exceeded with url: /api/v2/analysis/execute?function_id=28&year=2025&race=Japan&session=R (Caused by NewConnectionError('<urllib3.connection.HTTPConnection object at 0x000001C74444E270>: Failed to establish a new connection: [WinError 10061] 無法連線，因為目標電腦拒絕連線。'))
2025-10-05 02:48:12 | ERROR | f1.console | [狀態] API 請求失敗，改用本地資料
2025-10-05 02:48:12 | ERROR | f1.console |    - 如果 API 請求失敗,檢查 refactored_api.py 是否運行
2025-10-05 02:48:12 | ERROR | f1.console |    - 如果本地 JSON 回退失敗,檢查 json/ 目錄中是否存在檔案:
2025-10-05 02:48:12 | WARNING | f1.console | [ANALYSIS_MANAGER] ⚠️ Not a lap analysis module, skipping: laptime_boxplot_analysis_1955355716224
2025-10-05 02:48:14 | ERROR | f1.console | [[BOXPLOT_DATA] DEBUG] ========== API 錯誤回調 ==========
2025-10-05 02:48:14 | ERROR | f1.console | [[BOXPLOT_DATA] DEBUG] 錯誤訊息: HTTPConnectionPool(host='127.0.0.1', port=8000): Max retries exceeded with url: /api/v2/analysis/execute?function_id=28&year=2025&race=Japan&session=R (Caused by NewConnectionError('<urllib3.connection.HTTPConnection object at 0x000001C7444611D0>: Failed to establish a new connection: [WinError 10061] 無法連線，因為目標電腦拒絕連線。'))
2025-10-05 02:48:14 | ERROR | f1.console | [ERROR] [[BOXPLOT_DATA]] API 請求失敗: HTTPConnectionPool(host='127.0.0.1', port=8000): Max retries exceeded with url: /api/v2/analysis/execute?function_id=28&year=2025&race=Japan&session=R (Caused by NewConnectionError('<urllib3.connection.HTTPConnection object at 0x000001C7444611D0>: Failed to establish a new connection: [WinError 10061] 無法連線，因為目標電腦拒絕連線。'))
2025-10-05 02:48:19 | ERROR | f1.console | 🎉 導入錯誤已修復!
2025-10-05 02:48:19 | ERROR | f1.console |    ℹ️  之前會因為 'NameError: name "tr" is not defined' 而失敗
2025-10-05 02:48:19 | ERROR | f1.console | ✅ 不再出現 'NameError: name "tr" is not defined' 錯誤
2025-10-05 02:48:19 | WARNING | f1.console | ⚠️  缺少模組: ['speed_diff', 'distance_diff']
2025-10-05 02:48:23 | ERROR | f1.console | ❌ 測試失敗: Can't instantiate abstract class UniversalDataLoader without an implementation for abstract methods '_build_filename_patterns', '_generate_data_via_cli', '_process_data', '_validate_data_format', '_validate_load_parameters'
2025-10-05 02:48:23 | ERROR | f1.console |    ⚠️  RainAnalysisModule: 測試時發生錯誤 - module 'modules.gui.rain_analysis.rain_analysis_mdi' has no attribute 'RainAnalysisModule'
2025-10-05 02:48:23 | ERROR | f1.console |    ⚠️  TrackAnalysisModule: 測試時發生錯誤 - module 'modules.gui.track_analysis.track_analysis_mdi' has no attribute 'TrackAnalysisModule'
2025-10-05 02:48:23 | ERROR | f1.console |    ⚠️  TireAnalysisModule: 測試時發生錯誤 - module 'modules.gui.tire_analysis.tire_analysis_mdi' has no attribute 'TireAnalysisModule'
2025-10-05 02:48:23 | ERROR | f1.console |    ⚠️  LapBoxPlotAnalysisModule: 測試時發生錯誤 - module 'modules.gui.driver_race.lap_box_plot_analysis.lap_box_plot_analysis_mdi' has no attribute 'LapBoxPlotAnalysisModule'
2025-10-05 02:48:23 | ERROR | f1.console | [ERROR] 無法導入基礎模組
2025-10-05 02:48:23 | WARNING | f1.console | [ACCIDENT_API DEBUG] ⚠️  [API-ONLY] CLI 調用已禁用
2025-10-05 02:48:23 | WARNING | f1.console | [TRACK_ANALYSIS] ⚠️  [API-ONLY] CLI 調用已禁用
2025-10-05 02:48:23 | WARNING | f1.console | 
⚠️  [API-ONLY 模式] 系統現在只允許通過 API 獲取數據
2025-10-05 02:48:25 | ERROR | f1.console | [[BOXPLOT_DATA] DEBUG] ========== API 錯誤回調 ==========
2025-10-05 02:48:25 | ERROR | f1.console | [[BOXPLOT_DATA] DEBUG] 錯誤訊息: HTTPConnectionPool(host='127.0.0.1', port=8000): Max retries exceeded with url: /api/v2/analysis/execute?function_id=28&year=2025&race=Japan&session=R (Caused by NewConnectionError('<urllib3.connection.HTTPConnection object at 0x000001A2355E67B0>: Failed to establish a new connection: [WinError 10061] 無法連線，因為目標電腦拒絕連線。'))
2025-10-05 02:48:25 | ERROR | f1.console | [ERROR] [[BOXPLOT_DATA]] API 請求失敗: HTTPConnectionPool(host='127.0.0.1', port=8000): Max retries exceeded with url: /api/v2/analysis/execute?function_id=28&year=2025&race=Japan&session=R (Caused by NewConnectionError('<urllib3.connection.HTTPConnection object at 0x000001A2355E67B0>: Failed to establish a new connection: [WinError 10061] 無法連線，因為目標電腦拒絕連線。'))
2025-10-05 02:48:25 | ERROR | f1.console | [狀態] API 請求失敗，改用本地資料
2025-10-05 02:48:25 | ERROR | f1.console |    - 如果 API 請求失敗,檢查 refactored_api.py 是否運行
2025-10-05 02:48:25 | ERROR | f1.console |    - 如果本地 JSON 回退失敗,檢查 json/ 目錄中是否存在檔案:
2025-10-05 02:48:26 | WARNING | f1.console | [ANALYSIS_MANAGER] ⚠️ Not a lap analysis module, skipping: laptime_boxplot_analysis_1796192075312
2025-10-05 02:48:28 | ERROR | f1.console | [[BOXPLOT_DATA] DEBUG] ========== API 錯誤回調 ==========
2025-10-05 02:48:28 | ERROR | f1.console | [[BOXPLOT_DATA] DEBUG] 錯誤訊息: HTTPConnectionPool(host='127.0.0.1', port=8000): Max retries exceeded with url: /api/v2/analysis/execute?function_id=28&year=2025&race=Japan&session=R (Caused by NewConnectionError('<urllib3.connection.HTTPConnection object at 0x000001A235651450>: Failed to establish a new connection: [WinError 10061] 無法連線，因為目標電腦拒絕連線。'))
2025-10-05 02:48:28 | ERROR | f1.console | [ERROR] [[BOXPLOT_DATA]] API 請求失敗: HTTPConnectionPool(host='127.0.0.1', port=8000): Max retries exceeded with url: /api/v2/analysis/execute?function_id=28&year=2025&race=Japan&session=R (Caused by NewConnectionError('<urllib3.connection.HTTPConnection object at 0x000001A235651450>: Failed to establish a new connection: [WinError 10061] 無法連線，因為目標電腦拒絕連線。'))
2025-10-05 02:48:33 | ERROR | f1.console | 🎉 導入錯誤已修復!
2025-10-05 02:48:33 | ERROR | f1.console |    ℹ️  之前會因為 'NameError: name "tr" is not defined' 而失敗
2025-10-05 02:48:33 | ERROR | f1.console | ✅ 不再出現 'NameError: name "tr" is not defined' 錯誤
2025-10-05 02:48:33 | WARNING | f1.console | ⚠️  缺少模組: ['speed_diff', 'distance_diff']
2025-10-05 02:48:34 | ERROR | f1.console | ❌ 測試失敗: Can't instantiate abstract class UniversalDataLoader without an implementation for abstract methods '_build_filename_patterns', '_generate_data_via_cli', '_process_data', '_validate_data_format', '_validate_load_parameters'
2025-10-05 02:48:34 | ERROR | f1.console |    ⚠️  RainAnalysisModule: 測試時發生錯誤 - module 'modules.gui.rain_analysis.rain_analysis_mdi' has no attribute 'RainAnalysisModule'
2025-10-05 02:48:34 | ERROR | f1.console |    ⚠️  TrackAnalysisModule: 測試時發生錯誤 - module 'modules.gui.track_analysis.track_analysis_mdi' has no attribute 'TrackAnalysisModule'
2025-10-05 02:48:34 | ERROR | f1.console |    ⚠️  TireAnalysisModule: 測試時發生錯誤 - module 'modules.gui.tire_analysis.tire_analysis_mdi' has no attribute 'TireAnalysisModule'
2025-10-05 02:48:34 | ERROR | f1.console |    ⚠️  LapBoxPlotAnalysisModule: 測試時發生錯誤 - module 'modules.gui.driver_race.lap_box_plot_analysis.lap_box_plot_analysis_mdi' has no attribute 'LapBoxPlotAnalysisModule'
2025-10-05 02:48:34 | ERROR | f1.console | [ERROR] 無法導入基礎模組
2025-10-05 02:48:34 | WARNING | f1.console | [ACCIDENT_API DEBUG] ⚠️  [API-ONLY] CLI 調用已禁用
2025-10-05 02:48:34 | WARNING | f1.console | [TRACK_ANALYSIS] ⚠️  [API-ONLY] CLI 調用已禁用
2025-10-05 02:48:34 | WARNING | f1.console | 
⚠️  [API-ONLY 模式] 系統現在只允許通過 API 獲取數據
2025-10-05 02:48:36 | ERROR | f1.console | [[BOXPLOT_DATA] DEBUG] ========== API 錯誤回調 ==========
2025-10-05 02:48:36 | ERROR | f1.console | [[BOXPLOT_DATA] DEBUG] 錯誤訊息: HTTPConnectionPool(host='127.0.0.1', port=8000): Max retries exceeded with url: /api/v2/analysis/execute?function_id=28&year=2025&race=Japan&session=R (Caused by NewConnectionError('<urllib3.connection.HTTPConnection object at 0x000001D584506900>: Failed to establish a new connection: [WinError 10061] 無法連線，因為目標電腦拒絕連線。'))
2025-10-05 02:48:36 | ERROR | f1.console | [ERROR] [[BOXPLOT_DATA]] API 請求失敗: HTTPConnectionPool(host='127.0.0.1', port=8000): Max retries exceeded with url: /api/v2/analysis/execute?function_id=28&year=2025&race=Japan&session=R (Caused by NewConnectionError('<urllib3.connection.HTTPConnection object at 0x000001D584506900>: Failed to establish a new connection: [WinError 10061] 無法連線，因為目標電腦拒絕連線。'))
2025-10-05 02:48:36 | ERROR | f1.console | [狀態] API 請求失敗，改用本地資料
2025-10-05 02:48:36 | ERROR | f1.console |    - 如果 API 請求失敗,檢查 refactored_api.py 是否運行
2025-10-05 02:48:36 | ERROR | f1.console |    - 如果本地 JSON 回退失敗,檢查 json/ 目錄中是否存在檔案:
2025-10-05 02:48:37 | WARNING | f1.console | [ANALYSIS_MANAGER] ⚠️ Not a lap analysis module, skipping: laptime_boxplot_analysis_2016559954640
2025-10-05 02:48:39 | ERROR | f1.console | [[BOXPLOT_DATA] DEBUG] ========== API 錯誤回調 ==========
2025-10-05 02:48:39 | ERROR | f1.console | [[BOXPLOT_DATA] DEBUG] 錯誤訊息: HTTPConnectionPool(host='127.0.0.1', port=8000): Max retries exceeded with url: /api/v2/analysis/execute?function_id=28&year=2025&race=Japan&session=R (Caused by NewConnectionError('<urllib3.connection.HTTPConnection object at 0x000001D58458D6D0>: Failed to establish a new connection: [WinError 10061] 無法連線，因為目標電腦拒絕連線。'))
2025-10-05 02:48:39 | ERROR | f1.console | [ERROR] [[BOXPLOT_DATA]] API 請求失敗: HTTPConnectionPool(host='127.0.0.1', port=8000): Max retries exceeded with url: /api/v2/analysis/execute?function_id=28&year=2025&race=Japan&session=R (Caused by NewConnectionError('<urllib3.connection.HTTPConnection object at 0x000001D58458D6D0>: Failed to establish a new connection: [WinError 10061] 無法連線，因為目標電腦拒絕連線。'))
2025-10-05 02:48:44 | ERROR | f1.console | 🎉 導入錯誤已修復!
2025-10-05 02:48:44 | ERROR | f1.console |    ℹ️  之前會因為 'NameError: name "tr" is not defined' 而失敗
2025-10-05 02:48:44 | ERROR | f1.console | ✅ 不再出現 'NameError: name "tr" is not defined' 錯誤
2025-10-05 02:48:44 | WARNING | f1.console | ⚠️  缺少模組: ['speed_diff', 'distance_diff']
2025-10-05 02:48:46 | ERROR | f1.console | 
❌ 無法連接到 API 伺服器
2025-10-05 02:48:48 | ERROR | f1.console | 
❌ 測試超時
2025-10-05 02:48:48 | ERROR | f1.console |   ❌ confirm_exit_title                       = [MISSING]
2025-10-05 02:48:48 | ERROR | f1.console |   ❌ no_charts_selected                       = [MISSING]
2025-10-05 02:48:48 | ERROR | f1.console |   ❌ no_driver_selected                       = [MISSING]
2025-10-05 02:48:48 | ERROR | f1.console |   ❌ module_unavailable                       = [MISSING]
2025-10-05 02:48:48 | ERROR | f1.console |   ❌ track_analysis_unavailable               = [MISSING]
2025-10-05 02:48:48 | ERROR | f1.console |   ❌ cannot_find_mdi_area                     = [MISSING]
2025-10-05 02:48:48 | ERROR | f1.console |   ❌ cannot_open_window                       = [MISSING]
2025-10-05 02:48:48 | WARNING | f1.console | 
  ⚠️  缺少 7 個翻譯鍵
2025-10-05 02:48:48 | ERROR | f1.console |   ❌ confirm_exit_title                       = [MISSING]
2025-10-05 02:48:48 | ERROR | f1.console |   ✅ analysis_failed                          = 分析失敗
2025-10-05 02:48:48 | WARNING | f1.console |   ✅ warning                                  = 警告
2025-10-05 02:48:48 | ERROR | f1.console |   ✅ error                                    = 錯誤
2025-10-05 02:48:48 | ERROR | f1.console |   ❌ no_charts_selected                       = [MISSING]
2025-10-05 02:48:48 | ERROR | f1.console |   ❌ no_driver_selected                       = [MISSING]
2025-10-05 02:48:48 | ERROR | f1.console |   ❌ module_unavailable                       = [MISSING]
2025-10-05 02:48:48 | ERROR | f1.console |   ❌ track_analysis_unavailable               = [MISSING]
2025-10-05 02:48:48 | ERROR | f1.console |   ❌ cannot_find_mdi_area                     = [MISSING]
2025-10-05 02:48:48 | ERROR | f1.console |   ❌ cannot_open_window                       = [MISSING]
2025-10-05 02:48:48 | WARNING | f1.console | 
  ⚠️  缺少 7 個翻譯鍵
2025-10-05 02:48:48 | ERROR | f1.console |   ❌ confirm_exit_title                       = [MISSING]
2025-10-05 02:48:48 | ERROR | f1.console |   ✅ analysis_failed                          = 分析失敗
2025-10-05 02:48:48 | ERROR | f1.console |   ❌ no_charts_selected                       = [MISSING]
2025-10-05 02:48:48 | ERROR | f1.console |   ❌ no_driver_selected                       = [MISSING]
2025-10-05 02:48:48 | ERROR | f1.console |   ❌ module_unavailable                       = [MISSING]
2025-10-05 02:48:48 | ERROR | f1.console |   ❌ track_analysis_unavailable               = [MISSING]
2025-10-05 02:48:48 | ERROR | f1.console |   ❌ cannot_find_mdi_area                     = [MISSING]
2025-10-05 02:48:48 | ERROR | f1.console |   ❌ cannot_open_window                       = [MISSING]
2025-10-05 02:48:48 | WARNING | f1.console | 
  ⚠️  缺少 7 個翻譯鍵
2025-10-05 02:48:50 | ERROR | f1.console | [SEASON] API 請求失敗: HTTPConnectionPool(host='127.0.0.1', port=8000): Max retries exceeded with url: /api/v2/analysis/execute?function_id=99&year=2025 (Caused by NewConnectionError('<urllib3.connection.HTTPConnection object at 0x000001D58450B820>: Failed to establish a new connection: [WinError 10061] 無法連線，因為目標電腦拒絕連線。'))
2025-10-05 02:48:50 | WARNING | f1.console | 
[超時] ⚠️ 15秒內未收到信號
2025-10-05 02:48:50 | ERROR | f1.console | [SERVICE] ❌ 服務異常! (耗時: 0.000s): Missing required parameter 'session' for function 1
2025-10-05 02:48:50 | ERROR | f1.console | ❌ 事故分析模組測試失敗: QObject(parent: Optional[QObject] = None): argument 1 has unexpected type 'MockDataManager'
2025-10-05 02:48:50 | WARNING | f1.console | ⚠️ speed_analysis                 → 速度分析
2025-10-05 02:48:50 | WARNING | f1.console | ⚠️ rpm_analysis                   → RPM分析
2025-10-05 02:48:51 | WARNING | f1.console | ⚠️ rain_analysis                  → 降雨分析
2025-10-05 02:48:51 | WARNING | f1.console | ⚠️ accident_analysis              → 事故分析
2025-10-05 02:48:51 | WARNING | f1.console | ⚠️ speed_analysis                 → 速度分析
2025-10-05 02:48:51 | WARNING | f1.console | ⚠️ rpm_analysis                   → RPM分析
2025-10-05 02:48:51 | ERROR | f1.console | [SEASON] API 請求失敗: network unavailable
2025-10-05 02:48:51 | ERROR | f1.console | [SEASON] API 請求失敗: network unavailable
2025-10-05 02:49:20 | ERROR | f1.console | [SEASON] API 請求失敗: HTTPConnectionPool(host='127.0.0.1', port=8000): Max retries exceeded with url: /api/v2/analysis/execute?function_id=99&year=2025 (Caused by NewConnectionError('<urllib3.connection.HTTPConnection object at 0x000002C541AE52B0>: Failed to establish a new connection: [WinError 10061] 無法連線，因為目標電腦拒絕連線。'))
2025-10-05 02:49:35 | ERROR | f1.console | [SEASON] API 請求失敗: HTTPConnectionPool(host='127.0.0.1', port=8000): Max retries exceeded with url: /api/v2/analysis/execute?function_id=99&year=2025 (Caused by NewConnectionError('<urllib3.connection.HTTPConnection object at 0x0000027E2A0DA270>: Failed to establish a new connection: [WinError 10061] 無法連線，因為目標電腦拒絕連線。'))
2025-10-05 02:49:35 | ERROR | f1.console | [ERROR] [LINKAGE_INTEGRATION] 連動管理器整合失敗: wrapped C/C++ object of type GlobalSignalManager has been deleted
2025-10-05 02:50:57 | ERROR | f1.console | ❌ 測試失敗: Can't instantiate abstract class UniversalDataLoader without an implementation for abstract methods '_build_filename_patterns', '_generate_data_via_cli', '_process_data', '_validate_data_format', '_validate_load_parameters'
2025-10-05 02:50:57 | ERROR | f1.console |    ⚠️  RainAnalysisModule: 測試時發生錯誤 - module 'modules.gui.rain_analysis.rain_analysis_mdi' has no attribute 'RainAnalysisModule'
2025-10-05 02:50:57 | ERROR | f1.console |    ⚠️  TrackAnalysisModule: 測試時發生錯誤 - module 'modules.gui.track_analysis.track_analysis_mdi' has no attribute 'TrackAnalysisModule'
2025-10-05 02:50:57 | ERROR | f1.console |    ⚠️  TireAnalysisModule: 測試時發生錯誤 - module 'modules.gui.tire_analysis.tire_analysis_mdi' has no attribute 'TireAnalysisModule'
2025-10-05 02:50:57 | ERROR | f1.console |    ⚠️  LapBoxPlotAnalysisModule: 測試時發生錯誤 - module 'modules.gui.driver_race.lap_box_plot_analysis.lap_box_plot_analysis_mdi' has no attribute 'LapBoxPlotAnalysisModule'
2025-10-05 02:50:57 | ERROR | f1.console | [ERROR] 無法導入基礎模組
2025-10-05 02:50:57 | WARNING | f1.console | [ACCIDENT_API DEBUG] ⚠️  [API-ONLY] CLI 調用已禁用
2025-10-05 02:50:57 | WARNING | f1.console | [TRACK_ANALYSIS] ⚠️  [API-ONLY] CLI 調用已禁用
2025-10-05 02:50:57 | WARNING | f1.console | 
⚠️  [API-ONLY 模式] 系統現在只允許通過 API 獲取數據
2025-10-05 02:50:59 | ERROR | f1.console | [[BOXPLOT_DATA] DEBUG] ========== API 錯誤回調 ==========
2025-10-05 02:50:59 | ERROR | f1.console | [[BOXPLOT_DATA] DEBUG] 錯誤訊息: HTTPConnectionPool(host='127.0.0.1', port=8000): Max retries exceeded with url: /api/v2/analysis/execute?function_id=28&year=2025&race=Japan&session=R (Caused by NewConnectionError('<urllib3.connection.HTTPConnection object at 0x000001BA83F3E7B0>: Failed to establish a new connection: [WinError 10061] 無法連線，因為目標電腦拒絕連線。'))
2025-10-05 02:50:59 | ERROR | f1.console | [ERROR] [[BOXPLOT_DATA]] API 請求失敗: HTTPConnectionPool(host='127.0.0.1', port=8000): Max retries exceeded with url: /api/v2/analysis/execute?function_id=28&year=2025&race=Japan&session=R (Caused by NewConnectionError('<urllib3.connection.HTTPConnection object at 0x000001BA83F3E7B0>: Failed to establish a new connection: [WinError 10061] 無法連線，因為目標電腦拒絕連線。'))
2025-10-05 02:50:59 | ERROR | f1.console | [狀態] API 請求失敗，改用本地資料
2025-10-05 02:50:59 | ERROR | f1.console |    - 如果 API 請求失敗,檢查 refactored_api.py 是否運行
2025-10-05 02:50:59 | ERROR | f1.console |    - 如果本地 JSON 回退失敗,檢查 json/ 目錄中是否存在檔案:
2025-10-05 02:50:59 | WARNING | f1.console | [ANALYSIS_MANAGER] ⚠️ Not a lap analysis module, skipping: laptime_boxplot_analysis_1900589760048
2025-10-05 02:51:01 | ERROR | f1.console | [[BOXPLOT_DATA] DEBUG] ========== API 錯誤回調 ==========
2025-10-05 02:51:01 | ERROR | f1.console | [[BOXPLOT_DATA] DEBUG] 錯誤訊息: HTTPConnectionPool(host='127.0.0.1', port=8000): Max retries exceeded with url: /api/v2/analysis/execute?function_id=28&year=2025&race=Japan&session=R (Caused by NewConnectionError('<urllib3.connection.HTTPConnection object at 0x000001BA83FB9590>: Failed to establish a new connection: [WinError 10061] 無法連線，因為目標電腦拒絕連線。'))
2025-10-05 02:51:01 | ERROR | f1.console | [ERROR] [[BOXPLOT_DATA]] API 請求失敗: HTTPConnectionPool(host='127.0.0.1', port=8000): Max retries exceeded with url: /api/v2/analysis/execute?function_id=28&year=2025&race=Japan&session=R (Caused by NewConnectionError('<urllib3.connection.HTTPConnection object at 0x000001BA83FB9590>: Failed to establish a new connection: [WinError 10061] 無法連線，因為目標電腦拒絕連線。'))
2025-10-05 02:51:07 | ERROR | f1.console | 🎉 導入錯誤已修復!
2025-10-05 02:51:07 | ERROR | f1.console |    ℹ️  之前會因為 'NameError: name "tr" is not defined' 而失敗
2025-10-05 02:51:07 | ERROR | f1.console | ✅ 不再出現 'NameError: name "tr" is not defined' 錯誤
2025-10-05 02:51:07 | WARNING | f1.console | ⚠️  缺少模組: ['speed_diff', 'distance_diff']
2025-10-05 02:51:12 | ERROR | f1.console | ❌ 測試失敗: Can't instantiate abstract class UniversalDataLoader without an implementation for abstract methods '_build_filename_patterns', '_generate_data_via_cli', '_process_data', '_validate_data_format', '_validate_load_parameters'
2025-10-05 02:51:12 | ERROR | f1.console |    ⚠️  RainAnalysisModule: 測試時發生錯誤 - module 'modules.gui.rain_analysis.rain_analysis_mdi' has no attribute 'RainAnalysisModule'
2025-10-05 02:51:12 | ERROR | f1.console |    ⚠️  TrackAnalysisModule: 測試時發生錯誤 - module 'modules.gui.track_analysis.track_analysis_mdi' has no attribute 'TrackAnalysisModule'
2025-10-05 02:51:12 | ERROR | f1.console |    ⚠️  TireAnalysisModule: 測試時發生錯誤 - module 'modules.gui.tire_analysis.tire_analysis_mdi' has no attribute 'TireAnalysisModule'
2025-10-05 02:51:12 | ERROR | f1.console |    ⚠️  LapBoxPlotAnalysisModule: 測試時發生錯誤 - module 'modules.gui.driver_race.lap_box_plot_analysis.lap_box_plot_analysis_mdi' has no attribute 'LapBoxPlotAnalysisModule'
2025-10-05 02:51:13 | ERROR | f1.console | [ERROR] 無法導入基礎模組
2025-10-05 02:51:13 | WARNING | f1.console | [ACCIDENT_API DEBUG] ⚠️  [API-ONLY] CLI 調用已禁用
2025-10-05 02:51:13 | WARNING | f1.console | [TRACK_ANALYSIS] ⚠️  [API-ONLY] CLI 調用已禁用
2025-10-05 02:51:13 | WARNING | f1.console | 
⚠️  [API-ONLY 模式] 系統現在只允許通過 API 獲取數據
2025-10-05 02:51:15 | ERROR | f1.console | [[BOXPLOT_DATA] DEBUG] ========== API 錯誤回調 ==========
2025-10-05 02:51:15 | ERROR | f1.console | [[BOXPLOT_DATA] DEBUG] 錯誤訊息: HTTPConnectionPool(host='127.0.0.1', port=8000): Max retries exceeded with url: /api/v2/analysis/execute?function_id=28&year=2025&race=Japan&session=R (Caused by NewConnectionError('<urllib3.connection.HTTPConnection object at 0x000002012EC26900>: Failed to establish a new connection: [WinError 10061] 無法連線，因為目標電腦拒絕連線。'))
2025-10-05 02:51:15 | ERROR | f1.console | [ERROR] [[BOXPLOT_DATA]] API 請求失敗: HTTPConnectionPool(host='127.0.0.1', port=8000): Max retries exceeded with url: /api/v2/analysis/execute?function_id=28&year=2025&race=Japan&session=R (Caused by NewConnectionError('<urllib3.connection.HTTPConnection object at 0x000002012EC26900>: Failed to establish a new connection: [WinError 10061] 無法連線，因為目標電腦拒絕連線。'))
2025-10-05 02:51:15 | ERROR | f1.console | [狀態] API 請求失敗，改用本地資料
2025-10-05 02:51:15 | ERROR | f1.console |    - 如果 API 請求失敗,檢查 refactored_api.py 是否運行
2025-10-05 02:51:15 | ERROR | f1.console |    - 如果本地 JSON 回退失敗,檢查 json/ 目錄中是否存在檔案:
2025-10-05 02:51:15 | WARNING | f1.console | [ANALYSIS_MANAGER] ⚠️ Not a lap analysis module, skipping: laptime_boxplot_analysis_2204103162576
2025-10-05 02:51:17 | ERROR | f1.console | [[BOXPLOT_DATA] DEBUG] ========== API 錯誤回調 ==========
2025-10-05 02:51:17 | ERROR | f1.console | [[BOXPLOT_DATA] DEBUG] 錯誤訊息: HTTPConnectionPool(host='127.0.0.1', port=8000): Max retries exceeded with url: /api/v2/analysis/execute?function_id=28&year=2025&race=Japan&session=R (Caused by NewConnectionError('<urllib3.connection.HTTPConnection object at 0x000002012ECA9810>: Failed to establish a new connection: [WinError 10061] 無法連線，因為目標電腦拒絕連線。'))
2025-10-05 02:51:17 | ERROR | f1.console | [ERROR] [[BOXPLOT_DATA]] API 請求失敗: HTTPConnectionPool(host='127.0.0.1', port=8000): Max retries exceeded with url: /api/v2/analysis/execute?function_id=28&year=2025&race=Japan&session=R (Caused by NewConnectionError('<urllib3.connection.HTTPConnection object at 0x000002012ECA9810>: Failed to establish a new connection: [WinError 10061] 無法連線，因為目標電腦拒絕連線。'))
2025-10-05 02:51:22 | ERROR | f1.console | 🎉 導入錯誤已修復!
2025-10-05 02:51:22 | ERROR | f1.console |    ℹ️  之前會因為 'NameError: name "tr" is not defined' 而失敗
2025-10-05 02:51:22 | ERROR | f1.console | ✅ 不再出現 'NameError: name "tr" is not defined' 錯誤
2025-10-05 02:51:22 | WARNING | f1.console | ⚠️  缺少模組: ['speed_diff', 'distance_diff']
2025-10-05 02:51:25 | ERROR | f1.console | 
❌ 無法連接到 API 伺服器
2025-10-05 02:51:27 | ERROR | f1.console | 
❌ 測試超時
2025-10-05 02:51:27 | ERROR | f1.console |   ❌ confirm_exit_title                       = [MISSING]
2025-10-05 02:51:27 | ERROR | f1.console |   ❌ no_charts_selected                       = [MISSING]
2025-10-05 02:51:27 | ERROR | f1.console |   ❌ no_driver_selected                       = [MISSING]
2025-10-05 02:51:27 | ERROR | f1.console |   ❌ module_unavailable                       = [MISSING]
2025-10-05 02:51:27 | ERROR | f1.console |   ❌ track_analysis_unavailable               = [MISSING]
2025-10-05 02:51:27 | ERROR | f1.console |   ❌ cannot_find_mdi_area                     = [MISSING]
2025-10-05 02:51:27 | ERROR | f1.console |   ❌ cannot_open_window                       = [MISSING]
2025-10-05 02:51:27 | WARNING | f1.console | 
  ⚠️  缺少 7 個翻譯鍵
2025-10-05 02:51:27 | ERROR | f1.console |   ❌ confirm_exit_title                       = [MISSING]
2025-10-05 02:51:27 | ERROR | f1.console |   ✅ analysis_failed                          = 分析失敗
2025-10-05 02:51:27 | WARNING | f1.console |   ✅ warning                                  = 警告
2025-10-05 02:51:27 | ERROR | f1.console |   ✅ error                                    = 錯誤
2025-10-05 02:51:27 | ERROR | f1.console |   ❌ no_charts_selected                       = [MISSING]
2025-10-05 02:51:27 | ERROR | f1.console |   ❌ no_driver_selected                       = [MISSING]
2025-10-05 02:51:27 | ERROR | f1.console |   ❌ module_unavailable                       = [MISSING]
2025-10-05 02:51:27 | ERROR | f1.console |   ❌ track_analysis_unavailable               = [MISSING]
2025-10-05 02:51:27 | ERROR | f1.console |   ❌ cannot_find_mdi_area                     = [MISSING]
2025-10-05 02:51:27 | ERROR | f1.console |   ❌ cannot_open_window                       = [MISSING]
2025-10-05 02:51:27 | WARNING | f1.console | 
  ⚠️  缺少 7 個翻譯鍵
2025-10-05 02:51:27 | ERROR | f1.console |   ❌ confirm_exit_title                       = [MISSING]
2025-10-05 02:51:27 | ERROR | f1.console |   ✅ analysis_failed                          = 分析失敗
2025-10-05 02:51:27 | ERROR | f1.console |   ❌ no_charts_selected                       = [MISSING]
2025-10-05 02:51:27 | ERROR | f1.console |   ❌ no_driver_selected                       = [MISSING]
2025-10-05 02:51:27 | ERROR | f1.console |   ❌ module_unavailable                       = [MISSING]
2025-10-05 02:51:27 | ERROR | f1.console |   ❌ track_analysis_unavailable               = [MISSING]
2025-10-05 02:51:27 | ERROR | f1.console |   ❌ cannot_find_mdi_area                     = [MISSING]
2025-10-05 02:51:27 | ERROR | f1.console |   ❌ cannot_open_window                       = [MISSING]
2025-10-05 02:51:27 | WARNING | f1.console | 
  ⚠️  缺少 7 個翻譯鍵
2025-10-05 02:51:29 | ERROR | f1.console | [SEASON] API 請求失敗: HTTPConnectionPool(host='127.0.0.1', port=8000): Max retries exceeded with url: /api/v2/analysis/execute?function_id=99&year=2025 (Caused by NewConnectionError('<urllib3.connection.HTTPConnection object at 0x000002012EC2B820>: Failed to establish a new connection: [WinError 10061] 無法連線，因為目標電腦拒絕連線。'))
2025-10-05 02:51:29 | WARNING | f1.console | 
[超時] ⚠️ 15秒內未收到信號
2025-10-05 02:51:29 | ERROR | f1.console | [SERVICE] ❌ 服務異常! (耗時: 0.000s): Missing required parameter 'session' for function 1
2025-10-05 02:51:29 | ERROR | f1.console | ❌ 事故分析模組測試失敗: QObject(parent: Optional[QObject] = None): argument 1 has unexpected type 'MockDataManager'
2025-10-05 02:51:29 | WARNING | f1.console | ⚠️ speed_analysis                 → 速度分析
2025-10-05 02:51:29 | WARNING | f1.console | ⚠️ rpm_analysis                   → RPM分析
2025-10-05 02:51:29 | WARNING | f1.console | ⚠️ rain_analysis                  → 降雨分析
2025-10-05 02:51:29 | WARNING | f1.console | ⚠️ accident_analysis              → 事故分析
2025-10-05 02:51:29 | WARNING | f1.console | ⚠️ speed_analysis                 → 速度分析
2025-10-05 02:51:29 | WARNING | f1.console | ⚠️ rpm_analysis                   → RPM分析
2025-10-05 02:51:29 | ERROR | f1.console | [SEASON] API 請求失敗: network unavailable
2025-10-05 02:51:29 | ERROR | f1.console | [SEASON] API 請求失敗: network unavailable
2025-10-05 02:51:59 | ERROR | f1.console | ❌ 測試失敗: Can't instantiate abstract class UniversalDataLoader without an implementation for abstract methods '_build_filename_patterns', '_generate_data_via_cli', '_process_data', '_validate_data_format', '_validate_load_parameters'
2025-10-05 02:51:59 | ERROR | f1.console |    ⚠️  RainAnalysisModule: 測試時發生錯誤 - module 'modules.gui.rain_analysis.rain_analysis_mdi' has no attribute 'RainAnalysisModule'
2025-10-05 02:51:59 | ERROR | f1.console |    ⚠️  TrackAnalysisModule: 測試時發生錯誤 - module 'modules.gui.track_analysis.track_analysis_mdi' has no attribute 'TrackAnalysisModule'
2025-10-05 02:52:00 | ERROR | f1.console |    ⚠️  TireAnalysisModule: 測試時發生錯誤 - module 'modules.gui.tire_analysis.tire_analysis_mdi' has no attribute 'TireAnalysisModule'
2025-10-05 02:52:00 | ERROR | f1.console |    ⚠️  LapBoxPlotAnalysisModule: 測試時發生錯誤 - module 'modules.gui.driver_race.lap_box_plot_analysis.lap_box_plot_analysis_mdi' has no attribute 'LapBoxPlotAnalysisModule'
2025-10-05 02:52:00 | ERROR | f1.console | [ERROR] 無法導入基礎模組
2025-10-05 02:52:00 | WARNING | f1.console | [ACCIDENT_API DEBUG] ⚠️  [API-ONLY] CLI 調用已禁用
2025-10-05 02:52:00 | WARNING | f1.console | [TRACK_ANALYSIS] ⚠️  [API-ONLY] CLI 調用已禁用
2025-10-05 02:52:00 | WARNING | f1.console | 
⚠️  [API-ONLY 模式] 系統現在只允許通過 API 獲取數據
2025-10-05 02:52:02 | ERROR | f1.console | [[BOXPLOT_DATA] DEBUG] ========== API 錯誤回調 ==========
2025-10-05 02:52:02 | ERROR | f1.console | [[BOXPLOT_DATA] DEBUG] 錯誤訊息: HTTPConnectionPool(host='127.0.0.1', port=8000): Max retries exceeded with url: /api/v2/analysis/execute?function_id=28&year=2025&race=Japan&session=R (Caused by NewConnectionError('<urllib3.connection.HTTPConnection object at 0x0000022C60FBE900>: Failed to establish a new connection: [WinError 10061] 無法連線，因為目標電腦拒絕連線。'))
2025-10-05 02:52:02 | ERROR | f1.console | [ERROR] [[BOXPLOT_DATA]] API 請求失敗: HTTPConnectionPool(host='127.0.0.1', port=8000): Max retries exceeded with url: /api/v2/analysis/execute?function_id=28&year=2025&race=Japan&session=R (Caused by NewConnectionError('<urllib3.connection.HTTPConnection object at 0x0000022C60FBE900>: Failed to establish a new connection: [WinError 10061] 無法連線，因為目標電腦拒絕連線。'))
2025-10-05 02:52:02 | ERROR | f1.console | [狀態] API 請求失敗，改用本地資料
2025-10-05 02:52:02 | ERROR | f1.console |    - 如果 API 請求失敗,檢查 refactored_api.py 是否運行
2025-10-05 02:52:02 | ERROR | f1.console |    - 如果本地 JSON 回退失敗,檢查 json/ 目錄中是否存在檔案:
2025-10-05 02:52:02 | WARNING | f1.console | [ANALYSIS_MANAGER] ⚠️ Not a lap analysis module, skipping: laptime_boxplot_analysis_2389629353808
2025-10-05 02:52:04 | ERROR | f1.console | [[BOXPLOT_DATA] DEBUG] ========== API 錯誤回調 ==========
2025-10-05 02:52:04 | ERROR | f1.console | [[BOXPLOT_DATA] DEBUG] 錯誤訊息: HTTPConnectionPool(host='127.0.0.1', port=8000): Max retries exceeded with url: /api/v2/analysis/execute?function_id=28&year=2025&race=Japan&session=R (Caused by NewConnectionError('<urllib3.connection.HTTPConnection object at 0x0000022C61035590>: Failed to establish a new connection: [WinError 10061] 無法連線，因為目標電腦拒絕連線。'))
2025-10-05 02:52:04 | ERROR | f1.console | [ERROR] [[BOXPLOT_DATA]] API 請求失敗: HTTPConnectionPool(host='127.0.0.1', port=8000): Max retries exceeded with url: /api/v2/analysis/execute?function_id=28&year=2025&race=Japan&session=R (Caused by NewConnectionError('<urllib3.connection.HTTPConnection object at 0x0000022C61035590>: Failed to establish a new connection: [WinError 10061] 無法連線，因為目標電腦拒絕連線。'))
2025-10-05 02:52:10 | ERROR | f1.console | 🎉 導入錯誤已修復!
2025-10-05 02:52:10 | ERROR | f1.console |    ℹ️  之前會因為 'NameError: name "tr" is not defined' 而失敗
2025-10-05 02:52:10 | ERROR | f1.console | ✅ 不再出現 'NameError: name "tr" is not defined' 錯誤
2025-10-05 02:52:10 | WARNING | f1.console | ⚠️  缺少模組: ['speed_diff', 'distance_diff']
2025-10-05 02:52:30 | ERROR | f1.console | ❌ 測試失敗: Can't instantiate abstract class UniversalDataLoader without an implementation for abstract methods '_build_filename_patterns', '_generate_data_via_cli', '_process_data', '_validate_data_format', '_validate_load_parameters'
2025-10-05 02:52:30 | ERROR | f1.console |    ⚠️  RainAnalysisModule: 測試時發生錯誤 - module 'modules.gui.rain_analysis.rain_analysis_mdi' has no attribute 'RainAnalysisModule'
2025-10-05 02:52:30 | ERROR | f1.console |    ⚠️  TrackAnalysisModule: 測試時發生錯誤 - module 'modules.gui.track_analysis.track_analysis_mdi' has no attribute 'TrackAnalysisModule'
2025-10-05 02:52:30 | ERROR | f1.console |    ⚠️  TireAnalysisModule: 測試時發生錯誤 - module 'modules.gui.tire_analysis.tire_analysis_mdi' has no attribute 'TireAnalysisModule'
2025-10-05 02:52:30 | ERROR | f1.console |    ⚠️  LapBoxPlotAnalysisModule: 測試時發生錯誤 - module 'modules.gui.driver_race.lap_box_plot_analysis.lap_box_plot_analysis_mdi' has no attribute 'LapBoxPlotAnalysisModule'
2025-10-05 02:52:31 | ERROR | f1.console | [ERROR] 無法導入基礎模組
2025-10-05 02:52:31 | WARNING | f1.console | [ACCIDENT_API DEBUG] ⚠️  [API-ONLY] CLI 調用已禁用
2025-10-05 02:52:31 | WARNING | f1.console | [TRACK_ANALYSIS] ⚠️  [API-ONLY] CLI 調用已禁用
2025-10-05 02:52:31 | WARNING | f1.console | 
⚠️  [API-ONLY 模式] 系統現在只允許通過 API 獲取數據
2025-10-05 02:52:33 | ERROR | f1.console | [[BOXPLOT_DATA] DEBUG] ========== API 錯誤回調 ==========
2025-10-05 02:52:33 | ERROR | f1.console | [[BOXPLOT_DATA] DEBUG] 錯誤訊息: HTTPConnectionPool(host='127.0.0.1', port=8000): Max retries exceeded with url: /api/v2/analysis/execute?function_id=28&year=2025&race=Japan&session=R (Caused by NewConnectionError('<urllib3.connection.HTTPConnection object at 0x000001BAAEBD6900>: Failed to establish a new connection: [WinError 10061] 無法連線，因為目標電腦拒絕連線。'))
2025-10-05 02:52:33 | ERROR | f1.console | [ERROR] [[BOXPLOT_DATA]] API 請求失敗: HTTPConnectionPool(host='127.0.0.1', port=8000): Max retries exceeded with url: /api/v2/analysis/execute?function_id=28&year=2025&race=Japan&session=R (Caused by NewConnectionError('<urllib3.connection.HTTPConnection object at 0x000001BAAEBD6900>: Failed to establish a new connection: [WinError 10061] 無法連線，因為目標電腦拒絕連線。'))
2025-10-05 02:52:33 | ERROR | f1.console | [狀態] API 請求失敗，改用本地資料
2025-10-05 02:52:33 | ERROR | f1.console |    - 如果 API 請求失敗,檢查 refactored_api.py 是否運行
2025-10-05 02:52:33 | ERROR | f1.console |    - 如果本地 JSON 回退失敗,檢查 json/ 目錄中是否存在檔案:
2025-10-05 02:52:33 | WARNING | f1.console | [ANALYSIS_MANAGER] ⚠️ Not a lap analysis module, skipping: laptime_boxplot_analysis_1901307640528
2025-10-05 02:52:35 | ERROR | f1.console | [[BOXPLOT_DATA] DEBUG] ========== API 錯誤回調 ==========
2025-10-05 02:52:35 | ERROR | f1.console | [[BOXPLOT_DATA] DEBUG] 錯誤訊息: HTTPConnectionPool(host='127.0.0.1', port=8000): Max retries exceeded with url: /api/v2/analysis/execute?function_id=28&year=2025&race=Japan&session=R (Caused by NewConnectionError('<urllib3.connection.HTTPConnection object at 0x000001BAAEC59810>: Failed to establish a new connection: [WinError 10061] 無法連線，因為目標電腦拒絕連線。'))
2025-10-05 02:52:35 | ERROR | f1.console | [ERROR] [[BOXPLOT_DATA]] API 請求失敗: HTTPConnectionPool(host='127.0.0.1', port=8000): Max retries exceeded with url: /api/v2/analysis/execute?function_id=28&year=2025&race=Japan&session=R (Caused by NewConnectionError('<urllib3.connection.HTTPConnection object at 0x000001BAAEC59810>: Failed to establish a new connection: [WinError 10061] 無法連線，因為目標電腦拒絕連線。'))
2025-10-05 02:52:40 | ERROR | f1.console | 🎉 導入錯誤已修復!
2025-10-05 02:52:40 | ERROR | f1.console |    ℹ️  之前會因為 'NameError: name "tr" is not defined' 而失敗
2025-10-05 02:52:40 | ERROR | f1.console | ✅ 不再出現 'NameError: name "tr" is not defined' 錯誤
2025-10-05 02:52:40 | WARNING | f1.console | ⚠️  缺少模組: ['speed_diff', 'distance_diff']
2025-10-05 02:52:43 | ERROR | f1.console | 
❌ 無法連接到 API 伺服器
2025-10-05 02:52:45 | ERROR | f1.console | 
❌ 測試超時
2025-10-05 02:52:45 | ERROR | f1.console |   ❌ confirm_exit_title                       = [MISSING]
2025-10-05 02:52:45 | ERROR | f1.console |   ❌ no_charts_selected                       = [MISSING]
2025-10-05 02:52:45 | ERROR | f1.console |   ❌ no_driver_selected                       = [MISSING]
2025-10-05 02:52:45 | ERROR | f1.console |   ❌ module_unavailable                       = [MISSING]
2025-10-05 02:52:45 | ERROR | f1.console |   ❌ track_analysis_unavailable               = [MISSING]
2025-10-05 02:52:45 | ERROR | f1.console |   ❌ cannot_find_mdi_area                     = [MISSING]
2025-10-05 02:52:45 | ERROR | f1.console |   ❌ cannot_open_window                       = [MISSING]
2025-10-05 02:52:45 | WARNING | f1.console | 
  ⚠️  缺少 7 個翻譯鍵
2025-10-05 02:52:45 | ERROR | f1.console |   ❌ confirm_exit_title                       = [MISSING]
2025-10-05 02:52:45 | ERROR | f1.console |   ✅ analysis_failed                          = 分析失敗
2025-10-05 02:52:45 | WARNING | f1.console |   ✅ warning                                  = 警告
2025-10-05 02:52:45 | ERROR | f1.console |   ✅ error                                    = 錯誤
2025-10-05 02:52:45 | ERROR | f1.console |   ❌ no_charts_selected                       = [MISSING]
2025-10-05 02:52:45 | ERROR | f1.console |   ❌ no_driver_selected                       = [MISSING]
2025-10-05 02:52:45 | ERROR | f1.console |   ❌ module_unavailable                       = [MISSING]
2025-10-05 02:52:45 | ERROR | f1.console |   ❌ track_analysis_unavailable               = [MISSING]
2025-10-05 02:52:45 | ERROR | f1.console |   ❌ cannot_find_mdi_area                     = [MISSING]
2025-10-05 02:52:45 | ERROR | f1.console |   ❌ cannot_open_window                       = [MISSING]
2025-10-05 02:52:45 | WARNING | f1.console | 
  ⚠️  缺少 7 個翻譯鍵
2025-10-05 02:52:45 | ERROR | f1.console |   ❌ confirm_exit_title                       = [MISSING]
2025-10-05 02:52:45 | ERROR | f1.console |   ✅ analysis_failed                          = 分析失敗
2025-10-05 02:52:45 | ERROR | f1.console |   ❌ no_charts_selected                       = [MISSING]
2025-10-05 02:52:45 | ERROR | f1.console |   ❌ no_driver_selected                       = [MISSING]
2025-10-05 02:52:45 | ERROR | f1.console |   ❌ module_unavailable                       = [MISSING]
2025-10-05 02:52:45 | ERROR | f1.console |   ❌ track_analysis_unavailable               = [MISSING]
2025-10-05 02:52:45 | ERROR | f1.console |   ❌ cannot_find_mdi_area                     = [MISSING]
2025-10-05 02:52:45 | ERROR | f1.console |   ❌ cannot_open_window                       = [MISSING]
2025-10-05 02:52:45 | WARNING | f1.console | 
  ⚠️  缺少 7 個翻譯鍵
2025-10-05 02:52:47 | ERROR | f1.console | [SEASON] API 請求失敗: HTTPConnectionPool(host='127.0.0.1', port=8000): Max retries exceeded with url: /api/v2/analysis/execute?function_id=99&year=2025 (Caused by NewConnectionError('<urllib3.connection.HTTPConnection object at 0x000001BAAEBDB820>: Failed to establish a new connection: [WinError 10061] 無法連線，因為目標電腦拒絕連線。'))
2025-10-05 02:52:47 | WARNING | f1.console | 
[超時] ⚠️ 15秒內未收到信號
2025-10-05 02:52:47 | ERROR | f1.console | [SERVICE] ❌ 服務異常! (耗時: 0.000s): Missing required parameter 'session' for function 1
2025-10-05 02:52:47 | ERROR | f1.console | ❌ 事故分析模組測試失敗: QObject(parent: Optional[QObject] = None): argument 1 has unexpected type 'MockDataManager'
2025-10-05 02:52:47 | WARNING | f1.console | ⚠️ speed_analysis                 → 速度分析
2025-10-05 02:52:47 | WARNING | f1.console | ⚠️ rpm_analysis                   → RPM分析
2025-10-05 02:52:47 | WARNING | f1.console | ⚠️ rain_analysis                  → 降雨分析
2025-10-05 02:52:47 | WARNING | f1.console | ⚠️ accident_analysis              → 事故分析
2025-10-05 02:52:47 | WARNING | f1.console | ⚠️ speed_analysis                 → 速度分析
2025-10-05 02:52:47 | WARNING | f1.console | ⚠️ rpm_analysis                   → RPM分析
2025-10-05 02:52:47 | ERROR | f1.console | [SEASON] API 請求失敗: network unavailable
2025-10-05 02:52:47 | ERROR | f1.console | [SEASON] API 請求失敗: network unavailable
2025-10-05 02:57:15 | ERROR | f1.console | ❌ 測試失敗: Can't instantiate abstract class UniversalDataLoader without an implementation for abstract methods '_build_filename_patterns', '_generate_data_via_cli', '_process_data', '_validate_data_format', '_validate_load_parameters'
2025-10-05 02:57:15 | ERROR | f1.console |    ⚠️  RainAnalysisModule: 測試時發生錯誤 - module 'modules.gui.rain_analysis.rain_analysis_mdi' has no attribute 'RainAnalysisModule'
2025-10-05 02:57:15 | ERROR | f1.console |    ⚠️  TrackAnalysisModule: 測試時發生錯誤 - module 'modules.gui.track_analysis.track_analysis_mdi' has no attribute 'TrackAnalysisModule'
2025-10-05 02:57:15 | ERROR | f1.console |    ⚠️  TireAnalysisModule: 測試時發生錯誤 - module 'modules.gui.tire_analysis.tire_analysis_mdi' has no attribute 'TireAnalysisModule'
2025-10-05 02:57:15 | ERROR | f1.console |    ⚠️  LapBoxPlotAnalysisModule: 測試時發生錯誤 - module 'modules.gui.driver_race.lap_box_plot_analysis.lap_box_plot_analysis_mdi' has no attribute 'LapBoxPlotAnalysisModule'
2025-10-05 02:57:15 | ERROR | f1.console | [ERROR] 無法導入基礎模組
2025-10-05 02:57:15 | WARNING | f1.console | [ACCIDENT_API DEBUG] ⚠️  [API-ONLY] CLI 調用已禁用
2025-10-05 02:57:15 | WARNING | f1.console | [TRACK_ANALYSIS] ⚠️  [API-ONLY] CLI 調用已禁用
2025-10-05 02:57:15 | WARNING | f1.console | 
⚠️  [API-ONLY 模式] 系統現在只允許通過 API 獲取數據
2025-10-05 02:57:17 | ERROR | f1.console | [[BOXPLOT_DATA] DEBUG] ========== API 錯誤回調 ==========
2025-10-05 02:57:17 | ERROR | f1.console | [[BOXPLOT_DATA] DEBUG] 錯誤訊息: HTTPConnectionPool(host='127.0.0.1', port=8000): Max retries exceeded with url: /api/v2/analysis/execute?function_id=28&year=2025&race=Japan&session=R (Caused by NewConnectionError('<urllib3.connection.HTTPConnection object at 0x0000025DAEFC67B0>: Failed to establish a new connection: [WinError 10061] 無法連線，因為目標電腦拒絕連線。'))
2025-10-05 02:57:17 | ERROR | f1.console | [ERROR] [[BOXPLOT_DATA]] API 請求失敗: HTTPConnectionPool(host='127.0.0.1', port=8000): Max retries exceeded with url: /api/v2/analysis/execute?function_id=28&year=2025&race=Japan&session=R (Caused by NewConnectionError('<urllib3.connection.HTTPConnection object at 0x0000025DAEFC67B0>: Failed to establish a new connection: [WinError 10061] 無法連線，因為目標電腦拒絕連線。'))
2025-10-05 02:57:17 | ERROR | f1.console | [狀態] API 請求失敗，改用本地資料
2025-10-05 02:57:17 | ERROR | f1.console |    - 如果 API 請求失敗,檢查 refactored_api.py 是否運行
2025-10-05 02:57:17 | ERROR | f1.console |    - 如果本地 JSON 回退失敗,檢查 json/ 目錄中是否存在檔案:
2025-10-05 02:57:17 | WARNING | f1.console | [ANALYSIS_MANAGER] ⚠️ Not a lap analysis module, skipping: laptime_boxplot_analysis_2601391144784
2025-10-05 02:57:20 | ERROR | f1.console | [[BOXPLOT_DATA] DEBUG] ========== API 錯誤回調 ==========
2025-10-05 02:57:20 | ERROR | f1.console | [[BOXPLOT_DATA] DEBUG] 錯誤訊息: HTTPConnectionPool(host='127.0.0.1', port=8000): Max retries exceeded with url: /api/v2/analysis/execute?function_id=28&year=2025&race=Japan&session=R (Caused by NewConnectionError('<urllib3.connection.HTTPConnection object at 0x0000025DAF025590>: Failed to establish a new connection: [WinError 10061] 無法連線，因為目標電腦拒絕連線。'))
2025-10-05 02:57:20 | ERROR | f1.console | [ERROR] [[BOXPLOT_DATA]] API 請求失敗: HTTPConnectionPool(host='127.0.0.1', port=8000): Max retries exceeded with url: /api/v2/analysis/execute?function_id=28&year=2025&race=Japan&session=R (Caused by NewConnectionError('<urllib3.connection.HTTPConnection object at 0x0000025DAF025590>: Failed to establish a new connection: [WinError 10061] 無法連線，因為目標電腦拒絕連線。'))
2025-10-05 02:57:25 | ERROR | f1.console | 🎉 導入錯誤已修復!
2025-10-05 02:57:25 | ERROR | f1.console |    ℹ️  之前會因為 'NameError: name "tr" is not defined' 而失敗
2025-10-05 02:57:25 | ERROR | f1.console | ✅ 不再出現 'NameError: name "tr" is not defined' 錯誤
2025-10-05 02:57:25 | WARNING | f1.console | ⚠️  缺少模組: ['speed_diff', 'distance_diff']
2025-10-05 02:57:29 | ERROR | f1.console | ❌ 測試失敗: Can't instantiate abstract class UniversalDataLoader without an implementation for abstract methods '_build_filename_patterns', '_generate_data_via_cli', '_process_data', '_validate_data_format', '_validate_load_parameters'
2025-10-05 02:57:29 | ERROR | f1.console |    ⚠️  RainAnalysisModule: 測試時發生錯誤 - module 'modules.gui.rain_analysis.rain_analysis_mdi' has no attribute 'RainAnalysisModule'
2025-10-05 02:57:29 | ERROR | f1.console |    ⚠️  TrackAnalysisModule: 測試時發生錯誤 - module 'modules.gui.track_analysis.track_analysis_mdi' has no attribute 'TrackAnalysisModule'
2025-10-05 02:57:29 | ERROR | f1.console |    ⚠️  TireAnalysisModule: 測試時發生錯誤 - module 'modules.gui.tire_analysis.tire_analysis_mdi' has no attribute 'TireAnalysisModule'
2025-10-05 02:57:29 | ERROR | f1.console |    ⚠️  LapBoxPlotAnalysisModule: 測試時發生錯誤 - module 'modules.gui.driver_race.lap_box_plot_analysis.lap_box_plot_analysis_mdi' has no attribute 'LapBoxPlotAnalysisModule'
2025-10-05 02:57:30 | ERROR | f1.console | [ERROR] 無法導入基礎模組
2025-10-05 02:57:30 | WARNING | f1.console | [ACCIDENT_API DEBUG] ⚠️  [API-ONLY] CLI 調用已禁用
2025-10-05 02:57:30 | WARNING | f1.console | [TRACK_ANALYSIS] ⚠️  [API-ONLY] CLI 調用已禁用
2025-10-05 02:57:30 | WARNING | f1.console | 
⚠️  [API-ONLY 模式] 系統現在只允許通過 API 獲取數據
2025-10-05 02:57:32 | ERROR | f1.console | [[BOXPLOT_DATA] DEBUG] ========== API 錯誤回調 ==========
2025-10-05 02:57:32 | ERROR | f1.console | [[BOXPLOT_DATA] DEBUG] 錯誤訊息: HTTPConnectionPool(host='127.0.0.1', port=8000): Max retries exceeded with url: /api/v2/analysis/execute?function_id=28&year=2025&race=Japan&session=R (Caused by NewConnectionError('<urllib3.connection.HTTPConnection object at 0x000001BB4673A900>: Failed to establish a new connection: [WinError 10061] 無法連線，因為目標電腦拒絕連線。'))
2025-10-05 02:57:32 | ERROR | f1.console | [ERROR] [[BOXPLOT_DATA]] API 請求失敗: HTTPConnectionPool(host='127.0.0.1', port=8000): Max retries exceeded with url: /api/v2/analysis/execute?function_id=28&year=2025&race=Japan&session=R (Caused by NewConnectionError('<urllib3.connection.HTTPConnection object at 0x000001BB4673A900>: Failed to establish a new connection: [WinError 10061] 無法連線，因為目標電腦拒絕連線。'))
2025-10-05 02:57:32 | ERROR | f1.console | [狀態] API 請求失敗，改用本地資料
2025-10-05 02:57:32 | ERROR | f1.console |    - 如果 API 請求失敗,檢查 refactored_api.py 是否運行
2025-10-05 02:57:32 | ERROR | f1.console |    - 如果本地 JSON 回退失敗,檢查 json/ 目錄中是否存在檔案:
2025-10-05 02:57:32 | WARNING | f1.console | [ANALYSIS_MANAGER] ⚠️ Not a lap analysis module, skipping: laptime_boxplot_analysis_1903868051536
2025-10-05 02:57:34 | ERROR | f1.console | [[BOXPLOT_DATA] DEBUG] ========== API 錯誤回調 ==========
2025-10-05 02:57:34 | ERROR | f1.console | [[BOXPLOT_DATA] DEBUG] 錯誤訊息: HTTPConnectionPool(host='127.0.0.1', port=8000): Max retries exceeded with url: /api/v2/analysis/execute?function_id=28&year=2025&race=Japan&session=R (Caused by NewConnectionError('<urllib3.connection.HTTPConnection object at 0x000001BB467B5590>: Failed to establish a new connection: [WinError 10061] 無法連線，因為目標電腦拒絕連線。'))
2025-10-05 02:57:34 | ERROR | f1.console | [ERROR] [[BOXPLOT_DATA]] API 請求失敗: HTTPConnectionPool(host='127.0.0.1', port=8000): Max retries exceeded with url: /api/v2/analysis/execute?function_id=28&year=2025&race=Japan&session=R (Caused by NewConnectionError('<urllib3.connection.HTTPConnection object at 0x000001BB467B5590>: Failed to establish a new connection: [WinError 10061] 無法連線，因為目標電腦拒絕連線。'))
2025-10-05 02:57:39 | ERROR | f1.console | 🎉 導入錯誤已修復!
2025-10-05 02:57:39 | ERROR | f1.console |    ℹ️  之前會因為 'NameError: name "tr" is not defined' 而失敗
2025-10-05 02:57:39 | ERROR | f1.console | ✅ 不再出現 'NameError: name "tr" is not defined' 錯誤
2025-10-05 02:57:39 | WARNING | f1.console | ⚠️  缺少模組: ['speed_diff', 'distance_diff']
2025-10-05 02:57:45 | ERROR | f1.console | ❌ 測試失敗: Can't instantiate abstract class UniversalDataLoader without an implementation for abstract methods '_build_filename_patterns', '_generate_data_via_cli', '_process_data', '_validate_data_format', '_validate_load_parameters'
2025-10-05 02:57:45 | ERROR | f1.console |    ⚠️  RainAnalysisModule: 測試時發生錯誤 - module 'modules.gui.rain_analysis.rain_analysis_mdi' has no attribute 'RainAnalysisModule'
2025-10-05 02:57:45 | ERROR | f1.console |    ⚠️  TrackAnalysisModule: 測試時發生錯誤 - module 'modules.gui.track_analysis.track_analysis_mdi' has no attribute 'TrackAnalysisModule'
2025-10-05 02:57:45 | ERROR | f1.console |    ⚠️  TireAnalysisModule: 測試時發生錯誤 - module 'modules.gui.tire_analysis.tire_analysis_mdi' has no attribute 'TireAnalysisModule'
2025-10-05 02:57:45 | ERROR | f1.console |    ⚠️  LapBoxPlotAnalysisModule: 測試時發生錯誤 - module 'modules.gui.driver_race.lap_box_plot_analysis.lap_box_plot_analysis_mdi' has no attribute 'LapBoxPlotAnalysisModule'
2025-10-05 02:57:45 | ERROR | f1.console | [ERROR] 無法導入基礎模組
2025-10-05 02:57:45 | WARNING | f1.console | [ACCIDENT_API DEBUG] ⚠️  [API-ONLY] CLI 調用已禁用
2025-10-05 02:57:45 | WARNING | f1.console | [TRACK_ANALYSIS] ⚠️  [API-ONLY] CLI 調用已禁用
2025-10-05 02:57:45 | WARNING | f1.console | 
⚠️  [API-ONLY 模式] 系統現在只允許通過 API 獲取數據
2025-10-05 02:57:47 | ERROR | f1.console | [[BOXPLOT_DATA] DEBUG] ========== API 錯誤回調 ==========
2025-10-05 02:57:47 | ERROR | f1.console | [[BOXPLOT_DATA] DEBUG] 錯誤訊息: HTTPConnectionPool(host='127.0.0.1', port=8000): Max retries exceeded with url: /api/v2/analysis/execute?function_id=28&year=2025&race=Japan&session=R (Caused by NewConnectionError('<urllib3.connection.HTTPConnection object at 0x00000135CE34A900>: Failed to establish a new connection: [WinError 10061] 無法連線，因為目標電腦拒絕連線。'))
2025-10-05 02:57:47 | ERROR | f1.console | [ERROR] [[BOXPLOT_DATA]] API 請求失敗: HTTPConnectionPool(host='127.0.0.1', port=8000): Max retries exceeded with url: /api/v2/analysis/execute?function_id=28&year=2025&race=Japan&session=R (Caused by NewConnectionError('<urllib3.connection.HTTPConnection object at 0x00000135CE34A900>: Failed to establish a new connection: [WinError 10061] 無法連線，因為目標電腦拒絕連線。'))
2025-10-05 02:57:47 | ERROR | f1.console | [狀態] API 請求失敗，改用本地資料
2025-10-05 02:57:47 | ERROR | f1.console |    - 如果 API 請求失敗,檢查 refactored_api.py 是否運行
2025-10-05 02:57:47 | ERROR | f1.console |    - 如果本地 JSON 回退失敗,檢查 json/ 目錄中是否存在檔案:
2025-10-05 02:57:48 | WARNING | f1.console | [ANALYSIS_MANAGER] ⚠️ Not a lap analysis module, skipping: laptime_boxplot_analysis_1330620088400
2025-10-05 02:57:50 | ERROR | f1.console | [[BOXPLOT_DATA] DEBUG] ========== API 錯誤回調 ==========
2025-10-05 02:57:50 | ERROR | f1.console | [[BOXPLOT_DATA] DEBUG] 錯誤訊息: HTTPConnectionPool(host='127.0.0.1', port=8000): Max retries exceeded with url: /api/v2/analysis/execute?function_id=28&year=2025&race=Japan&session=R (Caused by NewConnectionError('<urllib3.connection.HTTPConnection object at 0x00000135CE3C5590>: Failed to establish a new connection: [WinError 10061] 無法連線，因為目標電腦拒絕連線。'))
2025-10-05 02:57:50 | ERROR | f1.console | [ERROR] [[BOXPLOT_DATA]] API 請求失敗: HTTPConnectionPool(host='127.0.0.1', port=8000): Max retries exceeded with url: /api/v2/analysis/execute?function_id=28&year=2025&race=Japan&session=R (Caused by NewConnectionError('<urllib3.connection.HTTPConnection object at 0x00000135CE3C5590>: Failed to establish a new connection: [WinError 10061] 無法連線，因為目標電腦拒絕連線。'))
2025-10-05 02:57:55 | ERROR | f1.console | 🎉 導入錯誤已修復!
2025-10-05 02:57:55 | ERROR | f1.console |    ℹ️  之前會因為 'NameError: name "tr" is not defined' 而失敗
2025-10-05 02:57:55 | ERROR | f1.console | ✅ 不再出現 'NameError: name "tr" is not defined' 錯誤
2025-10-05 02:57:55 | WARNING | f1.console | ⚠️  缺少模組: ['speed_diff', 'distance_diff']
2025-10-05 02:58:08 | ERROR | f1.console | ❌ 測試失敗: Can't instantiate abstract class UniversalDataLoader without an implementation for abstract methods '_build_filename_patterns', '_generate_data_via_cli', '_process_data', '_validate_data_format', '_validate_load_parameters'
2025-10-05 02:58:08 | ERROR | f1.console |    ⚠️  RainAnalysisModule: 測試時發生錯誤 - module 'modules.gui.rain_analysis.rain_analysis_mdi' has no attribute 'RainAnalysisModule'
2025-10-05 02:58:08 | ERROR | f1.console |    ⚠️  TrackAnalysisModule: 測試時發生錯誤 - module 'modules.gui.track_analysis.track_analysis_mdi' has no attribute 'TrackAnalysisModule'
2025-10-05 02:58:08 | ERROR | f1.console |    ⚠️  TireAnalysisModule: 測試時發生錯誤 - module 'modules.gui.tire_analysis.tire_analysis_mdi' has no attribute 'TireAnalysisModule'
2025-10-05 02:58:08 | ERROR | f1.console |    ⚠️  LapBoxPlotAnalysisModule: 測試時發生錯誤 - module 'modules.gui.driver_race.lap_box_plot_analysis.lap_box_plot_analysis_mdi' has no attribute 'LapBoxPlotAnalysisModule'
2025-10-05 02:58:09 | ERROR | f1.console | [ERROR] 無法導入基礎模組
2025-10-05 02:58:09 | WARNING | f1.console | [ACCIDENT_API DEBUG] ⚠️  [API-ONLY] CLI 調用已禁用
2025-10-05 02:58:09 | WARNING | f1.console | [TRACK_ANALYSIS] ⚠️  [API-ONLY] CLI 調用已禁用
2025-10-05 02:58:09 | WARNING | f1.console | 
⚠️  [API-ONLY 模式] 系統現在只允許通過 API 獲取數據
2025-10-05 02:58:11 | ERROR | f1.console | [[BOXPLOT_DATA] DEBUG] ========== API 錯誤回調 ==========
2025-10-05 02:58:11 | ERROR | f1.console | [[BOXPLOT_DATA] DEBUG] 錯誤訊息: HTTPConnectionPool(host='127.0.0.1', port=8000): Max retries exceeded with url: /api/v2/analysis/execute?function_id=28&year=2025&race=Japan&session=R (Caused by NewConnectionError('<urllib3.connection.HTTPConnection object at 0x000001DF18CAA900>: Failed to establish a new connection: [WinError 10061] 無法連線，因為目標電腦拒絕連線。'))
2025-10-05 02:58:11 | ERROR | f1.console | [ERROR] [[BOXPLOT_DATA]] API 請求失敗: HTTPConnectionPool(host='127.0.0.1', port=8000): Max retries exceeded with url: /api/v2/analysis/execute?function_id=28&year=2025&race=Japan&session=R (Caused by NewConnectionError('<urllib3.connection.HTTPConnection object at 0x000001DF18CAA900>: Failed to establish a new connection: [WinError 10061] 無法連線，因為目標電腦拒絕連線。'))
2025-10-05 02:58:11 | ERROR | f1.console | [狀態] API 請求失敗，改用本地資料
2025-10-05 02:58:11 | ERROR | f1.console |    - 如果 API 請求失敗,檢查 refactored_api.py 是否運行
2025-10-05 02:58:11 | ERROR | f1.console |    - 如果本地 JSON 回退失敗,檢查 json/ 目錄中是否存在檔案:
2025-10-05 02:58:11 | WARNING | f1.console | [ANALYSIS_MANAGER] ⚠️ Not a lap analysis module, skipping: laptime_boxplot_analysis_2057721610320
2025-10-05 02:58:13 | ERROR | f1.console | [[BOXPLOT_DATA] DEBUG] ========== API 錯誤回調 ==========
2025-10-05 02:58:13 | ERROR | f1.console | [[BOXPLOT_DATA] DEBUG] 錯誤訊息: HTTPConnectionPool(host='127.0.0.1', port=8000): Max retries exceeded with url: /api/v2/analysis/execute?function_id=28&year=2025&race=Japan&session=R (Caused by NewConnectionError('<urllib3.connection.HTTPConnection object at 0x000001DF18D25590>: Failed to establish a new connection: [WinError 10061] 無法連線，因為目標電腦拒絕連線。'))
2025-10-05 02:58:13 | ERROR | f1.console | [ERROR] [[BOXPLOT_DATA]] API 請求失敗: HTTPConnectionPool(host='127.0.0.1', port=8000): Max retries exceeded with url: /api/v2/analysis/execute?function_id=28&year=2025&race=Japan&session=R (Caused by NewConnectionError('<urllib3.connection.HTTPConnection object at 0x000001DF18D25590>: Failed to establish a new connection: [WinError 10061] 無法連線，因為目標電腦拒絕連線。'))
2025-10-05 02:58:17 | ERROR | f1.console | ❌ 測試失敗: Can't instantiate abstract class UniversalDataLoader without an implementation for abstract methods '_build_filename_patterns', '_generate_data_via_cli', '_process_data', '_validate_data_format', '_validate_load_parameters'
2025-10-05 02:58:17 | ERROR | f1.console |    ⚠️  RainAnalysisModule: 測試時發生錯誤 - module 'modules.gui.rain_analysis.rain_analysis_mdi' has no attribute 'RainAnalysisModule'
2025-10-05 02:58:17 | ERROR | f1.console |    ⚠️  TrackAnalysisModule: 測試時發生錯誤 - module 'modules.gui.track_analysis.track_analysis_mdi' has no attribute 'TrackAnalysisModule'
2025-10-05 02:58:17 | ERROR | f1.console |    ⚠️  TireAnalysisModule: 測試時發生錯誤 - module 'modules.gui.tire_analysis.tire_analysis_mdi' has no attribute 'TireAnalysisModule'
2025-10-05 02:58:17 | ERROR | f1.console |    ⚠️  LapBoxPlotAnalysisModule: 測試時發生錯誤 - module 'modules.gui.driver_race.lap_box_plot_analysis.lap_box_plot_analysis_mdi' has no attribute 'LapBoxPlotAnalysisModule'
2025-10-05 02:58:17 | ERROR | f1.console | [ERROR] 無法導入基礎模組
2025-10-05 02:58:17 | WARNING | f1.console | [ACCIDENT_API DEBUG] ⚠️  [API-ONLY] CLI 調用已禁用
2025-10-05 02:58:17 | WARNING | f1.console | [TRACK_ANALYSIS] ⚠️  [API-ONLY] CLI 調用已禁用
2025-10-05 02:58:17 | WARNING | f1.console | 
⚠️  [API-ONLY 模式] 系統現在只允許通過 API 獲取數據
2025-10-05 02:58:18 | ERROR | f1.console | 🎉 導入錯誤已修復!
2025-10-05 02:58:19 | ERROR | f1.console |    ℹ️  之前會因為 'NameError: name "tr" is not defined' 而失敗
2025-10-05 02:58:19 | ERROR | f1.console | ✅ 不再出現 'NameError: name "tr" is not defined' 錯誤
2025-10-05 02:58:19 | WARNING | f1.console | ⚠️  缺少模組: ['speed_diff', 'distance_diff']
2025-10-05 02:58:19 | ERROR | f1.console | [[BOXPLOT_DATA] DEBUG] ========== API 錯誤回調 ==========
2025-10-05 02:58:19 | ERROR | f1.console | [[BOXPLOT_DATA] DEBUG] 錯誤訊息: HTTPConnectionPool(host='127.0.0.1', port=8000): Max retries exceeded with url: /api/v2/analysis/execute?function_id=28&year=2025&race=Japan&session=R (Caused by NewConnectionError('<urllib3.connection.HTTPConnection object at 0x0000023C1B4D6900>: Failed to establish a new connection: [WinError 10061] 無法連線，因為目標電腦拒絕連線。'))
2025-10-05 02:58:19 | ERROR | f1.console | [ERROR] [[BOXPLOT_DATA]] API 請求失敗: HTTPConnectionPool(host='127.0.0.1', port=8000): Max retries exceeded with url: /api/v2/analysis/execute?function_id=28&year=2025&race=Japan&session=R (Caused by NewConnectionError('<urllib3.connection.HTTPConnection object at 0x0000023C1B4D6900>: Failed to establish a new connection: [WinError 10061] 無法連線，因為目標電腦拒絕連線。'))
2025-10-05 02:58:19 | ERROR | f1.console | [狀態] API 請求失敗，改用本地資料
2025-10-05 02:58:19 | ERROR | f1.console |    - 如果 API 請求失敗,檢查 refactored_api.py 是否運行
2025-10-05 02:58:19 | ERROR | f1.console |    - 如果本地 JSON 回退失敗,檢查 json/ 目錄中是否存在檔案:
2025-10-05 02:58:20 | WARNING | f1.console | [ANALYSIS_MANAGER] ⚠️ Not a lap analysis module, skipping: laptime_boxplot_analysis_2457179798368
2025-10-05 02:58:22 | ERROR | f1.console | [[BOXPLOT_DATA] DEBUG] ========== API 錯誤回調 ==========
2025-10-05 02:58:22 | ERROR | f1.console | [[BOXPLOT_DATA] DEBUG] 錯誤訊息: HTTPConnectionPool(host='127.0.0.1', port=8000): Max retries exceeded with url: /api/v2/analysis/execute?function_id=28&year=2025&race=Japan&session=R (Caused by NewConnectionError('<urllib3.connection.HTTPConnection object at 0x0000023C1B559810>: Failed to establish a new connection: [WinError 10061] 無法連線，因為目標電腦拒絕連線。'))
2025-10-05 02:58:22 | ERROR | f1.console | [ERROR] [[BOXPLOT_DATA]] API 請求失敗: HTTPConnectionPool(host='127.0.0.1', port=8000): Max retries exceeded with url: /api/v2/analysis/execute?function_id=28&year=2025&race=Japan&session=R (Caused by NewConnectionError('<urllib3.connection.HTTPConnection object at 0x0000023C1B559810>: Failed to establish a new connection: [WinError 10061] 無法連線，因為目標電腦拒絕連線。'))
2025-10-05 02:58:27 | ERROR | f1.console | 🎉 導入錯誤已修復!
2025-10-05 02:58:27 | ERROR | f1.console |    ℹ️  之前會因為 'NameError: name "tr" is not defined' 而失敗
2025-10-05 02:58:27 | ERROR | f1.console | ✅ 不再出現 'NameError: name "tr" is not defined' 錯誤
2025-10-05 02:58:27 | WARNING | f1.console | ⚠️  缺少模組: ['speed_diff', 'distance_diff']
2025-10-05 02:58:29 | ERROR | f1.console | 
❌ 無法連接到 API 伺服器
2025-10-05 02:58:31 | ERROR | f1.console | 
❌ 測試超時
2025-10-05 02:58:31 | ERROR | f1.console |   ❌ confirm_exit_title                       = [MISSING]
2025-10-05 02:58:31 | ERROR | f1.console |   ❌ no_charts_selected                       = [MISSING]
2025-10-05 02:58:31 | ERROR | f1.console |   ❌ no_driver_selected                       = [MISSING]
2025-10-05 02:58:31 | ERROR | f1.console |   ❌ module_unavailable                       = [MISSING]
2025-10-05 02:58:31 | ERROR | f1.console |   ❌ track_analysis_unavailable               = [MISSING]
2025-10-05 02:58:31 | ERROR | f1.console |   ❌ cannot_find_mdi_area                     = [MISSING]
2025-10-05 02:58:31 | ERROR | f1.console |   ❌ cannot_open_window                       = [MISSING]
2025-10-05 02:58:31 | WARNING | f1.console | 
  ⚠️  缺少 7 個翻譯鍵
2025-10-05 02:58:31 | ERROR | f1.console |   ❌ confirm_exit_title                       = [MISSING]
2025-10-05 02:58:31 | ERROR | f1.console |   ✅ analysis_failed                          = 分析失敗
2025-10-05 02:58:31 | WARNING | f1.console |   ✅ warning                                  = 警告
2025-10-05 02:58:31 | ERROR | f1.console |   ✅ error                                    = 錯誤
2025-10-05 02:58:31 | ERROR | f1.console |   ❌ no_charts_selected                       = [MISSING]
2025-10-05 02:58:31 | ERROR | f1.console |   ❌ no_driver_selected                       = [MISSING]
2025-10-05 02:58:31 | ERROR | f1.console |   ❌ module_unavailable                       = [MISSING]
2025-10-05 02:58:31 | ERROR | f1.console |   ❌ track_analysis_unavailable               = [MISSING]
2025-10-05 02:58:31 | ERROR | f1.console |   ❌ cannot_find_mdi_area                     = [MISSING]
2025-10-05 02:58:31 | ERROR | f1.console |   ❌ cannot_open_window                       = [MISSING]
2025-10-05 02:58:31 | WARNING | f1.console | 
  ⚠️  缺少 7 個翻譯鍵
2025-10-05 02:58:31 | ERROR | f1.console |   ❌ confirm_exit_title                       = [MISSING]
2025-10-05 02:58:31 | ERROR | f1.console |   ✅ analysis_failed                          = 分析失敗
2025-10-05 02:58:31 | ERROR | f1.console |   ❌ no_charts_selected                       = [MISSING]
2025-10-05 02:58:31 | ERROR | f1.console |   ❌ no_driver_selected                       = [MISSING]
2025-10-05 02:58:31 | ERROR | f1.console |   ❌ module_unavailable                       = [MISSING]
2025-10-05 02:58:31 | ERROR | f1.console |   ❌ track_analysis_unavailable               = [MISSING]
2025-10-05 02:58:31 | ERROR | f1.console |   ❌ cannot_find_mdi_area                     = [MISSING]
2025-10-05 02:58:31 | ERROR | f1.console |   ❌ cannot_open_window                       = [MISSING]
2025-10-05 02:58:31 | WARNING | f1.console | 
  ⚠️  缺少 7 個翻譯鍵
2025-10-05 02:58:33 | ERROR | f1.console | [SEASON] API 請求失敗: HTTPConnectionPool(host='127.0.0.1', port=8000): Max retries exceeded with url: /api/v2/analysis/execute?function_id=99&year=2025 (Caused by NewConnectionError('<urllib3.connection.HTTPConnection object at 0x0000023C1B4DB820>: Failed to establish a new connection: [WinError 10061] 無法連線，因為目標電腦拒絕連線。'))
2025-10-05 02:58:33 | WARNING | f1.console | 
[超時] ⚠️ 15秒內未收到信號
2025-10-05 02:58:33 | ERROR | f1.console | [SERVICE] ❌ 服務異常! (耗時: 0.000s): Missing required parameter 'session' for function 1
2025-10-05 02:58:33 | ERROR | f1.console | ❌ 事故分析模組測試失敗: QObject(parent: Optional[QObject] = None): argument 1 has unexpected type 'MockDataManager'
2025-10-05 02:58:33 | WARNING | f1.console | ⚠️ speed_analysis                 → 速度分析
2025-10-05 02:58:33 | WARNING | f1.console | ⚠️ rpm_analysis                   → RPM分析
2025-10-05 02:58:34 | WARNING | f1.console | ⚠️ rain_analysis                  → 降雨分析
2025-10-05 02:58:34 | WARNING | f1.console | ⚠️ accident_analysis              → 事故分析
2025-10-05 02:58:34 | WARNING | f1.console | ⚠️ speed_analysis                 → 速度分析
2025-10-05 02:58:34 | WARNING | f1.console | ⚠️ rpm_analysis                   → RPM分析
2025-10-05 02:58:34 | ERROR | f1.console | [SEASON] API 請求失敗: network unavailable
2025-10-05 02:58:34 | ERROR | f1.console | [SEASON] API 請求失敗: network unavailable
2025-10-05 02:59:12 | ERROR | f1.console | ❌ 測試失敗: Can't instantiate abstract class UniversalDataLoader without an implementation for abstract methods '_build_filename_patterns', '_generate_data_via_cli', '_process_data', '_validate_data_format', '_validate_load_parameters'
2025-10-05 02:59:12 | ERROR | f1.console |    ⚠️  RainAnalysisModule: 測試時發生錯誤 - module 'modules.gui.rain_analysis.rain_analysis_mdi' has no attribute 'RainAnalysisModule'
2025-10-05 02:59:12 | ERROR | f1.console |    ⚠️  TrackAnalysisModule: 測試時發生錯誤 - module 'modules.gui.track_analysis.track_analysis_mdi' has no attribute 'TrackAnalysisModule'
2025-10-05 02:59:12 | ERROR | f1.console |    ⚠️  TireAnalysisModule: 測試時發生錯誤 - module 'modules.gui.tire_analysis.tire_analysis_mdi' has no attribute 'TireAnalysisModule'
2025-10-05 02:59:12 | ERROR | f1.console |    ⚠️  LapBoxPlotAnalysisModule: 測試時發生錯誤 - module 'modules.gui.driver_race.lap_box_plot_analysis.lap_box_plot_analysis_mdi' has no attribute 'LapBoxPlotAnalysisModule'
2025-10-05 02:59:12 | ERROR | f1.console | [ERROR] 無法導入基礎模組
2025-10-05 02:59:12 | WARNING | f1.console | [ACCIDENT_API DEBUG] ⚠️  [API-ONLY] CLI 調用已禁用
2025-10-05 02:59:12 | WARNING | f1.console | [TRACK_ANALYSIS] ⚠️  [API-ONLY] CLI 調用已禁用
2025-10-05 02:59:12 | WARNING | f1.console | 
⚠️  [API-ONLY 模式] 系統現在只允許通過 API 獲取數據
2025-10-05 02:59:14 | ERROR | f1.console | [[BOXPLOT_DATA] DEBUG] ========== API 錯誤回調 ==========
2025-10-05 02:59:14 | ERROR | f1.console | [[BOXPLOT_DATA] DEBUG] 錯誤訊息: HTTPConnectionPool(host='127.0.0.1', port=8000): Max retries exceeded with url: /api/v2/analysis/execute?function_id=28&year=2025&race=Japan&session=R (Caused by NewConnectionError('<urllib3.connection.HTTPConnection object at 0x000001F92AECE660>: Failed to establish a new connection: [WinError 10061] 無法連線，因為目標電腦拒絕連線。'))
2025-10-05 02:59:14 | ERROR | f1.console | [ERROR] [[BOXPLOT_DATA]] API 請求失敗: HTTPConnectionPool(host='127.0.0.1', port=8000): Max retries exceeded with url: /api/v2/analysis/execute?function_id=28&year=2025&race=Japan&session=R (Caused by NewConnectionError('<urllib3.connection.HTTPConnection object at 0x000001F92AECE660>: Failed to establish a new connection: [WinError 10061] 無法連線，因為目標電腦拒絕連線。'))
2025-10-05 02:59:14 | ERROR | f1.console | [狀態] API 請求失敗，改用本地資料
2025-10-05 02:59:14 | ERROR | f1.console |    - 如果 API 請求失敗,檢查 refactored_api.py 是否運行
2025-10-05 02:59:14 | ERROR | f1.console |    - 如果本地 JSON 回退失敗,檢查 json/ 目錄中是否存在檔案:
2025-10-05 02:59:14 | WARNING | f1.console | [ANALYSIS_MANAGER] ⚠️ Not a lap analysis module, skipping: laptime_boxplot_analysis_2169679036240
2025-10-05 02:59:17 | ERROR | f1.console | [[BOXPLOT_DATA] DEBUG] ========== API 錯誤回調 ==========
2025-10-05 02:59:17 | ERROR | f1.console | [[BOXPLOT_DATA] DEBUG] 錯誤訊息: HTTPConnectionPool(host='127.0.0.1', port=8000): Max retries exceeded with url: /api/v2/analysis/execute?function_id=28&year=2025&race=Japan&session=R (Caused by NewConnectionError('<urllib3.connection.HTTPConnection object at 0x000001F92AF3D590>: Failed to establish a new connection: [WinError 10061] 無法連線，因為目標電腦拒絕連線。'))
2025-10-05 02:59:17 | ERROR | f1.console | [ERROR] [[BOXPLOT_DATA]] API 請求失敗: HTTPConnectionPool(host='127.0.0.1', port=8000): Max retries exceeded with url: /api/v2/analysis/execute?function_id=28&year=2025&race=Japan&session=R (Caused by NewConnectionError('<urllib3.connection.HTTPConnection object at 0x000001F92AF3D590>: Failed to establish a new connection: [WinError 10061] 無法連線，因為目標電腦拒絕連線。'))
2025-10-05 02:59:22 | ERROR | f1.console | 🎉 導入錯誤已修復!
2025-10-05 02:59:22 | ERROR | f1.console |    ℹ️  之前會因為 'NameError: name "tr" is not defined' 而失敗
2025-10-05 02:59:22 | ERROR | f1.console | ✅ 不再出現 'NameError: name "tr" is not defined' 錯誤
2025-10-05 02:59:22 | WARNING | f1.console | ⚠️  缺少模組: ['speed_diff', 'distance_diff']
2025-10-05 02:59:55 | ERROR | f1.console | ❌ 測試失敗: Can't instantiate abstract class UniversalDataLoader without an implementation for abstract methods '_build_filename_patterns', '_generate_data_via_cli', '_process_data', '_validate_data_format', '_validate_load_parameters'
2025-10-05 02:59:55 | ERROR | f1.console |    ⚠️  RainAnalysisModule: 測試時發生錯誤 - module 'modules.gui.rain_analysis.rain_analysis_mdi' has no attribute 'RainAnalysisModule'
2025-10-05 02:59:55 | ERROR | f1.console |    ⚠️  TrackAnalysisModule: 測試時發生錯誤 - module 'modules.gui.track_analysis.track_analysis_mdi' has no attribute 'TrackAnalysisModule'
2025-10-05 02:59:55 | ERROR | f1.console |    ⚠️  TireAnalysisModule: 測試時發生錯誤 - module 'modules.gui.tire_analysis.tire_analysis_mdi' has no attribute 'TireAnalysisModule'
2025-10-05 02:59:55 | ERROR | f1.console |    ⚠️  LapBoxPlotAnalysisModule: 測試時發生錯誤 - module 'modules.gui.driver_race.lap_box_plot_analysis.lap_box_plot_analysis_mdi' has no attribute 'LapBoxPlotAnalysisModule'
2025-10-05 02:59:55 | ERROR | f1.console | [ERROR] 無法導入基礎模組
2025-10-05 02:59:55 | WARNING | f1.console | [ACCIDENT_API DEBUG] ⚠️  [API-ONLY] CLI 調用已禁用
2025-10-05 02:59:55 | WARNING | f1.console | [TRACK_ANALYSIS] ⚠️  [API-ONLY] CLI 調用已禁用
2025-10-05 02:59:55 | WARNING | f1.console | 
⚠️  [API-ONLY 模式] 系統現在只允許通過 API 獲取數據
2025-10-05 02:59:57 | ERROR | f1.console | [[BOXPLOT_DATA] DEBUG] ========== API 錯誤回調 ==========
2025-10-05 02:59:57 | ERROR | f1.console | [[BOXPLOT_DATA] DEBUG] 錯誤訊息: HTTPConnectionPool(host='127.0.0.1', port=8000): Max retries exceeded with url: /api/v2/analysis/execute?function_id=28&year=2025&race=Japan&session=R (Caused by NewConnectionError('<urllib3.connection.HTTPConnection object at 0x000001F9311EA900>: Failed to establish a new connection: [WinError 10061] 無法連線，因為目標電腦拒絕連線。'))
2025-10-05 02:59:57 | ERROR | f1.console | [ERROR] [[BOXPLOT_DATA]] API 請求失敗: HTTPConnectionPool(host='127.0.0.1', port=8000): Max retries exceeded with url: /api/v2/analysis/execute?function_id=28&year=2025&race=Japan&session=R (Caused by NewConnectionError('<urllib3.connection.HTTPConnection object at 0x000001F9311EA900>: Failed to establish a new connection: [WinError 10061] 無法連線，因為目標電腦拒絕連線。'))
2025-10-05 02:59:57 | ERROR | f1.console | [狀態] API 請求失敗，改用本地資料
2025-10-05 02:59:57 | ERROR | f1.console |    - 如果 API 請求失敗,檢查 refactored_api.py 是否運行
2025-10-05 02:59:57 | ERROR | f1.console |    - 如果本地 JSON 回退失敗,檢查 json/ 目錄中是否存在檔案:
2025-10-05 02:59:57 | WARNING | f1.console | [ANALYSIS_MANAGER] ⚠️ Not a lap analysis module, skipping: laptime_boxplot_analysis_2169798214000
2025-10-05 03:00:00 | ERROR | f1.console | [[BOXPLOT_DATA] DEBUG] ========== API 錯誤回調 ==========
2025-10-05 03:00:00 | ERROR | f1.console | [[BOXPLOT_DATA] DEBUG] 錯誤訊息: HTTPConnectionPool(host='127.0.0.1', port=8000): Max retries exceeded with url: /api/v2/analysis/execute?function_id=28&year=2025&race=Japan&session=R (Caused by NewConnectionError('<urllib3.connection.HTTPConnection object at 0x000001F9312456D0>: Failed to establish a new connection: [WinError 10061] 無法連線，因為目標電腦拒絕連線。'))
2025-10-05 03:00:00 | ERROR | f1.console | [ERROR] [[BOXPLOT_DATA]] API 請求失敗: HTTPConnectionPool(host='127.0.0.1', port=8000): Max retries exceeded with url: /api/v2/analysis/execute?function_id=28&year=2025&race=Japan&session=R (Caused by NewConnectionError('<urllib3.connection.HTTPConnection object at 0x000001F9312456D0>: Failed to establish a new connection: [WinError 10061] 無法連線，因為目標電腦拒絕連線。'))
2025-10-05 03:00:05 | ERROR | f1.console | 🎉 導入錯誤已修復!
2025-10-05 03:00:05 | ERROR | f1.console |    ℹ️  之前會因為 'NameError: name "tr" is not defined' 而失敗
2025-10-05 03:00:05 | ERROR | f1.console | ✅ 不再出現 'NameError: name "tr" is not defined' 錯誤
2025-10-05 03:00:05 | WARNING | f1.console | ⚠️  缺少模組: ['speed_diff', 'distance_diff']
2025-10-05 03:00:14 | ERROR | f1.console | ❌ 測試失敗: Can't instantiate abstract class UniversalDataLoader without an implementation for abstract methods '_build_filename_patterns', '_generate_data_via_cli', '_process_data', '_validate_data_format', '_validate_load_parameters'
2025-10-05 03:00:14 | ERROR | f1.console |    ⚠️  RainAnalysisModule: 測試時發生錯誤 - module 'modules.gui.rain_analysis.rain_analysis_mdi' has no attribute 'RainAnalysisModule'
2025-10-05 03:00:14 | ERROR | f1.console |    ⚠️  TrackAnalysisModule: 測試時發生錯誤 - module 'modules.gui.track_analysis.track_analysis_mdi' has no attribute 'TrackAnalysisModule'
2025-10-05 03:00:14 | ERROR | f1.console |    ⚠️  TireAnalysisModule: 測試時發生錯誤 - module 'modules.gui.tire_analysis.tire_analysis_mdi' has no attribute 'TireAnalysisModule'
2025-10-05 03:00:14 | ERROR | f1.console |    ⚠️  LapBoxPlotAnalysisModule: 測試時發生錯誤 - module 'modules.gui.driver_race.lap_box_plot_analysis.lap_box_plot_analysis_mdi' has no attribute 'LapBoxPlotAnalysisModule'
2025-10-05 03:00:14 | ERROR | f1.console | [ERROR] 無法導入基礎模組
2025-10-05 03:00:14 | WARNING | f1.console | [ACCIDENT_API DEBUG] ⚠️  [API-ONLY] CLI 調用已禁用
2025-10-05 03:00:14 | WARNING | f1.console | [TRACK_ANALYSIS] ⚠️  [API-ONLY] CLI 調用已禁用
2025-10-05 03:00:14 | WARNING | f1.console | 
⚠️  [API-ONLY 模式] 系統現在只允許通過 API 獲取數據
2025-10-05 03:00:16 | ERROR | f1.console | [[BOXPLOT_DATA] DEBUG] ========== API 錯誤回調 ==========
2025-10-05 03:00:16 | ERROR | f1.console | [[BOXPLOT_DATA] DEBUG] 錯誤訊息: HTTPConnectionPool(host='127.0.0.1', port=8000): Max retries exceeded with url: /api/v2/analysis/execute?function_id=28&year=2025&race=Japan&session=R (Caused by NewConnectionError('<urllib3.connection.HTTPConnection object at 0x00000286B9056900>: Failed to establish a new connection: [WinError 10061] 無法連線，因為目標電腦拒絕連線。'))
2025-10-05 03:00:16 | ERROR | f1.console | [ERROR] [[BOXPLOT_DATA]] API 請求失敗: HTTPConnectionPool(host='127.0.0.1', port=8000): Max retries exceeded with url: /api/v2/analysis/execute?function_id=28&year=2025&race=Japan&session=R (Caused by NewConnectionError('<urllib3.connection.HTTPConnection object at 0x00000286B9056900>: Failed to establish a new connection: [WinError 10061] 無法連線，因為目標電腦拒絕連線。'))
2025-10-05 03:00:16 | ERROR | f1.console | [狀態] API 請求失敗，改用本地資料
2025-10-05 03:00:16 | ERROR | f1.console |    - 如果 API 請求失敗,檢查 refactored_api.py 是否運行
2025-10-05 03:00:16 | ERROR | f1.console |    - 如果本地 JSON 回退失敗,檢查 json/ 目錄中是否存在檔案:
2025-10-05 03:00:16 | WARNING | f1.console | [ANALYSIS_MANAGER] ⚠️ Not a lap analysis module, skipping: laptime_boxplot_analysis_2777653328880
2025-10-05 03:00:18 | ERROR | f1.console | [[BOXPLOT_DATA] DEBUG] ========== API 錯誤回調 ==========
2025-10-05 03:00:18 | ERROR | f1.console | [[BOXPLOT_DATA] DEBUG] 錯誤訊息: HTTPConnectionPool(host='127.0.0.1', port=8000): Max retries exceeded with url: /api/v2/analysis/execute?function_id=28&year=2025&race=Japan&session=R (Caused by NewConnectionError('<urllib3.connection.HTTPConnection object at 0x00000286B90B1950>: Failed to establish a new connection: [WinError 10061] 無法連線，因為目標電腦拒絕連線。'))
2025-10-05 03:00:18 | ERROR | f1.console | [ERROR] [[BOXPLOT_DATA]] API 請求失敗: HTTPConnectionPool(host='127.0.0.1', port=8000): Max retries exceeded with url: /api/v2/analysis/execute?function_id=28&year=2025&race=Japan&session=R (Caused by NewConnectionError('<urllib3.connection.HTTPConnection object at 0x00000286B90B1950>: Failed to establish a new connection: [WinError 10061] 無法連線，因為目標電腦拒絕連線。'))
2025-10-05 03:00:24 | ERROR | f1.console | 🎉 導入錯誤已修復!
2025-10-05 03:00:24 | ERROR | f1.console |    ℹ️  之前會因為 'NameError: name "tr" is not defined' 而失敗
2025-10-05 03:00:24 | ERROR | f1.console | ✅ 不再出現 'NameError: name "tr" is not defined' 錯誤
2025-10-05 03:00:24 | WARNING | f1.console | ⚠️  缺少模組: ['speed_diff', 'distance_diff']
2025-10-05 03:00:26 | ERROR | f1.console | 
❌ 無法連接到 API 伺服器
2025-10-05 03:00:28 | ERROR | f1.console | 
❌ 測試超時
2025-10-05 03:00:28 | ERROR | f1.console |   ❌ confirm_exit_title                       = [MISSING]
2025-10-05 03:00:28 | ERROR | f1.console |   ❌ no_charts_selected                       = [MISSING]
2025-10-05 03:00:28 | ERROR | f1.console |   ❌ no_driver_selected                       = [MISSING]
2025-10-05 03:00:28 | ERROR | f1.console |   ❌ module_unavailable                       = [MISSING]
2025-10-05 03:00:28 | ERROR | f1.console |   ❌ track_analysis_unavailable               = [MISSING]
2025-10-05 03:00:28 | ERROR | f1.console |   ❌ cannot_find_mdi_area                     = [MISSING]
2025-10-05 03:00:28 | ERROR | f1.console |   ❌ cannot_open_window                       = [MISSING]
2025-10-05 03:00:28 | WARNING | f1.console | 
  ⚠️  缺少 7 個翻譯鍵
2025-10-05 03:00:28 | ERROR | f1.console |   ❌ confirm_exit_title                       = [MISSING]
2025-10-05 03:00:28 | ERROR | f1.console |   ✅ analysis_failed                          = 分析失敗
2025-10-05 03:00:28 | WARNING | f1.console |   ✅ warning                                  = 警告
2025-10-05 03:00:28 | ERROR | f1.console |   ✅ error                                    = 錯誤
2025-10-05 03:00:28 | ERROR | f1.console |   ❌ no_charts_selected                       = [MISSING]
2025-10-05 03:00:28 | ERROR | f1.console |   ❌ no_driver_selected                       = [MISSING]
2025-10-05 03:00:28 | ERROR | f1.console |   ❌ module_unavailable                       = [MISSING]
2025-10-05 03:00:28 | ERROR | f1.console |   ❌ track_analysis_unavailable               = [MISSING]
2025-10-05 03:00:28 | ERROR | f1.console |   ❌ cannot_find_mdi_area                     = [MISSING]
2025-10-05 03:00:28 | ERROR | f1.console |   ❌ cannot_open_window                       = [MISSING]
2025-10-05 03:00:28 | WARNING | f1.console | 
  ⚠️  缺少 7 個翻譯鍵
2025-10-05 03:00:28 | ERROR | f1.console |   ❌ confirm_exit_title                       = [MISSING]
2025-10-05 03:00:28 | ERROR | f1.console |   ✅ analysis_failed                          = 分析失敗
2025-10-05 03:00:28 | ERROR | f1.console |   ❌ no_charts_selected                       = [MISSING]
2025-10-05 03:00:28 | ERROR | f1.console |   ❌ no_driver_selected                       = [MISSING]
2025-10-05 03:00:28 | ERROR | f1.console |   ❌ module_unavailable                       = [MISSING]
2025-10-05 03:00:28 | ERROR | f1.console |   ❌ track_analysis_unavailable               = [MISSING]
2025-10-05 03:00:28 | ERROR | f1.console |   ❌ cannot_find_mdi_area                     = [MISSING]
2025-10-05 03:00:28 | ERROR | f1.console |   ❌ cannot_open_window                       = [MISSING]
2025-10-05 03:00:28 | WARNING | f1.console | 
  ⚠️  缺少 7 個翻譯鍵
2025-10-05 03:00:30 | ERROR | f1.console | [SEASON] API 請求失敗: HTTPConnectionPool(host='127.0.0.1', port=8000): Max retries exceeded with url: /api/v2/analysis/execute?function_id=99&year=2025 (Caused by NewConnectionError('<urllib3.connection.HTTPConnection object at 0x00000286B905B490>: Failed to establish a new connection: [WinError 10061] 無法連線，因為目標電腦拒絕連線。'))
2025-10-05 03:00:30 | WARNING | f1.console | 
[超時] ⚠️ 15秒內未收到信號
2025-10-05 03:00:30 | ERROR | f1.console | [SERVICE] ❌ 服務異常! (耗時: 0.000s): Missing required parameter 'session' for function 1
2025-10-05 03:00:30 | ERROR | f1.console | ❌ 事故分析模組測試失敗: QObject(parent: Optional[QObject] = None): argument 1 has unexpected type 'MockDataManager'
2025-10-05 03:00:30 | WARNING | f1.console | ⚠️ speed_analysis                 → 速度分析
2025-10-05 03:00:30 | WARNING | f1.console | ⚠️ rpm_analysis                   → RPM分析
2025-10-05 03:00:30 | WARNING | f1.console | ⚠️ rain_analysis                  → 降雨分析
2025-10-05 03:00:30 | WARNING | f1.console | ⚠️ accident_analysis              → 事故分析
2025-10-05 03:00:30 | WARNING | f1.console | ⚠️ speed_analysis                 → 速度分析
2025-10-05 03:00:30 | WARNING | f1.console | ⚠️ rpm_analysis                   → RPM分析
2025-10-05 03:00:30 | ERROR | f1.console | [SEASON] API 請求失敗: network unavailable
2025-10-05 03:00:30 | ERROR | f1.console | [SEASON] API 請求失敗: network unavailable
2025-10-05 03:00:47 | ERROR | f1.console | ❌ 測試失敗: Can't instantiate abstract class UniversalDataLoader without an implementation for abstract methods '_build_filename_patterns', '_generate_data_via_cli', '_process_data', '_validate_data_format', '_validate_load_parameters'
2025-10-05 03:00:47 | ERROR | f1.console |    ⚠️  RainAnalysisModule: 測試時發生錯誤 - module 'modules.gui.rain_analysis.rain_analysis_mdi' has no attribute 'RainAnalysisModule'
2025-10-05 03:00:47 | ERROR | f1.console |    ⚠️  TrackAnalysisModule: 測試時發生錯誤 - module 'modules.gui.track_analysis.track_analysis_mdi' has no attribute 'TrackAnalysisModule'
2025-10-05 03:00:47 | ERROR | f1.console |    ⚠️  TireAnalysisModule: 測試時發生錯誤 - module 'modules.gui.tire_analysis.tire_analysis_mdi' has no attribute 'TireAnalysisModule'
2025-10-05 03:00:47 | ERROR | f1.console |    ⚠️  LapBoxPlotAnalysisModule: 測試時發生錯誤 - module 'modules.gui.driver_race.lap_box_plot_analysis.lap_box_plot_analysis_mdi' has no attribute 'LapBoxPlotAnalysisModule'
2025-10-05 03:00:47 | ERROR | f1.console | [ERROR] 無法導入基礎模組
2025-10-05 03:00:47 | WARNING | f1.console | [ACCIDENT_API DEBUG] ⚠️  [API-ONLY] CLI 調用已禁用
2025-10-05 03:00:47 | WARNING | f1.console | [TRACK_ANALYSIS] ⚠️  [API-ONLY] CLI 調用已禁用
2025-10-05 03:00:47 | WARNING | f1.console | 
⚠️  [API-ONLY 模式] 系統現在只允許通過 API 獲取數據
2025-10-05 03:00:49 | ERROR | f1.console | [[BOXPLOT_DATA] DEBUG] ========== API 錯誤回調 ==========
2025-10-05 03:00:49 | ERROR | f1.console | [[BOXPLOT_DATA] DEBUG] 錯誤訊息: HTTPConnectionPool(host='127.0.0.1', port=8000): Max retries exceeded with url: /api/v2/analysis/execute?function_id=28&year=2025&race=Japan&session=R (Caused by NewConnectionError('<urllib3.connection.HTTPConnection object at 0x00000236E16D6900>: Failed to establish a new connection: [WinError 10061] 無法連線，因為目標電腦拒絕連線。'))
2025-10-05 03:00:49 | ERROR | f1.console | [ERROR] [[BOXPLOT_DATA]] API 請求失敗: HTTPConnectionPool(host='127.0.0.1', port=8000): Max retries exceeded with url: /api/v2/analysis/execute?function_id=28&year=2025&race=Japan&session=R (Caused by NewConnectionError('<urllib3.connection.HTTPConnection object at 0x00000236E16D6900>: Failed to establish a new connection: [WinError 10061] 無法連線，因為目標電腦拒絕連線。'))
2025-10-05 03:00:49 | ERROR | f1.console | [狀態] API 請求失敗，改用本地資料
2025-10-05 03:00:49 | ERROR | f1.console |    - 如果 API 請求失敗,檢查 refactored_api.py 是否運行
2025-10-05 03:00:49 | ERROR | f1.console |    - 如果本地 JSON 回退失敗,檢查 json/ 目錄中是否存在檔案:
2025-10-05 03:00:49 | WARNING | f1.console | [ANALYSIS_MANAGER] ⚠️ Not a lap analysis module, skipping: laptime_boxplot_analysis_2434733980656
2025-10-05 03:00:51 | ERROR | f1.console | [[BOXPLOT_DATA] DEBUG] ========== API 錯誤回調 ==========
2025-10-05 03:00:51 | ERROR | f1.console | [[BOXPLOT_DATA] DEBUG] 錯誤訊息: HTTPConnectionPool(host='127.0.0.1', port=8000): Max retries exceeded with url: /api/v2/analysis/execute?function_id=28&year=2025&race=Japan&session=R (Caused by NewConnectionError('<urllib3.connection.HTTPConnection object at 0x00000236E1759810>: Failed to establish a new connection: [WinError 10061] 無法連線，因為目標電腦拒絕連線。'))
2025-10-05 03:00:51 | ERROR | f1.console | [ERROR] [[BOXPLOT_DATA]] API 請求失敗: HTTPConnectionPool(host='127.0.0.1', port=8000): Max retries exceeded with url: /api/v2/analysis/execute?function_id=28&year=2025&race=Japan&session=R (Caused by NewConnectionError('<urllib3.connection.HTTPConnection object at 0x00000236E1759810>: Failed to establish a new connection: [WinError 10061] 無法連線，因為目標電腦拒絕連線。'))
2025-10-05 03:00:57 | ERROR | f1.console | 🎉 導入錯誤已修復!
2025-10-05 03:00:57 | ERROR | f1.console |    ℹ️  之前會因為 'NameError: name "tr" is not defined' 而失敗
2025-10-05 03:00:57 | ERROR | f1.console | ✅ 不再出現 'NameError: name "tr" is not defined' 錯誤
2025-10-05 03:00:57 | WARNING | f1.console | ⚠️  缺少模組: ['speed_diff', 'distance_diff']
2025-10-05 03:00:59 | ERROR | f1.console | 
❌ 無法連接到 API 伺服器
2025-10-05 03:01:01 | ERROR | f1.console | 
❌ 測試超時
2025-10-05 03:01:01 | ERROR | f1.console |   ❌ confirm_exit_title                       = [MISSING]
2025-10-05 03:01:01 | ERROR | f1.console |   ❌ no_charts_selected                       = [MISSING]
2025-10-05 03:01:01 | ERROR | f1.console |   ❌ no_driver_selected                       = [MISSING]
2025-10-05 03:01:01 | ERROR | f1.console |   ❌ module_unavailable                       = [MISSING]
2025-10-05 03:01:01 | ERROR | f1.console |   ❌ track_analysis_unavailable               = [MISSING]
2025-10-05 03:01:01 | ERROR | f1.console |   ❌ cannot_find_mdi_area                     = [MISSING]
2025-10-05 03:01:01 | ERROR | f1.console |   ❌ cannot_open_window                       = [MISSING]
2025-10-05 03:01:01 | WARNING | f1.console | 
  ⚠️  缺少 7 個翻譯鍵
2025-10-05 03:01:01 | ERROR | f1.console |   ❌ confirm_exit_title                       = [MISSING]
2025-10-05 03:01:01 | ERROR | f1.console |   ✅ analysis_failed                          = 分析失敗
2025-10-05 03:01:01 | WARNING | f1.console |   ✅ warning                                  = 警告
2025-10-05 03:01:01 | ERROR | f1.console |   ✅ error                                    = 錯誤
2025-10-05 03:01:01 | ERROR | f1.console |   ❌ no_charts_selected                       = [MISSING]
2025-10-05 03:01:01 | ERROR | f1.console |   ❌ no_driver_selected                       = [MISSING]
2025-10-05 03:01:01 | ERROR | f1.console |   ❌ module_unavailable                       = [MISSING]
2025-10-05 03:01:01 | ERROR | f1.console |   ❌ track_analysis_unavailable               = [MISSING]
2025-10-05 03:01:01 | ERROR | f1.console |   ❌ cannot_find_mdi_area                     = [MISSING]
2025-10-05 03:01:01 | ERROR | f1.console |   ❌ cannot_open_window                       = [MISSING]
2025-10-05 03:01:01 | WARNING | f1.console | 
  ⚠️  缺少 7 個翻譯鍵
2025-10-05 03:01:01 | ERROR | f1.console |   ❌ confirm_exit_title                       = [MISSING]
2025-10-05 03:01:01 | ERROR | f1.console |   ✅ analysis_failed                          = 分析失敗
2025-10-05 03:01:01 | ERROR | f1.console |   ❌ no_charts_selected                       = [MISSING]
2025-10-05 03:01:01 | ERROR | f1.console |   ❌ no_driver_selected                       = [MISSING]
2025-10-05 03:01:01 | ERROR | f1.console |   ❌ module_unavailable                       = [MISSING]
2025-10-05 03:01:01 | ERROR | f1.console |   ❌ track_analysis_unavailable               = [MISSING]
2025-10-05 03:01:01 | ERROR | f1.console |   ❌ cannot_find_mdi_area                     = [MISSING]
2025-10-05 03:01:01 | ERROR | f1.console |   ❌ cannot_open_window                       = [MISSING]
2025-10-05 03:01:01 | WARNING | f1.console | 
  ⚠️  缺少 7 個翻譯鍵
2025-10-05 03:01:03 | ERROR | f1.console | [SEASON] API 請求失敗: HTTPConnectionPool(host='127.0.0.1', port=8000): Max retries exceeded with url: /api/v2/analysis/execute?function_id=99&year=2025 (Caused by NewConnectionError('<urllib3.connection.HTTPConnection object at 0x00000236E16DB950>: Failed to establish a new connection: [WinError 10061] 無法連線，因為目標電腦拒絕連線。'))
2025-10-05 03:01:03 | WARNING | f1.console | 
[超時] ⚠️ 15秒內未收到信號
2025-10-05 03:01:03 | ERROR | f1.console | [SERVICE] ❌ 服務異常! (耗時: 0.000s): Missing required parameter 'session' for function 1
2025-10-05 03:01:03 | ERROR | f1.console | ❌ 事故分析模組測試失敗: QObject(parent: Optional[QObject] = None): argument 1 has unexpected type 'MockDataManager'
2025-10-05 03:01:03 | WARNING | f1.console | ⚠️ speed_analysis                 → 速度分析
2025-10-05 03:01:03 | WARNING | f1.console | ⚠️ rpm_analysis                   → RPM分析
2025-10-05 03:01:03 | WARNING | f1.console | ⚠️ rain_analysis                  → 降雨分析
2025-10-05 03:01:03 | WARNING | f1.console | ⚠️ accident_analysis              → 事故分析
2025-10-05 03:01:03 | WARNING | f1.console | ⚠️ speed_analysis                 → 速度分析
2025-10-05 03:01:03 | WARNING | f1.console | ⚠️ rpm_analysis                   → RPM分析
2025-10-05 03:01:03 | ERROR | f1.console | [SEASON] API 請求失敗: network unavailable
2025-10-05 03:01:03 | ERROR | f1.console | [SEASON] API 請求失敗: network unavailable
2025-10-05 03:01:21 | ERROR | f1.console | ❌ 測試失敗: Can't instantiate abstract class UniversalDataLoader without an implementation for abstract methods '_build_filename_patterns', '_generate_data_via_cli', '_process_data', '_validate_data_format', '_validate_load_parameters'
2025-10-05 03:01:21 | ERROR | f1.console |    ⚠️  RainAnalysisModule: 測試時發生錯誤 - module 'modules.gui.rain_analysis.rain_analysis_mdi' has no attribute 'RainAnalysisModule'
2025-10-05 03:01:21 | ERROR | f1.console |    ⚠️  TrackAnalysisModule: 測試時發生錯誤 - module 'modules.gui.track_analysis.track_analysis_mdi' has no attribute 'TrackAnalysisModule'
2025-10-05 03:01:21 | ERROR | f1.console |    ⚠️  TireAnalysisModule: 測試時發生錯誤 - module 'modules.gui.tire_analysis.tire_analysis_mdi' has no attribute 'TireAnalysisModule'
2025-10-05 03:01:21 | ERROR | f1.console |    ⚠️  LapBoxPlotAnalysisModule: 測試時發生錯誤 - module 'modules.gui.driver_race.lap_box_plot_analysis.lap_box_plot_analysis_mdi' has no attribute 'LapBoxPlotAnalysisModule'
2025-10-05 03:01:21 | ERROR | f1.console | [ERROR] 無法導入基礎模組
2025-10-05 03:01:21 | WARNING | f1.console | [ACCIDENT_API DEBUG] ⚠️  [API-ONLY] CLI 調用已禁用
2025-10-05 03:01:21 | WARNING | f1.console | [TRACK_ANALYSIS] ⚠️  [API-ONLY] CLI 調用已禁用
2025-10-05 03:01:21 | WARNING | f1.console | 
⚠️  [API-ONLY 模式] 系統現在只允許通過 API 獲取數據
2025-10-05 03:01:23 | ERROR | f1.console | [[BOXPLOT_DATA] DEBUG] ========== API 錯誤回調 ==========
2025-10-05 03:01:23 | ERROR | f1.console | [[BOXPLOT_DATA] DEBUG] 錯誤訊息: HTTPConnectionPool(host='127.0.0.1', port=8000): Max retries exceeded with url: /api/v2/analysis/execute?function_id=28&year=2025&race=Japan&session=R (Caused by NewConnectionError('<urllib3.connection.HTTPConnection object at 0x0000022EFA9E67B0>: Failed to establish a new connection: [WinError 10061] 無法連線，因為目標電腦拒絕連線。'))
2025-10-05 03:01:23 | ERROR | f1.console | [ERROR] [[BOXPLOT_DATA]] API 請求失敗: HTTPConnectionPool(host='127.0.0.1', port=8000): Max retries exceeded with url: /api/v2/analysis/execute?function_id=28&year=2025&race=Japan&session=R (Caused by NewConnectionError('<urllib3.connection.HTTPConnection object at 0x0000022EFA9E67B0>: Failed to establish a new connection: [WinError 10061] 無法連線，因為目標電腦拒絕連線。'))
2025-10-05 03:01:23 | ERROR | f1.console | [狀態] API 請求失敗，改用本地資料
2025-10-05 03:01:23 | ERROR | f1.console |    - 如果 API 請求失敗,檢查 refactored_api.py 是否運行
2025-10-05 03:01:23 | ERROR | f1.console |    - 如果本地 JSON 回退失敗,檢查 json/ 目錄中是否存在檔案:
2025-10-05 03:01:24 | WARNING | f1.console | [ANALYSIS_MANAGER] ⚠️ Not a lap analysis module, skipping: laptime_boxplot_analysis_2400796883952
2025-10-05 03:01:26 | ERROR | f1.console | [[BOXPLOT_DATA] DEBUG] ========== API 錯誤回調 ==========
2025-10-05 03:01:26 | ERROR | f1.console | [[BOXPLOT_DATA] DEBUG] 錯誤訊息: HTTPConnectionPool(host='127.0.0.1', port=8000): Max retries exceeded with url: /api/v2/analysis/execute?function_id=28&year=2025&race=Japan&session=R (Caused by NewConnectionError('<urllib3.connection.HTTPConnection object at 0x0000022EFAA6D310>: Failed to establish a new connection: [WinError 10061] 無法連線，因為目標電腦拒絕連線。'))
2025-10-05 03:01:26 | ERROR | f1.console | [ERROR] [[BOXPLOT_DATA]] API 請求失敗: HTTPConnectionPool(host='127.0.0.1', port=8000): Max retries exceeded with url: /api/v2/analysis/execute?function_id=28&year=2025&race=Japan&session=R (Caused by NewConnectionError('<urllib3.connection.HTTPConnection object at 0x0000022EFAA6D310>: Failed to establish a new connection: [WinError 10061] 無法連線，因為目標電腦拒絕連線。'))
2025-10-05 03:01:31 | ERROR | f1.console | 🎉 導入錯誤已修復!
2025-10-05 03:01:31 | ERROR | f1.console |    ℹ️  之前會因為 'NameError: name "tr" is not defined' 而失敗
2025-10-05 03:01:31 | ERROR | f1.console | ✅ 不再出現 'NameError: name "tr" is not defined' 錯誤
2025-10-05 03:01:31 | WARNING | f1.console | ⚠️  缺少模組: ['speed_diff', 'distance_diff']
2025-10-05 03:01:33 | ERROR | f1.console | 
❌ 無法連接到 API 伺服器
2025-10-05 03:01:35 | ERROR | f1.console | 
❌ 測試超時
2025-10-05 03:01:35 | ERROR | f1.console |   ❌ confirm_exit_title                       = [MISSING]
2025-10-05 03:01:35 | ERROR | f1.console |   ❌ no_charts_selected                       = [MISSING]
2025-10-05 03:01:35 | ERROR | f1.console |   ❌ no_driver_selected                       = [MISSING]
2025-10-05 03:01:35 | ERROR | f1.console |   ❌ module_unavailable                       = [MISSING]
2025-10-05 03:01:35 | ERROR | f1.console |   ❌ track_analysis_unavailable               = [MISSING]
2025-10-05 03:01:35 | ERROR | f1.console |   ❌ cannot_find_mdi_area                     = [MISSING]
2025-10-05 03:01:35 | ERROR | f1.console |   ❌ cannot_open_window                       = [MISSING]
2025-10-05 03:01:35 | WARNING | f1.console | 
  ⚠️  缺少 7 個翻譯鍵
2025-10-05 03:01:35 | ERROR | f1.console |   ❌ confirm_exit_title                       = [MISSING]
2025-10-05 03:01:35 | ERROR | f1.console |   ✅ analysis_failed                          = 分析失敗
2025-10-05 03:01:35 | WARNING | f1.console |   ✅ warning                                  = 警告
2025-10-05 03:01:35 | ERROR | f1.console |   ✅ error                                    = 錯誤
2025-10-05 03:01:35 | ERROR | f1.console |   ❌ no_charts_selected                       = [MISSING]
2025-10-05 03:01:35 | ERROR | f1.console |   ❌ no_driver_selected                       = [MISSING]
2025-10-05 03:01:35 | ERROR | f1.console |   ❌ module_unavailable                       = [MISSING]
2025-10-05 03:01:35 | ERROR | f1.console |   ❌ track_analysis_unavailable               = [MISSING]
2025-10-05 03:01:35 | ERROR | f1.console |   ❌ cannot_find_mdi_area                     = [MISSING]
2025-10-05 03:01:35 | ERROR | f1.console |   ❌ cannot_open_window                       = [MISSING]
2025-10-05 03:01:35 | WARNING | f1.console | 
  ⚠️  缺少 7 個翻譯鍵
2025-10-05 03:01:35 | ERROR | f1.console |   ❌ confirm_exit_title                       = [MISSING]
2025-10-05 03:01:35 | ERROR | f1.console |   ✅ analysis_failed                          = 分析失敗
2025-10-05 03:01:35 | ERROR | f1.console |   ❌ no_charts_selected                       = [MISSING]
2025-10-05 03:01:35 | ERROR | f1.console |   ❌ no_driver_selected                       = [MISSING]
2025-10-05 03:01:35 | ERROR | f1.console |   ❌ module_unavailable                       = [MISSING]
2025-10-05 03:01:35 | ERROR | f1.console |   ❌ track_analysis_unavailable               = [MISSING]
2025-10-05 03:01:35 | ERROR | f1.console |   ❌ cannot_find_mdi_area                     = [MISSING]
2025-10-05 03:01:35 | ERROR | f1.console |   ❌ cannot_open_window                       = [MISSING]
2025-10-05 03:01:35 | WARNING | f1.console | 
  ⚠️  缺少 7 個翻譯鍵
2025-10-05 03:01:37 | ERROR | f1.console | [SEASON] API 請求失敗: HTTPConnectionPool(host='127.0.0.1', port=8000): Max retries exceeded with url: /api/v2/analysis/execute?function_id=99&year=2025 (Caused by NewConnectionError('<urllib3.connection.HTTPConnection object at 0x0000022EFA9EB5C0>: Failed to establish a new connection: [WinError 10061] 無法連線，因為目標電腦拒絕連線。'))
2025-10-05 03:01:37 | WARNING | f1.console | 
[超時] ⚠️ 15秒內未收到信號
2025-10-05 03:01:38 | ERROR | f1.console | [SERVICE] ❌ 服務異常! (耗時: 0.000s): Missing required parameter 'session' for function 1
2025-10-05 03:01:38 | ERROR | f1.console | ❌ 事故分析模組測試失敗: QObject(parent: Optional[QObject] = None): argument 1 has unexpected type 'MockDataManager'
2025-10-05 03:01:38 | WARNING | f1.console | ⚠️ speed_analysis                 → 速度分析
2025-10-05 03:01:38 | WARNING | f1.console | ⚠️ rpm_analysis                   → RPM分析
2025-10-05 03:01:38 | WARNING | f1.console | ⚠️ rain_analysis                  → 降雨分析
2025-10-05 03:01:38 | WARNING | f1.console | ⚠️ accident_analysis              → 事故分析
2025-10-05 03:01:38 | WARNING | f1.console | ⚠️ speed_analysis                 → 速度分析
2025-10-05 03:01:38 | WARNING | f1.console | ⚠️ rpm_analysis                   → RPM分析
2025-10-05 03:01:38 | ERROR | f1.console | [SEASON] API 請求失敗: network unavailable
2025-10-05 03:01:38 | ERROR | f1.console | [SEASON] API 請求失敗: network unavailable
2025-10-05 03:01:59 | ERROR | f1.console | ❌ 測試失敗: Can't instantiate abstract class UniversalDataLoader without an implementation for abstract methods '_build_filename_patterns', '_generate_data_via_cli', '_process_data', '_validate_data_format', '_validate_load_parameters'
2025-10-05 03:01:59 | ERROR | f1.console |    ⚠️  RainAnalysisModule: 測試時發生錯誤 - module 'modules.gui.rain_analysis.rain_analysis_mdi' has no attribute 'RainAnalysisModule'
2025-10-05 03:01:59 | ERROR | f1.console |    ⚠️  TrackAnalysisModule: 測試時發生錯誤 - module 'modules.gui.track_analysis.track_analysis_mdi' has no attribute 'TrackAnalysisModule'
2025-10-05 03:01:59 | ERROR | f1.console |    ⚠️  TireAnalysisModule: 測試時發生錯誤 - module 'modules.gui.tire_analysis.tire_analysis_mdi' has no attribute 'TireAnalysisModule'
2025-10-05 03:01:59 | ERROR | f1.console |    ⚠️  LapBoxPlotAnalysisModule: 測試時發生錯誤 - module 'modules.gui.driver_race.lap_box_plot_analysis.lap_box_plot_analysis_mdi' has no attribute 'LapBoxPlotAnalysisModule'
2025-10-05 03:01:59 | ERROR | f1.console | [ERROR] 無法導入基礎模組
2025-10-05 03:01:59 | WARNING | f1.console | [ACCIDENT_API DEBUG] ⚠️  [API-ONLY] CLI 調用已禁用
2025-10-05 03:01:59 | WARNING | f1.console | [TRACK_ANALYSIS] ⚠️  [API-ONLY] CLI 調用已禁用
2025-10-05 03:01:59 | WARNING | f1.console | 
⚠️  [API-ONLY 模式] 系統現在只允許通過 API 獲取數據
2025-10-05 03:02:08 | ERROR | f1.console | [SEASON] API 請求失敗: HTTPConnectionPool(host='127.0.0.1', port=8000): Max retries exceeded with url: /api/v2/analysis/execute?function_id=99&year=2025 (Caused by NewConnectionError('<urllib3.connection.HTTPConnection object at 0x000001C9365E52B0>: Failed to establish a new connection: [WinError 10061] 無法連線，因為目標電腦拒絕連線。'))
2025-10-05 03:02:18 | ERROR | f1.console | [ERROR] 無法導入基礎模組
2025-10-05 03:02:18 | ERROR | f1.console | ❌ 事故分析模組測試失敗: QObject(parent: Optional[QObject] = None): argument 1 has unexpected type 'MockDataManager'
2025-10-05 03:02:55 | ERROR | f1.console | [ERROR] 無法導入基礎模組
2025-10-05 03:02:55 | ERROR | f1.console | ❌ 事故分析模組測試失敗: QObject(parent: Optional[QObject] = None): argument 1 has unexpected type 'MockDataManager'
2025-10-05 03:04:05 | ERROR | f1.console | ❌ 測試失敗: Can't instantiate abstract class UniversalDataLoader without an implementation for abstract methods '_build_filename_patterns', '_generate_data_via_cli', '_process_data', '_validate_data_format', '_validate_load_parameters'
2025-10-05 03:04:05 | ERROR | f1.console |    ⚠️  RainAnalysisModule: 測試時發生錯誤 - module 'modules.gui.rain_analysis.rain_analysis_mdi' has no attribute 'RainAnalysisModule'
2025-10-05 03:04:05 | ERROR | f1.console |    ⚠️  TrackAnalysisModule: 測試時發生錯誤 - module 'modules.gui.track_analysis.track_analysis_mdi' has no attribute 'TrackAnalysisModule'
2025-10-05 03:04:05 | ERROR | f1.console |    ⚠️  TireAnalysisModule: 測試時發生錯誤 - module 'modules.gui.tire_analysis.tire_analysis_mdi' has no attribute 'TireAnalysisModule'
2025-10-05 03:04:05 | ERROR | f1.console |    ⚠️  LapBoxPlotAnalysisModule: 測試時發生錯誤 - module 'modules.gui.driver_race.lap_box_plot_analysis.lap_box_plot_analysis_mdi' has no attribute 'LapBoxPlotAnalysisModule'
2025-10-05 03:04:06 | ERROR | f1.console | [ERROR] 無法導入基礎模組
2025-10-05 03:04:06 | WARNING | f1.console | [ACCIDENT_API DEBUG] ⚠️  [API-ONLY] CLI 調用已禁用
2025-10-05 03:04:06 | WARNING | f1.console | [TRACK_ANALYSIS] ⚠️  [API-ONLY] CLI 調用已禁用
2025-10-05 03:04:06 | WARNING | f1.console | 
⚠️  [API-ONLY 模式] 系統現在只允許通過 API 獲取數據
2025-10-05 03:04:08 | ERROR | f1.console | [[BOXPLOT_DATA] DEBUG] ========== API 錯誤回調 ==========
2025-10-05 03:04:08 | ERROR | f1.console | [[BOXPLOT_DATA] DEBUG] 錯誤訊息: HTTPConnectionPool(host='127.0.0.1', port=8000): Max retries exceeded with url: /api/v2/analysis/execute?function_id=28&year=2025&race=Japan&session=R (Caused by NewConnectionError('<urllib3.connection.HTTPConnection object at 0x00000279A98767B0>: Failed to establish a new connection: [WinError 10061] 無法連線，因為目標電腦拒絕連線。'))
2025-10-05 03:04:08 | ERROR | f1.console | [ERROR] [[BOXPLOT_DATA]] API 請求失敗: HTTPConnectionPool(host='127.0.0.1', port=8000): Max retries exceeded with url: /api/v2/analysis/execute?function_id=28&year=2025&race=Japan&session=R (Caused by NewConnectionError('<urllib3.connection.HTTPConnection object at 0x00000279A98767B0>: Failed to establish a new connection: [WinError 10061] 無法連線，因為目標電腦拒絕連線。'))
2025-10-05 03:04:08 | ERROR | f1.console | [狀態] API 請求失敗，改用本地資料
2025-10-05 03:04:08 | ERROR | f1.console |    - 如果 API 請求失敗,檢查 refactored_api.py 是否運行
2025-10-05 03:04:08 | ERROR | f1.console |    - 如果本地 JSON 回退失敗,檢查 json/ 目錄中是否存在檔案:
2025-10-05 03:04:08 | WARNING | f1.console | [ANALYSIS_MANAGER] ⚠️ Not a lap analysis module, skipping: laptime_boxplot_analysis_2721558985712
2025-10-05 03:04:10 | ERROR | f1.console | [[BOXPLOT_DATA] DEBUG] ========== API 錯誤回調 ==========
2025-10-05 03:04:10 | ERROR | f1.console | [[BOXPLOT_DATA] DEBUG] 錯誤訊息: HTTPConnectionPool(host='127.0.0.1', port=8000): Max retries exceeded with url: /api/v2/analysis/execute?function_id=28&year=2025&race=Japan&session=R (Caused by NewConnectionError('<urllib3.connection.HTTPConnection object at 0x00000279A98FD1D0>: Failed to establish a new connection: [WinError 10061] 無法連線，因為目標電腦拒絕連線。'))
2025-10-05 03:04:10 | ERROR | f1.console | [ERROR] [[BOXPLOT_DATA]] API 請求失敗: HTTPConnectionPool(host='127.0.0.1', port=8000): Max retries exceeded with url: /api/v2/analysis/execute?function_id=28&year=2025&race=Japan&session=R (Caused by NewConnectionError('<urllib3.connection.HTTPConnection object at 0x00000279A98FD1D0>: Failed to establish a new connection: [WinError 10061] 無法連線，因為目標電腦拒絕連線。'))
2025-10-05 03:04:15 | ERROR | f1.console | 🎉 導入錯誤已修復!
2025-10-05 03:04:15 | ERROR | f1.console |    ℹ️  之前會因為 'NameError: name "tr" is not defined' 而失敗
2025-10-05 03:04:15 | ERROR | f1.console | ✅ 不再出現 'NameError: name "tr" is not defined' 錯誤
2025-10-05 03:04:15 | WARNING | f1.console | ⚠️  缺少模組: ['speed_diff', 'distance_diff']
2025-10-05 03:04:17 | ERROR | f1.console | 
❌ 無法連接到 API 伺服器
2025-10-05 03:04:19 | ERROR | f1.console | 
❌ 測試超時
2025-10-05 03:04:20 | ERROR | f1.console |   ❌ confirm_exit_title                       = [MISSING]
2025-10-05 03:04:20 | ERROR | f1.console |   ❌ no_charts_selected                       = [MISSING]
2025-10-05 03:04:20 | ERROR | f1.console |   ❌ no_driver_selected                       = [MISSING]
2025-10-05 03:04:20 | ERROR | f1.console |   ❌ module_unavailable                       = [MISSING]
2025-10-05 03:04:20 | ERROR | f1.console |   ❌ track_analysis_unavailable               = [MISSING]
2025-10-05 03:04:20 | ERROR | f1.console |   ❌ cannot_find_mdi_area                     = [MISSING]
2025-10-05 03:04:20 | ERROR | f1.console |   ❌ cannot_open_window                       = [MISSING]
2025-10-05 03:04:20 | WARNING | f1.console | 
  ⚠️  缺少 7 個翻譯鍵
2025-10-05 03:04:20 | ERROR | f1.console |   ❌ confirm_exit_title                       = [MISSING]
2025-10-05 03:04:20 | ERROR | f1.console |   ✅ analysis_failed                          = 分析失敗
2025-10-05 03:04:20 | WARNING | f1.console |   ✅ warning                                  = 警告
2025-10-05 03:04:20 | ERROR | f1.console |   ✅ error                                    = 錯誤
2025-10-05 03:04:20 | ERROR | f1.console |   ❌ no_charts_selected                       = [MISSING]
2025-10-05 03:04:20 | ERROR | f1.console |   ❌ no_driver_selected                       = [MISSING]
2025-10-05 03:04:20 | ERROR | f1.console |   ❌ module_unavailable                       = [MISSING]
2025-10-05 03:04:20 | ERROR | f1.console |   ❌ track_analysis_unavailable               = [MISSING]
2025-10-05 03:04:20 | ERROR | f1.console |   ❌ cannot_find_mdi_area                     = [MISSING]
2025-10-05 03:04:20 | ERROR | f1.console |   ❌ cannot_open_window                       = [MISSING]
2025-10-05 03:04:20 | WARNING | f1.console | 
  ⚠️  缺少 7 個翻譯鍵
2025-10-05 03:04:20 | ERROR | f1.console |   ❌ confirm_exit_title                       = [MISSING]
2025-10-05 03:04:20 | ERROR | f1.console |   ✅ analysis_failed                          = 分析失敗
2025-10-05 03:04:20 | ERROR | f1.console |   ❌ no_charts_selected                       = [MISSING]
2025-10-05 03:04:20 | ERROR | f1.console |   ❌ no_driver_selected                       = [MISSING]
2025-10-05 03:04:20 | ERROR | f1.console |   ❌ module_unavailable                       = [MISSING]
2025-10-05 03:04:20 | ERROR | f1.console |   ❌ track_analysis_unavailable               = [MISSING]
2025-10-05 03:04:20 | ERROR | f1.console |   ❌ cannot_find_mdi_area                     = [MISSING]
2025-10-05 03:04:20 | ERROR | f1.console |   ❌ cannot_open_window                       = [MISSING]
2025-10-05 03:04:20 | WARNING | f1.console | 
  ⚠️  缺少 7 個翻譯鍵
2025-10-05 03:04:22 | ERROR | f1.console | [SEASON] API 請求失敗: HTTPConnectionPool(host='127.0.0.1', port=8000): Max retries exceeded with url: /api/v2/analysis/execute?function_id=99&year=2025 (Caused by NewConnectionError('<urllib3.connection.HTTPConnection object at 0x00000279A987B820>: Failed to establish a new connection: [WinError 10061] 無法連線，因為目標電腦拒絕連線。'))
2025-10-05 03:04:22 | WARNING | f1.console | 
[超時] ⚠️ 15秒內未收到信號
2025-10-05 03:04:22 | ERROR | f1.console | [SERVICE] ❌ 服務異常! (耗時: 0.000s): Missing required parameter 'session' for function 1
2025-10-05 03:04:22 | ERROR | f1.console | ❌ 事故分析模組測試失敗: QObject(parent: Optional[QObject] = None): argument 1 has unexpected type 'MockDataManager'
2025-10-05 03:04:22 | WARNING | f1.console | ⚠️ speed_analysis                 → 速度分析
2025-10-05 03:04:22 | WARNING | f1.console | ⚠️ rpm_analysis                   → RPM分析
2025-10-05 03:04:22 | WARNING | f1.console | ⚠️ rain_analysis                  → 降雨分析
2025-10-05 03:04:22 | WARNING | f1.console | ⚠️ accident_analysis              → 事故分析
2025-10-05 03:04:22 | WARNING | f1.console | ⚠️ speed_analysis                 → 速度分析
2025-10-05 03:04:22 | WARNING | f1.console | ⚠️ rpm_analysis                   → RPM分析
2025-10-05 03:04:22 | ERROR | f1.console | [SEASON] API 請求失敗: network unavailable
2025-10-05 03:04:22 | ERROR | f1.console | [SEASON] API 請求失敗: network unavailable
2025-10-05 03:07:47 | ERROR | f1.console | ❌ 測試失敗: Can't instantiate abstract class UniversalDataLoader without an implementation for abstract methods '_build_filename_patterns', '_generate_data_via_cli', '_process_data', '_validate_data_format', '_validate_load_parameters'
2025-10-05 03:07:47 | ERROR | f1.console |    ⚠️  RainAnalysisModule: 測試時發生錯誤 - module 'modules.gui.rain_analysis.rain_analysis_mdi' has no attribute 'RainAnalysisModule'
2025-10-05 03:07:47 | ERROR | f1.console |    ⚠️  TrackAnalysisModule: 測試時發生錯誤 - module 'modules.gui.track_analysis.track_analysis_mdi' has no attribute 'TrackAnalysisModule'
2025-10-05 03:07:47 | ERROR | f1.console |    ⚠️  TireAnalysisModule: 測試時發生錯誤 - module 'modules.gui.tire_analysis.tire_analysis_mdi' has no attribute 'TireAnalysisModule'
2025-10-05 03:07:47 | ERROR | f1.console |    ⚠️  LapBoxPlotAnalysisModule: 測試時發生錯誤 - module 'modules.gui.driver_race.lap_box_plot_analysis.lap_box_plot_analysis_mdi' has no attribute 'LapBoxPlotAnalysisModule'
2025-10-05 03:07:47 | ERROR | f1.console | [ERROR] 無法導入基礎模組
2025-10-05 03:07:47 | WARNING | f1.console | [ACCIDENT_API DEBUG] ⚠️  [API-ONLY] CLI 調用已禁用
2025-10-05 03:07:47 | WARNING | f1.console | [TRACK_ANALYSIS] ⚠️  [API-ONLY] CLI 調用已禁用
2025-10-05 03:07:47 | WARNING | f1.console | 
⚠️  [API-ONLY 模式] 系統現在只允許通過 API 獲取數據
2025-10-05 03:07:49 | ERROR | f1.console | [[BOXPLOT_DATA] DEBUG] ========== API 錯誤回調 ==========
2025-10-05 03:07:49 | ERROR | f1.console | [[BOXPLOT_DATA] DEBUG] 錯誤訊息: HTTPConnectionPool(host='127.0.0.1', port=8000): Max retries exceeded with url: /api/v2/analysis/execute?function_id=28&year=2025&race=Japan&session=R (Caused by NewConnectionError('<urllib3.connection.HTTPConnection object at 0x000002C71EF26900>: Failed to establish a new connection: [WinError 10061] 無法連線，因為目標電腦拒絕連線。'))
2025-10-05 03:07:49 | ERROR | f1.console | [ERROR] [[BOXPLOT_DATA]] API 請求失敗: HTTPConnectionPool(host='127.0.0.1', port=8000): Max retries exceeded with url: /api/v2/analysis/execute?function_id=28&year=2025&race=Japan&session=R (Caused by NewConnectionError('<urllib3.connection.HTTPConnection object at 0x000002C71EF26900>: Failed to establish a new connection: [WinError 10061] 無法連線，因為目標電腦拒絕連線。'))
2025-10-05 03:07:49 | ERROR | f1.console | [狀態] API 請求失敗，改用本地資料
2025-10-05 03:07:49 | ERROR | f1.console |    - 如果 API 請求失敗,檢查 refactored_api.py 是否運行
2025-10-05 03:07:49 | ERROR | f1.console |    - 如果本地 JSON 回退失敗,檢查 json/ 目錄中是否存在檔案:
2025-10-05 03:07:49 | WARNING | f1.console | [ANALYSIS_MANAGER] ⚠️ Not a lap analysis module, skipping: laptime_boxplot_analysis_3054241397744
2025-10-05 03:07:51 | ERROR | f1.console | [[BOXPLOT_DATA] DEBUG] ========== API 錯誤回調 ==========
2025-10-05 03:07:51 | ERROR | f1.console | [[BOXPLOT_DATA] DEBUG] 錯誤訊息: HTTPConnectionPool(host='127.0.0.1', port=8000): Max retries exceeded with url: /api/v2/analysis/execute?function_id=28&year=2025&race=Japan&session=R (Caused by NewConnectionError('<urllib3.connection.HTTPConnection object at 0x000002C71EFA9810>: Failed to establish a new connection: [WinError 10061] 無法連線，因為目標電腦拒絕連線。'))
2025-10-05 03:07:51 | ERROR | f1.console | [ERROR] [[BOXPLOT_DATA]] API 請求失敗: HTTPConnectionPool(host='127.0.0.1', port=8000): Max retries exceeded with url: /api/v2/analysis/execute?function_id=28&year=2025&race=Japan&session=R (Caused by NewConnectionError('<urllib3.connection.HTTPConnection object at 0x000002C71EFA9810>: Failed to establish a new connection: [WinError 10061] 無法連線，因為目標電腦拒絕連線。'))
2025-10-05 03:07:57 | ERROR | f1.console | 🎉 導入錯誤已修復!
2025-10-05 03:07:57 | ERROR | f1.console |    ℹ️  之前會因為 'NameError: name "tr" is not defined' 而失敗
2025-10-05 03:07:57 | ERROR | f1.console | ✅ 不再出現 'NameError: name "tr" is not defined' 錯誤
2025-10-05 03:07:57 | WARNING | f1.console | ⚠️  缺少模組: ['speed_diff', 'distance_diff']
2025-10-05 03:07:59 | ERROR | f1.console | 
❌ 無法連接到 API 伺服器
2025-10-05 03:08:01 | ERROR | f1.console | 
❌ 測試超時
2025-10-05 03:08:01 | ERROR | f1.console |   ❌ confirm_exit_title                       = [MISSING]
2025-10-05 03:08:01 | ERROR | f1.console |   ❌ no_charts_selected                       = [MISSING]
2025-10-05 03:08:01 | ERROR | f1.console |   ❌ no_driver_selected                       = [MISSING]
2025-10-05 03:08:01 | ERROR | f1.console |   ❌ module_unavailable                       = [MISSING]
2025-10-05 03:08:01 | ERROR | f1.console |   ❌ track_analysis_unavailable               = [MISSING]
2025-10-05 03:08:01 | ERROR | f1.console |   ❌ cannot_find_mdi_area                     = [MISSING]
2025-10-05 03:08:01 | ERROR | f1.console |   ❌ cannot_open_window                       = [MISSING]
2025-10-05 03:08:01 | WARNING | f1.console | 
  ⚠️  缺少 7 個翻譯鍵
2025-10-05 03:08:01 | ERROR | f1.console |   ❌ confirm_exit_title                       = [MISSING]
2025-10-05 03:08:01 | ERROR | f1.console |   ✅ analysis_failed                          = 分析失敗
2025-10-05 03:08:01 | WARNING | f1.console |   ✅ warning                                  = 警告
2025-10-05 03:08:01 | ERROR | f1.console |   ✅ error                                    = 錯誤
2025-10-05 03:08:01 | ERROR | f1.console |   ❌ no_charts_selected                       = [MISSING]
2025-10-05 03:08:01 | ERROR | f1.console |   ❌ no_driver_selected                       = [MISSING]
2025-10-05 03:08:01 | ERROR | f1.console |   ❌ module_unavailable                       = [MISSING]
2025-10-05 03:08:01 | ERROR | f1.console |   ❌ track_analysis_unavailable               = [MISSING]
2025-10-05 03:08:01 | ERROR | f1.console |   ❌ cannot_find_mdi_area                     = [MISSING]
2025-10-05 03:08:01 | ERROR | f1.console |   ❌ cannot_open_window                       = [MISSING]
2025-10-05 03:08:01 | WARNING | f1.console | 
  ⚠️  缺少 7 個翻譯鍵
2025-10-05 03:08:01 | ERROR | f1.console |   ❌ confirm_exit_title                       = [MISSING]
2025-10-05 03:08:01 | ERROR | f1.console |   ✅ analysis_failed                          = 分析失敗
2025-10-05 03:08:01 | ERROR | f1.console |   ❌ no_charts_selected                       = [MISSING]
2025-10-05 03:08:01 | ERROR | f1.console |   ❌ no_driver_selected                       = [MISSING]
2025-10-05 03:08:01 | ERROR | f1.console |   ❌ module_unavailable                       = [MISSING]
2025-10-05 03:08:01 | ERROR | f1.console |   ❌ track_analysis_unavailable               = [MISSING]
2025-10-05 03:08:01 | ERROR | f1.console |   ❌ cannot_find_mdi_area                     = [MISSING]
2025-10-05 03:08:01 | ERROR | f1.console |   ❌ cannot_open_window                       = [MISSING]
2025-10-05 03:08:01 | WARNING | f1.console | 
  ⚠️  缺少 7 個翻譯鍵
2025-10-05 03:08:03 | ERROR | f1.console | [SEASON] API 請求失敗: HTTPConnectionPool(host='127.0.0.1', port=8000): Max retries exceeded with url: /api/v2/analysis/execute?function_id=99&year=2025 (Caused by NewConnectionError('<urllib3.connection.HTTPConnection object at 0x000002C71EF2B820>: Failed to establish a new connection: [WinError 10061] 無法連線，因為目標電腦拒絕連線。'))
2025-10-05 03:08:03 | WARNING | f1.console | 
[超時] ⚠️ 15秒內未收到信號
2025-10-05 03:08:03 | ERROR | f1.console | [SERVICE] ❌ 服務異常! (耗時: 0.000s): Missing required parameter 'session' for function 1
2025-10-05 03:08:03 | ERROR | f1.console | ❌ 事故分析模組測試失敗: QObject(parent: Optional[QObject] = None): argument 1 has unexpected type 'MockDataManager'
2025-10-05 03:08:03 | WARNING | f1.console | ⚠️ speed_analysis                 → 速度分析
2025-10-05 03:08:03 | WARNING | f1.console | ⚠️ rpm_analysis                   → RPM分析
2025-10-05 03:08:03 | WARNING | f1.console | ⚠️ rain_analysis                  → 降雨分析
2025-10-05 03:08:03 | WARNING | f1.console | ⚠️ accident_analysis              → 事故分析
2025-10-05 03:08:03 | WARNING | f1.console | ⚠️ speed_analysis                 → 速度分析
2025-10-05 03:08:03 | WARNING | f1.console | ⚠️ rpm_analysis                   → RPM分析
2025-10-05 03:08:03 | ERROR | f1.console | [SEASON] API 請求失敗: network unavailable
2025-10-05 03:08:03 | ERROR | f1.console | [SEASON] API 請求失敗: network unavailable
2025-10-05 03:09:14 | ERROR | f1.console | ❌ 測試失敗: Can't instantiate abstract class UniversalDataLoader without an implementation for abstract methods '_build_filename_patterns', '_generate_data_via_cli', '_process_data', '_validate_data_format', '_validate_load_parameters'
2025-10-05 03:09:14 | ERROR | f1.console |    ⚠️  RainAnalysisModule: 測試時發生錯誤 - module 'modules.gui.rain_analysis.rain_analysis_mdi' has no attribute 'RainAnalysisModule'
2025-10-05 03:09:14 | ERROR | f1.console |    ⚠️  TrackAnalysisModule: 測試時發生錯誤 - module 'modules.gui.track_analysis.track_analysis_mdi' has no attribute 'TrackAnalysisModule'
2025-10-05 03:09:14 | ERROR | f1.console |    ⚠️  TireAnalysisModule: 測試時發生錯誤 - module 'modules.gui.tire_analysis.tire_analysis_mdi' has no attribute 'TireAnalysisModule'
2025-10-05 03:09:14 | ERROR | f1.console |    ⚠️  LapBoxPlotAnalysisModule: 測試時發生錯誤 - module 'modules.gui.driver_race.lap_box_plot_analysis.lap_box_plot_analysis_mdi' has no attribute 'LapBoxPlotAnalysisModule'
2025-10-05 03:09:14 | ERROR | f1.console | [ERROR] 無法導入基礎模組
2025-10-05 03:09:14 | WARNING | f1.console | [ACCIDENT_API DEBUG] ⚠️  [API-ONLY] CLI 調用已禁用
2025-10-05 03:09:14 | WARNING | f1.console | [TRACK_ANALYSIS] ⚠️  [API-ONLY] CLI 調用已禁用
2025-10-05 03:09:14 | WARNING | f1.console | 
⚠️  [API-ONLY 模式] 系統現在只允許通過 API 獲取數據
2025-10-05 03:09:16 | ERROR | f1.console | [[BOXPLOT_DATA] DEBUG] ========== API 錯誤回調 ==========
2025-10-05 03:09:16 | ERROR | f1.console | [[BOXPLOT_DATA] DEBUG] 錯誤訊息: HTTPConnectionPool(host='127.0.0.1', port=8000): Max retries exceeded with url: /api/v2/analysis/execute?function_id=28&year=2025&race=Japan&session=R (Caused by NewConnectionError('<urllib3.connection.HTTPConnection object at 0x0000020C2C59ACF0>: Failed to establish a new connection: [WinError 10061] 無法連線，因為目標電腦拒絕連線。'))
2025-10-05 03:09:16 | ERROR | f1.console | [ERROR] [[BOXPLOT_DATA]] API 請求失敗: HTTPConnectionPool(host='127.0.0.1', port=8000): Max retries exceeded with url: /api/v2/analysis/execute?function_id=28&year=2025&race=Japan&session=R (Caused by NewConnectionError('<urllib3.connection.HTTPConnection object at 0x0000020C2C59ACF0>: Failed to establish a new connection: [WinError 10061] 無法連線，因為目標電腦拒絕連線。'))
2025-10-05 03:09:16 | ERROR | f1.console | [狀態] API 請求失敗，改用本地資料
2025-10-05 03:09:16 | ERROR | f1.console |    - 如果 API 請求失敗,檢查 refactored_api.py 是否運行
2025-10-05 03:09:16 | ERROR | f1.console |    - 如果本地 JSON 回退失敗,檢查 json/ 目錄中是否存在檔案:
2025-10-05 03:09:16 | WARNING | f1.console | [ANALYSIS_MANAGER] ⚠️ Not a lap analysis module, skipping: laptime_boxplot_analysis_2251312991120
2025-10-05 03:09:18 | ERROR | f1.console | [[BOXPLOT_DATA] DEBUG] ========== API 錯誤回調 ==========
2025-10-05 03:09:18 | ERROR | f1.console | [[BOXPLOT_DATA] DEBUG] 錯誤訊息: HTTPConnectionPool(host='127.0.0.1', port=8000): Max retries exceeded with url: /api/v2/analysis/execute?function_id=28&year=2025&race=Japan&session=R (Caused by NewConnectionError('<urllib3.connection.HTTPConnection object at 0x0000020C2C601E50>: Failed to establish a new connection: [WinError 10061] 無法連線，因為目標電腦拒絕連線。'))
2025-10-05 03:09:18 | ERROR | f1.console | [ERROR] [[BOXPLOT_DATA]] API 請求失敗: HTTPConnectionPool(host='127.0.0.1', port=8000): Max retries exceeded with url: /api/v2/analysis/execute?function_id=28&year=2025&race=Japan&session=R (Caused by NewConnectionError('<urllib3.connection.HTTPConnection object at 0x0000020C2C601E50>: Failed to establish a new connection: [WinError 10061] 無法連線，因為目標電腦拒絕連線。'))
2025-10-05 03:09:24 | ERROR | f1.console | 🎉 導入錯誤已修復!
2025-10-05 03:09:24 | ERROR | f1.console |    ℹ️  之前會因為 'NameError: name "tr" is not defined' 而失敗
2025-10-05 03:09:24 | ERROR | f1.console | ✅ 不再出現 'NameError: name "tr" is not defined' 錯誤
2025-10-05 03:09:24 | WARNING | f1.console | ⚠️  缺少模組: ['speed_diff', 'distance_diff']
2025-10-05 03:09:26 | ERROR | f1.console | 
❌ 無法連接到 API 伺服器
2025-10-05 03:09:28 | ERROR | f1.console | 
❌ 測試超時
2025-10-05 03:09:28 | ERROR | f1.console |   ❌ confirm_exit_title                       = [MISSING]
2025-10-05 03:09:28 | ERROR | f1.console |   ❌ no_charts_selected                       = [MISSING]
2025-10-05 03:09:28 | ERROR | f1.console |   ❌ no_driver_selected                       = [MISSING]
2025-10-05 03:09:28 | ERROR | f1.console |   ❌ module_unavailable                       = [MISSING]
2025-10-05 03:09:28 | ERROR | f1.console |   ❌ track_analysis_unavailable               = [MISSING]
2025-10-05 03:09:28 | ERROR | f1.console |   ❌ cannot_find_mdi_area                     = [MISSING]
2025-10-05 03:09:28 | ERROR | f1.console |   ❌ cannot_open_window                       = [MISSING]
2025-10-05 03:09:28 | WARNING | f1.console | 
  ⚠️  缺少 7 個翻譯鍵
2025-10-05 03:09:28 | ERROR | f1.console |   ❌ confirm_exit_title                       = [MISSING]
2025-10-05 03:09:28 | ERROR | f1.console |   ✅ analysis_failed                          = 分析失敗
2025-10-05 03:09:28 | WARNING | f1.console |   ✅ warning                                  = 警告
2025-10-05 03:09:28 | ERROR | f1.console |   ✅ error                                    = 錯誤
2025-10-05 03:09:28 | ERROR | f1.console |   ❌ no_charts_selected                       = [MISSING]
2025-10-05 03:09:28 | ERROR | f1.console |   ❌ no_driver_selected                       = [MISSING]
2025-10-05 03:09:28 | ERROR | f1.console |   ❌ module_unavailable                       = [MISSING]
2025-10-05 03:09:28 | ERROR | f1.console |   ❌ track_analysis_unavailable               = [MISSING]
2025-10-05 03:09:28 | ERROR | f1.console |   ❌ cannot_find_mdi_area                     = [MISSING]
2025-10-05 03:09:28 | ERROR | f1.console |   ❌ cannot_open_window                       = [MISSING]
2025-10-05 03:09:28 | WARNING | f1.console | 
  ⚠️  缺少 7 個翻譯鍵
2025-10-05 03:09:28 | ERROR | f1.console |   ❌ confirm_exit_title                       = [MISSING]
2025-10-05 03:09:28 | ERROR | f1.console |   ✅ analysis_failed                          = 分析失敗
2025-10-05 03:09:28 | ERROR | f1.console |   ❌ no_charts_selected                       = [MISSING]
2025-10-05 03:09:28 | ERROR | f1.console |   ❌ no_driver_selected                       = [MISSING]
2025-10-05 03:09:28 | ERROR | f1.console |   ❌ module_unavailable                       = [MISSING]
2025-10-05 03:09:28 | ERROR | f1.console |   ❌ track_analysis_unavailable               = [MISSING]
2025-10-05 03:09:28 | ERROR | f1.console |   ❌ cannot_find_mdi_area                     = [MISSING]
2025-10-05 03:09:28 | ERROR | f1.console |   ❌ cannot_open_window                       = [MISSING]
2025-10-05 03:09:28 | WARNING | f1.console | 
  ⚠️  缺少 7 個翻譯鍵
2025-10-05 03:09:30 | ERROR | f1.console | [SEASON] API 請求失敗: HTTPConnectionPool(host='127.0.0.1', port=8000): Max retries exceeded with url: /api/v2/analysis/execute?function_id=99&year=2025 (Caused by NewConnectionError('<urllib3.connection.HTTPConnection object at 0x0000020C2C59F950>: Failed to establish a new connection: [WinError 10061] 無法連線，因為目標電腦拒絕連線。'))
2025-10-05 03:09:30 | WARNING | f1.console | 
[超時] ⚠️ 15秒內未收到信號
2025-10-05 03:09:30 | ERROR | f1.console | [SERVICE] ❌ 服務異常! (耗時: 0.000s): Missing required parameter 'session' for function 1
2025-10-05 03:09:30 | ERROR | f1.console | ❌ 事故分析模組測試失敗: QObject(parent: Optional[QObject] = None): argument 1 has unexpected type 'MockDataManager'
2025-10-05 03:09:30 | WARNING | f1.console | ⚠️ speed_analysis                 → 速度分析
2025-10-05 03:09:30 | WARNING | f1.console | ⚠️ rpm_analysis                   → RPM分析
2025-10-05 03:09:30 | WARNING | f1.console | ⚠️ rain_analysis                  → 降雨分析
2025-10-05 03:09:30 | WARNING | f1.console | ⚠️ accident_analysis              → 事故分析
2025-10-05 03:09:30 | WARNING | f1.console | ⚠️ speed_analysis                 → 速度分析
2025-10-05 03:09:30 | WARNING | f1.console | ⚠️ rpm_analysis                   → RPM分析
2025-10-05 03:09:30 | ERROR | f1.console | [SEASON] API 請求失敗: network unavailable
2025-10-05 03:09:30 | ERROR | f1.console | [SEASON] API 請求失敗: network unavailable
2025-10-05 03:13:21 | ERROR | f1.console | ❌ 測試失敗: Can't instantiate abstract class UniversalDataLoader without an implementation for abstract methods '_build_filename_patterns', '_generate_data_via_cli', '_process_data', '_validate_data_format', '_validate_load_parameters'
2025-10-05 03:13:21 | ERROR | f1.console |    ⚠️  RainAnalysisModule: 測試時發生錯誤 - module 'modules.gui.rain_analysis.rain_analysis_mdi' has no attribute 'RainAnalysisModule'
2025-10-05 03:13:21 | ERROR | f1.console |    ⚠️  TrackAnalysisModule: 測試時發生錯誤 - module 'modules.gui.track_analysis.track_analysis_mdi' has no attribute 'TrackAnalysisModule'
2025-10-05 03:13:21 | ERROR | f1.console |    ⚠️  TireAnalysisModule: 測試時發生錯誤 - module 'modules.gui.tire_analysis.tire_analysis_mdi' has no attribute 'TireAnalysisModule'
2025-10-05 03:13:21 | ERROR | f1.console |    ⚠️  LapBoxPlotAnalysisModule: 測試時發生錯誤 - module 'modules.gui.driver_race.lap_box_plot_analysis.lap_box_plot_analysis_mdi' has no attribute 'LapBoxPlotAnalysisModule'
2025-10-05 03:13:21 | ERROR | f1.console | [ERROR] 無法導入基礎模組
2025-10-05 03:13:21 | WARNING | f1.console | [ACCIDENT_API DEBUG] ⚠️  [API-ONLY] CLI 調用已禁用
2025-10-05 03:13:21 | WARNING | f1.console | [TRACK_ANALYSIS] ⚠️  [API-ONLY] CLI 調用已禁用
2025-10-05 03:13:21 | WARNING | f1.console | 
⚠️  [API-ONLY 模式] 系統現在只允許通過 API 獲取數據
2025-10-05 03:13:23 | ERROR | f1.console | [[BOXPLOT_DATA] DEBUG] ========== API 錯誤回調 ==========
2025-10-05 03:13:23 | ERROR | f1.console | [[BOXPLOT_DATA] DEBUG] 錯誤訊息: HTTPConnectionPool(host='127.0.0.1', port=8000): Max retries exceeded with url: /api/v2/analysis/execute?function_id=28&year=2025&race=Japan&session=R (Caused by NewConnectionError('<urllib3.connection.HTTPConnection object at 0x000001C3E3E26270>: Failed to establish a new connection: [WinError 10061] 無法連線，因為目標電腦拒絕連線。'))
2025-10-05 03:13:23 | ERROR | f1.console | [ERROR] [[BOXPLOT_DATA]] API 請求失敗: HTTPConnectionPool(host='127.0.0.1', port=8000): Max retries exceeded with url: /api/v2/analysis/execute?function_id=28&year=2025&race=Japan&session=R (Caused by NewConnectionError('<urllib3.connection.HTTPConnection object at 0x000001C3E3E26270>: Failed to establish a new connection: [WinError 10061] 無法連線，因為目標電腦拒絕連線。'))
2025-10-05 03:13:23 | ERROR | f1.console | [狀態] API 請求失敗，改用本地資料
2025-10-05 03:13:23 | ERROR | f1.console |    - 如果 API 請求失敗,檢查 refactored_api.py 是否運行
2025-10-05 03:13:23 | ERROR | f1.console |    - 如果本地 JSON 回退失敗,檢查 json/ 目錄中是否存在檔案:
2025-10-05 03:13:23 | WARNING | f1.console | [ANALYSIS_MANAGER] ⚠️ Not a lap analysis module, skipping: laptime_boxplot_analysis_1940853667984
2025-10-05 03:13:25 | ERROR | f1.console | [[BOXPLOT_DATA] DEBUG] ========== API 錯誤回調 ==========
2025-10-05 03:13:25 | ERROR | f1.console | [[BOXPLOT_DATA] DEBUG] 錯誤訊息: HTTPConnectionPool(host='127.0.0.1', port=8000): Max retries exceeded with url: /api/v2/analysis/execute?function_id=28&year=2025&race=Japan&session=R (Caused by NewConnectionError('<urllib3.connection.HTTPConnection object at 0x000001C3E3E69590>: Failed to establish a new connection: [WinError 10061] 無法連線，因為目標電腦拒絕連線。'))
2025-10-05 03:13:25 | ERROR | f1.console | [ERROR] [[BOXPLOT_DATA]] API 請求失敗: HTTPConnectionPool(host='127.0.0.1', port=8000): Max retries exceeded with url: /api/v2/analysis/execute?function_id=28&year=2025&race=Japan&session=R (Caused by NewConnectionError('<urllib3.connection.HTTPConnection object at 0x000001C3E3E69590>: Failed to establish a new connection: [WinError 10061] 無法連線，因為目標電腦拒絕連線。'))
2025-10-05 03:13:31 | ERROR | f1.console | 🎉 導入錯誤已修復!
2025-10-05 03:13:31 | ERROR | f1.console |    ℹ️  之前會因為 'NameError: name "tr" is not defined' 而失敗
2025-10-05 03:13:31 | ERROR | f1.console | ✅ 不再出現 'NameError: name "tr" is not defined' 錯誤
2025-10-05 03:13:31 | WARNING | f1.console | ⚠️  缺少模組: ['speed_diff', 'distance_diff']
2025-10-05 03:15:11 | WARNING | f1.console | [UNIVERSAL_LOADER] ⚠️ 未註冊的分析類型 'test'，已建立臨時配置以維持相容性
2025-10-05 03:15:11 | WARNING | f1.console |    ⚠️  WARNING: load_data 返回 True (可能啟動了 CLI)
2025-10-05 03:15:11 | ERROR | f1.console |    ⚠️  RainAnalysisModule: 測試時發生錯誤 - module 'modules.gui.rain_analysis.rain_analysis_mdi' has no attribute 'RainAnalysisModule'
2025-10-05 03:15:11 | ERROR | f1.console |    ⚠️  TrackAnalysisModule: 測試時發生錯誤 - module 'modules.gui.track_analysis.track_analysis_mdi' has no attribute 'TrackAnalysisModule'
2025-10-05 03:15:11 | ERROR | f1.console |    ⚠️  TireAnalysisModule: 測試時發生錯誤 - module 'modules.gui.tire_analysis.tire_analysis_mdi' has no attribute 'TireAnalysisModule'
2025-10-05 03:15:11 | ERROR | f1.console |    ⚠️  LapBoxPlotAnalysisModule: 測試時發生錯誤 - module 'modules.gui.driver_race.lap_box_plot_analysis.lap_box_plot_analysis_mdi' has no attribute 'LapBoxPlotAnalysisModule'
2025-10-05 03:15:11 | ERROR | f1.console | [ERROR] 無法導入基礎模組
2025-10-05 03:15:11 | WARNING | f1.console | [ACCIDENT_API DEBUG] ⚠️  [API-ONLY] CLI 調用已禁用
2025-10-05 03:15:11 | WARNING | f1.console | [TRACK_ANALYSIS] ⚠️  [API-ONLY] CLI 調用已禁用
2025-10-05 03:15:11 | WARNING | f1.console | 
⚠️  [API-ONLY 模式] 系統現在只允許通過 API 獲取數據
2025-10-05 03:15:13 | ERROR | f1.console | [[BOXPLOT_DATA] DEBUG] ========== API 錯誤回調 ==========
2025-10-05 03:15:13 | ERROR | f1.console | [[BOXPLOT_DATA] DEBUG] 錯誤訊息: HTTPConnectionPool(host='127.0.0.1', port=8000): Max retries exceeded with url: /api/v2/analysis/execute?function_id=28&year=2025&race=Japan&session=R (Caused by NewConnectionError('<urllib3.connection.HTTPConnection object at 0x000001888A34E900>: Failed to establish a new connection: [WinError 10061] 無法連線，因為目標電腦拒絕連線。'))
2025-10-05 03:15:13 | ERROR | f1.console | [ERROR] [[BOXPLOT_DATA]] API 請求失敗: HTTPConnectionPool(host='127.0.0.1', port=8000): Max retries exceeded with url: /api/v2/analysis/execute?function_id=28&year=2025&race=Japan&session=R (Caused by NewConnectionError('<urllib3.connection.HTTPConnection object at 0x000001888A34E900>: Failed to establish a new connection: [WinError 10061] 無法連線，因為目標電腦拒絕連線。'))
2025-10-05 03:15:13 | ERROR | f1.console | [狀態] API 請求失敗，改用本地資料
2025-10-05 03:15:13 | ERROR | f1.console |    - 如果 API 請求失敗,檢查 refactored_api.py 是否運行
2025-10-05 03:15:13 | ERROR | f1.console |    - 如果本地 JSON 回退失敗,檢查 json/ 目錄中是否存在檔案:
2025-10-05 03:15:14 | WARNING | f1.console | [ANALYSIS_MANAGER] ⚠️ Not a lap analysis module, skipping: laptime_boxplot_analysis_1685949791648
2025-10-05 03:15:16 | ERROR | f1.console | [[BOXPLOT_DATA] DEBUG] ========== API 錯誤回調 ==========
2025-10-05 03:15:16 | ERROR | f1.console | [[BOXPLOT_DATA] DEBUG] 錯誤訊息: HTTPConnectionPool(host='127.0.0.1', port=8000): Max retries exceeded with url: /api/v2/analysis/execute?function_id=28&year=2025&race=Japan&session=R (Caused by NewConnectionError('<urllib3.connection.HTTPConnection object at 0x000001888A715590>: Failed to establish a new connection: [WinError 10061] 無法連線，因為目標電腦拒絕連線。'))
2025-10-05 03:15:16 | ERROR | f1.console | [ERROR] [[BOXPLOT_DATA]] API 請求失敗: HTTPConnectionPool(host='127.0.0.1', port=8000): Max retries exceeded with url: /api/v2/analysis/execute?function_id=28&year=2025&race=Japan&session=R (Caused by NewConnectionError('<urllib3.connection.HTTPConnection object at 0x000001888A715590>: Failed to establish a new connection: [WinError 10061] 無法連線，因為目標電腦拒絕連線。'))
2025-10-05 03:15:21 | ERROR | f1.console | 🎉 導入錯誤已修復!
2025-10-05 03:15:21 | ERROR | f1.console |    ℹ️  之前會因為 'NameError: name "tr" is not defined' 而失敗
2025-10-05 03:15:21 | ERROR | f1.console | ✅ 不再出現 'NameError: name "tr" is not defined' 錯誤
2025-10-05 03:15:21 | WARNING | f1.console | ⚠️  缺少模組: ['speed_diff', 'distance_diff']
2025-10-05 03:19:21 | WARNING | f1.console | [UNIVERSAL_LOADER] ⚠️ 未註冊的分析類型 'test'，已建立臨時配置以維持相容性
2025-10-05 03:19:21 | WARNING | f1.console |    ⚠️  WARNING: load_data 返回 True (可能啟動了 CLI)
2025-10-05 03:19:21 | ERROR | f1.console |    ⚠️  RainAnalysisModule: 測試時發生錯誤 - module 'modules.gui.rain_analysis.rain_analysis_mdi' has no attribute 'RainAnalysisModule'
2025-10-05 03:19:21 | ERROR | f1.console |    ⚠️  TrackAnalysisModule: 測試時發生錯誤 - module 'modules.gui.track_analysis.track_analysis_mdi' has no attribute 'TrackAnalysisModule'
2025-10-05 03:19:21 | ERROR | f1.console |    ⚠️  TireAnalysisModule: 測試時發生錯誤 - module 'modules.gui.tire_analysis.tire_analysis_mdi' has no attribute 'TireAnalysisModule'
2025-10-05 03:19:21 | ERROR | f1.console |    ⚠️  LapBoxPlotAnalysisModule: 測試時發生錯誤 - module 'modules.gui.driver_race.lap_box_plot_analysis.lap_box_plot_analysis_mdi' has no attribute 'LapBoxPlotAnalysisModule'
2025-10-05 03:19:21 | ERROR | f1.console | [ERROR] 無法導入基礎模組
2025-10-05 03:19:21 | WARNING | f1.console | [ACCIDENT_API DEBUG] ⚠️  [API-ONLY] CLI 調用已禁用
2025-10-05 03:19:21 | WARNING | f1.console | [TRACK_ANALYSIS] ⚠️  [API-ONLY] CLI 調用已禁用
2025-10-05 03:19:21 | WARNING | f1.console | 
⚠️  [API-ONLY 模式] 系統現在只允許通過 API 獲取數據
2025-10-05 03:19:23 | ERROR | f1.console | [[BOXPLOT_DATA] DEBUG] ========== API 錯誤回調 ==========
2025-10-05 03:19:23 | ERROR | f1.console | [[BOXPLOT_DATA] DEBUG] 錯誤訊息: HTTPConnectionPool(host='127.0.0.1', port=8000): Max retries exceeded with url: /api/v2/analysis/execute?function_id=28&year=2025&race=Japan&session=R (Caused by NewConnectionError('<urllib3.connection.HTTPConnection object at 0x000001F25B18E900>: Failed to establish a new connection: [WinError 10061] 無法連線，因為目標電腦拒絕連線。'))
2025-10-05 03:19:23 | ERROR | f1.console | [ERROR] [[BOXPLOT_DATA]] API 請求失敗: HTTPConnectionPool(host='127.0.0.1', port=8000): Max retries exceeded with url: /api/v2/analysis/execute?function_id=28&year=2025&race=Japan&session=R (Caused by NewConnectionError('<urllib3.connection.HTTPConnection object at 0x000001F25B18E900>: Failed to establish a new connection: [WinError 10061] 無法連線，因為目標電腦拒絕連線。'))
2025-10-05 03:19:23 | ERROR | f1.console | [狀態] API 請求失敗，改用本地資料
2025-10-05 03:19:23 | ERROR | f1.console |    - 如果 API 請求失敗,檢查 refactored_api.py 是否運行
2025-10-05 03:19:23 | ERROR | f1.console |    - 如果本地 JSON 回退失敗,檢查 json/ 目錄中是否存在檔案:
2025-10-05 03:19:23 | WARNING | f1.console | [ANALYSIS_MANAGER] ⚠️ Not a lap analysis module, skipping: laptime_boxplot_analysis_2140425895328
2025-10-05 03:19:25 | ERROR | f1.console | [[BOXPLOT_DATA] DEBUG] ========== API 錯誤回調 ==========
2025-10-05 03:19:25 | ERROR | f1.console | [[BOXPLOT_DATA] DEBUG] 錯誤訊息: HTTPConnectionPool(host='127.0.0.1', port=8000): Max retries exceeded with url: /api/v2/analysis/execute?function_id=28&year=2025&race=Japan&session=R (Caused by NewConnectionError('<urllib3.connection.HTTPConnection object at 0x000001F25B545590>: Failed to establish a new connection: [WinError 10061] 無法連線，因為目標電腦拒絕連線。'))
2025-10-05 03:19:25 | ERROR | f1.console | [ERROR] [[BOXPLOT_DATA]] API 請求失敗: HTTPConnectionPool(host='127.0.0.1', port=8000): Max retries exceeded with url: /api/v2/analysis/execute?function_id=28&year=2025&race=Japan&session=R (Caused by NewConnectionError('<urllib3.connection.HTTPConnection object at 0x000001F25B545590>: Failed to establish a new connection: [WinError 10061] 無法連線，因為目標電腦拒絕連線。'))
2025-10-05 03:19:31 | ERROR | f1.console | 🎉 導入錯誤已修復!
2025-10-05 03:19:31 | ERROR | f1.console |    ℹ️  之前會因為 'NameError: name "tr" is not defined' 而失敗
2025-10-05 03:19:31 | ERROR | f1.console | ✅ 不再出現 'NameError: name "tr" is not defined' 錯誤
2025-10-05 03:19:31 | WARNING | f1.console | ⚠️  缺少模組: ['speed_diff', 'distance_diff']
2025-10-05 03:22:40 | WARNING | f1.console | [UNIVERSAL_LOADER] ⚠️ 未註冊的分析類型 'test'，已建立臨時配置以維持相容性
2025-10-05 03:22:40 | WARNING | f1.console |    ⚠️  WARNING: load_data 返回 True (可能啟動了 CLI)
2025-10-05 03:22:40 | ERROR | f1.console |    ⚠️  RainAnalysisModule: 測試時發生錯誤 - module 'modules.gui.rain_analysis.rain_analysis_mdi' has no attribute 'RainAnalysisModule'
2025-10-05 03:22:40 | ERROR | f1.console |    ⚠️  TrackAnalysisModule: 測試時發生錯誤 - module 'modules.gui.track_analysis.track_analysis_mdi' has no attribute 'TrackAnalysisModule'
2025-10-05 03:22:40 | ERROR | f1.console |    ⚠️  TireAnalysisModule: 測試時發生錯誤 - module 'modules.gui.tire_analysis.tire_analysis_mdi' has no attribute 'TireAnalysisModule'
2025-10-05 03:22:40 | ERROR | f1.console |    ⚠️  LapBoxPlotAnalysisModule: 測試時發生錯誤 - module 'modules.gui.driver_race.lap_box_plot_analysis.lap_box_plot_analysis_mdi' has no attribute 'LapBoxPlotAnalysisModule'
2025-10-05 03:22:40 | ERROR | f1.console | [ERROR] 無法導入基礎模組
2025-10-05 03:22:40 | WARNING | f1.console | [ACCIDENT_API DEBUG] ⚠️  [API-ONLY] CLI 調用已禁用
2025-10-05 03:22:40 | WARNING | f1.console | [TRACK_ANALYSIS] ⚠️  [API-ONLY] CLI 調用已禁用
2025-10-05 03:22:40 | WARNING | f1.console | 
⚠️  [API-ONLY 模式] 系統現在只允許通過 API 獲取數據
2025-10-05 03:22:42 | ERROR | f1.console | [[BOXPLOT_DATA] DEBUG] ========== API 錯誤回調 ==========
2025-10-05 03:22:42 | ERROR | f1.console | [[BOXPLOT_DATA] DEBUG] 錯誤訊息: HTTPConnectionPool(host='127.0.0.1', port=8000): Max retries exceeded with url: /api/v2/analysis/execute?function_id=28&year=2025&race=Japan&session=R (Caused by NewConnectionError('<urllib3.connection.HTTPConnection object at 0x0000021EA84FA900>: Failed to establish a new connection: [WinError 10061] 無法連線，因為目標電腦拒絕連線。'))
2025-10-05 03:22:42 | ERROR | f1.console | [ERROR] [[BOXPLOT_DATA]] API 請求失敗: HTTPConnectionPool(host='127.0.0.1', port=8000): Max retries exceeded with url: /api/v2/analysis/execute?function_id=28&year=2025&race=Japan&session=R (Caused by NewConnectionError('<urllib3.connection.HTTPConnection object at 0x0000021EA84FA900>: Failed to establish a new connection: [WinError 10061] 無法連線，因為目標電腦拒絕連線。'))
2025-10-05 03:22:42 | ERROR | f1.console | [狀態] API 請求失敗，改用本地資料
2025-10-05 03:22:42 | ERROR | f1.console |    - 如果 API 請求失敗,檢查 refactored_api.py 是否運行
2025-10-05 03:22:42 | ERROR | f1.console |    - 如果本地 JSON 回退失敗,檢查 json/ 目錄中是否存在檔案:
2025-10-05 03:22:43 | WARNING | f1.console | [ANALYSIS_MANAGER] ⚠️ Not a lap analysis module, skipping: laptime_boxplot_analysis_2330699972288
2025-10-05 03:22:45 | ERROR | f1.console | [[BOXPLOT_DATA] DEBUG] ========== API 錯誤回調 ==========
2025-10-05 03:22:45 | ERROR | f1.console | [[BOXPLOT_DATA] DEBUG] 錯誤訊息: HTTPConnectionPool(host='127.0.0.1', port=8000): Max retries exceeded with url: /api/v2/analysis/execute?function_id=28&year=2025&race=Japan&session=R (Caused by NewConnectionError('<urllib3.connection.HTTPConnection object at 0x0000021EA88C5590>: Failed to establish a new connection: [WinError 10061] 無法連線，因為目標電腦拒絕連線。'))
2025-10-05 03:22:45 | ERROR | f1.console | [ERROR] [[BOXPLOT_DATA]] API 請求失敗: HTTPConnectionPool(host='127.0.0.1', port=8000): Max retries exceeded with url: /api/v2/analysis/execute?function_id=28&year=2025&race=Japan&session=R (Caused by NewConnectionError('<urllib3.connection.HTTPConnection object at 0x0000021EA88C5590>: Failed to establish a new connection: [WinError 10061] 無法連線，因為目標電腦拒絕連線。'))
2025-10-05 03:22:50 | ERROR | f1.console | 🎉 導入錯誤已修復!
2025-10-05 03:22:50 | ERROR | f1.console |    ℹ️  之前會因為 'NameError: name "tr" is not defined' 而失敗
2025-10-05 03:22:50 | ERROR | f1.console | ✅ 不再出現 'NameError: name "tr" is not defined' 錯誤
2025-10-05 03:22:50 | WARNING | f1.console | ⚠️  缺少模組: ['speed_diff', 'distance_diff']
2025-10-05 03:24:05 | WARNING | f1.console | [SPEED_MDI_DATA] ⚠️ 數據載入中，忽略新請求
2025-10-05 03:24:05 | ERROR | f1.console | [ERROR] [SPEED_MDI] 載入器正忙，請稍後再試
2025-10-05 03:24:05 | ERROR | f1.console | [ERROR] [MODULE] Speed Analysis_2025_Australia_R 模組錯誤: 載入器正忙，請稍後再試
2025-10-05 03:24:05 | ERROR | f1.console | [CREATE_DEBUG] ⚠️ 數據載入失敗
2025-10-05 03:24:05 | WARNING | f1.console | [brake_TITLE_DEBUG] ⚠️ 無法更新標題:
2025-10-05 03:24:05 | WARNING | f1.console | [LAP_CONTROL] ⚠️ 遙測分析控件已經在工具欄中，跳過重複添加
2025-10-05 03:24:05 | WARNING | f1.console | [brake_MDI_DATA] ⚠️ 數據載入中，忽略新請求
2025-10-05 03:24:05 | ERROR | f1.console | [ERROR] [brake_MDI] 載入器正忙，請稍後再試
2025-10-05 03:24:05 | ERROR | f1.console | [ERROR] [MODULE] Brake Analysis_2025_Australia_R 模組錯誤: 載入器正忙，請稍後再試
2025-10-05 03:24:05 | ERROR | f1.console | [CREATE_DEBUG] ⚠️ 數據載入失敗
2025-10-05 03:24:05 | WARNING | f1.console | [LAP_CONTROL] ⚠️ 遙測分析控件已經在工具欄中，跳過重複添加
2025-10-05 03:24:05 | WARNING | f1.console | [THROTTLE_MDI_DATA] ⚠️ 數據載入中，忽略新請求
2025-10-05 03:24:05 | ERROR | f1.console | [ERROR] [THROTTLE_MDI] 載入器正忙，請稍後再試
2025-10-05 03:24:05 | ERROR | f1.console | [ERROR] [MODULE] Throttle Analysis_2025_Australia_R 模組錯誤: 載入器正忙，請稍後再試
2025-10-05 03:24:05 | ERROR | f1.console | [CREATE_DEBUG] ⚠️ 數據載入失敗
2025-10-05 03:24:05 | WARNING | f1.console | [gear_TITLE_DEBUG] ⚠️ 無法更新標題:
2025-10-05 03:24:05 | WARNING | f1.console | [LAP_CONTROL] ⚠️ 遙測分析控件已經在工具欄中，跳過重複添加
2025-10-05 03:24:05 | WARNING | f1.console | [GEAR_MDI_DATA] ⚠️ 數據載入中，忽略新請求
2025-10-05 03:24:05 | ERROR | f1.console | [ERROR] [gear_MDI] 載入器正忙，請稍後再試
2025-10-05 03:24:05 | ERROR | f1.console | [ERROR] [MODULE] Gear Analysis_2025_Australia_R 模組錯誤: 載入器正忙，請稍後再試
2025-10-05 03:24:05 | ERROR | f1.console | [CREATE_DEBUG] ⚠️ 數據載入失敗
2025-10-05 03:24:05 | WARNING | f1.console | [RPM_TITLE_DEBUG] ⚠️ 無法更新標題:
2025-10-05 03:24:05 | WARNING | f1.console | [LAP_CONTROL] ⚠️ 遙測分析控件已經在工具欄中，跳過重複添加
2025-10-05 03:24:05 | WARNING | f1.console | [RPM_MDI_DATA] ⚠️ 數據載入中，忽略新請求
2025-10-05 03:24:05 | ERROR | f1.console | [ERROR] [RPM_MDI] 載入器正忙，請稍後再試
2025-10-05 03:24:05 | ERROR | f1.console | [ERROR] [MODULE] RPM Analysis_2025_Australia_R 模組錯誤: 載入器正忙，請稍後再試
2025-10-05 03:24:05 | ERROR | f1.console | [CREATE_DEBUG] ⚠️ 數據載入失敗
2025-10-05 03:24:05 | WARNING | f1.console | [acceleration_TITLE_DEBUG] ⚠️ 無法更新標題:
2025-10-05 03:24:05 | WARNING | f1.console | [LAP_CONTROL] ⚠️ 遙測分析控件已經在工具欄中，跳過重複添加
2025-10-05 03:24:05 | WARNING | f1.console | [acceleration_MDI_DATA] ⚠️ 數據載入中，忽略新請求
2025-10-05 03:24:05 | ERROR | f1.console | [ERROR] [acceleration_MDI] 載入器正忙，請稍後再試
2025-10-05 03:24:05 | ERROR | f1.console | [ERROR] [MODULE] Acceleration Analysis_2025_Australia_R 模組錯誤: 載入器正忙，請稍後再試
2025-10-05 03:24:05 | ERROR | f1.console | [CREATE_DEBUG] ⚠️ 數據載入失敗
2025-10-05 03:24:05 | WARNING | f1.console | [speeddiff_TITLE_DEBUG] ⚠️ 無法更新標題:
2025-10-05 03:24:05 | WARNING | f1.console | [LAP_CONTROL] ⚠️ 遙測分析控件已經在工具欄中，跳過重複添加
2025-10-05 03:24:05 | WARNING | f1.console | [speeddiff_MDI_DATA] ⚠️ 數據載入中，忽略新請求
2025-10-05 03:24:05 | ERROR | f1.console | [ERROR] [speeddiff_MDI] 載入器正忙，請稍後再試
2025-10-05 03:24:05 | ERROR | f1.console | [ERROR] [MODULE] ⚡ Speed Diff Analysis_2025_Australia_R 模組錯誤: 載入器正忙，請稍後再試
2025-10-05 03:24:05 | ERROR | f1.console | [CREATE_DEBUG] ⚠️ 數據載入失敗
2025-10-05 03:24:05 | WARNING | f1.console | [distancediff_TITLE_DEBUG] ⚠️ 無法更新標題:
2025-10-05 03:24:05 | WARNING | f1.console | [LAP_CONTROL] ⚠️ 遙測分析控件已經在工具欄中，跳過重複添加
2025-10-05 03:24:05 | WARNING | f1.console | [distancediff_MDI_DATA] ⚠️ 數據載入中，忽略新請求
2025-10-05 03:24:05 | ERROR | f1.console | [ERROR] [distancediff_MDI] 載入器正忙，請稍後再試
2025-10-05 03:24:05 | ERROR | f1.console | [ERROR] [MODULE] 📏 Distance Diff Analysis_2025_Australia_R 模組錯誤: 載入器正忙，請稍後再試
2025-10-05 03:24:05 | ERROR | f1.console | [CREATE_DEBUG] ⚠️ 數據載入失敗
2025-10-05 03:24:18 | WARNING | f1.console | [UNIVERSAL_LOADER] ⚠️ 未註冊的分析類型 'test'，已建立臨時配置以維持相容性
2025-10-05 03:24:18 | WARNING | f1.console |    ⚠️  WARNING: load_data 返回 True (可能啟動了 CLI)
2025-10-05 03:24:18 | ERROR | f1.console |    ⚠️  RainAnalysisModule: 測試時發生錯誤 - module 'modules.gui.rain_analysis.rain_analysis_mdi' has no attribute 'RainAnalysisModule'
2025-10-05 03:24:18 | ERROR | f1.console |    ⚠️  TrackAnalysisModule: 測試時發生錯誤 - module 'modules.gui.track_analysis.track_analysis_mdi' has no attribute 'TrackAnalysisModule'
2025-10-05 03:24:18 | ERROR | f1.console |    ⚠️  TireAnalysisModule: 測試時發生錯誤 - module 'modules.gui.tire_analysis.tire_analysis_mdi' has no attribute 'TireAnalysisModule'
2025-10-05 03:24:18 | ERROR | f1.console |    ⚠️  LapBoxPlotAnalysisModule: 測試時發生錯誤 - module 'modules.gui.driver_race.lap_box_plot_analysis.lap_box_plot_analysis_mdi' has no attribute 'LapBoxPlotAnalysisModule'
2025-10-05 03:24:18 | ERROR | f1.console | [ERROR] 無法導入基礎模組
2025-10-05 03:24:18 | WARNING | f1.console | [ACCIDENT_API DEBUG] ⚠️  [API-ONLY] CLI 調用已禁用
2025-10-05 03:24:18 | WARNING | f1.console | [TRACK_ANALYSIS] ⚠️  [API-ONLY] CLI 調用已禁用
2025-10-05 03:24:18 | WARNING | f1.console | 
⚠️  [API-ONLY 模式] 系統現在只允許通過 API 獲取數據
2025-10-05 03:24:18 | ERROR | f1.console |    - 如果 API 請求失敗,檢查 refactored_api.py 是否運行
2025-10-05 03:24:18 | ERROR | f1.console |    - 如果本地 JSON 回退失敗,檢查 json/ 目錄中是否存在檔案:
2025-10-05 03:24:18 | WARNING | f1.console | [ANALYSIS_MANAGER] ⚠️ Not a lap analysis module, skipping: laptime_boxplot_analysis_2417123459152
2025-10-05 03:24:24 | ERROR | f1.console | 🎉 導入錯誤已修復!
2025-10-05 03:24:24 | ERROR | f1.console |    ℹ️  之前會因為 'NameError: name "tr" is not defined' 而失敗
2025-10-05 03:24:24 | ERROR | f1.console | ✅ 不再出現 'NameError: name "tr" is not defined' 錯誤
2025-10-05 03:24:24 | WARNING | f1.console | ⚠️  缺少模組: ['speed_diff', 'distance_diff']
2025-10-05 03:25:43 | ERROR | f1.console | [ERROR] 無法導入基礎模組
2025-10-05 03:25:43 | ERROR | f1.console | [DEBUG] [MODULE_FACTORY] ❌ 未匹配: 'Pitstop Analysis' 不在 'Rain Analysis' 中
2025-10-05 03:25:43 | ERROR | f1.console | [DEBUG] [MODULE_FACTORY] ❌ 未匹配: '進站分析' 不在 'Rain Analysis' 中
2025-10-05 03:25:43 | ERROR | f1.console | [DEBUG] [MODULE_FACTORY] ❌ 未匹配: 'ピットストップ分析' 不在 'Rain Analysis' 中
2025-10-05 03:25:43 | ERROR | f1.console | [DEBUG] [MODULE_FACTORY] ❌ 未匹配: 'Accident Analysis' 不在 'Rain Analysis' 中
2025-10-05 03:25:43 | ERROR | f1.console | [DEBUG] [MODULE_FACTORY] ❌ 未匹配: '事故分析' 不在 'Rain Analysis' 中
2025-10-05 03:25:43 | ERROR | f1.console | [DEBUG] [MODULE_FACTORY] ❌ 未匹配: 'Speed Analysis' 不在 'Rain Analysis' 中
2025-10-05 03:25:43 | ERROR | f1.console | [DEBUG] [MODULE_FACTORY] ❌ 未匹配: '速度分析' 不在 'Rain Analysis' 中
2025-10-05 03:25:43 | ERROR | f1.console | [DEBUG] [MODULE_FACTORY] ❌ 未匹配: 'Throttle Analysis' 不在 'Rain Analysis' 中
2025-10-05 03:25:43 | ERROR | f1.console | [DEBUG] [MODULE_FACTORY] ❌ 未匹配: '油門分析' 不在 'Rain Analysis' 中
2025-10-05 03:25:43 | ERROR | f1.console | [DEBUG] [MODULE_FACTORY] ❌ 未匹配: 'スロットル分析' 不在 'Rain Analysis' 中
2025-10-05 03:25:43 | ERROR | f1.console | [DEBUG] [MODULE_FACTORY] ❌ 未匹配: 'RPM Analysis' 不在 'Rain Analysis' 中
2025-10-05 03:25:43 | ERROR | f1.console | [DEBUG] [MODULE_FACTORY] ❌ 未匹配: 'RPM分析' 不在 'Rain Analysis' 中
2025-10-05 03:25:43 | ERROR | f1.console | [DEBUG] [MODULE_FACTORY] ❌ 未匹配: 'Gear Analysis' 不在 'Rain Analysis' 中
2025-10-05 03:25:43 | ERROR | f1.console | [DEBUG] [MODULE_FACTORY] ❌ 未匹配: '檔位分析' 不在 'Rain Analysis' 中
2025-10-05 03:25:43 | ERROR | f1.console | [DEBUG] [MODULE_FACTORY] ❌ 未匹配: 'ギア分析' 不在 'Rain Analysis' 中
2025-10-05 03:25:43 | ERROR | f1.console | [DEBUG] [MODULE_FACTORY] ❌ 未匹配: 'Brake Analysis' 不在 'Rain Analysis' 中
2025-10-05 03:25:43 | ERROR | f1.console | [DEBUG] [MODULE_FACTORY] ❌ 未匹配: '煞車分析' 不在 'Rain Analysis' 中
2025-10-05 03:25:43 | ERROR | f1.console | [DEBUG] [MODULE_FACTORY] ❌ 未匹配: 'ブレーキ分析' 不在 'Rain Analysis' 中
2025-10-05 03:25:43 | WARNING | f1.console | [ANALYSIS_MANAGER] ⚠️ Not a lap analysis module, skipping: rain_weather_analysis_2518057290784
2025-10-05 03:25:43 | ERROR | f1.console | [ERROR] [RAIN_MDI] 設置響應式佈局失敗: 'RainAnalysisUniversal' object has no attribute 'setSizePolicy'
2025-10-05 03:25:43 | ERROR | f1.console | [[RAIN_ANALYSIS] DEBUG] API 健康檢查失敗，跳過背景執行緒啟動
2025-10-05 03:25:43 | ERROR | f1.console | [[RAIN_ANALYSIS] DEBUG] API 健康檢查失敗，跳過背景執行緒啟動
2025-10-05 03:25:43 | ERROR | f1.console | ⚠️ [RAIN_MODULE] 參數更新失敗
2025-10-05 03:25:43 | ERROR | f1.console | [DEBUG] [MODULE_FACTORY] ❌ 未匹配: 'Pitstop Analysis' 不在 'Accident Analysis' 中
2025-10-05 03:25:43 | ERROR | f1.console | [DEBUG] [MODULE_FACTORY] ❌ 未匹配: '進站分析' 不在 'Accident Analysis' 中
2025-10-05 03:25:43 | ERROR | f1.console | [DEBUG] [MODULE_FACTORY] ❌ 未匹配: 'ピットストップ分析' 不在 'Accident Analysis' 中
2025-10-05 03:25:43 | ERROR | f1.console | [ACCIDENT_API DEBUG] API 健康檢查失敗，跳過背景執行緒啟動
2025-10-05 03:25:43 | ERROR | f1.console | [DEBUG] [MODULE_FACTORY] ❌ 未匹配: 'Pitstop Analysis' 不在 'Tire Strategy Analysis' 中
2025-10-05 03:25:43 | ERROR | f1.console | [DEBUG] [MODULE_FACTORY] ❌ 未匹配: '進站分析' 不在 'Tire Strategy Analysis' 中
2025-10-05 03:25:43 | ERROR | f1.console | [DEBUG] [MODULE_FACTORY] ❌ 未匹配: 'ピットストップ分析' 不在 'Tire Strategy Analysis' 中
2025-10-05 03:25:43 | ERROR | f1.console | [DEBUG] [MODULE_FACTORY] ❌ 未匹配: 'Accident Analysis' 不在 'Tire Strategy Analysis' 中
2025-10-05 03:25:43 | ERROR | f1.console | [DEBUG] [MODULE_FACTORY] ❌ 未匹配: '事故分析' 不在 'Tire Strategy Analysis' 中
2025-10-05 03:25:43 | ERROR | f1.console | [DEBUG] [MODULE_FACTORY] ❌ 未匹配: 'Speed Analysis' 不在 'Tire Strategy Analysis' 中
2025-10-05 03:25:43 | ERROR | f1.console | [DEBUG] [MODULE_FACTORY] ❌ 未匹配: '速度分析' 不在 'Tire Strategy Analysis' 中
2025-10-05 03:25:43 | ERROR | f1.console | [DEBUG] [MODULE_FACTORY] ❌ 未匹配: 'Throttle Analysis' 不在 'Tire Strategy Analysis' 中
2025-10-05 03:25:43 | ERROR | f1.console | [DEBUG] [MODULE_FACTORY] ❌ 未匹配: '油門分析' 不在 'Tire Strategy Analysis' 中
2025-10-05 03:25:43 | ERROR | f1.console | [DEBUG] [MODULE_FACTORY] ❌ 未匹配: 'スロットル分析' 不在 'Tire Strategy Analysis' 中
2025-10-05 03:25:43 | ERROR | f1.console | [DEBUG] [MODULE_FACTORY] ❌ 未匹配: 'RPM Analysis' 不在 'Tire Strategy Analysis' 中
2025-10-05 03:25:43 | ERROR | f1.console | [DEBUG] [MODULE_FACTORY] ❌ 未匹配: 'RPM分析' 不在 'Tire Strategy Analysis' 中
2025-10-05 03:25:43 | ERROR | f1.console | [DEBUG] [MODULE_FACTORY] ❌ 未匹配: 'Gear Analysis' 不在 'Tire Strategy Analysis' 中
2025-10-05 03:25:43 | ERROR | f1.console | [DEBUG] [MODULE_FACTORY] ❌ 未匹配: '檔位分析' 不在 'Tire Strategy Analysis' 中
2025-10-05 03:25:43 | ERROR | f1.console | [DEBUG] [MODULE_FACTORY] ❌ 未匹配: 'ギア分析' 不在 'Tire Strategy Analysis' 中
2025-10-05 03:25:43 | ERROR | f1.console | [DEBUG] [MODULE_FACTORY] ❌ 未匹配: 'Brake Analysis' 不在 'Tire Strategy Analysis' 中
2025-10-05 03:25:43 | ERROR | f1.console | [DEBUG] [MODULE_FACTORY] ❌ 未匹配: '煞車分析' 不在 'Tire Strategy Analysis' 中
2025-10-05 03:25:43 | ERROR | f1.console | [DEBUG] [MODULE_FACTORY] ❌ 未匹配: 'ブレーキ分析' 不在 'Tire Strategy Analysis' 中
2025-10-05 03:25:43 | ERROR | f1.console | [DEBUG] [MODULE_FACTORY] ❌ 未匹配: 'Rain Analysis' 不在 'Tire Strategy Analysis' 中
2025-10-05 03:25:43 | ERROR | f1.console | [DEBUG] [MODULE_FACTORY] ❌ 未匹配: '雨況分析' 不在 'Tire Strategy Analysis' 中
2025-10-05 03:25:43 | ERROR | f1.console | [DEBUG] [MODULE_FACTORY] ❌ 未匹配: '降雨分析' 不在 'Tire Strategy Analysis' 中
2025-10-05 03:25:43 | ERROR | f1.console | [DEBUG] [MODULE_FACTORY] ❌ 未匹配: 'Telemetry Analysis' 不在 'Tire Strategy Analysis' 中
2025-10-05 03:25:43 | ERROR | f1.console | [DEBUG] [MODULE_FACTORY] ❌ 未匹配: 'Driver Analysis' 不在 'Tire Strategy Analysis' 中
2025-10-05 03:25:43 | ERROR | f1.console | [DEBUG] [MODULE_FACTORY] ❌ 未匹配: 'Driver Ranking' 不在 'Tire Strategy Analysis' 中
2025-10-05 03:25:43 | ERROR | f1.console | [DEBUG] [MODULE_FACTORY] ❌ 未匹配: '車手分析' 不在 'Tire Strategy Analysis' 中
2025-10-05 03:25:43 | ERROR | f1.console | [DEBUG] [MODULE_FACTORY] ❌ 未匹配: '車手排名' 不在 'Tire Strategy Analysis' 中
2025-10-05 03:25:43 | ERROR | f1.console | [DEBUG] [MODULE_FACTORY] ❌ 未匹配: '單場賽事總攬' 不在 'Tire Strategy Analysis' 中
2025-10-05 03:25:43 | ERROR | f1.console | [DEBUG] [MODULE_FACTORY] ❌ 未匹配: 'Track Analysis' 不在 'Tire Strategy Analysis' 中
2025-10-05 03:25:43 | ERROR | f1.console | [DEBUG] [MODULE_FACTORY] ❌ 未匹配: '賽道分析' 不在 'Tire Strategy Analysis' 中
2025-10-05 03:25:43 | ERROR | f1.console | [DEBUG] [MODULE_FACTORY] ❌ 未匹配: 'トラック分析' 不在 'Tire Strategy Analysis' 中
2025-10-05 03:25:43 | ERROR | f1.console | [DEBUG] [MODULE_FACTORY] ❌ 未匹配: 'Tire Analysis' 不在 'Tire Strategy Analysis' 中
2025-10-05 03:25:43 | WARNING | f1.console | [ANALYSIS_MANAGER] ⚠️ Not a lap analysis module, skipping: tire_analysis_analysis_2518057673808
2025-10-05 03:25:43 | ERROR | f1.console | [ERROR] [tire_MDI] 設置響應式佈局失敗: 'TireAnalysisUniversal' object has no attribute 'setSizePolicy'
2025-10-05 03:25:44 | ERROR | f1.console | [[TIRE_ANALYSIS] DEBUG] API 健康檢查失敗，跳過背景執行緒啟動
2025-10-05 03:25:44 | ERROR | f1.console | [[TIRE_ANALYSIS] DEBUG] API 健康檢查失敗，跳過背景執行緒啟動
2025-10-05 03:25:44 | WARNING | f1.console | ⚠️ [tire_MODULE] Parameter update failed
2025-10-05 03:25:44 | ERROR | f1.console | [PITSTOP_MANAGER] API 健康檢查失敗，取消背景執行緒啟動
2025-10-05 03:25:44 | ERROR | f1.console | [PITSTOP_MANAGER] API 失敗且本地後備停用。如需啟用請設定 F1T_ALLOW_PITSTOP_JSON_FALLBACK=1
2025-10-05 03:25:44 | ERROR | f1.console | [ERROR] 載入錯誤: API 服務不可用，且無法回退本地資料
2025-10-05 03:25:44 | ERROR | f1.console | [PITSTOP_MANAGER] API 健康檢查失敗 (team)
2025-10-05 03:25:44 | ERROR | f1.console | [PITSTOP_MANAGER] API 失敗且本地後備停用。如需啟用請設定 F1T_ALLOW_PITSTOP_JSON_FALLBACK=1
2025-10-05 03:25:44 | ERROR | f1.console | [ERROR] 載入錯誤: API 服務不可用，且未找到本地車隊數據
2025-10-05 03:25:44 | ERROR | f1.console | [PITSTOP_MANAGER] API 健康檢查失敗 (driver-detail)
2025-10-05 03:25:44 | ERROR | f1.console | [PITSTOP_MANAGER] API 失敗且本地後備停用。如需啟用請設定 F1T_ALLOW_PITSTOP_JSON_FALLBACK=1
2025-10-05 03:25:44 | ERROR | f1.console | [ERROR] 載入錯誤: API 服務不可用，且未找到本地車手詳細數據
2025-10-05 03:25:45 | WARNING | f1.console | [SPEED_MDI_DATA] ⚠️ 數據載入中，忽略新請求
2025-10-05 03:25:45 | ERROR | f1.console | [ERROR] [SPEED_MDI] 載入器正忙，請稍後再試
2025-10-05 03:25:45 | ERROR | f1.console | [ERROR] [MODULE] Speed Analysis_2025_Australia_R 模組錯誤: 載入器正忙，請稍後再試
2025-10-05 03:25:45 | ERROR | f1.console | [CREATE_DEBUG] ⚠️ 數據載入失敗
2025-10-05 03:25:45 | WARNING | f1.console | [brake_TITLE_DEBUG] ⚠️ 無法更新標題:
2025-10-05 03:25:45 | WARNING | f1.console | [LAP_CONTROL] ⚠️ 遙測分析控件已經在工具欄中，跳過重複添加
2025-10-05 03:25:45 | WARNING | f1.console | [brake_MDI_DATA] ⚠️ 數據載入中，忽略新請求
2025-10-05 03:25:45 | ERROR | f1.console | [ERROR] [brake_MDI] 載入器正忙，請稍後再試
2025-10-05 03:25:45 | ERROR | f1.console | [ERROR] [MODULE] Brake Analysis_2025_Australia_R 模組錯誤: 載入器正忙，請稍後再試
2025-10-05 03:25:45 | ERROR | f1.console | [CREATE_DEBUG] ⚠️ 數據載入失敗
2025-10-05 03:25:45 | WARNING | f1.console | [ANALYSIS_MANAGER] ⚠️ RainAnalysisChartWidget does not support statistics panel control
2025-10-05 03:25:45 | WARNING | f1.console | [ANALYSIS_MANAGER] ⚠️ TireAnalysisChartWidget does not support statistics panel control
2025-10-05 03:25:45 | WARNING | f1.console | [LAP_CONTROL] ⚠️ 遙測分析控件已經在工具欄中，跳過重複添加
2025-10-05 03:25:45 | WARNING | f1.console | [THROTTLE_MDI_DATA] ⚠️ 數據載入中，忽略新請求
2025-10-05 03:25:45 | ERROR | f1.console | [ERROR] [THROTTLE_MDI] 載入器正忙，請稍後再試
2025-10-05 03:25:45 | ERROR | f1.console | [ERROR] [MODULE] Throttle Analysis_2025_Australia_R 模組錯誤: 載入器正忙，請稍後再試
2025-10-05 03:25:45 | ERROR | f1.console | [CREATE_DEBUG] ⚠️ 數據載入失敗
2025-10-05 03:25:45 | WARNING | f1.console | [gear_TITLE_DEBUG] ⚠️ 無法更新標題:
2025-10-05 03:25:45 | WARNING | f1.console | [LAP_CONTROL] ⚠️ 遙測分析控件已經在工具欄中，跳過重複添加
2025-10-05 03:25:45 | WARNING | f1.console | [GEAR_MDI_DATA] ⚠️ 數據載入中，忽略新請求
2025-10-05 03:25:45 | ERROR | f1.console | [ERROR] [gear_MDI] 載入器正忙，請稍後再試
2025-10-05 03:25:45 | ERROR | f1.console | [ERROR] [MODULE] Gear Analysis_2025_Australia_R 模組錯誤: 載入器正忙，請稍後再試
2025-10-05 03:25:45 | ERROR | f1.console | [CREATE_DEBUG] ⚠️ 數據載入失敗
2025-10-05 03:25:45 | WARNING | f1.console | [RPM_TITLE_DEBUG] ⚠️ 無法更新標題:
2025-10-05 03:25:45 | WARNING | f1.console | [LAP_CONTROL] ⚠️ 遙測分析控件已經在工具欄中，跳過重複添加
2025-10-05 03:25:45 | WARNING | f1.console | [RPM_MDI_DATA] ⚠️ 數據載入中，忽略新請求
2025-10-05 03:25:45 | ERROR | f1.console | [ERROR] [RPM_MDI] 載入器正忙，請稍後再試
2025-10-05 03:25:45 | ERROR | f1.console | [ERROR] [MODULE] RPM Analysis_2025_Australia_R 模組錯誤: 載入器正忙，請稍後再試
2025-10-05 03:25:45 | ERROR | f1.console | [CREATE_DEBUG] ⚠️ 數據載入失敗
2025-10-05 03:25:45 | WARNING | f1.console | [acceleration_TITLE_DEBUG] ⚠️ 無法更新標題:
2025-10-05 03:25:45 | WARNING | f1.console | [LAP_CONTROL] ⚠️ 遙測分析控件已經在工具欄中，跳過重複添加
2025-10-05 03:25:45 | WARNING | f1.console | [acceleration_MDI_DATA] ⚠️ 數據載入中，忽略新請求
2025-10-05 03:25:45 | ERROR | f1.console | [ERROR] [acceleration_MDI] 載入器正忙，請稍後再試
2025-10-05 03:25:45 | ERROR | f1.console | [ERROR] [MODULE] Acceleration Analysis_2025_Australia_R 模組錯誤: 載入器正忙，請稍後再試
2025-10-05 03:25:45 | ERROR | f1.console | [CREATE_DEBUG] ⚠️ 數據載入失敗
2025-10-05 03:25:45 | WARNING | f1.console | [speeddiff_TITLE_DEBUG] ⚠️ 無法更新標題:
2025-10-05 03:25:45 | WARNING | f1.console | [LAP_CONTROL] ⚠️ 遙測分析控件已經在工具欄中，跳過重複添加
2025-10-05 03:25:45 | WARNING | f1.console | [speeddiff_MDI_DATA] ⚠️ 數據載入中，忽略新請求
2025-10-05 03:25:45 | ERROR | f1.console | [ERROR] [speeddiff_MDI] 載入器正忙，請稍後再試
2025-10-05 03:25:45 | ERROR | f1.console | [ERROR] [MODULE] ⚡ Speed Diff Analysis_2025_Australia_R 模組錯誤: 載入器正忙，請稍後再試
2025-10-05 03:25:45 | ERROR | f1.console | [CREATE_DEBUG] ⚠️ 數據載入失敗
2025-10-05 03:25:45 | WARNING | f1.console | [distancediff_TITLE_DEBUG] ⚠️ 無法更新標題:
2025-10-05 03:25:45 | WARNING | f1.console | [LAP_CONTROL] ⚠️ 遙測分析控件已經在工具欄中，跳過重複添加
2025-10-05 03:25:45 | WARNING | f1.console | [distancediff_MDI_DATA] ⚠️ 數據載入中，忽略新請求
2025-10-05 03:25:45 | ERROR | f1.console | [ERROR] [distancediff_MDI] 載入器正忙，請稍後再試
2025-10-05 03:25:45 | ERROR | f1.console | [ERROR] [MODULE] 📏 Distance Diff Analysis_2025_Australia_R 模組錯誤: 載入器正忙，請稍後再試
2025-10-05 03:25:45 | ERROR | f1.console | [CREATE_DEBUG] ⚠️ 數據載入失敗
2025-10-05 03:25:48 | WARNING | f1.console | [ANALYSIS_MANAGER] ⚠️ Not a lap analysis module, skipping: laptime_boxplot_analysis_2518090858720
2025-10-05 03:25:48 | WARNING | f1.console | [ANALYSIS_MANAGER] ⚠️ Not a lap analysis module, skipping: laptime_boxplot_analysis_2518090858720
2025-10-05 03:25:48 | ERROR | f1.console | [DEBUG] [MODULE_FACTORY] ❌ 未匹配: 'Pitstop Analysis' 不在 'Detailed Lap Analysis' 中
2025-10-05 03:25:48 | ERROR | f1.console | [DEBUG] [MODULE_FACTORY] ❌ 未匹配: '進站分析' 不在 'Detailed Lap Analysis' 中
2025-10-05 03:25:48 | ERROR | f1.console | [DEBUG] [MODULE_FACTORY] ❌ 未匹配: 'ピットストップ分析' 不在 'Detailed Lap Analysis' 中
2025-10-05 03:25:48 | ERROR | f1.console | [DEBUG] [MODULE_FACTORY] ❌ 未匹配: 'Accident Analysis' 不在 'Detailed Lap Analysis' 中
2025-10-05 03:25:48 | ERROR | f1.console | [DEBUG] [MODULE_FACTORY] ❌ 未匹配: '事故分析' 不在 'Detailed Lap Analysis' 中
2025-10-05 03:25:48 | ERROR | f1.console | [DEBUG] [MODULE_FACTORY] ❌ 未匹配: 'Speed Analysis' 不在 'Detailed Lap Analysis' 中
2025-10-05 03:25:48 | ERROR | f1.console | [DEBUG] [MODULE_FACTORY] ❌ 未匹配: '速度分析' 不在 'Detailed Lap Analysis' 中
2025-10-05 03:25:48 | ERROR | f1.console | [DEBUG] [MODULE_FACTORY] ❌ 未匹配: 'Throttle Analysis' 不在 'Detailed Lap Analysis' 中
2025-10-05 03:25:48 | ERROR | f1.console | [DEBUG] [MODULE_FACTORY] ❌ 未匹配: '油門分析' 不在 'Detailed Lap Analysis' 中
2025-10-05 03:25:48 | ERROR | f1.console | [DEBUG] [MODULE_FACTORY] ❌ 未匹配: 'スロットル分析' 不在 'Detailed Lap Analysis' 中
2025-10-05 03:25:48 | ERROR | f1.console | [DEBUG] [MODULE_FACTORY] ❌ 未匹配: 'RPM Analysis' 不在 'Detailed Lap Analysis' 中
2025-10-05 03:25:48 | ERROR | f1.console | [DEBUG] [MODULE_FACTORY] ❌ 未匹配: 'RPM分析' 不在 'Detailed Lap Analysis' 中
2025-10-05 03:25:48 | ERROR | f1.console | [DEBUG] [MODULE_FACTORY] ❌ 未匹配: 'Gear Analysis' 不在 'Detailed Lap Analysis' 中
2025-10-05 03:25:48 | ERROR | f1.console | [DEBUG] [MODULE_FACTORY] ❌ 未匹配: '檔位分析' 不在 'Detailed Lap Analysis' 中
2025-10-05 03:25:48 | ERROR | f1.console | [DEBUG] [MODULE_FACTORY] ❌ 未匹配: 'ギア分析' 不在 'Detailed Lap Analysis' 中
2025-10-05 03:25:48 | ERROR | f1.console | [DEBUG] [MODULE_FACTORY] ❌ 未匹配: 'Brake Analysis' 不在 'Detailed Lap Analysis' 中
2025-10-05 03:25:48 | ERROR | f1.console | [DEBUG] [MODULE_FACTORY] ❌ 未匹配: '煞車分析' 不在 'Detailed Lap Analysis' 中
2025-10-05 03:25:48 | ERROR | f1.console | [DEBUG] [MODULE_FACTORY] ❌ 未匹配: 'ブレーキ分析' 不在 'Detailed Lap Analysis' 中
2025-10-05 03:25:48 | ERROR | f1.console | [DEBUG] [MODULE_FACTORY] ❌ 未匹配: 'Rain Analysis' 不在 'Detailed Lap Analysis' 中
2025-10-05 03:25:48 | ERROR | f1.console | [DEBUG] [MODULE_FACTORY] ❌ 未匹配: '雨況分析' 不在 'Detailed Lap Analysis' 中
2025-10-05 03:25:48 | ERROR | f1.console | [DEBUG] [MODULE_FACTORY] ❌ 未匹配: '降雨分析' 不在 'Detailed Lap Analysis' 中
2025-10-05 03:25:48 | ERROR | f1.console | [DEBUG] [MODULE_FACTORY] ❌ 未匹配: 'Telemetry Analysis' 不在 'Detailed Lap Analysis' 中
2025-10-05 03:25:48 | ERROR | f1.console | [DEBUG] [MODULE_FACTORY] ❌ 未匹配: 'Driver Analysis' 不在 'Detailed Lap Analysis' 中
2025-10-05 03:25:48 | ERROR | f1.console | [DEBUG] [MODULE_FACTORY] ❌ 未匹配: 'Driver Ranking' 不在 'Detailed Lap Analysis' 中
2025-10-05 03:25:48 | ERROR | f1.console | [DEBUG] [MODULE_FACTORY] ❌ 未匹配: '車手分析' 不在 'Detailed Lap Analysis' 中
2025-10-05 03:25:48 | ERROR | f1.console | [DEBUG] [MODULE_FACTORY] ❌ 未匹配: '車手排名' 不在 'Detailed Lap Analysis' 中
2025-10-05 03:25:48 | ERROR | f1.console | [DEBUG] [MODULE_FACTORY] ❌ 未匹配: '單場賽事總攬' 不在 'Detailed Lap Analysis' 中
2025-10-05 03:25:48 | ERROR | f1.console | [DEBUG] [MODULE_FACTORY] ❌ 未匹配: 'Track Analysis' 不在 'Detailed Lap Analysis' 中
2025-10-05 03:25:48 | ERROR | f1.console | [DEBUG] [MODULE_FACTORY] ❌ 未匹配: '賽道分析' 不在 'Detailed Lap Analysis' 中
2025-10-05 03:25:48 | ERROR | f1.console | [DEBUG] [MODULE_FACTORY] ❌ 未匹配: 'トラック分析' 不在 'Detailed Lap Analysis' 中
2025-10-05 03:25:48 | ERROR | f1.console | [DEBUG] [MODULE_FACTORY] ❌ 未匹配: 'Tire Analysis' 不在 'Detailed Lap Analysis' 中
2025-10-05 03:25:48 | ERROR | f1.console | [DEBUG] [MODULE_FACTORY] ❌ 未匹配: 'Tire Strategy Analysis' 不在 'Detailed Lap Analysis' 中
2025-10-05 03:25:48 | ERROR | f1.console | [DEBUG] [MODULE_FACTORY] ❌ 未匹配: '輪胎分析' 不在 'Detailed Lap Analysis' 中
2025-10-05 03:25:48 | ERROR | f1.console | [DEBUG] [MODULE_FACTORY] ❌ 未匹配: '輪胎策略分析' 不在 'Detailed Lap Analysis' 中
2025-10-05 03:25:48 | ERROR | f1.console | [DEBUG] [MODULE_FACTORY] ❌ 未匹配: 'タイヤ戦略分析' 不在 'Detailed Lap Analysis' 中
2025-10-05 03:32:10 | WARNING | f1.console | [UNIVERSAL_LOADER] ⚠️ 未註冊的分析類型 'test'，已建立臨時配置以維持相容性
2025-10-05 03:32:10 | WARNING | f1.console |    ⚠️  WARNING: load_data 返回 True (可能啟動了 CLI)
2025-10-05 03:32:10 | ERROR | f1.console |    ⚠️  RainAnalysisModule: 測試時發生錯誤 - module 'modules.gui.rain_analysis.rain_analysis_mdi' has no attribute 'RainAnalysisModule'
2025-10-05 03:32:10 | ERROR | f1.console |    ⚠️  TrackAnalysisModule: 測試時發生錯誤 - unexpected indent (track_map_widget.py, line 80)
2025-10-05 03:32:10 | ERROR | f1.console |    ⚠️  TireAnalysisModule: 測試時發生錯誤 - module 'modules.gui.tire_analysis.tire_analysis_mdi' has no attribute 'TireAnalysisModule'
2025-10-05 03:32:10 | ERROR | f1.console |    ⚠️  LapBoxPlotAnalysisModule: 測試時發生錯誤 - module 'modules.gui.driver_race.lap_box_plot_analysis.lap_box_plot_analysis_mdi' has no attribute 'LapBoxPlotAnalysisModule'
2025-10-05 03:32:10 | ERROR | f1.console | [ERROR] 無法導入基礎模組
2025-10-05 03:32:10 | WARNING | f1.console | [ACCIDENT_API DEBUG] ⚠️  [API-ONLY] CLI 調用已禁用
2025-10-05 03:32:10 | ERROR | f1.console |    ⚠️  測試失敗: unexpected indent (track_map_widget.py, line 80)
2025-10-05 03:32:10 | WARNING | f1.console | 
⚠️  [API-ONLY 模式] 系統現在只允許通過 API 獲取數據
2025-10-05 03:32:10 | ERROR | f1.console |    - 如果 API 請求失敗,檢查 refactored_api.py 是否運行
2025-10-05 03:32:10 | ERROR | f1.console |    - 如果本地 JSON 回退失敗,檢查 json/ 目錄中是否存在檔案:
2025-10-05 03:32:11 | WARNING | f1.console | [ANALYSIS_MANAGER] ⚠️ Not a lap analysis module, skipping: laptime_boxplot_analysis_2617207147408
2025-10-05 03:32:16 | ERROR | f1.console | 🎉 導入錯誤已修復!
2025-10-05 03:32:16 | ERROR | f1.console |    ℹ️  之前會因為 'NameError: name "tr" is not defined' 而失敗
2025-10-05 03:32:16 | ERROR | f1.console | ✅ 不再出現 'NameError: name "tr" is not defined' 錯誤
2025-10-05 03:32:16 | WARNING | f1.console | ⚠️  缺少模組: ['speed_diff', 'distance_diff']
2025-10-05 03:32:46 | WARNING | f1.console | [UNIVERSAL_LOADER] ⚠️ 未註冊的分析類型 'test'，已建立臨時配置以維持相容性
2025-10-05 03:32:46 | WARNING | f1.console |    ⚠️  WARNING: load_data 返回 True (可能啟動了 CLI)
2025-10-05 03:32:46 | ERROR | f1.console |    ⚠️  RainAnalysisModule: 測試時發生錯誤 - module 'modules.gui.rain_analysis.rain_analysis_mdi' has no attribute 'RainAnalysisModule'
2025-10-05 03:32:46 | ERROR | f1.console |    ⚠️  TrackAnalysisModule: 測試時發生錯誤 - module 'modules.gui.track_analysis.track_analysis_mdi' has no attribute 'TrackAnalysisModule'
2025-10-05 03:32:46 | ERROR | f1.console |    ⚠️  TireAnalysisModule: 測試時發生錯誤 - module 'modules.gui.tire_analysis.tire_analysis_mdi' has no attribute 'TireAnalysisModule'
2025-10-05 03:32:46 | ERROR | f1.console |    ⚠️  LapBoxPlotAnalysisModule: 測試時發生錯誤 - module 'modules.gui.driver_race.lap_box_plot_analysis.lap_box_plot_analysis_mdi' has no attribute 'LapBoxPlotAnalysisModule'
2025-10-05 03:32:47 | ERROR | f1.console | [ERROR] 無法導入基礎模組
2025-10-05 03:32:47 | WARNING | f1.console | [ACCIDENT_API DEBUG] ⚠️  [API-ONLY] CLI 調用已禁用
2025-10-05 03:32:47 | WARNING | f1.console | [TRACK_ANALYSIS] ⚠️  [API-ONLY] CLI 調用已禁用
2025-10-05 03:32:47 | WARNING | f1.console | 
⚠️  [API-ONLY 模式] 系統現在只允許通過 API 獲取數據
2025-10-05 03:32:47 | ERROR | f1.console |    - 如果 API 請求失敗,檢查 refactored_api.py 是否運行
2025-10-05 03:32:47 | ERROR | f1.console |    - 如果本地 JSON 回退失敗,檢查 json/ 目錄中是否存在檔案:
2025-10-05 03:32:47 | WARNING | f1.console | [ANALYSIS_MANAGER] ⚠️ Not a lap analysis module, skipping: laptime_boxplot_analysis_2622786305440
2025-10-05 03:32:52 | ERROR | f1.console | 🎉 導入錯誤已修復!
2025-10-05 03:32:52 | ERROR | f1.console |    ℹ️  之前會因為 'NameError: name "tr" is not defined' 而失敗
2025-10-05 03:32:52 | ERROR | f1.console | ✅ 不再出現 'NameError: name "tr" is not defined' 錯誤
2025-10-05 03:32:52 | WARNING | f1.console | ⚠️  缺少模組: ['speed_diff', 'distance_diff']
2025-10-05 03:33:21 | WARNING | f1.console | [UNIVERSAL_LOADER] ⚠️ 未註冊的分析類型 'test'，已建立臨時配置以維持相容性
2025-10-05 03:33:21 | WARNING | f1.console |    ⚠️  WARNING: load_data 返回 True (可能啟動了 CLI)
2025-10-05 03:33:21 | ERROR | f1.console |    ⚠️  RainAnalysisModule: 測試時發生錯誤 - module 'modules.gui.rain_analysis.rain_analysis_mdi' has no attribute 'RainAnalysisModule'
2025-10-05 03:33:21 | ERROR | f1.console |    ⚠️  TrackAnalysisModule: 測試時發生錯誤 - module 'modules.gui.track_analysis.track_analysis_mdi' has no attribute 'TrackAnalysisModule'
2025-10-05 03:33:21 | ERROR | f1.console |    ⚠️  TireAnalysisModule: 測試時發生錯誤 - module 'modules.gui.tire_analysis.tire_analysis_mdi' has no attribute 'TireAnalysisModule'
2025-10-05 03:33:21 | ERROR | f1.console |    ⚠️  LapBoxPlotAnalysisModule: 測試時發生錯誤 - module 'modules.gui.driver_race.lap_box_plot_analysis.lap_box_plot_analysis_mdi' has no attribute 'LapBoxPlotAnalysisModule'
2025-10-05 03:33:21 | ERROR | f1.console | [ERROR] 無法導入基礎模組
2025-10-05 03:33:21 | WARNING | f1.console | [ACCIDENT_API DEBUG] ⚠️  [API-ONLY] CLI 調用已禁用
2025-10-05 03:33:21 | WARNING | f1.console | [TRACK_ANALYSIS] ⚠️  [API-ONLY] CLI 調用已禁用
2025-10-05 03:33:21 | WARNING | f1.console | 
⚠️  [API-ONLY 模式] 系統現在只允許通過 API 獲取數據
2025-10-05 03:33:21 | ERROR | f1.console |    - 如果 API 請求失敗,檢查 refactored_api.py 是否運行
2025-10-05 03:33:21 | ERROR | f1.console |    - 如果本地 JSON 回退失敗,檢查 json/ 目錄中是否存在檔案:
2025-10-05 03:33:21 | WARNING | f1.console | [ANALYSIS_MANAGER] ⚠️ Not a lap analysis module, skipping: laptime_boxplot_analysis_1693233921872
2025-10-05 03:33:27 | ERROR | f1.console | 🎉 導入錯誤已修復!
2025-10-05 03:33:27 | ERROR | f1.console |    ℹ️  之前會因為 'NameError: name "tr" is not defined' 而失敗
2025-10-05 03:33:27 | ERROR | f1.console | ✅ 不再出現 'NameError: name "tr" is not defined' 錯誤
2025-10-05 03:33:27 | WARNING | f1.console | ⚠️  缺少模組: ['speed_diff', 'distance_diff']
2025-10-05 12:34:39 | WARNING | f1.console | [UNIVERSAL_LOADER] ⚠️ 未註冊的分析類型 'test'，已建立臨時配置以維持相容性
2025-10-05 12:34:39 | WARNING | f1.console |    ⚠️  WARNING: load_data 返回 True (可能啟動了 CLI)
2025-10-05 12:34:39 | ERROR | f1.console |    ⚠️  RainAnalysisModule: 測試時發生錯誤 - module 'modules.gui.rain_analysis.rain_analysis_mdi' has no attribute 'RainAnalysisModule'
2025-10-05 12:34:39 | ERROR | f1.console |    ⚠️  TrackAnalysisModule: 測試時發生錯誤 - module 'modules.gui.track_analysis.track_analysis_mdi' has no attribute 'TrackAnalysisModule'
2025-10-05 12:34:39 | ERROR | f1.console |    ⚠️  TireAnalysisModule: 測試時發生錯誤 - module 'modules.gui.tire_analysis.tire_analysis_mdi' has no attribute 'TireAnalysisModule'
2025-10-05 12:34:39 | ERROR | f1.console |    ⚠️  LapBoxPlotAnalysisModule: 測試時發生錯誤 - module 'modules.gui.driver_race.lap_box_plot_analysis.lap_box_plot_analysis_mdi' has no attribute 'LapBoxPlotAnalysisModule'
2025-10-05 12:34:39 | ERROR | f1.console | [ERROR] 無法導入基礎模組
2025-10-05 12:34:39 | WARNING | f1.console | [ACCIDENT_API DEBUG] ⚠️  [API-ONLY] CLI 調用已禁用
2025-10-05 12:34:39 | WARNING | f1.console | [TRACK_ANALYSIS] ⚠️  [API-ONLY] CLI 調用已禁用
2025-10-05 12:34:39 | WARNING | f1.console | 
⚠️  [API-ONLY 模式] 系統現在只允許通過 API 獲取數據
2025-10-05 12:34:39 | ERROR | f1.console |    - 如果 API 請求失敗,檢查 refactored_api.py 是否運行
2025-10-05 12:34:39 | ERROR | f1.console |    - 如果本地 JSON 回退失敗,檢查 json/ 目錄中是否存在檔案:
2025-10-05 12:34:40 | WARNING | f1.console | [ANALYSIS_MANAGER] ⚠️ Not a lap analysis module, skipping: laptime_boxplot_analysis_1778429656480
2025-10-05 12:34:44 | ERROR | f1.console | 🎉 導入錯誤已修復!
2025-10-05 12:34:44 | ERROR | f1.console |    ℹ️  之前會因為 'NameError: name "tr" is not defined' 而失敗
2025-10-05 12:34:44 | ERROR | f1.console | ✅ 不再出現 'NameError: name "tr" is not defined' 錯誤
2025-10-05 12:34:44 | WARNING | f1.console | ⚠️  缺少模組: ['speed_diff', 'distance_diff']
2025-10-05 12:35:04 | WARNING | f1.console | [SPEED_MDI_DATA] ⚠️ 數據載入中，忽略新請求
2025-10-05 12:35:04 | ERROR | f1.console | [ERROR] [SPEED_MDI] 載入器正忙，請稍後再試
2025-10-05 12:35:04 | ERROR | f1.console | [ERROR] [MODULE] Speed Analysis_2025_Australia_R 模組錯誤: 載入器正忙，請稍後再試
2025-10-05 12:35:04 | ERROR | f1.console | [CREATE_DEBUG] ⚠️ 數據載入失敗
2025-10-05 12:35:04 | WARNING | f1.console | [brake_TITLE_DEBUG] ⚠️ 無法更新標題:
2025-10-05 12:35:04 | WARNING | f1.console | [LAP_CONTROL] ⚠️ 遙測分析控件已經在工具欄中，跳過重複添加
2025-10-05 12:35:04 | WARNING | f1.console | [brake_MDI_DATA] ⚠️ 數據載入中，忽略新請求
2025-10-05 12:35:04 | ERROR | f1.console | [ERROR] [brake_MDI] 載入器正忙，請稍後再試
2025-10-05 12:35:04 | ERROR | f1.console | [ERROR] [MODULE] Brake Analysis_2025_Australia_R 模組錯誤: 載入器正忙，請稍後再試
2025-10-05 12:35:04 | ERROR | f1.console | [CREATE_DEBUG] ⚠️ 數據載入失敗
2025-10-05 12:35:04 | WARNING | f1.console | [LAP_CONTROL] ⚠️ 遙測分析控件已經在工具欄中，跳過重複添加
2025-10-05 12:35:04 | WARNING | f1.console | [THROTTLE_MDI_DATA] ⚠️ 數據載入中，忽略新請求
2025-10-05 12:35:04 | ERROR | f1.console | [ERROR] [THROTTLE_MDI] 載入器正忙，請稍後再試
2025-10-05 12:35:04 | ERROR | f1.console | [ERROR] [MODULE] Throttle Analysis_2025_Australia_R 模組錯誤: 載入器正忙，請稍後再試
2025-10-05 12:35:04 | ERROR | f1.console | [CREATE_DEBUG] ⚠️ 數據載入失敗
2025-10-05 12:35:04 | WARNING | f1.console | [gear_TITLE_DEBUG] ⚠️ 無法更新標題:
2025-10-05 12:35:05 | WARNING | f1.console | [LAP_CONTROL] ⚠️ 遙測分析控件已經在工具欄中，跳過重複添加
2025-10-05 12:35:05 | WARNING | f1.console | [GEAR_MDI_DATA] ⚠️ 數據載入中，忽略新請求
2025-10-05 12:35:05 | ERROR | f1.console | [ERROR] [gear_MDI] 載入器正忙，請稍後再試
2025-10-05 12:35:05 | ERROR | f1.console | [ERROR] [MODULE] Gear Analysis_2025_Australia_R 模組錯誤: 載入器正忙，請稍後再試
2025-10-05 12:35:05 | ERROR | f1.console | [CREATE_DEBUG] ⚠️ 數據載入失敗
2025-10-05 12:35:05 | WARNING | f1.console | [RPM_TITLE_DEBUG] ⚠️ 無法更新標題:
2025-10-05 12:35:05 | WARNING | f1.console | [LAP_CONTROL] ⚠️ 遙測分析控件已經在工具欄中，跳過重複添加
2025-10-05 12:35:05 | WARNING | f1.console | [RPM_MDI_DATA] ⚠️ 數據載入中，忽略新請求
2025-10-05 12:35:05 | ERROR | f1.console | [ERROR] [RPM_MDI] 載入器正忙，請稍後再試
2025-10-05 12:35:05 | ERROR | f1.console | [ERROR] [MODULE] RPM Analysis_2025_Australia_R 模組錯誤: 載入器正忙，請稍後再試
2025-10-05 12:35:05 | ERROR | f1.console | [CREATE_DEBUG] ⚠️ 數據載入失敗
2025-10-05 12:35:05 | WARNING | f1.console | [acceleration_TITLE_DEBUG] ⚠️ 無法更新標題:
2025-10-05 12:35:05 | WARNING | f1.console | [LAP_CONTROL] ⚠️ 遙測分析控件已經在工具欄中，跳過重複添加
2025-10-05 12:35:05 | WARNING | f1.console | [acceleration_MDI_DATA] ⚠️ 數據載入中，忽略新請求
2025-10-05 12:35:05 | ERROR | f1.console | [ERROR] [acceleration_MDI] 載入器正忙，請稍後再試
2025-10-05 12:35:05 | ERROR | f1.console | [ERROR] [MODULE] Acceleration Analysis_2025_Australia_R 模組錯誤: 載入器正忙，請稍後再試
2025-10-05 12:35:05 | ERROR | f1.console | [CREATE_DEBUG] ⚠️ 數據載入失敗
2025-10-05 12:35:05 | WARNING | f1.console | [speeddiff_TITLE_DEBUG] ⚠️ 無法更新標題:
2025-10-05 12:35:05 | WARNING | f1.console | [LAP_CONTROL] ⚠️ 遙測分析控件已經在工具欄中，跳過重複添加
2025-10-05 12:35:05 | WARNING | f1.console | [speeddiff_MDI_DATA] ⚠️ 數據載入中，忽略新請求
2025-10-05 12:35:05 | ERROR | f1.console | [ERROR] [speeddiff_MDI] 載入器正忙，請稍後再試
2025-10-05 12:35:05 | ERROR | f1.console | [ERROR] [MODULE] ⚡ Speed Diff Analysis_2025_Australia_R 模組錯誤: 載入器正忙，請稍後再試
2025-10-05 12:35:05 | ERROR | f1.console | [CREATE_DEBUG] ⚠️ 數據載入失敗
2025-10-05 12:35:05 | WARNING | f1.console | [distancediff_TITLE_DEBUG] ⚠️ 無法更新標題:
2025-10-05 12:35:05 | WARNING | f1.console | [LAP_CONTROL] ⚠️ 遙測分析控件已經在工具欄中，跳過重複添加
2025-10-05 12:35:05 | WARNING | f1.console | [distancediff_MDI_DATA] ⚠️ 數據載入中，忽略新請求
2025-10-05 12:35:05 | ERROR | f1.console | [ERROR] [distancediff_MDI] 載入器正忙，請稍後再試
2025-10-05 12:35:05 | ERROR | f1.console | [ERROR] [MODULE] 📏 Distance Diff Analysis_2025_Australia_R 模組錯誤: 載入器正忙，請稍後再試
2025-10-05 12:35:05 | ERROR | f1.console | [CREATE_DEBUG] ⚠️ 數據載入失敗
2025-10-05 12:35:05 | WARNING | f1.console | [distancediff_MDI_DATA] ⚠️ 數據載入中，忽略新請求
2025-10-05 12:35:05 | ERROR | f1.console | [ERROR] [distancediff_MDI] 載入器正忙，請稍後再試
2025-10-05 12:35:05 | ERROR | f1.console | [ERROR] [MODULE] 📏 Distance Diff Analysis_2025_Australia_R 模組錯誤: 載入器正忙，請稍後再試
2025-10-05 12:35:05 | ERROR | f1.console | [distancediff_MDI] ❌ 圈速參數更新後數據重載失敗
2025-10-05 12:35:05 | ERROR | f1.console | [LAP_CONTROL]   ❌ 視窗更新失敗
2025-10-05 12:35:06 | ERROR | f1.console | [ERROR] [RPM_MDI] _ensure_telemetry_data_for_fastest_laps 失敗: 'RPMAnalysisModule' object has no attribute '_check_and_load_telemetry_if_needed'
2025-10-05 12:35:06 | WARNING | f1.console | [RPM_MDI] ⚠️ 無法獲取最速圈數據，使用預設圈數
2025-10-05 12:35:06 | ERROR | f1.console | [ERROR] [gear_MDI] _ensure_telemetry_data_for_fastest_laps 失敗: 'GearAnalysisModule' object has no attribute '_check_and_load_telemetry_if_needed'
2025-10-05 12:35:06 | WARNING | f1.console | [gear_MDI] ⚠️ 無法獲取最速圈數據，使用預設圈數
2025-10-05 12:35:06 | ERROR | f1.console | [ERROR] [brake_MDI] _ensure_telemetry_data_for_fastest_laps 失敗: 'BrakeAnalysisModule' object has no attribute '_check_and_load_telemetry_if_needed'
2025-10-05 12:35:06 | WARNING | f1.console | [brake_MDI] ⚠️ 無法獲取最速圈數據，改用現有圈數
2025-10-05 12:35:06 | WARNING | f1.console | ⚠️ [brake_MDI] 無法找到 VER 的最速圈數據，使用預設圈數 1
2025-10-05 12:35:06 | WARNING | f1.console | ⚠️ [brake_MDI] 無法找到 None 的最速圈數據，使用預設圈數 1
2025-10-05 12:35:06 | ERROR | f1.console | [ERROR] [speeddiff_MDI] _ensure_telemetry_data_for_fastest_laps 失敗: 'SpeeddiffAnalysisModule' object has no attribute '_check_and_load_telemetry_if_needed'
2025-10-05 12:35:06 | WARNING | f1.console | [speeddiff_MDI] ⚠️ 無法獲取最速圈數據，使用預設圈數
2025-10-05 12:35:06 | ERROR | f1.console | [ERROR] [distancediff_MDI] _ensure_telemetry_data_for_fastest_laps 失敗: 'distancediffAnalysisModule' object has no attribute '_check_and_load_telemetry_if_needed'
2025-10-05 12:35:06 | WARNING | f1.console | [distancediff_MDI] ⚠️ 無法獲取最速圈數據，使用預設圈數
2025-10-05 12:35:06 | ERROR | f1.console | [ERROR] [acceleration_MDI] _ensure_telemetry_data_for_fastest_laps 失敗: 'accelerationAnalysisModule' object has no attribute '_check_and_load_telemetry_if_needed'
2025-10-05 12:35:06 | WARNING | f1.console | [acceleration_MDI] ⚠️ 無法獲取最速圈數據，使用預設圈數
2025-10-05 12:35:06 | ERROR | f1.console | [ERROR] [acceleration CHART WIDGET] 更新數據失敗: must be real number, not NoneType
2025-10-05 12:35:57 | ERROR | f1.console | [ERROR] [acceleration CHART WIDGET] 更新數據失敗: must be real number, not NoneType
2025-10-05 12:36:06 | ERROR | f1.console | [ERROR] [acceleration CHART WIDGET] 更新數據失敗: must be real number, not NoneType
2025-10-05 12:36:07 | ERROR | f1.console | [ERROR] [acceleration CHART WIDGET] 更新數據失敗: must be real number, not NoneType
