2025-10-05 01:58:49 | INFO | f1.console | [BRAKE DEBUG] 📡 信號接收者數量: 1
2025-10-05 01:58:49 | INFO | f1.console | [brake_MDI_DATA] ✅ brake數據載入完成
2025-10-05 01:58:49 | INFO | f1.console | [brake_MDI] 更新brake圖表
2025-10-05 01:58:49 | INFO | f1.console | [brake_CHART] ========== 更新brake數據 ==========
2025-10-05 01:58:49 | INFO | f1.console | [brake_CHART] 收到數據鍵: ['metadata', 'brake_data', 'statistics']
2025-10-05 01:58:49 | INFO | f1.console | [brake_CHART] metadata 鍵: ['drivers', 'sectors', 'year', 'race', 'session', 'telemetry_type', 'display_name', 'unit', 'analysis_timestamp', 'data_source', 'api']
2025-10-05 01:58:49 | INFO | f1.console | [brake_CHART] brake_data 鍵: ['distance', 'driver1_brake', 'driver2_brake', 'driver1_name', 'driver2_name']
2025-10-05 01:58:49 | INFO | f1.console | [brake_CHART] statistics 鍵: ['driver1', 'driver2', 'distance']
2025-10-05 01:58:49 | INFO | f1.console | [brake_CHART] 車手數量: 2
2025-10-05 01:58:49 | INFO | f1.console | [brake_CHART] 賽道區段: 0
2025-10-05 01:58:49 | INFO | f1.console | [brake_CHART] 距離數據點: 500
2025-10-05 01:58:49 | INFO | f1.console | [brake_CHART] 車手1 brake數據點: 500
2025-10-05 01:58:49 | INFO | f1.console | [brake_CHART] 車手2 brake數據點: 500
2025-10-05 01:58:49 | INFO | f1.console | [brake_CHART] 車手名稱更新: VER vs VER
2025-10-05 01:58:49 | INFO | f1.console | [brake_CHART] 🎯 使用單車手模式顯示
2025-10-05 01:58:49 | INFO | f1.console | [brake_CHART] 📊 更新圖表...
2025-10-05 01:58:49 | ERROR | f1.console | [TIRE_CHART] 檢測到錯誤 end_lap: driver=ALB, start=3, end=3
2025-10-05 01:58:49 | INFO | f1.console | [TIRE_CHART] 使用 length 修正: driver=ALB, length=1, 新end=3
2025-10-05 01:58:49 | INFO | f1.console | [TIRE_CHART] 強制最小值: driver=ALB, 最終end=8
2025-10-05 01:58:49 | ERROR | f1.console | [TIRE_CHART] 檢測到錯誤 end_lap: driver=ALB, start=4, end=4
2025-10-05 01:58:49 | INFO | f1.console | [TIRE_CHART] 使用 length 修正: driver=ALB, length=1, 新end=4
2025-10-05 01:58:49 | INFO | f1.console | [TIRE_CHART] 強制最小值: driver=ALB, 最終end=9
2025-10-05 01:58:49 | ERROR | f1.console | [TIRE_CHART] 檢測到錯誤 end_lap: driver=ALO, start=3, end=3
2025-10-05 01:58:49 | INFO | f1.console | [TIRE_CHART] 使用 length 修正: driver=ALO, length=1, 新end=3
2025-10-05 01:58:49 | INFO | f1.console | [TIRE_CHART] 強制最小值: driver=ALO, 最終end=8
2025-10-05 01:58:49 | ERROR | f1.console | [TIRE_CHART] 檢測到錯誤 end_lap: driver=ALO, start=4, end=4
2025-10-05 01:58:49 | INFO | f1.console | [TIRE_CHART] 使用 length 修正: driver=ALO, length=1, 新end=4
2025-10-05 01:58:49 | INFO | f1.console | [TIRE_CHART] 強制最小值: driver=ALO, 最終end=9
2025-10-05 01:58:49 | ERROR | f1.console | [TIRE_CHART] 檢測到錯誤 end_lap: driver=ANT, start=3, end=3
2025-10-05 01:58:49 | INFO | f1.console | [TIRE_CHART] 使用 length 修正: driver=ANT, length=1, 新end=3
2025-10-05 01:58:49 | INFO | f1.console | [TIRE_CHART] 強制最小值: driver=ANT, 最終end=8
2025-10-05 01:58:49 | ERROR | f1.console | [TIRE_CHART] 檢測到錯誤 end_lap: driver=ANT, start=4, end=4
2025-10-05 01:58:49 | INFO | f1.console | [TIRE_CHART] 使用 length 修正: driver=ANT, length=1, 新end=4
2025-10-05 01:58:49 | INFO | f1.console | [TIRE_CHART] 強制最小值: driver=ANT, 最終end=9
2025-10-05 01:58:49 | ERROR | f1.console | [TIRE_CHART] 檢測到錯誤 end_lap: driver=BEA, start=3, end=3
2025-10-05 01:58:49 | INFO | f1.console | [TIRE_CHART] 使用 length 修正: driver=BEA, length=1, 新end=3
2025-10-05 01:58:49 | INFO | f1.console | [TIRE_CHART] 強制最小值: driver=BEA, 最終end=8
2025-10-05 01:58:49 | ERROR | f1.console | [TIRE_CHART] 檢測到錯誤 end_lap: driver=BEA, start=4, end=4
2025-10-05 01:58:49 | INFO | f1.console | [TIRE_CHART] 使用 length 修正: driver=BEA, length=1, 新end=4
2025-10-05 01:58:49 | INFO | f1.console | [TIRE_CHART] 強制最小值: driver=BEA, 最終end=9
2025-10-05 01:58:49 | ERROR | f1.console | [TIRE_CHART] 檢測到錯誤 end_lap: driver=BOR, start=3, end=3
2025-10-05 01:58:49 | INFO | f1.console | [TIRE_CHART] 使用 length 修正: driver=BOR, length=1, 新end=3
2025-10-05 01:58:49 | INFO | f1.console | [TIRE_CHART] 強制最小值: driver=BOR, 最終end=8
2025-10-05 01:58:49 | ERROR | f1.console | [TIRE_CHART] 檢測到錯誤 end_lap: driver=BOR, start=4, end=4
2025-10-05 01:58:49 | INFO | f1.console | [TIRE_CHART] 使用 length 修正: driver=BOR, length=1, 新end=4
2025-10-05 01:58:49 | INFO | f1.console | [TIRE_CHART] 強制最小值: driver=BOR, 最終end=9
2025-10-05 01:58:49 | ERROR | f1.console | [TIRE_CHART] 檢測到錯誤 end_lap: driver=DOO, start=1, end=1
2025-10-05 01:58:49 | INFO | f1.console | [TIRE_CHART] 使用 length 修正: driver=DOO, length=1, 新end=1
2025-10-05 01:58:49 | INFO | f1.console | [TIRE_CHART] 強制最小值: driver=DOO, 最終end=6
2025-10-05 01:58:49 | ERROR | f1.console | [TIRE_CHART] 檢測到錯誤 end_lap: driver=GAS, start=3, end=3
2025-10-05 01:58:49 | INFO | f1.console | [TIRE_CHART] 使用 length 修正: driver=GAS, length=1, 新end=3
2025-10-05 01:58:49 | INFO | f1.console | [TIRE_CHART] 強制最小值: driver=GAS, 最終end=8
2025-10-05 01:58:49 | ERROR | f1.console | [TIRE_CHART] 檢測到錯誤 end_lap: driver=GAS, start=4, end=4
2025-10-05 01:58:49 | INFO | f1.console | [TIRE_CHART] 使用 length 修正: driver=GAS, length=1, 新end=4
2025-10-05 01:58:49 | INFO | f1.console | [TIRE_CHART] 強制最小值: driver=GAS, 最終end=9
2025-10-05 01:58:49 | ERROR | f1.console | [TIRE_CHART] 檢測到錯誤 end_lap: driver=HAD, start=1, end=1
2025-10-05 01:58:49 | INFO | f1.console | [TIRE_CHART] 使用 length 修正: driver=HAD, length=1, 新end=1
2025-10-05 01:58:49 | INFO | f1.console | [TIRE_CHART] 強制最小值: driver=HAD, 最終end=6
2025-10-05 01:58:49 | ERROR | f1.console | [TIRE_CHART] 檢測到錯誤 end_lap: driver=HAM, start=3, end=3
2025-10-05 01:58:49 | INFO | f1.console | [TIRE_CHART] 使用 length 修正: driver=HAM, length=1, 新end=3
2025-10-05 01:58:49 | INFO | f1.console | [TIRE_CHART] 強制最小值: driver=HAM, 最終end=8
2025-10-05 01:58:49 | ERROR | f1.console | [TIRE_CHART] 檢測到錯誤 end_lap: driver=HAM, start=4, end=4
2025-10-05 01:58:49 | INFO | f1.console | [TIRE_CHART] 使用 length 修正: driver=HAM, length=1, 新end=4
2025-10-05 01:58:49 | INFO | f1.console | [TIRE_CHART] 強制最小值: driver=HAM, 最終end=9
2025-10-05 01:58:49 | ERROR | f1.console | [TIRE_CHART] 檢測到錯誤 end_lap: driver=HUL, start=3, end=3
2025-10-05 01:58:49 | INFO | f1.console | [TIRE_CHART] 使用 length 修正: driver=HUL, length=1, 新end=3
2025-10-05 01:58:49 | INFO | f1.console | [TIRE_CHART] 強制最小值: driver=HUL, 最終end=8
2025-10-05 01:58:49 | ERROR | f1.console | [TIRE_CHART] 檢測到錯誤 end_lap: driver=HUL, start=4, end=4
2025-10-05 01:58:49 | INFO | f1.console | [TIRE_CHART] 使用 length 修正: driver=HUL, length=1, 新end=4
2025-10-05 01:58:49 | INFO | f1.console | [TIRE_CHART] 強制最小值: driver=HUL, 最終end=9
2025-10-05 01:58:49 | ERROR | f1.console | [TIRE_CHART] 檢測到錯誤 end_lap: driver=LAW, start=3, end=3
2025-10-05 01:58:49 | INFO | f1.console | [TIRE_CHART] 使用 length 修正: driver=LAW, length=1, 新end=3
2025-10-05 01:58:49 | INFO | f1.console | [TIRE_CHART] 強制最小值: driver=LAW, 最終end=8
2025-10-05 01:58:49 | ERROR | f1.console | [TIRE_CHART] 檢測到錯誤 end_lap: driver=LAW, start=4, end=4
2025-10-05 01:58:49 | INFO | f1.console | [TIRE_CHART] 使用 length 修正: driver=LAW, length=1, 新end=4
2025-10-05 01:58:49 | INFO | f1.console | [TIRE_CHART] 強制最小值: driver=LAW, 最終end=9
2025-10-05 01:58:49 | ERROR | f1.console | [TIRE_CHART] 檢測到錯誤 end_lap: driver=LEC, start=3, end=3
2025-10-05 01:58:49 | INFO | f1.console | [TIRE_CHART] 使用 length 修正: driver=LEC, length=1, 新end=3
2025-10-05 01:58:49 | INFO | f1.console | [TIRE_CHART] 強制最小值: driver=LEC, 最終end=8
2025-10-05 01:58:49 | ERROR | f1.console | [TIRE_CHART] 檢測到錯誤 end_lap: driver=LEC, start=4, end=4
2025-10-05 01:58:49 | INFO | f1.console | [TIRE_CHART] 使用 length 修正: driver=LEC, length=1, 新end=4
2025-10-05 01:58:49 | INFO | f1.console | [TIRE_CHART] 強制最小值: driver=LEC, 最終end=9
2025-10-05 01:58:49 | ERROR | f1.console | [TIRE_CHART] 檢測到錯誤 end_lap: driver=NOR, start=3, end=3
2025-10-05 01:58:49 | INFO | f1.console | [TIRE_CHART] 使用 length 修正: driver=NOR, length=1, 新end=3
2025-10-05 01:58:49 | INFO | f1.console | [TIRE_CHART] 強制最小值: driver=NOR, 最終end=8
2025-10-05 01:58:49 | ERROR | f1.console | [TIRE_CHART] 檢測到錯誤 end_lap: driver=NOR, start=4, end=4
2025-10-05 01:58:49 | INFO | f1.console | [TIRE_CHART] 使用 length 修正: driver=NOR, length=1, 新end=4
2025-10-05 01:58:49 | INFO | f1.console | [TIRE_CHART] 強制最小值: driver=NOR, 最終end=9
2025-10-05 01:58:49 | ERROR | f1.console | [TIRE_CHART] 檢測到錯誤 end_lap: driver=OCO, start=3, end=3
2025-10-05 01:58:49 | INFO | f1.console | [TIRE_CHART] 使用 length 修正: driver=OCO, length=1, 新end=3
2025-10-05 01:58:49 | INFO | f1.console | [TIRE_CHART] 強制最小值: driver=OCO, 最終end=8
2025-10-05 01:58:49 | ERROR | f1.console | [TIRE_CHART] 檢測到錯誤 end_lap: driver=OCO, start=4, end=4
2025-10-05 01:58:49 | INFO | f1.console | [TIRE_CHART] 使用 length 修正: driver=OCO, length=1, 新end=4
2025-10-05 01:58:49 | INFO | f1.console | [TIRE_CHART] 強制最小值: driver=OCO, 最終end=9
2025-10-05 01:58:49 | ERROR | f1.console | [TIRE_CHART] 檢測到錯誤 end_lap: driver=PIA, start=3, end=3
2025-10-05 01:58:49 | INFO | f1.console | [TIRE_CHART] 使用 length 修正: driver=PIA, length=1, 新end=3
2025-10-05 01:58:49 | INFO | f1.console | [TIRE_CHART] 強制最小值: driver=PIA, 最終end=8
2025-10-05 01:58:49 | ERROR | f1.console | [TIRE_CHART] 檢測到錯誤 end_lap: driver=PIA, start=4, end=4
2025-10-05 01:58:49 | INFO | f1.console | [TIRE_CHART] 使用 length 修正: driver=PIA, length=1, 新end=4
2025-10-05 01:58:49 | INFO | f1.console | [TIRE_CHART] 強制最小值: driver=PIA, 最終end=9
2025-10-05 01:58:49 | ERROR | f1.console | [TIRE_CHART] 檢測到錯誤 end_lap: driver=RUS, start=3, end=3
2025-10-05 01:58:49 | INFO | f1.console | [TIRE_CHART] 使用 length 修正: driver=RUS, length=1, 新end=3
2025-10-05 01:58:49 | INFO | f1.console | [TIRE_CHART] 強制最小值: driver=RUS, 最終end=8
2025-10-05 01:58:49 | ERROR | f1.console | [TIRE_CHART] 檢測到錯誤 end_lap: driver=RUS, start=4, end=4
2025-10-05 01:58:49 | INFO | f1.console | [TIRE_CHART] 使用 length 修正: driver=RUS, length=1, 新end=4
2025-10-05 01:58:49 | INFO | f1.console | [TIRE_CHART] 強制最小值: driver=RUS, 最終end=9
2025-10-05 01:58:49 | ERROR | f1.console | [TIRE_CHART] 檢測到錯誤 end_lap: driver=SAI, start=1, end=1
2025-10-05 01:58:49 | INFO | f1.console | [TIRE_CHART] 使用 length 修正: driver=SAI, length=1, 新end=1
2025-10-05 01:58:49 | INFO | f1.console | [TIRE_CHART] 強制最小值: driver=SAI, 最終end=6
2025-10-05 01:58:49 | ERROR | f1.console | [TIRE_CHART] 檢測到錯誤 end_lap: driver=STR, start=3, end=3
2025-10-05 01:58:49 | INFO | f1.console | [TIRE_CHART] 使用 length 修正: driver=STR, length=1, 新end=3
2025-10-05 01:58:49 | INFO | f1.console | [TIRE_CHART] 強制最小值: driver=STR, 最終end=8
2025-10-05 01:58:49 | ERROR | f1.console | [TIRE_CHART] 檢測到錯誤 end_lap: driver=STR, start=4, end=4
2025-10-05 01:58:49 | INFO | f1.console | [TIRE_CHART] 使用 length 修正: driver=STR, length=1, 新end=4
2025-10-05 01:58:49 | INFO | f1.console | [TIRE_CHART] 強制最小值: driver=STR, 最終end=9
2025-10-05 01:58:49 | ERROR | f1.console | [TIRE_CHART] 檢測到錯誤 end_lap: driver=TSU, start=3, end=3
2025-10-05 01:58:49 | INFO | f1.console | [TIRE_CHART] 使用 length 修正: driver=TSU, length=1, 新end=3
2025-10-05 01:58:49 | INFO | f1.console | [TIRE_CHART] 強制最小值: driver=TSU, 最終end=8
2025-10-05 01:58:49 | ERROR | f1.console | [TIRE_CHART] 檢測到錯誤 end_lap: driver=TSU, start=4, end=4
2025-10-05 01:58:49 | INFO | f1.console | [TIRE_CHART] 使用 length 修正: driver=TSU, length=1, 新end=4
2025-10-05 01:58:49 | INFO | f1.console | [TIRE_CHART] 強制最小值: driver=TSU, 最終end=9
2025-10-05 01:58:49 | ERROR | f1.console | [TIRE_CHART] 檢測到錯誤 end_lap: driver=VER, start=3, end=3
2025-10-05 01:58:49 | INFO | f1.console | [TIRE_CHART] 使用 length 修正: driver=VER, length=1, 新end=3
2025-10-05 01:58:49 | INFO | f1.console | [TIRE_CHART] 強制最小值: driver=VER, 最終end=8
2025-10-05 01:58:49 | ERROR | f1.console | [TIRE_CHART] 檢測到錯誤 end_lap: driver=VER, start=4, end=4
2025-10-05 01:58:49 | INFO | f1.console | [TIRE_CHART] 使用 length 修正: driver=VER, length=1, 新end=4
2025-10-05 01:58:49 | INFO | f1.console | [TIRE_CHART] 強制最小值: driver=VER, 最終end=9
2025-10-05 01:58:49 | INFO | f1.console | [ACCEL_DEBUG] 繪製曲線:
2025-10-05 01:58:49 | INFO | f1.console |   距離範圍: -0.0 - 5288.3 (範圍: 5288.4)
2025-10-05 01:58:49 | INFO | f1.console |   加速度範圍: -37.23 - 23.95 (範圍: 61.18)
2025-10-05 01:58:49 | INFO | f1.console |   圖表區域: 1066 x 704
2025-10-05 01:58:49 | INFO | f1.console |   車手1數據點: 500, 車手2數據點: 0
2025-10-05 01:58:49 | INFO | f1.console | [brake_CHART] ✅ 圖表更新完成
2025-10-05 01:58:49 | INFO | f1.console | [brake_CHART] 📋 更新統計表格...
2025-10-05 01:58:49 | INFO | f1.console | [brake_CHART] 📊 統計表格更新 - 收到statistics: {'driver1': {'max': 1.0, 'min': 0.0, 'avg': 0.19867890600402782, 'count': 500}, 'driver2': {'max': 1.0, 'min': 0.0, 'avg': 0.19867890600402782, 'count': 500}, 'distance': {'min': -0.04020749259712828, 'max': 5288.339081316633, 'total_points': 500}}
2025-10-05 01:58:49 | INFO | f1.console | [brake_CHART] driver1_stats: {}
2025-10-05 01:58:49 | INFO | f1.console | [brake_CHART] driver2_stats: {}
2025-10-05 01:58:49 | INFO | f1.console | [brake_CHART] comparison: {}
2025-10-05 01:58:49 | INFO | f1.console | [brake_CHART] 表格數據行: [('最高轉速 (brake)', '0', '0', '0'), ('平均轉速 (brake)', '0', '0', '0'), ('最低轉速 (brake)', '0', '0', '0')]
2025-10-05 01:58:49 | INFO | f1.console | [brake CHART WIDGET] ✅ 統計表格更新完成
2025-10-05 01:58:49 | INFO | f1.console | [brake_CHART] 📋 更新狀態資訊...
2025-10-05 01:58:49 | INFO | f1.console | [brake_CHART] ✅ 全部更新完成
2025-10-05 01:58:49 | INFO | f1.console | [TOOLBAR_STATUS] 已更新: brake分析 | 1:59.392 | 1:59.392 | INTERMEDIATE | INTERMEDIATE | VER 第1圈 vs VER 第1圈
2025-10-05 01:58:49 | INFO | f1.console | [brake_MDI] 已更新工具欄狀態: brake分析
2025-10-05 01:58:49 | INFO | f1.console | [BRAKE DEBUG] ✅ 步驟5: data_loaded 信號已發送
2025-10-05 01:58:49 | INFO | f1.console | [BRAKE DEBUG] ========== _handle_api_success 完成 ==========
2025-10-05 01:58:50 | INFO | f1.console | [DIALOG] 使用者選擇的分析類型: ['detail_table', 'box_plot']
2025-10-05 01:58:50 | INFO | f1.console | [DIALOG] 使用者確認選擇: Detailed Lap Analysis, Lap Time Box Plot
2025-10-05 01:58:50 | INFO | f1.console | [DIALOG] 使用者選擇的分析類型: ['detail_table', 'box_plot']
2025-10-05 01:58:50 | INFO | f1.console | [DETAILED_LAP] 選項結果: {'detail_table': True, 'box_plot': True}
2025-10-05 01:58:50 | INFO | f1.console | [BOXPLOT] 🚀 啟動新版 API 化圈速箱型圖模組...
2025-10-05 01:58:50 | INFO | f1.console | [BOXPLOT_MDI] 圈速箱型圖分析模組已註冊
2025-10-05 01:58:50 | INFO | f1.console | [BOXPLOT] ✅ 新版模組導入成功
2025-10-05 01:58:50 | INFO | f1.console | [BOXPLOT] 🔧 創建模組實例...
2025-10-05 01:58:50 | INFO | f1.console | [BOXPLOT_MDI] LapTimeBoxPlotAnalysis 開始初始化...
2025-10-05 01:58:50 | INFO | f1.console | 🚨 [MDI_INIT] 請求分析類型: laptime_boxplot
2025-10-05 01:58:50 | INFO | f1.console | 🚨 [MDI_INIT] 可用的MDI模組類型: ['telemetry', 'rain', 'accident', 'pitstop', 'speed', 'brake', 'gear', 'rpm', 'throttle', 'acceleration', 'speeddiff', 'distancediff', 'laptime', 'rain_weather', 'track_analysis', 'tire_analysis', 'laptime_boxplot']
2025-10-05 01:58:50 | INFO | f1.console | 🚨 [MDI_INIT] laptime是否在MDI_MODULE_TYPES中: True
2025-10-05 01:58:50 | INFO | f1.console | [LAPTIME_BOXPLOT_MDI] 初始化 Lap Time Box Plot MDI 模組
2025-10-05 01:58:50 | INFO | f1.console | [BOXPLOT_MDI] 基類初始化完成, 數據管理器: None
2025-10-05 01:58:50 | INFO | f1.console | [BOXPLOT_MDI] 開始初始化模組組件...
2025-10-05 01:58:50 | INFO | f1.console | [LAPTIME_BOXPLOT_MDI] 初始化 Lap Time Box Plot 模組
2025-10-05 01:58:50 | INFO | f1.console | [[BOXPLOT_DATA] DEBUG] 初始化 Lap Time Box Plot 載入器
2025-10-05 01:58:50 | INFO | f1.console | [[BOXPLOT_DATA] DEBUG] 本地 JSON 後備已啟用 (策略: 預設策略 (允許本地 JSON 後備))
2025-10-05 01:58:50 | INFO | f1.console | [BOXPLOT_DATA] 初始化完成, 搜索目錄: ['json', 'json_exports', 'cache']
2025-10-05 01:58:50 | INFO | f1.console | [BOXPLOT_DATA] 文件模式: ['detailed_laptime_analysis_{year}_{race}_{session}_all_drivers.json', 'detailed_laptime_analysis_{year}_{race}_{session}.json', 'detailed_driver_laptime_{year}_{race}_{session}.json']
2025-10-05 01:58:50 | INFO | f1.console | [BOXPLOT_CHART] 圖表組件初始化完成 (QPainter 版本)
2025-10-05 01:58:50 | INFO | f1.console | [ANALYSIS_MANAGER] Registering module: laptime_boxplot_analysis_1664585099760 (type: laptime_boxplot)
2025-10-05 01:58:50 | WARNING | f1.console | [ANALYSIS_MANAGER] ⚠️ Not a lap analysis module, skipping: laptime_boxplot_analysis_1664585099760
2025-10-05 01:58:50 | INFO | f1.console | [ANALYSIS_MANAGER] Registered chart widget: LapTimeBoxPlotChartWidget
2025-10-05 01:58:50 | INFO | f1.console | [LAPTIME_BOXPLOT_MDI] ✅ 已註冊到分析模組管理器: laptime_boxplot_analysis_1664585099760
2025-10-05 01:58:50 | INFO | f1.console | [LAPTIME_BOXPLOT_MDI] ✅ Lap Time Box Plot 模組初始化完成
2025-10-05 01:58:50 | INFO | f1.console | [BOXPLOT_MDI] ✅ 模組組件初始化完成
2025-10-05 01:58:50 | INFO | f1.console | [BOXPLOT_MDI] 數據管理器: <modules.gui.driver_race.lap_box_plot_analysis.lap_box_plot_analysis_mdi.LapTimeBoxPlotDataManager object at 0x000001839100F1D0>
2025-10-05 01:58:50 | INFO | f1.console | [BOXPLOT_MDI] 圖表組件: <modules.gui.driver_race.lap_box_plot_analysis.lap_box_plot_chart_widget.LapTimeBoxPlotChartWidget object at 0x000001839100F2F0>
2025-10-05 01:58:50 | INFO | f1.console | [BOXPLOT_MDI] 響應式佈局已設置
2025-10-05 01:58:50 | INFO | f1.console | [BOXPLOT] ✅ 模組實例創建成功
2025-10-05 01:58:50 | INFO | f1.console | [BOXPLOT] ✅ 參數提供者設置完成
2025-10-05 01:58:50 | INFO | f1.console | [BOXPLOT] ✅ 基本參數設置完成: 2025 Australia (2025-03-16) R
2025-10-05 01:58:50 | INFO | f1.console | [BOXPLOT] 🚀 初始化圈速箱型圖模組...
2025-10-05 01:58:50 | INFO | f1.console | [LAPTIME_BOXPLOT_MDI] 初始化 Lap Time Box Plot 模組
2025-10-05 01:58:50 | INFO | f1.console | [[BOXPLOT_DATA] DEBUG] 初始化 Lap Time Box Plot 載入器
2025-10-05 01:58:50 | INFO | f1.console | [[BOXPLOT_DATA] DEBUG] 本地 JSON 後備已啟用 (策略: 預設策略 (允許本地 JSON 後備))
2025-10-05 01:58:50 | INFO | f1.console | [BOXPLOT_DATA] 初始化完成, 搜索目錄: ['json', 'json_exports', 'cache']
2025-10-05 01:58:50 | INFO | f1.console | [BOXPLOT_DATA] 文件模式: ['detailed_laptime_analysis_{year}_{race}_{session}_all_drivers.json', 'detailed_laptime_analysis_{year}_{race}_{session}.json', 'detailed_driver_laptime_{year}_{race}_{session}.json']
2025-10-05 01:58:50 | INFO | f1.console | [BOXPLOT_CHART] 圖表組件初始化完成 (QPainter 版本)
2025-10-05 01:58:50 | INFO | f1.console | [ANALYSIS_MANAGER] Registering module: laptime_boxplot_analysis_1664585099760 (type: laptime_boxplot)
2025-10-05 01:58:50 | WARNING | f1.console | [ANALYSIS_MANAGER] ⚠️ Not a lap analysis module, skipping: laptime_boxplot_analysis_1664585099760
2025-10-05 01:58:50 | INFO | f1.console | [ANALYSIS_MANAGER] Registered chart widget: LapTimeBoxPlotChartWidget
2025-10-05 01:58:50 | INFO | f1.console | [LAPTIME_BOXPLOT_MDI] ✅ 已註冊到分析模組管理器: laptime_boxplot_analysis_1664585099760
2025-10-05 01:58:50 | INFO | f1.console | [LAPTIME_BOXPLOT_MDI] ✅ Lap Time Box Plot 模組初始化完成
2025-10-05 01:58:50 | INFO | f1.console | [BOXPLOT] ✅ 模組初始化成功！
2025-10-05 01:58:50 | INFO | f1.console | [BOXPLOT] 📝 視窗標題: Lap Time Box Plot - 2025 Australia (2025-03-16) R
2025-10-05 01:58:50 | INFO | f1.console | [BOXPLOT] 🖼️ 創建 MDI 子視窗...
2025-10-05 01:58:50 | INFO | f1.console | [LINK] [INIT] Lap Time Box Plot - 2025 Australia (2025-03-16) R 已找到主視窗引用
2025-10-05 01:58:50 | INFO | f1.console | [SYNC] [INIT] Lap Time Box Plot - 2025 Australia (2025-03-16) R 已連接模組同步信號
2025-10-05 01:58:50 | INFO | f1.console | [SYNC] [INIT] 進行初始參數同步: 2025 Australia R
2025-10-05 01:58:50 | INFO | f1.console | [LAPTIME_BOXPLOT_MDI] ========== 更新參數 ==========
2025-10-05 01:58:50 | INFO | f1.console | [LAPTIME_BOXPLOT_MDI] 參數: 2025 Australia R
2025-10-05 01:58:50 | INFO | f1.console | [REFRESH] [MODULE] Lap Time Box Plot - 2025 Australia (2025-03-16) R 參數已更新: {'year': '2025', 'race': 'Australia', 'session': 'R'}
2025-10-05 01:58:50 | INFO | f1.console | 🚨 [BASE_CRITICAL] _load_data_with_current_parameters 被調用
2025-10-05 01:58:50 | INFO | f1.console | 🚨 [BASE_CRITICAL] self.data_manager = <modules.gui.driver_race.lap_box_plot_analysis.lap_box_plot_analysis_mdi.LapTimeBoxPlotDataManager object at 0x000001838BBEF260>
2025-10-05 01:58:50 | INFO | f1.console | 🚨 [BASE_CRITICAL] type(self.data_manager) = <class 'modules.gui.driver_race.lap_box_plot_analysis.lap_box_plot_analysis_mdi.LapTimeBoxPlotDataManager'>
2025-10-05 01:58:50 | INFO | f1.console | 🚨 [BASE_CRITICAL] 載入參數: {'year': 2025, 'race': 'Australia', 'session': 'R'}
2025-10-05 01:58:50 | INFO | f1.console | 🚨 [BASE_CRITICAL] data_manager 是否有 load_data 方法: True
2025-10-05 01:58:50 | INFO | f1.console | 🚨 [BASE_CRITICAL] 調用 data_manager.load_data({'year': 2025, 'race': 'Australia', 'session': 'R'})
2025-10-05 01:58:50 | INFO | f1.console | [[BOXPLOT_DATA] DEBUG] 透過 API 載入降雨資料: base_url=http://127.0.0.1:8000, params={'year': 2025, 'race': 'Australia', 'session': 'R'}
2025-10-05 01:58:50 | INFO | f1.console | 🚨 [BASE_CRITICAL] data_manager.load_data 調用完成
2025-10-05 01:58:50 | INFO | f1.console | [OK] [INIT] PopoutSubWindow 'Lap Time Box Plot - 2025 Australia (2025-03-16) R' 初始化完成 - 包含調整大小支援
2025-10-05 01:58:50 | INFO | f1.console | [GREEN] 接收同步初始化為啟動狀態
2025-10-05 01:58:50 | INFO | f1.console | [LAPTIME_BOXPLOT_MDI] 🏷️ 視窗標題已更新為: Lap Time Box Plot - 2025 Australia R
2025-10-05 01:58:50 | INFO | f1.console | [BOXPLOT] ✅ 子視窗創建成功
2025-10-05 01:58:50 | INFO | f1.console | [BOXPLOT] ✅ 圈速箱型圖視窗已創建: Lap Time Box Plot - 2025 Australia (2025-03-16) R
2025-10-05 01:58:50 | INFO | f1.console | [BOXPLOT] 🚀 自動載入圈速箱型圖數據...
2025-10-05 01:58:50 | INFO | f1.console | [LAPTIME_BOXPLOT_MDI] 🔄 載入數據（從 IAnalysisModule）
2025-10-05 01:58:50 | INFO | f1.console | [LAPTIME_BOXPLOT_MDI] ========== 更新參數 ==========
2025-10-05 01:58:50 | INFO | f1.console | [LAPTIME_BOXPLOT_MDI] 參數: 2025 Australia (2025-03-16) R
2025-10-05 01:58:50 | INFO | f1.console | [REFRESH] [MODULE] Lap Time Box Plot - 2025 Australia R 參數已更新: {'year': '2025', 'race': 'Australia (2025-03-16)', 'session': 'R'}
2025-10-05 01:58:50 | ERROR | f1.console | [TIRE_CHART] 檢測到錯誤 end_lap: driver=ALB, start=3, end=3
2025-10-05 01:58:50 | INFO | f1.console | [TIRE_CHART] 使用 length 修正: driver=ALB, length=1, 新end=3
2025-10-05 01:58:50 | INFO | f1.console | [TIRE_CHART] 強制最小值: driver=ALB, 最終end=8
2025-10-05 01:58:50 | ERROR | f1.console | [TIRE_CHART] 檢測到錯誤 end_lap: driver=ALB, start=4, end=4
2025-10-05 01:58:50 | INFO | f1.console | [TIRE_CHART] 使用 length 修正: driver=ALB, length=1, 新end=4
2025-10-05 01:58:50 | INFO | f1.console | [TIRE_CHART] 強制最小值: driver=ALB, 最終end=9
2025-10-05 01:58:50 | ERROR | f1.console | [TIRE_CHART] 檢測到錯誤 end_lap: driver=ALO, start=3, end=3
2025-10-05 01:58:50 | INFO | f1.console | [TIRE_CHART] 使用 length 修正: driver=ALO, length=1, 新end=3
2025-10-05 01:58:50 | INFO | f1.console | [TIRE_CHART] 強制最小值: driver=ALO, 最終end=8
2025-10-05 01:58:50 | ERROR | f1.console | [TIRE_CHART] 檢測到錯誤 end_lap: driver=ALO, start=4, end=4
2025-10-05 01:58:50 | INFO | f1.console | [TIRE_CHART] 使用 length 修正: driver=ALO, length=1, 新end=4
2025-10-05 01:58:50 | INFO | f1.console | [TIRE_CHART] 強制最小值: driver=ALO, 最終end=9
2025-10-05 01:58:50 | ERROR | f1.console | [TIRE_CHART] 檢測到錯誤 end_lap: driver=ANT, start=3, end=3
2025-10-05 01:58:50 | INFO | f1.console | [TIRE_CHART] 使用 length 修正: driver=ANT, length=1, 新end=3
2025-10-05 01:58:50 | INFO | f1.console | [TIRE_CHART] 強制最小值: driver=ANT, 最終end=8
2025-10-05 01:58:50 | ERROR | f1.console | [TIRE_CHART] 檢測到錯誤 end_lap: driver=ANT, start=4, end=4
2025-10-05 01:58:50 | INFO | f1.console | [TIRE_CHART] 使用 length 修正: driver=ANT, length=1, 新end=4
2025-10-05 01:58:50 | INFO | f1.console | [TIRE_CHART] 強制最小值: driver=ANT, 最終end=9
2025-10-05 01:58:50 | ERROR | f1.console | [TIRE_CHART] 檢測到錯誤 end_lap: driver=BEA, start=3, end=3
2025-10-05 01:58:50 | INFO | f1.console | [TIRE_CHART] 使用 length 修正: driver=BEA, length=1, 新end=3
2025-10-05 01:58:50 | INFO | f1.console | [TIRE_CHART] 強制最小值: driver=BEA, 最終end=8
2025-10-05 01:58:50 | ERROR | f1.console | [TIRE_CHART] 檢測到錯誤 end_lap: driver=BEA, start=4, end=4
2025-10-05 01:58:50 | INFO | f1.console | [TIRE_CHART] 使用 length 修正: driver=BEA, length=1, 新end=4
2025-10-05 01:58:50 | INFO | f1.console | [TIRE_CHART] 強制最小值: driver=BEA, 最終end=9
2025-10-05 01:58:50 | ERROR | f1.console | [TIRE_CHART] 檢測到錯誤 end_lap: driver=BOR, start=3, end=3
2025-10-05 01:58:50 | INFO | f1.console | [TIRE_CHART] 使用 length 修正: driver=BOR, length=1, 新end=3
2025-10-05 01:58:50 | INFO | f1.console | [TIRE_CHART] 強制最小值: driver=BOR, 最終end=8
2025-10-05 01:58:50 | ERROR | f1.console | [TIRE_CHART] 檢測到錯誤 end_lap: driver=BOR, start=4, end=4
2025-10-05 01:58:50 | INFO | f1.console | [TIRE_CHART] 使用 length 修正: driver=BOR, length=1, 新end=4
2025-10-05 01:58:50 | INFO | f1.console | [TIRE_CHART] 強制最小值: driver=BOR, 最終end=9
2025-10-05 01:58:50 | ERROR | f1.console | [TIRE_CHART] 檢測到錯誤 end_lap: driver=DOO, start=1, end=1
2025-10-05 01:58:50 | INFO | f1.console | [TIRE_CHART] 使用 length 修正: driver=DOO, length=1, 新end=1
2025-10-05 01:58:50 | INFO | f1.console | [TIRE_CHART] 強制最小值: driver=DOO, 最終end=6
2025-10-05 01:58:50 | ERROR | f1.console | [TIRE_CHART] 檢測到錯誤 end_lap: driver=GAS, start=3, end=3
2025-10-05 01:58:50 | INFO | f1.console | [TIRE_CHART] 使用 length 修正: driver=GAS, length=1, 新end=3
2025-10-05 01:58:50 | INFO | f1.console | [TIRE_CHART] 強制最小值: driver=GAS, 最終end=8
2025-10-05 01:58:50 | ERROR | f1.console | [TIRE_CHART] 檢測到錯誤 end_lap: driver=GAS, start=4, end=4
2025-10-05 01:58:50 | INFO | f1.console | [TIRE_CHART] 使用 length 修正: driver=GAS, length=1, 新end=4
2025-10-05 01:58:50 | INFO | f1.console | [TIRE_CHART] 強制最小值: driver=GAS, 最終end=9
2025-10-05 01:58:50 | ERROR | f1.console | [TIRE_CHART] 檢測到錯誤 end_lap: driver=HAD, start=1, end=1
2025-10-05 01:58:50 | INFO | f1.console | [TIRE_CHART] 使用 length 修正: driver=HAD, length=1, 新end=1
2025-10-05 01:58:50 | INFO | f1.console | [TIRE_CHART] 強制最小值: driver=HAD, 最終end=6
2025-10-05 01:58:50 | ERROR | f1.console | [TIRE_CHART] 檢測到錯誤 end_lap: driver=HAM, start=3, end=3
2025-10-05 01:58:50 | INFO | f1.console | [TIRE_CHART] 使用 length 修正: driver=HAM, length=1, 新end=3
2025-10-05 01:58:50 | INFO | f1.console | [TIRE_CHART] 強制最小值: driver=HAM, 最終end=8
2025-10-05 01:58:50 | ERROR | f1.console | [TIRE_CHART] 檢測到錯誤 end_lap: driver=HAM, start=4, end=4
2025-10-05 01:58:50 | INFO | f1.console | [TIRE_CHART] 使用 length 修正: driver=HAM, length=1, 新end=4
2025-10-05 01:58:50 | INFO | f1.console | [TIRE_CHART] 強制最小值: driver=HAM, 最終end=9
2025-10-05 01:58:50 | ERROR | f1.console | [TIRE_CHART] 檢測到錯誤 end_lap: driver=HUL, start=3, end=3
2025-10-05 01:58:50 | INFO | f1.console | [TIRE_CHART] 使用 length 修正: driver=HUL, length=1, 新end=3
2025-10-05 01:58:50 | INFO | f1.console | [TIRE_CHART] 強制最小值: driver=HUL, 最終end=8
2025-10-05 01:58:50 | ERROR | f1.console | [TIRE_CHART] 檢測到錯誤 end_lap: driver=HUL, start=4, end=4
2025-10-05 01:58:50 | INFO | f1.console | [TIRE_CHART] 使用 length 修正: driver=HUL, length=1, 新end=4
2025-10-05 01:58:50 | INFO | f1.console | [TIRE_CHART] 強制最小值: driver=HUL, 最終end=9
2025-10-05 01:58:50 | ERROR | f1.console | [TIRE_CHART] 檢測到錯誤 end_lap: driver=LAW, start=3, end=3
2025-10-05 01:58:50 | INFO | f1.console | [TIRE_CHART] 使用 length 修正: driver=LAW, length=1, 新end=3
2025-10-05 01:58:50 | INFO | f1.console | [TIRE_CHART] 強制最小值: driver=LAW, 最終end=8
2025-10-05 01:58:50 | ERROR | f1.console | [TIRE_CHART] 檢測到錯誤 end_lap: driver=LAW, start=4, end=4
2025-10-05 01:58:50 | INFO | f1.console | [TIRE_CHART] 使用 length 修正: driver=LAW, length=1, 新end=4
2025-10-05 01:58:50 | INFO | f1.console | [TIRE_CHART] 強制最小值: driver=LAW, 最終end=9
2025-10-05 01:58:50 | ERROR | f1.console | [TIRE_CHART] 檢測到錯誤 end_lap: driver=LEC, start=3, end=3
2025-10-05 01:58:50 | INFO | f1.console | [TIRE_CHART] 使用 length 修正: driver=LEC, length=1, 新end=3
2025-10-05 01:58:50 | INFO | f1.console | [TIRE_CHART] 強制最小值: driver=LEC, 最終end=8
2025-10-05 01:58:50 | ERROR | f1.console | [TIRE_CHART] 檢測到錯誤 end_lap: driver=LEC, start=4, end=4
2025-10-05 01:58:50 | INFO | f1.console | [TIRE_CHART] 使用 length 修正: driver=LEC, length=1, 新end=4
2025-10-05 01:58:50 | INFO | f1.console | [TIRE_CHART] 強制最小值: driver=LEC, 最終end=9
2025-10-05 01:58:50 | ERROR | f1.console | [TIRE_CHART] 檢測到錯誤 end_lap: driver=NOR, start=3, end=3
2025-10-05 01:58:50 | INFO | f1.console | [TIRE_CHART] 使用 length 修正: driver=NOR, length=1, 新end=3
2025-10-05 01:58:50 | INFO | f1.console | [TIRE_CHART] 強制最小值: driver=NOR, 最終end=8
2025-10-05 01:58:50 | ERROR | f1.console | [TIRE_CHART] 檢測到錯誤 end_lap: driver=NOR, start=4, end=4
2025-10-05 01:58:50 | INFO | f1.console | [TIRE_CHART] 使用 length 修正: driver=NOR, length=1, 新end=4
2025-10-05 01:58:50 | INFO | f1.console | [TIRE_CHART] 強制最小值: driver=NOR, 最終end=9
2025-10-05 01:58:50 | ERROR | f1.console | [TIRE_CHART] 檢測到錯誤 end_lap: driver=OCO, start=3, end=3
2025-10-05 01:58:50 | INFO | f1.console | [TIRE_CHART] 使用 length 修正: driver=OCO, length=1, 新end=3
2025-10-05 01:58:50 | INFO | f1.console | [TIRE_CHART] 強制最小值: driver=OCO, 最終end=8
2025-10-05 01:58:50 | ERROR | f1.console | [TIRE_CHART] 檢測到錯誤 end_lap: driver=OCO, start=4, end=4
2025-10-05 01:58:50 | INFO | f1.console | [TIRE_CHART] 使用 length 修正: driver=OCO, length=1, 新end=4
2025-10-05 01:58:50 | INFO | f1.console | [TIRE_CHART] 強制最小值: driver=OCO, 最終end=9
2025-10-05 01:58:50 | ERROR | f1.console | [TIRE_CHART] 檢測到錯誤 end_lap: driver=PIA, start=3, end=3
2025-10-05 01:58:50 | INFO | f1.console | [TIRE_CHART] 使用 length 修正: driver=PIA, length=1, 新end=3
2025-10-05 01:58:50 | INFO | f1.console | [TIRE_CHART] 強制最小值: driver=PIA, 最終end=8
2025-10-05 01:58:50 | ERROR | f1.console | [TIRE_CHART] 檢測到錯誤 end_lap: driver=PIA, start=4, end=4
2025-10-05 01:58:50 | INFO | f1.console | [TIRE_CHART] 使用 length 修正: driver=PIA, length=1, 新end=4
2025-10-05 01:58:50 | INFO | f1.console | [TIRE_CHART] 強制最小值: driver=PIA, 最終end=9
2025-10-05 01:58:50 | ERROR | f1.console | [TIRE_CHART] 檢測到錯誤 end_lap: driver=RUS, start=3, end=3
2025-10-05 01:58:50 | INFO | f1.console | [TIRE_CHART] 使用 length 修正: driver=RUS, length=1, 新end=3
2025-10-05 01:58:50 | INFO | f1.console | [TIRE_CHART] 強制最小值: driver=RUS, 最終end=8
2025-10-05 01:58:50 | ERROR | f1.console | [TIRE_CHART] 檢測到錯誤 end_lap: driver=RUS, start=4, end=4
2025-10-05 01:58:50 | INFO | f1.console | [TIRE_CHART] 使用 length 修正: driver=RUS, length=1, 新end=4
2025-10-05 01:58:50 | INFO | f1.console | [TIRE_CHART] 強制最小值: driver=RUS, 最終end=9
2025-10-05 01:58:50 | ERROR | f1.console | [TIRE_CHART] 檢測到錯誤 end_lap: driver=SAI, start=1, end=1
2025-10-05 01:58:50 | INFO | f1.console | [TIRE_CHART] 使用 length 修正: driver=SAI, length=1, 新end=1
2025-10-05 01:58:50 | INFO | f1.console | [TIRE_CHART] 強制最小值: driver=SAI, 最終end=6
2025-10-05 01:58:50 | ERROR | f1.console | [TIRE_CHART] 檢測到錯誤 end_lap: driver=STR, start=3, end=3
2025-10-05 01:58:50 | INFO | f1.console | [TIRE_CHART] 使用 length 修正: driver=STR, length=1, 新end=3
2025-10-05 01:58:50 | INFO | f1.console | [TIRE_CHART] 強制最小值: driver=STR, 最終end=8
2025-10-05 01:58:50 | ERROR | f1.console | [TIRE_CHART] 檢測到錯誤 end_lap: driver=STR, start=4, end=4
2025-10-05 01:58:50 | INFO | f1.console | [TIRE_CHART] 使用 length 修正: driver=STR, length=1, 新end=4
2025-10-05 01:58:50 | INFO | f1.console | [TIRE_CHART] 強制最小值: driver=STR, 最終end=9
2025-10-05 01:58:50 | ERROR | f1.console | [TIRE_CHART] 檢測到錯誤 end_lap: driver=TSU, start=3, end=3
2025-10-05 01:58:50 | INFO | f1.console | [TIRE_CHART] 使用 length 修正: driver=TSU, length=1, 新end=3
2025-10-05 01:58:50 | INFO | f1.console | [TIRE_CHART] 強制最小值: driver=TSU, 最終end=8
2025-10-05 01:58:50 | ERROR | f1.console | [TIRE_CHART] 檢測到錯誤 end_lap: driver=TSU, start=4, end=4
2025-10-05 01:58:50 | INFO | f1.console | [TIRE_CHART] 使用 length 修正: driver=TSU, length=1, 新end=4
2025-10-05 01:58:50 | INFO | f1.console | [TIRE_CHART] 強制最小值: driver=TSU, 最終end=9
2025-10-05 01:58:50 | ERROR | f1.console | [TIRE_CHART] 檢測到錯誤 end_lap: driver=VER, start=3, end=3
2025-10-05 01:58:50 | INFO | f1.console | [TIRE_CHART] 使用 length 修正: driver=VER, length=1, 新end=3
2025-10-05 01:58:50 | INFO | f1.console | [TIRE_CHART] 強制最小值: driver=VER, 最終end=8
2025-10-05 01:58:50 | ERROR | f1.console | [TIRE_CHART] 檢測到錯誤 end_lap: driver=VER, start=4, end=4
2025-10-05 01:58:50 | INFO | f1.console | [TIRE_CHART] 使用 length 修正: driver=VER, length=1, 新end=4
2025-10-05 01:58:50 | INFO | f1.console | [TIRE_CHART] 強制最小值: driver=VER, 最終end=9
2025-10-05 01:58:50 | INFO | f1.console | [ACCEL_DEBUG] 繪製曲線:
2025-10-05 01:58:50 | INFO | f1.console |   距離範圍: -0.0 - 5288.3 (範圍: 5288.4)
2025-10-05 01:58:50 | INFO | f1.console |   加速度範圍: -37.23 - 23.95 (範圍: 61.18)
2025-10-05 01:58:50 | INFO | f1.console |   圖表區域: 1066 x 704
2025-10-05 01:58:50 | INFO | f1.console |   車手1數據點: 500, 車手2數據點: 0
2025-10-05 01:58:50 | INFO | f1.console | [LAPTIME_BOXPLOT_MDI] 🏷️ 視窗標題已更新為: Lap Time Box Plot - 2025 Australia (2025-03-16) R
2025-10-05 01:58:50 | INFO | f1.console | 🚨 [BASE_CRITICAL] _load_data_with_current_parameters 被調用
2025-10-05 01:58:50 | INFO | f1.console | 🚨 [BASE_CRITICAL] self.data_manager = <modules.gui.driver_race.lap_box_plot_analysis.lap_box_plot_analysis_mdi.LapTimeBoxPlotDataManager object at 0x000001838BBEF260>
2025-10-05 01:58:50 | INFO | f1.console | 🚨 [BASE_CRITICAL] type(self.data_manager) = <class 'modules.gui.driver_race.lap_box_plot_analysis.lap_box_plot_analysis_mdi.LapTimeBoxPlotDataManager'>
2025-10-05 01:58:50 | INFO | f1.console | 🚨 [BASE_CRITICAL] 載入參數: {'year': 2025, 'race': 'Australia (2025-03-16)', 'session': 'R'}
2025-10-05 01:58:50 | INFO | f1.console | 🚨 [BASE_CRITICAL] data_manager 是否有 load_data 方法: True
2025-10-05 01:58:50 | INFO | f1.console | 🚨 [BASE_CRITICAL] 調用 data_manager.load_data({'year': 2025, 'race': 'Australia (2025-03-16)', 'session': 'R'})
2025-10-05 01:58:50 | INFO | f1.console | [[BOXPLOT_DATA] DEBUG] 已有載入請求執行中，忽略新的請求
2025-10-05 01:58:50 | INFO | f1.console | 🚨 [BASE_CRITICAL] data_manager.load_data 調用完成
2025-10-05 01:58:50 | INFO | f1.console | [BOXPLOT] ✅ 數據載入成功！
2025-10-05 01:58:50 | INFO | f1.console | [OK] [MODULE_IMPORT] TrackAnalysisUniversal 載入完成
2025-10-05 01:58:50 | ERROR | f1.console | [DEBUG] [MODULE_FACTORY] ❌ 未匹配: 'Pitstop Analysis' 不在 'Detailed Lap Analysis' 中
2025-10-05 01:58:50 | ERROR | f1.console | [DEBUG] [MODULE_FACTORY] ❌ 未匹配: '進站分析' 不在 'Detailed Lap Analysis' 中
2025-10-05 01:58:50 | ERROR | f1.console | [DEBUG] [MODULE_FACTORY] ❌ 未匹配: 'ピットストップ分析' 不在 'Detailed Lap Analysis' 中
2025-10-05 01:58:50 | ERROR | f1.console | [DEBUG] [MODULE_FACTORY] ❌ 未匹配: 'Accident Analysis' 不在 'Detailed Lap Analysis' 中
2025-10-05 01:58:50 | ERROR | f1.console | [DEBUG] [MODULE_FACTORY] ❌ 未匹配: '事故分析' 不在 'Detailed Lap Analysis' 中
2025-10-05 01:58:50 | ERROR | f1.console | [DEBUG] [MODULE_FACTORY] ❌ 未匹配: 'Speed Analysis' 不在 'Detailed Lap Analysis' 中
2025-10-05 01:58:50 | ERROR | f1.console | [DEBUG] [MODULE_FACTORY] ❌ 未匹配: '速度分析' 不在 'Detailed Lap Analysis' 中
2025-10-05 01:58:50 | ERROR | f1.console | [DEBUG] [MODULE_FACTORY] ❌ 未匹配: 'Throttle Analysis' 不在 'Detailed Lap Analysis' 中
2025-10-05 01:58:50 | ERROR | f1.console | [DEBUG] [MODULE_FACTORY] ❌ 未匹配: '油門分析' 不在 'Detailed Lap Analysis' 中
2025-10-05 01:58:50 | ERROR | f1.console | [DEBUG] [MODULE_FACTORY] ❌ 未匹配: 'スロットル分析' 不在 'Detailed Lap Analysis' 中
2025-10-05 01:58:50 | ERROR | f1.console | [DEBUG] [MODULE_FACTORY] ❌ 未匹配: 'RPM Analysis' 不在 'Detailed Lap Analysis' 中
2025-10-05 01:58:50 | ERROR | f1.console | [DEBUG] [MODULE_FACTORY] ❌ 未匹配: 'RPM分析' 不在 'Detailed Lap Analysis' 中
2025-10-05 01:58:50 | ERROR | f1.console | [DEBUG] [MODULE_FACTORY] ❌ 未匹配: 'Gear Analysis' 不在 'Detailed Lap Analysis' 中
2025-10-05 01:58:50 | ERROR | f1.console | [DEBUG] [MODULE_FACTORY] ❌ 未匹配: '檔位分析' 不在 'Detailed Lap Analysis' 中
2025-10-05 01:58:50 | ERROR | f1.console | [DEBUG] [MODULE_FACTORY] ❌ 未匹配: 'ギア分析' 不在 'Detailed Lap Analysis' 中
2025-10-05 01:58:50 | ERROR | f1.console | [DEBUG] [MODULE_FACTORY] ❌ 未匹配: 'Brake Analysis' 不在 'Detailed Lap Analysis' 中
2025-10-05 01:58:50 | ERROR | f1.console | [DEBUG] [MODULE_FACTORY] ❌ 未匹配: '煞車分析' 不在 'Detailed Lap Analysis' 中
2025-10-05 01:58:50 | ERROR | f1.console | [DEBUG] [MODULE_FACTORY] ❌ 未匹配: 'ブレーキ分析' 不在 'Detailed Lap Analysis' 中
2025-10-05 01:58:50 | ERROR | f1.console | [DEBUG] [MODULE_FACTORY] ❌ 未匹配: 'Rain Analysis' 不在 'Detailed Lap Analysis' 中
2025-10-05 01:58:50 | ERROR | f1.console | [DEBUG] [MODULE_FACTORY] ❌ 未匹配: '雨況分析' 不在 'Detailed Lap Analysis' 中
2025-10-05 01:58:50 | ERROR | f1.console | [DEBUG] [MODULE_FACTORY] ❌ 未匹配: '降雨分析' 不在 'Detailed Lap Analysis' 中
2025-10-05 01:58:50 | ERROR | f1.console | [DEBUG] [MODULE_FACTORY] ❌ 未匹配: 'Telemetry Analysis' 不在 'Detailed Lap Analysis' 中
2025-10-05 01:58:50 | ERROR | f1.console | [DEBUG] [MODULE_FACTORY] ❌ 未匹配: 'Driver Analysis' 不在 'Detailed Lap Analysis' 中
2025-10-05 01:58:50 | ERROR | f1.console | [DEBUG] [MODULE_FACTORY] ❌ 未匹配: 'Driver Ranking' 不在 'Detailed Lap Analysis' 中
2025-10-05 01:58:50 | ERROR | f1.console | [DEBUG] [MODULE_FACTORY] ❌ 未匹配: '車手分析' 不在 'Detailed Lap Analysis' 中
2025-10-05 01:58:50 | ERROR | f1.console | [DEBUG] [MODULE_FACTORY] ❌ 未匹配: '車手排名' 不在 'Detailed Lap Analysis' 中
2025-10-05 01:58:50 | ERROR | f1.console | [DEBUG] [MODULE_FACTORY] ❌ 未匹配: '單場賽事總攬' 不在 'Detailed Lap Analysis' 中
2025-10-05 01:58:50 | ERROR | f1.console | [DEBUG] [MODULE_FACTORY] ❌ 未匹配: 'Track Analysis' 不在 'Detailed Lap Analysis' 中
2025-10-05 01:58:50 | ERROR | f1.console | [DEBUG] [MODULE_FACTORY] ❌ 未匹配: '賽道分析' 不在 'Detailed Lap Analysis' 中
2025-10-05 01:58:50 | ERROR | f1.console | [DEBUG] [MODULE_FACTORY] ❌ 未匹配: 'トラック分析' 不在 'Detailed Lap Analysis' 中
2025-10-05 01:58:50 | ERROR | f1.console | [DEBUG] [MODULE_FACTORY] ❌ 未匹配: 'Tire Analysis' 不在 'Detailed Lap Analysis' 中
2025-10-05 01:58:50 | ERROR | f1.console | [DEBUG] [MODULE_FACTORY] ❌ 未匹配: 'Tire Strategy Analysis' 不在 'Detailed Lap Analysis' 中
2025-10-05 01:58:50 | ERROR | f1.console | [DEBUG] [MODULE_FACTORY] ❌ 未匹配: '輪胎分析' 不在 'Detailed Lap Analysis' 中
2025-10-05 01:58:50 | ERROR | f1.console | [DEBUG] [MODULE_FACTORY] ❌ 未匹配: '輪胎策略分析' 不在 'Detailed Lap Analysis' 中
2025-10-05 01:58:50 | ERROR | f1.console | [DEBUG] [MODULE_FACTORY] ❌ 未匹配: 'タイヤ戦略分析' 不在 'Detailed Lap Analysis' 中
2025-10-05 01:58:50 | INFO | f1.console | [OK] [MODULE_FACTORY] 詳細圈速分析 MDI 導入成功
2025-10-05 01:58:50 | INFO | f1.console | 🚨 [MDI_INIT] 請求分析類型: laptime
2025-10-05 01:58:50 | INFO | f1.console | 🚨 [MDI_INIT] 可用的MDI模組類型: ['telemetry', 'rain', 'accident', 'pitstop', 'speed', 'brake', 'gear', 'rpm', 'throttle', 'acceleration', 'speeddiff', 'distancediff', 'laptime', 'rain_weather', 'track_analysis', 'tire_analysis', 'laptime_boxplot']
2025-10-05 01:58:50 | INFO | f1.console | 🚨 [MDI_INIT] laptime是否在MDI_MODULE_TYPES中: True
2025-10-05 01:58:50 | INFO | f1.console | [LAPTIME_MDI] 初始化 Detailed Lap Analysis MDI 模組
2025-10-05 01:58:50 | INFO | f1.console | [LAPTIME_MDI] 詳細圈速分析 MDI 基類初始化完成
2025-10-05 01:58:50 | INFO | f1.console | [LAPTIME_MDI] 初始化 Detailed Lap Analysis 模組
2025-10-05 01:58:50 | INFO | f1.console | [LAPTIME_MDI] 創建詳細圈速分析數據管理器
2025-10-05 01:58:50 | INFO | f1.console | [F28_DATA] 已註冊 laptime 分析類型
2025-10-05 01:58:50 | INFO | f1.console | [[F28_DATA] DEBUG] 初始化 Detailed Lap Analysis 載入器
2025-10-05 01:58:50 | INFO | f1.console | [[F28_DATA] DEBUG] API base URL: http://127.0.0.1:8000
2025-10-05 01:58:50 | INFO | f1.console | [LAPTIME_DATA_MANAGER] 詳細圈速分析數據管理器初始化完成
2025-10-05 01:58:50 | INFO | f1.console | [LAPTIME_CHART_WIDGET] 專用圖表組件初始化完成
2025-10-05 01:58:50 | INFO | f1.console | [LAPTIME_CHART] 詳細圈速分析圖表組件初始化完成 (修正版架構)
2025-10-05 01:58:50 | INFO | f1.console | [LAPTIME_MDI] 詳細圈速分析圖表組件創建成功
2025-10-05 01:58:50 | INFO | f1.console | [ANALYSIS_MANAGER] Registering module: laptime_analysis_1664496893776 (type: laptime)
2025-10-05 01:58:50 | INFO | f1.console | [ANALYSIS_MANAGER] ✅ Module registered successfully: laptime_analysis_1664496893776
2025-10-05 01:58:50 | INFO | f1.console | [ANALYSIS_MANAGER] 📊 Current active modules: 9
2025-10-05 01:58:50 | INFO | f1.console | [ANALYSIS_MANAGER] 📈 Active module types: ['laptime', 'rpm_analysis', 'speeddiff_analysis', 'throttle_analysis', 'distancediff_analysis', 'brake_analysis', 'gear_analysis', 'speed_analysis', 'acceleration_analysis']
2025-10-05 01:58:50 | INFO | f1.console | [ANALYSIS_MANAGER] Registered chart widget: driverLapAnalysisChartWidget
2025-10-05 01:58:50 | INFO | f1.console | [LAPTIME_MDI] ✅ 已註冊到分析模組管理器: laptime_analysis_1664496893776
2025-10-05 01:58:50 | INFO | f1.console | [LAPTIME_MDI] ✅ Detailed Lap Analysis 模組初始化完成
2025-10-05 01:58:50 | INFO | f1.console | [LAPTIME_MDI] 詳細圈速分析 MDI 完整初始化成功
2025-10-05 01:58:50 | INFO | f1.console | ✅ [MODULE_FACTORY] 詳細圈速分析 MDI 實例創建成功
2025-10-05 01:58:50 | INFO | f1.console | [INIT] [MODULE_FACTORY] 詳細圈速分析模組參數預設為: 2025 Australia R
2025-10-05 01:58:50 | INFO | f1.console | [LAPTIME_MDI] ========== 更新參數 ==========
2025-10-05 01:58:50 | INFO | f1.console | [LAPTIME_MDI] 參數: 2025 Australia R
2025-10-05 01:58:50 | INFO | f1.console | [LAPTIME_MDI] 車手: VER vs VER
2025-10-05 01:58:50 | INFO | f1.console | 🚨 [BASE_CRITICAL] _load_data_with_current_parameters 被調用
2025-10-05 01:58:50 | INFO | f1.console | 🚨 [BASE_CRITICAL] self.data_manager = <modules.gui.driver_race.detailed_lap_analysis.driverlap_analysis_mdi.driverLapAnalysisDataManager object at 0x0000018390FB0050>
2025-10-05 01:58:50 | INFO | f1.console | 🚨 [BASE_CRITICAL] type(self.data_manager) = <class 'modules.gui.driver_race.detailed_lap_analysis.driverlap_analysis_mdi.driverLapAnalysisDataManager'>
2025-10-05 01:58:50 | INFO | f1.console | 🚨 [BASE_CRITICAL] 載入參數: {'year': 2025, 'race': 'Australia', 'session': 'R'}
2025-10-05 01:58:50 | INFO | f1.console | 🚨 [BASE_CRITICAL] 添加車手參數: {'year': 2025, 'race': 'Australia', 'session': 'R', 'driver1': 'VER', 'driver2': 'VER'}
2025-10-05 01:58:50 | INFO | f1.console | 🚨 [BASE_CRITICAL] data_manager 是否有 load_data 方法: True
2025-10-05 01:58:50 | INFO | f1.console | 🚨 [BASE_CRITICAL] 調用 data_manager.load_data({'year': 2025, 'race': 'Australia', 'session': 'R', 'driver1': 'VER', 'driver2': 'VER'})
2025-10-05 01:58:50 | INFO | f1.console | [[F28_DATA] DEBUG] _normalize_load_params -> {'year': 2025, 'race': 'Australia', 'session': 'R', 'driver': 'all_drivers', 'selected_driver': 'VER', 'force_refresh': False}
2025-10-05 01:58:50 | INFO | f1.console | [[F28_DATA] DEBUG] load_data: params={'year': 2025, 'race': 'Australia', 'session': 'R', 'driver': 'all_drivers', 'selected_driver': 'VER', 'force_refresh': False}, cached_key=None, is_loading=False, api_enabled=True
2025-10-05 01:58:50 | INFO | f1.console | [[F28_DATA] DEBUG] load_data: starting API worker
2025-10-05 01:58:50 | INFO | f1.console | [[F28_DATA] DEBUG] _start_api_request -> payload={'year': 2025, 'race': 'Australia', 'session': 'R'}
2025-10-05 01:58:50 | INFO | f1.console | 🚨 [BASE_CRITICAL] data_manager.load_data 調用完成
2025-10-05 01:58:50 | INFO | f1.console | [OK] [MODULE_FACTORY] 詳細圈速分析模組初始化成功
2025-10-05 01:58:50 | INFO | f1.console | [TITLE] [FIX] 使用當前參數生成標題: Detailed Lap Analysis - 2025 Australia (2025-03-16) R - VER
2025-10-05 01:58:50 | INFO | f1.console | [LINK] [INIT] Detailed Lap Analysis - 2025 Australia (2025-03-16) R - VER 已找到主視窗引用
2025-10-05 01:58:50 | INFO | f1.console | [SYNC] [INIT] Detailed Lap Analysis - 2025 Australia (2025-03-16) R - VER 已連接模組同步信號
2025-10-05 01:58:50 | INFO | f1.console | [SYNC] [INIT] 進行初始參數同步: 2025 Australia R
2025-10-05 01:58:50 | INFO | f1.console | [LAPTIME_MDI] ========== 更新參數 ==========
2025-10-05 01:58:50 | INFO | f1.console | [LAPTIME_MDI] 參數: 2025 Australia R
2025-10-05 01:58:50 | INFO | f1.console | [LAPTIME_MDI] 車手: VER vs VER
2025-10-05 01:58:50 | INFO | f1.console | [REFRESH] [MODULE] Detailed Lap Analysis - 2025 Australia (2025-03-16) R - VER 參數已更新: {'year': '2025', 'race': 'Australia', 'session': 'R', 'driver1': 'VER', 'driver2': 'VER'}
2025-10-05 01:58:50 | INFO | f1.console | 🚨 [BASE_CRITICAL] _load_data_with_current_parameters 被調用
2025-10-05 01:58:50 | INFO | f1.console | 🚨 [BASE_CRITICAL] self.data_manager = <modules.gui.driver_race.detailed_lap_analysis.driverlap_analysis_mdi.driverLapAnalysisDataManager object at 0x0000018390FB0050>
2025-10-05 01:58:50 | INFO | f1.console | 🚨 [BASE_CRITICAL] type(self.data_manager) = <class 'modules.gui.driver_race.detailed_lap_analysis.driverlap_analysis_mdi.driverLapAnalysisDataManager'>
2025-10-05 01:58:50 | INFO | f1.console | 🚨 [BASE_CRITICAL] 載入參數: {'year': 2025, 'race': 'Australia', 'session': 'R'}
2025-10-05 01:58:50 | INFO | f1.console | 🚨 [BASE_CRITICAL] 添加車手參數: {'year': 2025, 'race': 'Australia', 'session': 'R', 'driver1': 'VER', 'driver2': 'VER'}
2025-10-05 01:58:50 | INFO | f1.console | 🚨 [BASE_CRITICAL] data_manager 是否有 load_data 方法: True
2025-10-05 01:58:50 | INFO | f1.console | 🚨 [BASE_CRITICAL] 調用 data_manager.load_data({'year': 2025, 'race': 'Australia', 'session': 'R', 'driver1': 'VER', 'driver2': 'VER'})
2025-10-05 01:58:50 | INFO | f1.console | [[F28_DATA] DEBUG] _normalize_load_params -> {'year': 2025, 'race': 'Australia', 'session': 'R', 'driver': 'all_drivers', 'selected_driver': 'VER', 'force_refresh': False}
2025-10-05 01:58:50 | INFO | f1.console | [[F28_DATA] DEBUG] load_data: params={'year': 2025, 'race': 'Australia', 'session': 'R', 'driver': 'all_drivers', 'selected_driver': 'VER', 'force_refresh': False}, cached_key=(2025, 'Australia', 'R', 'all_drivers'), is_loading=True, api_enabled=True
2025-10-05 01:58:50 | INFO | f1.console | [[F28_DATA] DEBUG] load_data: already loading, ignore duplicate request
2025-10-05 01:58:50 | INFO | f1.console | 🚨 [BASE_CRITICAL] data_manager.load_data 調用完成
2025-10-05 01:58:50 | INFO | f1.console | [OK] [INIT] PopoutSubWindow 'Detailed Lap Analysis - 2025 Australia (2025-03-16) R - VER' 初始化完成 - 包含調整大小支援
2025-10-05 01:58:50 | INFO | f1.console | [GREEN] 接收同步初始化為啟動狀態
2025-10-05 01:58:50 | INFO | f1.console | [TITLE] [OK] 視窗標題已設置為: Detailed Lap Analysis - 2025 Australia (2025-03-16) R - VER
2025-10-05 01:58:50 | INFO | f1.console | [OK] [MODULE] 使用模組化架構創建視窗: Detailed Lap Analysis - 2025 Australia (2025-03-16) R - VER
2025-10-05 01:58:50 | INFO | f1.console | [OK] [MDI] 已創建MDI子視窗: Detailed Lap Analysis - 2025 Australia (2025-03-16) R - VER
2025-10-05 01:58:50 | INFO | f1.console | [BATCH_ANALYSIS] 批量分析完成，共創建了 7 個分析視窗
2025-10-05 01:58:50 | INFO | f1.console | [[BOXPLOT_DATA] DEBUG] ========== API 成功回調 ==========
2025-10-05 01:58:50 | INFO | f1.console | [[BOXPLOT_DATA] DEBUG] Payload 類型: <class 'dict'>
2025-10-05 01:58:50 | INFO | f1.console | [[BOXPLOT_DATA] DEBUG] Payload 鍵: ['data', 'meta']
2025-10-05 01:58:50 | INFO | f1.console | [[BOXPLOT_DATA] DEBUG] 原始數據類型: <class 'dict'>
2025-10-05 01:58:50 | INFO | f1.console | [[BOXPLOT_DATA] DEBUG] 原始數據鍵: ['success', 'drivers_analyzed', 'year', 'race', 'session', 'analysis_mode', 'analysis_timestamp', 'all_drivers_detailed_laptime', 'metadata', 'file_info']
2025-10-05 01:58:50 | INFO | f1.console | [[BOXPLOT_DATA] DEBUG] ✅ 數據驗證通過
2025-10-05 01:58:50 | INFO | f1.console | [[BOXPLOT_DATA] DEBUG] 成功處理 17 位車手的圈速數據
2025-10-05 01:58:50 | INFO | f1.console | [[BOXPLOT_DATA] DEBUG] 處理後數據類型: <class 'dict'>
2025-10-05 01:58:50 | INFO | f1.console | [[BOXPLOT_DATA] DEBUG] 處理後數據鍵: ['driver_laptimes', 'statistics', 'metadata']
2025-10-05 01:58:50 | INFO | f1.console | [[BOXPLOT_DATA] DEBUG] 車手數量: 17
2025-10-05 01:58:50 | INFO | f1.console | [[BOXPLOT_DATA] DEBUG] 準備發出 data_loaded 信號...
2025-10-05 01:58:50 | INFO | f1.console | [LAPTIME_BOXPLOT_MDI] 📊 更新圖表數據
2025-10-05 01:58:50 | INFO | f1.console | [LAPTIME_BOXPLOT_MDI]    - 組件類型: <class 'modules.gui.driver_race.lap_box_plot_analysis.lap_box_plot_chart_widget.LapTimeBoxPlotChartWidget'>
2025-10-05 01:58:50 | INFO | f1.console | [LAPTIME_BOXPLOT_MDI]    - 組件模組: modules.gui.driver_race.lap_box_plot_analysis.lap_box_plot_chart_widget
2025-10-05 01:58:50 | INFO | f1.console | [LAPTIME_BOXPLOT_MDI]    - 有 update_data: True
2025-10-05 01:58:50 | INFO | f1.console | [LAPTIME_BOXPLOT_MDI]    - 有 set_data: False
2025-10-05 01:58:50 | INFO | f1.console | [LAPTIME_BOXPLOT_MDI] ✅ 使用 update_data 方法
2025-10-05 01:58:50 | INFO | f1.console | [LAPTIME_BOXPLOT_MDI]    - update_data 方法來源: <function LapTimeBoxPlotChartWidget.update_data at 0x0000018390FB9B20>
2025-10-05 01:58:50 | INFO | f1.console | [BOXPLOT_CHART] 更新數據: 17 位車手
2025-10-05 01:58:50 | INFO | f1.console | [TOOLBAR_STATUS] 已更新: Lap Time Box Plot |  |  | 
2025-10-05 01:58:50 | INFO | f1.console | [LAPTIME_BOXPLOT_MDI] 已更新工具欄狀態: Lap Time Box Plot
2025-10-05 01:58:50 | INFO | f1.console | [[BOXPLOT_DATA] DEBUG] ✅ data_loaded 信號已發出
2025-10-05 01:58:50 | INFO | f1.console | [[BOXPLOT_DATA] DEBUG] ========== API 成功回調結束 ==========
2025-10-05 01:58:50 | ERROR | f1.console | [TIRE_CHART] 檢測到錯誤 end_lap: driver=ALB, start=3, end=3
2025-10-05 01:58:50 | INFO | f1.console | [TIRE_CHART] 使用 length 修正: driver=ALB, length=1, 新end=3
2025-10-05 01:58:50 | INFO | f1.console | [TIRE_CHART] 強制最小值: driver=ALB, 最終end=8
2025-10-05 01:58:50 | ERROR | f1.console | [TIRE_CHART] 檢測到錯誤 end_lap: driver=ALB, start=4, end=4
2025-10-05 01:58:50 | INFO | f1.console | [TIRE_CHART] 使用 length 修正: driver=ALB, length=1, 新end=4
2025-10-05 01:58:50 | INFO | f1.console | [TIRE_CHART] 強制最小值: driver=ALB, 最終end=9
2025-10-05 01:58:50 | ERROR | f1.console | [TIRE_CHART] 檢測到錯誤 end_lap: driver=ALO, start=3, end=3
2025-10-05 01:58:50 | INFO | f1.console | [TIRE_CHART] 使用 length 修正: driver=ALO, length=1, 新end=3
2025-10-05 01:58:50 | INFO | f1.console | [TIRE_CHART] 強制最小值: driver=ALO, 最終end=8
2025-10-05 01:58:50 | ERROR | f1.console | [TIRE_CHART] 檢測到錯誤 end_lap: driver=ALO, start=4, end=4
2025-10-05 01:58:50 | INFO | f1.console | [TIRE_CHART] 使用 length 修正: driver=ALO, length=1, 新end=4
2025-10-05 01:58:50 | INFO | f1.console | [TIRE_CHART] 強制最小值: driver=ALO, 最終end=9
2025-10-05 01:58:50 | ERROR | f1.console | [TIRE_CHART] 檢測到錯誤 end_lap: driver=ANT, start=3, end=3
2025-10-05 01:58:50 | INFO | f1.console | [TIRE_CHART] 使用 length 修正: driver=ANT, length=1, 新end=3
2025-10-05 01:58:50 | INFO | f1.console | [TIRE_CHART] 強制最小值: driver=ANT, 最終end=8
2025-10-05 01:58:50 | ERROR | f1.console | [TIRE_CHART] 檢測到錯誤 end_lap: driver=ANT, start=4, end=4
2025-10-05 01:58:50 | INFO | f1.console | [TIRE_CHART] 使用 length 修正: driver=ANT, length=1, 新end=4
2025-10-05 01:58:50 | INFO | f1.console | [TIRE_CHART] 強制最小值: driver=ANT, 最終end=9
2025-10-05 01:58:50 | ERROR | f1.console | [TIRE_CHART] 檢測到錯誤 end_lap: driver=BEA, start=3, end=3
2025-10-05 01:58:50 | INFO | f1.console | [TIRE_CHART] 使用 length 修正: driver=BEA, length=1, 新end=3
2025-10-05 01:58:50 | INFO | f1.console | [TIRE_CHART] 強制最小值: driver=BEA, 最終end=8
2025-10-05 01:58:50 | ERROR | f1.console | [TIRE_CHART] 檢測到錯誤 end_lap: driver=BEA, start=4, end=4
2025-10-05 01:58:50 | INFO | f1.console | [TIRE_CHART] 使用 length 修正: driver=BEA, length=1, 新end=4
2025-10-05 01:58:50 | INFO | f1.console | [TIRE_CHART] 強制最小值: driver=BEA, 最終end=9
2025-10-05 01:58:50 | ERROR | f1.console | [TIRE_CHART] 檢測到錯誤 end_lap: driver=BOR, start=3, end=3
2025-10-05 01:58:50 | INFO | f1.console | [TIRE_CHART] 使用 length 修正: driver=BOR, length=1, 新end=3
2025-10-05 01:58:50 | INFO | f1.console | [TIRE_CHART] 強制最小值: driver=BOR, 最終end=8
2025-10-05 01:58:50 | ERROR | f1.console | [TIRE_CHART] 檢測到錯誤 end_lap: driver=BOR, start=4, end=4
2025-10-05 01:58:50 | INFO | f1.console | [TIRE_CHART] 使用 length 修正: driver=BOR, length=1, 新end=4
2025-10-05 01:58:50 | INFO | f1.console | [TIRE_CHART] 強制最小值: driver=BOR, 最終end=9
2025-10-05 01:58:50 | ERROR | f1.console | [TIRE_CHART] 檢測到錯誤 end_lap: driver=DOO, start=1, end=1
2025-10-05 01:58:50 | INFO | f1.console | [TIRE_CHART] 使用 length 修正: driver=DOO, length=1, 新end=1
2025-10-05 01:58:50 | INFO | f1.console | [TIRE_CHART] 強制最小值: driver=DOO, 最終end=6
2025-10-05 01:58:50 | ERROR | f1.console | [TIRE_CHART] 檢測到錯誤 end_lap: driver=GAS, start=3, end=3
2025-10-05 01:58:50 | INFO | f1.console | [TIRE_CHART] 使用 length 修正: driver=GAS, length=1, 新end=3
2025-10-05 01:58:50 | INFO | f1.console | [TIRE_CHART] 強制最小值: driver=GAS, 最終end=8
2025-10-05 01:58:50 | ERROR | f1.console | [TIRE_CHART] 檢測到錯誤 end_lap: driver=GAS, start=4, end=4
2025-10-05 01:58:50 | INFO | f1.console | [TIRE_CHART] 使用 length 修正: driver=GAS, length=1, 新end=4
2025-10-05 01:58:50 | INFO | f1.console | [TIRE_CHART] 強制最小值: driver=GAS, 最終end=9
2025-10-05 01:58:50 | ERROR | f1.console | [TIRE_CHART] 檢測到錯誤 end_lap: driver=HAD, start=1, end=1
2025-10-05 01:58:50 | INFO | f1.console | [TIRE_CHART] 使用 length 修正: driver=HAD, length=1, 新end=1
2025-10-05 01:58:50 | INFO | f1.console | [TIRE_CHART] 強制最小值: driver=HAD, 最終end=6
2025-10-05 01:58:50 | ERROR | f1.console | [TIRE_CHART] 檢測到錯誤 end_lap: driver=HAM, start=3, end=3
2025-10-05 01:58:50 | INFO | f1.console | [TIRE_CHART] 使用 length 修正: driver=HAM, length=1, 新end=3
2025-10-05 01:58:50 | INFO | f1.console | [TIRE_CHART] 強制最小值: driver=HAM, 最終end=8
2025-10-05 01:58:50 | ERROR | f1.console | [TIRE_CHART] 檢測到錯誤 end_lap: driver=HAM, start=4, end=4
2025-10-05 01:58:50 | INFO | f1.console | [TIRE_CHART] 使用 length 修正: driver=HAM, length=1, 新end=4
2025-10-05 01:58:50 | INFO | f1.console | [TIRE_CHART] 強制最小值: driver=HAM, 最終end=9
2025-10-05 01:58:50 | ERROR | f1.console | [TIRE_CHART] 檢測到錯誤 end_lap: driver=HUL, start=3, end=3
2025-10-05 01:58:50 | INFO | f1.console | [TIRE_CHART] 使用 length 修正: driver=HUL, length=1, 新end=3
2025-10-05 01:58:50 | INFO | f1.console | [TIRE_CHART] 強制最小值: driver=HUL, 最終end=8
2025-10-05 01:58:50 | ERROR | f1.console | [TIRE_CHART] 檢測到錯誤 end_lap: driver=HUL, start=4, end=4
2025-10-05 01:58:50 | INFO | f1.console | [TIRE_CHART] 使用 length 修正: driver=HUL, length=1, 新end=4
2025-10-05 01:58:50 | INFO | f1.console | [TIRE_CHART] 強制最小值: driver=HUL, 最終end=9
2025-10-05 01:58:50 | ERROR | f1.console | [TIRE_CHART] 檢測到錯誤 end_lap: driver=LAW, start=3, end=3
2025-10-05 01:58:50 | INFO | f1.console | [TIRE_CHART] 使用 length 修正: driver=LAW, length=1, 新end=3
2025-10-05 01:58:50 | INFO | f1.console | [TIRE_CHART] 強制最小值: driver=LAW, 最終end=8
2025-10-05 01:58:50 | ERROR | f1.console | [TIRE_CHART] 檢測到錯誤 end_lap: driver=LAW, start=4, end=4
2025-10-05 01:58:50 | INFO | f1.console | [TIRE_CHART] 使用 length 修正: driver=LAW, length=1, 新end=4
2025-10-05 01:58:50 | INFO | f1.console | [TIRE_CHART] 強制最小值: driver=LAW, 最終end=9
2025-10-05 01:58:50 | ERROR | f1.console | [TIRE_CHART] 檢測到錯誤 end_lap: driver=LEC, start=3, end=3
2025-10-05 01:58:50 | INFO | f1.console | [TIRE_CHART] 使用 length 修正: driver=LEC, length=1, 新end=3
2025-10-05 01:58:50 | INFO | f1.console | [TIRE_CHART] 強制最小值: driver=LEC, 最終end=8
2025-10-05 01:58:50 | ERROR | f1.console | [TIRE_CHART] 檢測到錯誤 end_lap: driver=LEC, start=4, end=4
2025-10-05 01:58:50 | INFO | f1.console | [TIRE_CHART] 使用 length 修正: driver=LEC, length=1, 新end=4
2025-10-05 01:58:50 | INFO | f1.console | [TIRE_CHART] 強制最小值: driver=LEC, 最終end=9
2025-10-05 01:58:50 | ERROR | f1.console | [TIRE_CHART] 檢測到錯誤 end_lap: driver=NOR, start=3, end=3
2025-10-05 01:58:50 | INFO | f1.console | [TIRE_CHART] 使用 length 修正: driver=NOR, length=1, 新end=3
2025-10-05 01:58:50 | INFO | f1.console | [TIRE_CHART] 強制最小值: driver=NOR, 最終end=8
2025-10-05 01:58:50 | ERROR | f1.console | [TIRE_CHART] 檢測到錯誤 end_lap: driver=NOR, start=4, end=4
2025-10-05 01:58:50 | INFO | f1.console | [TIRE_CHART] 使用 length 修正: driver=NOR, length=1, 新end=4
2025-10-05 01:58:50 | INFO | f1.console | [TIRE_CHART] 強制最小值: driver=NOR, 最終end=9
2025-10-05 01:58:50 | ERROR | f1.console | [TIRE_CHART] 檢測到錯誤 end_lap: driver=OCO, start=3, end=3
2025-10-05 01:58:50 | INFO | f1.console | [TIRE_CHART] 使用 length 修正: driver=OCO, length=1, 新end=3
2025-10-05 01:58:50 | INFO | f1.console | [TIRE_CHART] 強制最小值: driver=OCO, 最終end=8
2025-10-05 01:58:50 | ERROR | f1.console | [TIRE_CHART] 檢測到錯誤 end_lap: driver=OCO, start=4, end=4
2025-10-05 01:58:50 | INFO | f1.console | [TIRE_CHART] 使用 length 修正: driver=OCO, length=1, 新end=4
2025-10-05 01:58:50 | INFO | f1.console | [TIRE_CHART] 強制最小值: driver=OCO, 最終end=9
2025-10-05 01:58:50 | ERROR | f1.console | [TIRE_CHART] 檢測到錯誤 end_lap: driver=PIA, start=3, end=3
2025-10-05 01:58:50 | INFO | f1.console | [TIRE_CHART] 使用 length 修正: driver=PIA, length=1, 新end=3
2025-10-05 01:58:50 | INFO | f1.console | [TIRE_CHART] 強制最小值: driver=PIA, 最終end=8
2025-10-05 01:58:50 | ERROR | f1.console | [TIRE_CHART] 檢測到錯誤 end_lap: driver=PIA, start=4, end=4
2025-10-05 01:58:50 | INFO | f1.console | [TIRE_CHART] 使用 length 修正: driver=PIA, length=1, 新end=4
2025-10-05 01:58:50 | INFO | f1.console | [TIRE_CHART] 強制最小值: driver=PIA, 最終end=9
2025-10-05 01:58:50 | ERROR | f1.console | [TIRE_CHART] 檢測到錯誤 end_lap: driver=RUS, start=3, end=3
2025-10-05 01:58:50 | INFO | f1.console | [TIRE_CHART] 使用 length 修正: driver=RUS, length=1, 新end=3
2025-10-05 01:58:50 | INFO | f1.console | [TIRE_CHART] 強制最小值: driver=RUS, 最終end=8
2025-10-05 01:58:50 | ERROR | f1.console | [TIRE_CHART] 檢測到錯誤 end_lap: driver=RUS, start=4, end=4
2025-10-05 01:58:50 | INFO | f1.console | [TIRE_CHART] 使用 length 修正: driver=RUS, length=1, 新end=4
2025-10-05 01:58:50 | INFO | f1.console | [TIRE_CHART] 強制最小值: driver=RUS, 最終end=9
2025-10-05 01:58:50 | ERROR | f1.console | [TIRE_CHART] 檢測到錯誤 end_lap: driver=SAI, start=1, end=1
2025-10-05 01:58:50 | INFO | f1.console | [TIRE_CHART] 使用 length 修正: driver=SAI, length=1, 新end=1
2025-10-05 01:58:50 | INFO | f1.console | [TIRE_CHART] 強制最小值: driver=SAI, 最終end=6
2025-10-05 01:58:50 | ERROR | f1.console | [TIRE_CHART] 檢測到錯誤 end_lap: driver=STR, start=3, end=3
2025-10-05 01:58:50 | INFO | f1.console | [TIRE_CHART] 使用 length 修正: driver=STR, length=1, 新end=3
2025-10-05 01:58:50 | INFO | f1.console | [TIRE_CHART] 強制最小值: driver=STR, 最終end=8
2025-10-05 01:58:50 | ERROR | f1.console | [TIRE_CHART] 檢測到錯誤 end_lap: driver=STR, start=4, end=4
2025-10-05 01:58:50 | INFO | f1.console | [TIRE_CHART] 使用 length 修正: driver=STR, length=1, 新end=4
2025-10-05 01:58:50 | INFO | f1.console | [TIRE_CHART] 強制最小值: driver=STR, 最終end=9
2025-10-05 01:58:50 | ERROR | f1.console | [TIRE_CHART] 檢測到錯誤 end_lap: driver=TSU, start=3, end=3
2025-10-05 01:58:50 | INFO | f1.console | [TIRE_CHART] 使用 length 修正: driver=TSU, length=1, 新end=3
2025-10-05 01:58:50 | INFO | f1.console | [TIRE_CHART] 強制最小值: driver=TSU, 最終end=8
2025-10-05 01:58:50 | ERROR | f1.console | [TIRE_CHART] 檢測到錯誤 end_lap: driver=TSU, start=4, end=4
2025-10-05 01:58:50 | INFO | f1.console | [TIRE_CHART] 使用 length 修正: driver=TSU, length=1, 新end=4
2025-10-05 01:58:50 | INFO | f1.console | [TIRE_CHART] 強制最小值: driver=TSU, 最終end=9
2025-10-05 01:58:50 | ERROR | f1.console | [TIRE_CHART] 檢測到錯誤 end_lap: driver=VER, start=3, end=3
2025-10-05 01:58:50 | INFO | f1.console | [TIRE_CHART] 使用 length 修正: driver=VER, length=1, 新end=3
2025-10-05 01:58:50 | INFO | f1.console | [TIRE_CHART] 強制最小值: driver=VER, 最終end=8
2025-10-05 01:58:50 | ERROR | f1.console | [TIRE_CHART] 檢測到錯誤 end_lap: driver=VER, start=4, end=4
2025-10-05 01:58:50 | INFO | f1.console | [TIRE_CHART] 使用 length 修正: driver=VER, length=1, 新end=4
2025-10-05 01:58:50 | INFO | f1.console | [TIRE_CHART] 強制最小值: driver=VER, 最終end=9
2025-10-05 01:58:50 | INFO | f1.console | [ACCEL_DEBUG] 繪製曲線:
2025-10-05 01:58:50 | INFO | f1.console |   距離範圍: -0.0 - 5288.3 (範圍: 5288.4)
2025-10-05 01:58:50 | INFO | f1.console |   加速度範圍: -37.23 - 23.95 (範圍: 61.18)
2025-10-05 01:58:50 | INFO | f1.console |   圖表區域: 1066 x 704
2025-10-05 01:58:50 | INFO | f1.console |   車手1數據點: 500, 車手2數據點: 0
2025-10-05 01:58:50 | INFO | f1.console | [[F28_DATA] DEBUG] _on_api_success: 接收到 API 回應
2025-10-05 01:58:50 | INFO | f1.console | [F28_DATA] 處理 Function 28 格式數據：20 個車手
2025-10-05 01:58:50 | INFO | f1.console | [LAPTIME_MDI] 📊 更新圖表數據
2025-10-05 01:58:50 | INFO | f1.console | [LAPTIME_MDI]    - 組件類型: <class 'modules.gui.driver_race.detailed_lap_analysis.driverlap_analysis_chart_widget.driverLapAnalysisChartWidget'>
2025-10-05 01:58:50 | INFO | f1.console | [LAPTIME_MDI]    - 組件模組: modules.gui.driver_race.detailed_lap_analysis.driverlap_analysis_chart_widget
2025-10-05 01:58:50 | INFO | f1.console | [LAPTIME_MDI]    - 有 update_data: True
2025-10-05 01:58:50 | INFO | f1.console | [LAPTIME_MDI]    - 有 set_data: True
2025-10-05 01:58:50 | INFO | f1.console | [LAPTIME_MDI] ✅ 使用 update_data 方法
2025-10-05 01:58:50 | INFO | f1.console | [LAPTIME_MDI]    - update_data 方法來源: <function driverLapAnalysisChartWidget.update_data at 0x000001838B75C900>
2025-10-05 01:58:50 | INFO | f1.console | [LAPTIME_CHART] 收到數據更新
2025-10-05 01:58:50 | INFO | f1.console | [LAPTIME_CHART] 數據類型: <class 'dict'>
2025-10-05 01:58:50 | INFO | f1.console | [LAPTIME_CHART] 數據鍵: ['metadata', 'drivers_analyzed', 'all_drivers_detailed_laptime', 'detailed_laptime_analysis', 'raw_data']
2025-10-05 01:58:50 | INFO | f1.console | [LAPTIME_CHART] 可用車手: ['VER', 'GAS', 'ANT', 'ALO', 'LEC', 'STR', 'TSU', 'ALB', 'HUL', 'LAW', 'OCO', 'NOR', 'HAM', 'BOR', 'SAI', 'HAD', 'RUS', 'DOO', 'PIA', 'BEA']
2025-10-05 01:58:50 | INFO | f1.console | [DRIVER_SELECTION] 🔄 更新車手列表: ['VER', 'GAS', 'ANT', 'ALO', 'LEC', 'STR', 'TSU', 'ALB', 'HUL', 'LAW', 'OCO', 'NOR', 'HAM', 'BOR', 'SAI', 'HAD', 'RUS', 'DOO', 'PIA', 'BEA']
2025-10-05 01:58:50 | INFO | f1.console | [DRIVER_SELECTION] 🎯 自動選擇前3位車手
2025-10-05 01:58:50 | INFO | f1.console | [DRIVER_SELECTION]   - 車手 1: VER
2025-10-05 01:58:50 | INFO | f1.console | [DRIVER_SELECTION]   - 車手 2: GAS
2025-10-05 01:58:50 | INFO | f1.console | [DRIVER_SELECTION]   - 車手 3: ANT
2025-10-05 01:58:50 | INFO | f1.console | [LAPTIME_CHART] 車手選擇變更: ['VER', 'GAS', 'ANT']
2025-10-05 01:58:50 | INFO | f1.console | [LAPTIME_CHART] 更新圖表，選中車手: ['VER', 'GAS', 'ANT']
2025-10-05 01:58:50 | INFO | f1.console | [LAPTIME_CHART_WIDGET] 圈 43 找到標記: ['F']
2025-10-05 01:58:50 | INFO | f1.console | [LAPTIME_CHART] VER: filtered 1 pit laps, 19 caution laps
2025-10-05 01:58:50 | INFO | f1.console | [LAPTIME_CHART_WIDGET] 圈 43 找到標記: ['F']
2025-10-05 01:58:50 | INFO | f1.console | [LAPTIME_CHART] GAS: filtered 1 pit laps, 20 caution laps
2025-10-05 01:58:50 | INFO | f1.console | [LAPTIME_CHART_WIDGET] 圈 43 找到標記: ['F']
2025-10-05 01:58:50 | INFO | f1.console | [LAPTIME_CHART] ANT: filtered 0 pit laps, 20 caution laps
2025-10-05 01:58:50 | INFO | f1.console | [LAPTIME_CHART_WIDGET] 更新數據系列，系列數: 3
2025-10-05 01:58:50 | INFO | f1.console | [LAPTIME_CHART_WIDGET]   - VER: 33 數據點
2025-10-05 01:58:50 | INFO | f1.console | [LAPTIME_CHART_WIDGET]   - GAS: 33 數據點
2025-10-05 01:58:50 | INFO | f1.console | [LAPTIME_CHART_WIDGET]   - ANT: 34 數據點
2025-10-05 01:58:50 | INFO | f1.console | [DRIVER_SELECTION] ✅ 車手列表更新完成，總車手數: 20
2025-10-05 01:58:50 | INFO | f1.console | [DRIVER_SELECTION] 當前選擇: ['VER', 'GAS', 'ANT']
2025-10-05 01:58:50 | INFO | f1.console | [LAPTIME_CHART] 更新圖表，選中車手: ['VER', 'GAS', 'ANT']
2025-10-05 01:58:50 | INFO | f1.console | [LAPTIME_CHART_WIDGET] 圈 43 找到標記: ['F']
2025-10-05 01:58:50 | INFO | f1.console | [LAPTIME_CHART] VER: filtered 1 pit laps, 19 caution laps
2025-10-05 01:58:50 | INFO | f1.console | [LAPTIME_CHART_WIDGET] 圈 43 找到標記: ['F']
2025-10-05 01:58:50 | INFO | f1.console | [LAPTIME_CHART] GAS: filtered 1 pit laps, 20 caution laps
2025-10-05 01:58:50 | INFO | f1.console | [LAPTIME_CHART_WIDGET] 圈 43 找到標記: ['F']
2025-10-05 01:58:50 | INFO | f1.console | [LAPTIME_CHART] ANT: filtered 0 pit laps, 20 caution laps
2025-10-05 01:58:50 | INFO | f1.console | [LAPTIME_CHART_WIDGET] 更新數據系列，系列數: 3
2025-10-05 01:58:50 | INFO | f1.console | [LAPTIME_CHART_WIDGET]   - VER: 33 數據點
2025-10-05 01:58:50 | INFO | f1.console | [LAPTIME_CHART_WIDGET]   - GAS: 33 數據點
2025-10-05 01:58:50 | INFO | f1.console | [LAPTIME_CHART_WIDGET]   - ANT: 34 數據點
2025-10-05 01:58:50 | ERROR | f1.console | [TIRE_CHART] 檢測到錯誤 end_lap: driver=ALB, start=3, end=3
2025-10-05 01:58:50 | INFO | f1.console | [TIRE_CHART] 使用 length 修正: driver=ALB, length=1, 新end=3
2025-10-05 01:58:50 | INFO | f1.console | [TIRE_CHART] 強制最小值: driver=ALB, 最終end=8
2025-10-05 01:58:50 | ERROR | f1.console | [TIRE_CHART] 檢測到錯誤 end_lap: driver=ALB, start=4, end=4
2025-10-05 01:58:50 | INFO | f1.console | [TIRE_CHART] 使用 length 修正: driver=ALB, length=1, 新end=4
2025-10-05 01:58:50 | INFO | f1.console | [TIRE_CHART] 強制最小值: driver=ALB, 最終end=9
2025-10-05 01:58:50 | ERROR | f1.console | [TIRE_CHART] 檢測到錯誤 end_lap: driver=ALO, start=3, end=3
2025-10-05 01:58:50 | INFO | f1.console | [TIRE_CHART] 使用 length 修正: driver=ALO, length=1, 新end=3
2025-10-05 01:58:50 | INFO | f1.console | [TIRE_CHART] 強制最小值: driver=ALO, 最終end=8
2025-10-05 01:58:50 | ERROR | f1.console | [TIRE_CHART] 檢測到錯誤 end_lap: driver=ALO, start=4, end=4
2025-10-05 01:58:50 | INFO | f1.console | [TIRE_CHART] 使用 length 修正: driver=ALO, length=1, 新end=4
2025-10-05 01:58:50 | INFO | f1.console | [TIRE_CHART] 強制最小值: driver=ALO, 最終end=9
2025-10-05 01:58:50 | ERROR | f1.console | [TIRE_CHART] 檢測到錯誤 end_lap: driver=ANT, start=3, end=3
2025-10-05 01:58:50 | INFO | f1.console | [TIRE_CHART] 使用 length 修正: driver=ANT, length=1, 新end=3
2025-10-05 01:58:50 | INFO | f1.console | [TIRE_CHART] 強制最小值: driver=ANT, 最終end=8
2025-10-05 01:58:50 | ERROR | f1.console | [TIRE_CHART] 檢測到錯誤 end_lap: driver=ANT, start=4, end=4
2025-10-05 01:58:50 | INFO | f1.console | [TIRE_CHART] 使用 length 修正: driver=ANT, length=1, 新end=4
2025-10-05 01:58:50 | INFO | f1.console | [TIRE_CHART] 強制最小值: driver=ANT, 最終end=9
2025-10-05 01:58:50 | ERROR | f1.console | [TIRE_CHART] 檢測到錯誤 end_lap: driver=BEA, start=3, end=3
2025-10-05 01:58:50 | INFO | f1.console | [TIRE_CHART] 使用 length 修正: driver=BEA, length=1, 新end=3
2025-10-05 01:58:50 | INFO | f1.console | [TIRE_CHART] 強制最小值: driver=BEA, 最終end=8
2025-10-05 01:58:50 | ERROR | f1.console | [TIRE_CHART] 檢測到錯誤 end_lap: driver=BEA, start=4, end=4
2025-10-05 01:58:50 | INFO | f1.console | [TIRE_CHART] 使用 length 修正: driver=BEA, length=1, 新end=4
2025-10-05 01:58:50 | INFO | f1.console | [TIRE_CHART] 強制最小值: driver=BEA, 最終end=9
2025-10-05 01:58:50 | ERROR | f1.console | [TIRE_CHART] 檢測到錯誤 end_lap: driver=BOR, start=3, end=3
2025-10-05 01:58:50 | INFO | f1.console | [TIRE_CHART] 使用 length 修正: driver=BOR, length=1, 新end=3
2025-10-05 01:58:50 | INFO | f1.console | [TIRE_CHART] 強制最小值: driver=BOR, 最終end=8
2025-10-05 01:58:50 | ERROR | f1.console | [TIRE_CHART] 檢測到錯誤 end_lap: driver=BOR, start=4, end=4
2025-10-05 01:58:50 | INFO | f1.console | [TIRE_CHART] 使用 length 修正: driver=BOR, length=1, 新end=4
2025-10-05 01:58:50 | INFO | f1.console | [TIRE_CHART] 強制最小值: driver=BOR, 最終end=9
2025-10-05 01:58:50 | ERROR | f1.console | [TIRE_CHART] 檢測到錯誤 end_lap: driver=DOO, start=1, end=1
2025-10-05 01:58:50 | INFO | f1.console | [TIRE_CHART] 使用 length 修正: driver=DOO, length=1, 新end=1
2025-10-05 01:58:50 | INFO | f1.console | [TIRE_CHART] 強制最小值: driver=DOO, 最終end=6
2025-10-05 01:58:50 | ERROR | f1.console | [TIRE_CHART] 檢測到錯誤 end_lap: driver=GAS, start=3, end=3
2025-10-05 01:58:50 | INFO | f1.console | [TIRE_CHART] 使用 length 修正: driver=GAS, length=1, 新end=3
2025-10-05 01:58:50 | INFO | f1.console | [TIRE_CHART] 強制最小值: driver=GAS, 最終end=8
2025-10-05 01:58:50 | ERROR | f1.console | [TIRE_CHART] 檢測到錯誤 end_lap: driver=GAS, start=4, end=4
2025-10-05 01:58:50 | INFO | f1.console | [TIRE_CHART] 使用 length 修正: driver=GAS, length=1, 新end=4
2025-10-05 01:58:50 | INFO | f1.console | [TIRE_CHART] 強制最小值: driver=GAS, 最終end=9
2025-10-05 01:58:50 | ERROR | f1.console | [TIRE_CHART] 檢測到錯誤 end_lap: driver=HAD, start=1, end=1
2025-10-05 01:58:50 | INFO | f1.console | [TIRE_CHART] 使用 length 修正: driver=HAD, length=1, 新end=1
2025-10-05 01:58:50 | INFO | f1.console | [TIRE_CHART] 強制最小值: driver=HAD, 最終end=6
2025-10-05 01:58:50 | ERROR | f1.console | [TIRE_CHART] 檢測到錯誤 end_lap: driver=HAM, start=3, end=3
2025-10-05 01:58:50 | INFO | f1.console | [TIRE_CHART] 使用 length 修正: driver=HAM, length=1, 新end=3
2025-10-05 01:58:50 | INFO | f1.console | [TIRE_CHART] 強制最小值: driver=HAM, 最終end=8
2025-10-05 01:58:50 | ERROR | f1.console | [TIRE_CHART] 檢測到錯誤 end_lap: driver=HAM, start=4, end=4
2025-10-05 01:58:50 | INFO | f1.console | [TIRE_CHART] 使用 length 修正: driver=HAM, length=1, 新end=4
2025-10-05 01:58:50 | INFO | f1.console | [TIRE_CHART] 強制最小值: driver=HAM, 最終end=9
2025-10-05 01:58:50 | ERROR | f1.console | [TIRE_CHART] 檢測到錯誤 end_lap: driver=HUL, start=3, end=3
2025-10-05 01:58:50 | INFO | f1.console | [TIRE_CHART] 使用 length 修正: driver=HUL, length=1, 新end=3
2025-10-05 01:58:50 | INFO | f1.console | [TIRE_CHART] 強制最小值: driver=HUL, 最終end=8
2025-10-05 01:58:50 | ERROR | f1.console | [TIRE_CHART] 檢測到錯誤 end_lap: driver=HUL, start=4, end=4
2025-10-05 01:58:50 | INFO | f1.console | [TIRE_CHART] 使用 length 修正: driver=HUL, length=1, 新end=4
2025-10-05 01:58:50 | INFO | f1.console | [TIRE_CHART] 強制最小值: driver=HUL, 最終end=9
2025-10-05 01:58:50 | ERROR | f1.console | [TIRE_CHART] 檢測到錯誤 end_lap: driver=LAW, start=3, end=3
2025-10-05 01:58:50 | INFO | f1.console | [TIRE_CHART] 使用 length 修正: driver=LAW, length=1, 新end=3
2025-10-05 01:58:50 | INFO | f1.console | [TIRE_CHART] 強制最小值: driver=LAW, 最終end=8
2025-10-05 01:58:50 | ERROR | f1.console | [TIRE_CHART] 檢測到錯誤 end_lap: driver=LAW, start=4, end=4
2025-10-05 01:58:50 | INFO | f1.console | [TIRE_CHART] 使用 length 修正: driver=LAW, length=1, 新end=4
2025-10-05 01:58:50 | INFO | f1.console | [TIRE_CHART] 強制最小值: driver=LAW, 最終end=9
2025-10-05 01:58:50 | ERROR | f1.console | [TIRE_CHART] 檢測到錯誤 end_lap: driver=LEC, start=3, end=3
2025-10-05 01:58:50 | INFO | f1.console | [TIRE_CHART] 使用 length 修正: driver=LEC, length=1, 新end=3
2025-10-05 01:58:50 | INFO | f1.console | [TIRE_CHART] 強制最小值: driver=LEC, 最終end=8
2025-10-05 01:58:50 | ERROR | f1.console | [TIRE_CHART] 檢測到錯誤 end_lap: driver=LEC, start=4, end=4
2025-10-05 01:58:50 | INFO | f1.console | [TIRE_CHART] 使用 length 修正: driver=LEC, length=1, 新end=4
2025-10-05 01:58:50 | INFO | f1.console | [TIRE_CHART] 強制最小值: driver=LEC, 最終end=9
2025-10-05 01:58:50 | ERROR | f1.console | [TIRE_CHART] 檢測到錯誤 end_lap: driver=NOR, start=3, end=3
2025-10-05 01:58:50 | INFO | f1.console | [TIRE_CHART] 使用 length 修正: driver=NOR, length=1, 新end=3
2025-10-05 01:58:50 | INFO | f1.console | [TIRE_CHART] 強制最小值: driver=NOR, 最終end=8
2025-10-05 01:58:50 | ERROR | f1.console | [TIRE_CHART] 檢測到錯誤 end_lap: driver=NOR, start=4, end=4
2025-10-05 01:58:50 | INFO | f1.console | [TIRE_CHART] 使用 length 修正: driver=NOR, length=1, 新end=4
2025-10-05 01:58:50 | INFO | f1.console | [TIRE_CHART] 強制最小值: driver=NOR, 最終end=9
2025-10-05 01:58:50 | ERROR | f1.console | [TIRE_CHART] 檢測到錯誤 end_lap: driver=OCO, start=3, end=3
2025-10-05 01:58:50 | INFO | f1.console | [TIRE_CHART] 使用 length 修正: driver=OCO, length=1, 新end=3
2025-10-05 01:58:50 | INFO | f1.console | [TIRE_CHART] 強制最小值: driver=OCO, 最終end=8
2025-10-05 01:58:50 | ERROR | f1.console | [TIRE_CHART] 檢測到錯誤 end_lap: driver=OCO, start=4, end=4
2025-10-05 01:58:50 | INFO | f1.console | [TIRE_CHART] 使用 length 修正: driver=OCO, length=1, 新end=4
2025-10-05 01:58:50 | INFO | f1.console | [TIRE_CHART] 強制最小值: driver=OCO, 最終end=9
2025-10-05 01:58:50 | ERROR | f1.console | [TIRE_CHART] 檢測到錯誤 end_lap: driver=PIA, start=3, end=3
2025-10-05 01:58:50 | INFO | f1.console | [TIRE_CHART] 使用 length 修正: driver=PIA, length=1, 新end=3
2025-10-05 01:58:50 | INFO | f1.console | [TIRE_CHART] 強制最小值: driver=PIA, 最終end=8
2025-10-05 01:58:50 | ERROR | f1.console | [TIRE_CHART] 檢測到錯誤 end_lap: driver=PIA, start=4, end=4
2025-10-05 01:58:50 | INFO | f1.console | [TIRE_CHART] 使用 length 修正: driver=PIA, length=1, 新end=4
2025-10-05 01:58:50 | INFO | f1.console | [TIRE_CHART] 強制最小值: driver=PIA, 最終end=9
2025-10-05 01:58:50 | ERROR | f1.console | [TIRE_CHART] 檢測到錯誤 end_lap: driver=RUS, start=3, end=3
2025-10-05 01:58:50 | INFO | f1.console | [TIRE_CHART] 使用 length 修正: driver=RUS, length=1, 新end=3
2025-10-05 01:58:50 | INFO | f1.console | [TIRE_CHART] 強制最小值: driver=RUS, 最終end=8
2025-10-05 01:58:50 | ERROR | f1.console | [TIRE_CHART] 檢測到錯誤 end_lap: driver=RUS, start=4, end=4
2025-10-05 01:58:50 | INFO | f1.console | [TIRE_CHART] 使用 length 修正: driver=RUS, length=1, 新end=4
2025-10-05 01:58:50 | INFO | f1.console | [TIRE_CHART] 強制最小值: driver=RUS, 最終end=9
2025-10-05 01:58:50 | ERROR | f1.console | [TIRE_CHART] 檢測到錯誤 end_lap: driver=SAI, start=1, end=1
2025-10-05 01:58:50 | INFO | f1.console | [TIRE_CHART] 使用 length 修正: driver=SAI, length=1, 新end=1
2025-10-05 01:58:50 | INFO | f1.console | [TIRE_CHART] 強制最小值: driver=SAI, 最終end=6
2025-10-05 01:58:50 | ERROR | f1.console | [TIRE_CHART] 檢測到錯誤 end_lap: driver=STR, start=3, end=3
2025-10-05 01:58:50 | INFO | f1.console | [TIRE_CHART] 使用 length 修正: driver=STR, length=1, 新end=3
2025-10-05 01:58:50 | INFO | f1.console | [TIRE_CHART] 強制最小值: driver=STR, 最終end=8
2025-10-05 01:58:50 | ERROR | f1.console | [TIRE_CHART] 檢測到錯誤 end_lap: driver=STR, start=4, end=4
2025-10-05 01:58:50 | INFO | f1.console | [TIRE_CHART] 使用 length 修正: driver=STR, length=1, 新end=4
2025-10-05 01:58:50 | INFO | f1.console | [TIRE_CHART] 強制最小值: driver=STR, 最終end=9
2025-10-05 01:58:50 | ERROR | f1.console | [TIRE_CHART] 檢測到錯誤 end_lap: driver=TSU, start=3, end=3
2025-10-05 01:58:50 | INFO | f1.console | [TIRE_CHART] 使用 length 修正: driver=TSU, length=1, 新end=3
2025-10-05 01:58:50 | INFO | f1.console | [TIRE_CHART] 強制最小值: driver=TSU, 最終end=8
2025-10-05 01:58:50 | ERROR | f1.console | [TIRE_CHART] 檢測到錯誤 end_lap: driver=TSU, start=4, end=4
2025-10-05 01:58:50 | INFO | f1.console | [TIRE_CHART] 使用 length 修正: driver=TSU, length=1, 新end=4
2025-10-05 01:58:50 | INFO | f1.console | [TIRE_CHART] 強制最小值: driver=TSU, 最終end=9
2025-10-05 01:58:50 | ERROR | f1.console | [TIRE_CHART] 檢測到錯誤 end_lap: driver=VER, start=3, end=3
2025-10-05 01:58:50 | INFO | f1.console | [TIRE_CHART] 使用 length 修正: driver=VER, length=1, 新end=3
2025-10-05 01:58:50 | INFO | f1.console | [TIRE_CHART] 強制最小值: driver=VER, 最終end=8
2025-10-05 01:58:50 | ERROR | f1.console | [TIRE_CHART] 檢測到錯誤 end_lap: driver=VER, start=4, end=4
2025-10-05 01:58:50 | INFO | f1.console | [TIRE_CHART] 使用 length 修正: driver=VER, length=1, 新end=4
2025-10-05 01:58:50 | INFO | f1.console | [TIRE_CHART] 強制最小值: driver=VER, 最終end=9
2025-10-05 01:58:50 | INFO | f1.console | [ACCEL_DEBUG] 繪製曲線:
2025-10-05 01:58:50 | INFO | f1.console |   距離範圍: -0.0 - 5288.3 (範圍: 5288.4)
2025-10-05 01:58:50 | INFO | f1.console |   加速度範圍: -37.23 - 23.95 (範圍: 61.18)
2025-10-05 01:58:50 | INFO | f1.console |   圖表區域: 1066 x 704
2025-10-05 01:58:50 | INFO | f1.console |   車手1數據點: 500, 車手2數據點: 0
2025-10-05 01:58:50 | INFO | f1.console | [MARKER_TEXT] 🎯 繪製文字標記 F (純文字版本)
2025-10-05 01:58:50 | INFO | f1.console | [MARKER_TEXT] 🎯 繪製文字標記 F (純文字版本)
2025-10-05 01:58:50 | INFO | f1.console | [MARKER_TEXT] 🎯 繪製文字標記 F (純文字版本)
2025-10-05 01:58:50 | INFO | f1.console | [LAPTIME_CHART_WIDGET] 繪製了 3 個智能標記
2025-10-05 01:58:50 | INFO | f1.console | [LEGEND_DEBUG] 數據系列數量: 3
2025-10-05 01:58:50 | INFO | f1.console | [LEGEND_DEBUG] 圖例位置: (1003, 15)
2025-10-05 01:58:50 | INFO | f1.console | [LEGEND_DEBUG] 圖例尺寸: 140 x 256
2025-10-05 01:58:50 | INFO | f1.console | [LEGEND_DEBUG] 🎨 設定背景色為: R255, G255, B255, A255
2025-10-05 01:58:50 | INFO | f1.console | [LEGEND_DEBUG] ✅ 白色背景填充完成 (重複3次)
2025-10-05 01:58:50 | INFO | f1.console | [LEGEND_DEBUG] ✅ 邊框繪製完成
2025-10-05 01:58:50 | INFO | f1.console | [LEGEND] 圖例重疊模式: 位置=(1003, 15), 尺寸=140x256
2025-10-05 01:58:50 | ERROR | f1.console | [TIRE_CHART] 檢測到錯誤 end_lap: driver=ALB, start=3, end=3
2025-10-05 01:58:50 | INFO | f1.console | [TIRE_CHART] 使用 length 修正: driver=ALB, length=1, 新end=3
2025-10-05 01:58:50 | INFO | f1.console | [TIRE_CHART] 強制最小值: driver=ALB, 最終end=8
2025-10-05 01:58:50 | ERROR | f1.console | [TIRE_CHART] 檢測到錯誤 end_lap: driver=ALB, start=4, end=4
2025-10-05 01:58:50 | INFO | f1.console | [TIRE_CHART] 使用 length 修正: driver=ALB, length=1, 新end=4
2025-10-05 01:58:50 | INFO | f1.console | [TIRE_CHART] 強制最小值: driver=ALB, 最終end=9
2025-10-05 01:58:50 | ERROR | f1.console | [TIRE_CHART] 檢測到錯誤 end_lap: driver=ALO, start=3, end=3
2025-10-05 01:58:50 | INFO | f1.console | [TIRE_CHART] 使用 length 修正: driver=ALO, length=1, 新end=3
2025-10-05 01:58:50 | INFO | f1.console | [TIRE_CHART] 強制最小值: driver=ALO, 最終end=8
2025-10-05 01:58:50 | ERROR | f1.console | [TIRE_CHART] 檢測到錯誤 end_lap: driver=ALO, start=4, end=4
2025-10-05 01:58:50 | INFO | f1.console | [TIRE_CHART] 使用 length 修正: driver=ALO, length=1, 新end=4
2025-10-05 01:58:50 | INFO | f1.console | [TIRE_CHART] 強制最小值: driver=ALO, 最終end=9
2025-10-05 01:58:50 | ERROR | f1.console | [TIRE_CHART] 檢測到錯誤 end_lap: driver=ANT, start=3, end=3
2025-10-05 01:58:50 | INFO | f1.console | [TIRE_CHART] 使用 length 修正: driver=ANT, length=1, 新end=3
2025-10-05 01:58:50 | INFO | f1.console | [TIRE_CHART] 強制最小值: driver=ANT, 最終end=8
2025-10-05 01:58:50 | ERROR | f1.console | [TIRE_CHART] 檢測到錯誤 end_lap: driver=ANT, start=4, end=4
2025-10-05 01:58:50 | INFO | f1.console | [TIRE_CHART] 使用 length 修正: driver=ANT, length=1, 新end=4
2025-10-05 01:58:50 | INFO | f1.console | [TIRE_CHART] 強制最小值: driver=ANT, 最終end=9
2025-10-05 01:58:50 | ERROR | f1.console | [TIRE_CHART] 檢測到錯誤 end_lap: driver=BEA, start=3, end=3
2025-10-05 01:58:50 | INFO | f1.console | [TIRE_CHART] 使用 length 修正: driver=BEA, length=1, 新end=3
2025-10-05 01:58:50 | INFO | f1.console | [TIRE_CHART] 強制最小值: driver=BEA, 最終end=8
2025-10-05 01:58:50 | ERROR | f1.console | [TIRE_CHART] 檢測到錯誤 end_lap: driver=BEA, start=4, end=4
2025-10-05 01:58:50 | INFO | f1.console | [TIRE_CHART] 使用 length 修正: driver=BEA, length=1, 新end=4
2025-10-05 01:58:50 | INFO | f1.console | [TIRE_CHART] 強制最小值: driver=BEA, 最終end=9
2025-10-05 01:58:50 | ERROR | f1.console | [TIRE_CHART] 檢測到錯誤 end_lap: driver=BOR, start=3, end=3
2025-10-05 01:58:50 | INFO | f1.console | [TIRE_CHART] 使用 length 修正: driver=BOR, length=1, 新end=3
2025-10-05 01:58:50 | INFO | f1.console | [TIRE_CHART] 強制最小值: driver=BOR, 最終end=8
2025-10-05 01:58:50 | ERROR | f1.console | [TIRE_CHART] 檢測到錯誤 end_lap: driver=BOR, start=4, end=4
2025-10-05 01:58:50 | INFO | f1.console | [TIRE_CHART] 使用 length 修正: driver=BOR, length=1, 新end=4
2025-10-05 01:58:50 | INFO | f1.console | [TIRE_CHART] 強制最小值: driver=BOR, 最終end=9
2025-10-05 01:58:50 | ERROR | f1.console | [TIRE_CHART] 檢測到錯誤 end_lap: driver=DOO, start=1, end=1
2025-10-05 01:58:50 | INFO | f1.console | [TIRE_CHART] 使用 length 修正: driver=DOO, length=1, 新end=1
2025-10-05 01:58:50 | INFO | f1.console | [TIRE_CHART] 強制最小值: driver=DOO, 最終end=6
2025-10-05 01:58:50 | ERROR | f1.console | [TIRE_CHART] 檢測到錯誤 end_lap: driver=GAS, start=3, end=3
2025-10-05 01:58:50 | INFO | f1.console | [TIRE_CHART] 使用 length 修正: driver=GAS, length=1, 新end=3
2025-10-05 01:58:50 | INFO | f1.console | [TIRE_CHART] 強制最小值: driver=GAS, 最終end=8
2025-10-05 01:58:50 | ERROR | f1.console | [TIRE_CHART] 檢測到錯誤 end_lap: driver=GAS, start=4, end=4
2025-10-05 01:58:50 | INFO | f1.console | [TIRE_CHART] 使用 length 修正: driver=GAS, length=1, 新end=4
2025-10-05 01:58:50 | INFO | f1.console | [TIRE_CHART] 強制最小值: driver=GAS, 最終end=9
2025-10-05 01:58:50 | ERROR | f1.console | [TIRE_CHART] 檢測到錯誤 end_lap: driver=HAD, start=1, end=1
2025-10-05 01:58:50 | INFO | f1.console | [TIRE_CHART] 使用 length 修正: driver=HAD, length=1, 新end=1
2025-10-05 01:58:50 | INFO | f1.console | [TIRE_CHART] 強制最小值: driver=HAD, 最終end=6
2025-10-05 01:58:50 | ERROR | f1.console | [TIRE_CHART] 檢測到錯誤 end_lap: driver=HAM, start=3, end=3
2025-10-05 01:58:50 | INFO | f1.console | [TIRE_CHART] 使用 length 修正: driver=HAM, length=1, 新end=3
2025-10-05 01:58:50 | INFO | f1.console | [TIRE_CHART] 強制最小值: driver=HAM, 最終end=8
2025-10-05 01:58:50 | ERROR | f1.console | [TIRE_CHART] 檢測到錯誤 end_lap: driver=HAM, start=4, end=4
2025-10-05 01:58:50 | INFO | f1.console | [TIRE_CHART] 使用 length 修正: driver=HAM, length=1, 新end=4
2025-10-05 01:58:50 | INFO | f1.console | [TIRE_CHART] 強制最小值: driver=HAM, 最終end=9
2025-10-05 01:58:50 | ERROR | f1.console | [TIRE_CHART] 檢測到錯誤 end_lap: driver=HUL, start=3, end=3
2025-10-05 01:58:50 | INFO | f1.console | [TIRE_CHART] 使用 length 修正: driver=HUL, length=1, 新end=3
2025-10-05 01:58:50 | INFO | f1.console | [TIRE_CHART] 強制最小值: driver=HUL, 最終end=8
2025-10-05 01:58:50 | ERROR | f1.console | [TIRE_CHART] 檢測到錯誤 end_lap: driver=HUL, start=4, end=4
2025-10-05 01:58:50 | INFO | f1.console | [TIRE_CHART] 使用 length 修正: driver=HUL, length=1, 新end=4
2025-10-05 01:58:50 | INFO | f1.console | [TIRE_CHART] 強制最小值: driver=HUL, 最終end=9
2025-10-05 01:58:50 | ERROR | f1.console | [TIRE_CHART] 檢測到錯誤 end_lap: driver=LAW, start=3, end=3
2025-10-05 01:58:50 | INFO | f1.console | [TIRE_CHART] 使用 length 修正: driver=LAW, length=1, 新end=3
2025-10-05 01:58:50 | INFO | f1.console | [TIRE_CHART] 強制最小值: driver=LAW, 最終end=8
2025-10-05 01:58:50 | ERROR | f1.console | [TIRE_CHART] 檢測到錯誤 end_lap: driver=LAW, start=4, end=4
2025-10-05 01:58:50 | INFO | f1.console | [TIRE_CHART] 使用 length 修正: driver=LAW, length=1, 新end=4
2025-10-05 01:58:50 | INFO | f1.console | [TIRE_CHART] 強制最小值: driver=LAW, 最終end=9
2025-10-05 01:58:50 | ERROR | f1.console | [TIRE_CHART] 檢測到錯誤 end_lap: driver=LEC, start=3, end=3
2025-10-05 01:58:50 | INFO | f1.console | [TIRE_CHART] 使用 length 修正: driver=LEC, length=1, 新end=3
2025-10-05 01:58:50 | INFO | f1.console | [TIRE_CHART] 強制最小值: driver=LEC, 最終end=8
2025-10-05 01:58:50 | ERROR | f1.console | [TIRE_CHART] 檢測到錯誤 end_lap: driver=LEC, start=4, end=4
2025-10-05 01:58:50 | INFO | f1.console | [TIRE_CHART] 使用 length 修正: driver=LEC, length=1, 新end=4
2025-10-05 01:58:50 | INFO | f1.console | [TIRE_CHART] 強制最小值: driver=LEC, 最終end=9
2025-10-05 01:58:50 | ERROR | f1.console | [TIRE_CHART] 檢測到錯誤 end_lap: driver=NOR, start=3, end=3
2025-10-05 01:58:50 | INFO | f1.console | [TIRE_CHART] 使用 length 修正: driver=NOR, length=1, 新end=3
2025-10-05 01:58:50 | INFO | f1.console | [TIRE_CHART] 強制最小值: driver=NOR, 最終end=8
2025-10-05 01:58:50 | ERROR | f1.console | [TIRE_CHART] 檢測到錯誤 end_lap: driver=NOR, start=4, end=4
2025-10-05 01:58:50 | INFO | f1.console | [TIRE_CHART] 使用 length 修正: driver=NOR, length=1, 新end=4
2025-10-05 01:58:50 | INFO | f1.console | [TIRE_CHART] 強制最小值: driver=NOR, 最終end=9
2025-10-05 01:58:50 | ERROR | f1.console | [TIRE_CHART] 檢測到錯誤 end_lap: driver=OCO, start=3, end=3
2025-10-05 01:58:50 | INFO | f1.console | [TIRE_CHART] 使用 length 修正: driver=OCO, length=1, 新end=3
2025-10-05 01:58:50 | INFO | f1.console | [TIRE_CHART] 強制最小值: driver=OCO, 最終end=8
2025-10-05 01:58:50 | ERROR | f1.console | [TIRE_CHART] 檢測到錯誤 end_lap: driver=OCO, start=4, end=4
2025-10-05 01:58:50 | INFO | f1.console | [TIRE_CHART] 使用 length 修正: driver=OCO, length=1, 新end=4
2025-10-05 01:58:50 | INFO | f1.console | [TIRE_CHART] 強制最小值: driver=OCO, 最終end=9
2025-10-05 01:58:50 | ERROR | f1.console | [TIRE_CHART] 檢測到錯誤 end_lap: driver=PIA, start=3, end=3
2025-10-05 01:58:50 | INFO | f1.console | [TIRE_CHART] 使用 length 修正: driver=PIA, length=1, 新end=3
2025-10-05 01:58:50 | INFO | f1.console | [TIRE_CHART] 強制最小值: driver=PIA, 最終end=8
2025-10-05 01:58:50 | ERROR | f1.console | [TIRE_CHART] 檢測到錯誤 end_lap: driver=PIA, start=4, end=4
2025-10-05 01:58:50 | INFO | f1.console | [TIRE_CHART] 使用 length 修正: driver=PIA, length=1, 新end=4
2025-10-05 01:58:50 | INFO | f1.console | [TIRE_CHART] 強制最小值: driver=PIA, 最終end=9
2025-10-05 01:58:50 | ERROR | f1.console | [TIRE_CHART] 檢測到錯誤 end_lap: driver=RUS, start=3, end=3
2025-10-05 01:58:50 | INFO | f1.console | [TIRE_CHART] 使用 length 修正: driver=RUS, length=1, 新end=3
2025-10-05 01:58:50 | INFO | f1.console | [TIRE_CHART] 強制最小值: driver=RUS, 最終end=8
2025-10-05 01:58:50 | ERROR | f1.console | [TIRE_CHART] 檢測到錯誤 end_lap: driver=RUS, start=4, end=4
2025-10-05 01:58:50 | INFO | f1.console | [TIRE_CHART] 使用 length 修正: driver=RUS, length=1, 新end=4
2025-10-05 01:58:50 | INFO | f1.console | [TIRE_CHART] 強制最小值: driver=RUS, 最終end=9
2025-10-05 01:58:50 | ERROR | f1.console | [TIRE_CHART] 檢測到錯誤 end_lap: driver=SAI, start=1, end=1
2025-10-05 01:58:50 | INFO | f1.console | [TIRE_CHART] 使用 length 修正: driver=SAI, length=1, 新end=1
2025-10-05 01:58:50 | INFO | f1.console | [TIRE_CHART] 強制最小值: driver=SAI, 最終end=6
2025-10-05 01:58:50 | ERROR | f1.console | [TIRE_CHART] 檢測到錯誤 end_lap: driver=STR, start=3, end=3
2025-10-05 01:58:50 | INFO | f1.console | [TIRE_CHART] 使用 length 修正: driver=STR, length=1, 新end=3
2025-10-05 01:58:50 | INFO | f1.console | [TIRE_CHART] 強制最小值: driver=STR, 最終end=8
2025-10-05 01:58:50 | ERROR | f1.console | [TIRE_CHART] 檢測到錯誤 end_lap: driver=STR, start=4, end=4
2025-10-05 01:58:50 | INFO | f1.console | [TIRE_CHART] 使用 length 修正: driver=STR, length=1, 新end=4
2025-10-05 01:58:50 | INFO | f1.console | [TIRE_CHART] 強制最小值: driver=STR, 最終end=9
2025-10-05 01:58:50 | ERROR | f1.console | [TIRE_CHART] 檢測到錯誤 end_lap: driver=TSU, start=3, end=3
2025-10-05 01:58:50 | INFO | f1.console | [TIRE_CHART] 使用 length 修正: driver=TSU, length=1, 新end=3
2025-10-05 01:58:50 | INFO | f1.console | [TIRE_CHART] 強制最小值: driver=TSU, 最終end=8
2025-10-05 01:58:50 | ERROR | f1.console | [TIRE_CHART] 檢測到錯誤 end_lap: driver=TSU, start=4, end=4
2025-10-05 01:58:50 | INFO | f1.console | [TIRE_CHART] 使用 length 修正: driver=TSU, length=1, 新end=4
2025-10-05 01:58:50 | INFO | f1.console | [TIRE_CHART] 強制最小值: driver=TSU, 最終end=9
2025-10-05 01:58:50 | ERROR | f1.console | [TIRE_CHART] 檢測到錯誤 end_lap: driver=VER, start=3, end=3
2025-10-05 01:58:50 | INFO | f1.console | [TIRE_CHART] 使用 length 修正: driver=VER, length=1, 新end=3
2025-10-05 01:58:50 | INFO | f1.console | [TIRE_CHART] 強制最小值: driver=VER, 最終end=8
2025-10-05 01:58:50 | ERROR | f1.console | [TIRE_CHART] 檢測到錯誤 end_lap: driver=VER, start=4, end=4
2025-10-05 01:58:50 | INFO | f1.console | [TIRE_CHART] 使用 length 修正: driver=VER, length=1, 新end=4
2025-10-05 01:58:50 | INFO | f1.console | [TIRE_CHART] 強制最小值: driver=VER, 最終end=9
2025-10-05 01:58:50 | INFO | f1.console | [ACCEL_DEBUG] 繪製曲線:
2025-10-05 01:58:50 | INFO | f1.console |   距離範圍: -0.0 - 5288.3 (範圍: 5288.4)
2025-10-05 01:58:50 | INFO | f1.console |   加速度範圍: -37.23 - 23.95 (範圍: 61.18)
2025-10-05 01:58:50 | INFO | f1.console |   圖表區域: 1066 x 704
2025-10-05 01:58:50 | INFO | f1.console |   車手1數據點: 500, 車手2數據點: 0
2025-10-05 01:58:50 | INFO | f1.console | [MARKER_TEXT] 🎯 繪製文字標記 F (純文字版本)
2025-10-05 01:58:50 | INFO | f1.console | [MARKER_TEXT] 🎯 繪製文字標記 F (純文字版本)
2025-10-05 01:58:50 | INFO | f1.console | [MARKER_TEXT] 🎯 繪製文字標記 F (純文字版本)
2025-10-05 01:58:50 | INFO | f1.console | [LAPTIME_CHART_WIDGET] 繪製了 3 個智能標記
2025-10-05 01:58:50 | INFO | f1.console | [LEGEND_DEBUG] 數據系列數量: 3
2025-10-05 01:58:50 | INFO | f1.console | [LEGEND_DEBUG] 圖例位置: (1003, 15)
2025-10-05 01:58:50 | INFO | f1.console | [LEGEND_DEBUG] 圖例尺寸: 140 x 256
2025-10-05 01:58:50 | INFO | f1.console | [LEGEND_DEBUG] 🎨 設定背景色為: R255, G255, B255, A255
2025-10-05 01:58:50 | INFO | f1.console | [LEGEND_DEBUG] ✅ 白色背景填充完成 (重複3次)
2025-10-05 01:58:50 | INFO | f1.console | [LEGEND_DEBUG] ✅ 邊框繪製完成
2025-10-05 01:58:50 | INFO | f1.console | [LEGEND] 圖例重疊模式: 位置=(1003, 15), 尺寸=140x256
2025-10-05 01:58:51 | INFO | f1.console | [TILE DEBUG] 找到 15 個子視窗，其中 15 個可見
2025-10-05 01:58:51 | INFO | f1.console | [TILE DEBUG] 準備排列 15 個視窗
2025-10-05 01:58:51 | INFO | f1.console | [TILE DEBUG] MDI區域大小: 2227x1235
2025-10-05 01:58:51 | INFO | f1.console | [TILE DEBUG] 可用空間: 2207x1215
2025-10-05 01:58:51 | INFO | f1.console | [TILE DEBUG] 視窗數量: 15
2025-10-05 01:58:51 | INFO | f1.console | [TILE DEBUG] 初始計算 cols: 3
2025-10-05 01:58:51 | INFO | f1.console | [TILE DEBUG] cols 調整為: 4
2025-10-05 01:58:51 | INFO | f1.console | [TILE DEBUG] 計算得到 rows: 4
2025-10-05 01:58:51 | INFO | f1.console | [TILE DEBUG] 每個視窗尺寸: 551x303
2025-10-05 01:58:51 | INFO | f1.console | [TILE DEBUG] 調整後視窗尺寸: 551x303
2025-10-05 01:58:51 | INFO | f1.console | [TILE DEBUG] 開始排列 15 個視窗，配置: 4行 x 4列
2025-10-05 01:58:51 | INFO | f1.console | [TILE DEBUG] ========== 預檢查視窗設定 ==========
2025-10-05 01:58:51 | INFO | f1.console | [TILE CHECK] 視窗 0: 最小尺寸(0x0), 尺寸策略(5x5)
2025-10-05 01:58:51 | INFO | f1.console | [TILE CHECK] 視窗 1: 最小尺寸(0x0), 尺寸策略(5x5)
2025-10-05 01:58:51 | INFO | f1.console | [TILE CHECK] 視窗 2: 最小尺寸(0x0), 尺寸策略(5x5)
2025-10-05 01:58:51 | INFO | f1.console | [TILE CHECK] 視窗 3: 最小尺寸(0x0), 尺寸策略(5x5)
2025-10-05 01:58:51 | INFO | f1.console | [TILE CHECK] 視窗 4: 最小尺寸(0x0), 尺寸策略(5x5)
2025-10-05 01:58:51 | INFO | f1.console | [TILE CHECK] 視窗 5: 最小尺寸(0x0), 尺寸策略(5x5)
2025-10-05 01:58:51 | INFO | f1.console | [TILE CHECK] 視窗 6: 最小尺寸(0x0), 尺寸策略(5x5)
2025-10-05 01:58:51 | INFO | f1.console | [TILE CHECK] 視窗 7: 最小尺寸(0x0), 尺寸策略(5x5)
2025-10-05 01:58:51 | INFO | f1.console | [TILE CHECK] 視窗 8: 最小尺寸(0x0), 尺寸策略(5x5)
2025-10-05 01:58:51 | INFO | f1.console | [TILE CHECK] 視窗 9: 最小尺寸(0x0), 尺寸策略(5x5)
2025-10-05 01:58:51 | INFO | f1.console | [TILE CHECK] 視窗 10: 最小尺寸(0x0), 尺寸策略(5x5)
2025-10-05 01:58:51 | INFO | f1.console | [TILE CHECK] 視窗 11: 最小尺寸(0x0), 尺寸策略(5x5)
2025-10-05 01:58:51 | INFO | f1.console | [TILE CHECK] 視窗 12: 最小尺寸(0x0), 尺寸策略(5x5)
2025-10-05 01:58:51 | INFO | f1.console | [TILE CHECK] 視窗 13: 最小尺寸(0x0), 尺寸策略(5x5)
2025-10-05 01:58:51 | INFO | f1.console | [TILE CHECK] 視窗 14: 最小尺寸(0x0), 尺寸策略(5x5)
2025-10-05 01:58:51 | INFO | f1.console | [TILE DEBUG] ========== 預檢查完成 ==========
2025-10-05 01:58:51 | INFO | f1.console | [TILE DEBUG] 視窗 0: 位置(10, 10) 尺寸(551, 303)
2025-10-05 01:58:51 | ERROR | f1.console | [TIRE_CHART] 檢測到錯誤 end_lap: driver=ALB, start=3, end=3
2025-10-05 01:58:51 | INFO | f1.console | [TIRE_CHART] 使用 length 修正: driver=ALB, length=1, 新end=3
2025-10-05 01:58:51 | INFO | f1.console | [TIRE_CHART] 強制最小值: driver=ALB, 最終end=8
2025-10-05 01:58:51 | ERROR | f1.console | [TIRE_CHART] 檢測到錯誤 end_lap: driver=ALB, start=4, end=4
2025-10-05 01:58:51 | INFO | f1.console | [TIRE_CHART] 使用 length 修正: driver=ALB, length=1, 新end=4
2025-10-05 01:58:51 | INFO | f1.console | [TIRE_CHART] 強制最小值: driver=ALB, 最終end=9
2025-10-05 01:58:51 | ERROR | f1.console | [TIRE_CHART] 檢測到錯誤 end_lap: driver=ALO, start=3, end=3
2025-10-05 01:58:51 | INFO | f1.console | [TIRE_CHART] 使用 length 修正: driver=ALO, length=1, 新end=3
2025-10-05 01:58:51 | INFO | f1.console | [TIRE_CHART] 強制最小值: driver=ALO, 最終end=8
2025-10-05 01:58:51 | ERROR | f1.console | [TIRE_CHART] 檢測到錯誤 end_lap: driver=ALO, start=4, end=4
2025-10-05 01:58:51 | INFO | f1.console | [TIRE_CHART] 使用 length 修正: driver=ALO, length=1, 新end=4
2025-10-05 01:58:51 | INFO | f1.console | [TIRE_CHART] 強制最小值: driver=ALO, 最終end=9
2025-10-05 01:58:51 | ERROR | f1.console | [TIRE_CHART] 檢測到錯誤 end_lap: driver=ANT, start=3, end=3
2025-10-05 01:58:51 | INFO | f1.console | [TIRE_CHART] 使用 length 修正: driver=ANT, length=1, 新end=3
2025-10-05 01:58:51 | INFO | f1.console | [TIRE_CHART] 強制最小值: driver=ANT, 最終end=8
2025-10-05 01:58:51 | ERROR | f1.console | [TIRE_CHART] 檢測到錯誤 end_lap: driver=ANT, start=4, end=4
2025-10-05 01:58:51 | INFO | f1.console | [TIRE_CHART] 使用 length 修正: driver=ANT, length=1, 新end=4
2025-10-05 01:58:51 | INFO | f1.console | [TIRE_CHART] 強制最小值: driver=ANT, 最終end=9
2025-10-05 01:58:51 | ERROR | f1.console | [TIRE_CHART] 檢測到錯誤 end_lap: driver=BEA, start=3, end=3
2025-10-05 01:58:51 | INFO | f1.console | [TIRE_CHART] 使用 length 修正: driver=BEA, length=1, 新end=3
2025-10-05 01:58:51 | INFO | f1.console | [TIRE_CHART] 強制最小值: driver=BEA, 最終end=8
2025-10-05 01:58:51 | ERROR | f1.console | [TIRE_CHART] 檢測到錯誤 end_lap: driver=BEA, start=4, end=4
2025-10-05 01:58:51 | INFO | f1.console | [TIRE_CHART] 使用 length 修正: driver=BEA, length=1, 新end=4
2025-10-05 01:58:51 | INFO | f1.console | [TIRE_CHART] 強制最小值: driver=BEA, 最終end=9
2025-10-05 01:58:51 | ERROR | f1.console | [TIRE_CHART] 檢測到錯誤 end_lap: driver=BOR, start=3, end=3
2025-10-05 01:58:51 | INFO | f1.console | [TIRE_CHART] 使用 length 修正: driver=BOR, length=1, 新end=3
2025-10-05 01:58:51 | INFO | f1.console | [TIRE_CHART] 強制最小值: driver=BOR, 最終end=8
2025-10-05 01:58:51 | ERROR | f1.console | [TIRE_CHART] 檢測到錯誤 end_lap: driver=BOR, start=4, end=4
2025-10-05 01:58:51 | INFO | f1.console | [TIRE_CHART] 使用 length 修正: driver=BOR, length=1, 新end=4
2025-10-05 01:58:51 | INFO | f1.console | [TIRE_CHART] 強制最小值: driver=BOR, 最終end=9
2025-10-05 01:58:51 | ERROR | f1.console | [TIRE_CHART] 檢測到錯誤 end_lap: driver=DOO, start=1, end=1
2025-10-05 01:58:51 | INFO | f1.console | [TIRE_CHART] 使用 length 修正: driver=DOO, length=1, 新end=1
2025-10-05 01:58:51 | INFO | f1.console | [TIRE_CHART] 強制最小值: driver=DOO, 最終end=6
2025-10-05 01:58:51 | ERROR | f1.console | [TIRE_CHART] 檢測到錯誤 end_lap: driver=GAS, start=3, end=3
2025-10-05 01:58:51 | INFO | f1.console | [TIRE_CHART] 使用 length 修正: driver=GAS, length=1, 新end=3
2025-10-05 01:58:51 | INFO | f1.console | [TIRE_CHART] 強制最小值: driver=GAS, 最終end=8
2025-10-05 01:58:51 | ERROR | f1.console | [TIRE_CHART] 檢測到錯誤 end_lap: driver=GAS, start=4, end=4
2025-10-05 01:58:51 | INFO | f1.console | [TIRE_CHART] 使用 length 修正: driver=GAS, length=1, 新end=4
2025-10-05 01:58:51 | INFO | f1.console | [TIRE_CHART] 強制最小值: driver=GAS, 最終end=9
2025-10-05 01:58:51 | ERROR | f1.console | [TIRE_CHART] 檢測到錯誤 end_lap: driver=HAD, start=1, end=1
2025-10-05 01:58:51 | INFO | f1.console | [TIRE_CHART] 使用 length 修正: driver=HAD, length=1, 新end=1
2025-10-05 01:58:51 | INFO | f1.console | [TIRE_CHART] 強制最小值: driver=HAD, 最終end=6
2025-10-05 01:58:51 | ERROR | f1.console | [TIRE_CHART] 檢測到錯誤 end_lap: driver=HAM, start=3, end=3
2025-10-05 01:58:51 | INFO | f1.console | [TIRE_CHART] 使用 length 修正: driver=HAM, length=1, 新end=3
2025-10-05 01:58:51 | INFO | f1.console | [TIRE_CHART] 強制最小值: driver=HAM, 最終end=8
2025-10-05 01:58:51 | ERROR | f1.console | [TIRE_CHART] 檢測到錯誤 end_lap: driver=HAM, start=4, end=4
2025-10-05 01:58:51 | INFO | f1.console | [TIRE_CHART] 使用 length 修正: driver=HAM, length=1, 新end=4
2025-10-05 01:58:51 | INFO | f1.console | [TIRE_CHART] 強制最小值: driver=HAM, 最終end=9
2025-10-05 01:58:51 | ERROR | f1.console | [TIRE_CHART] 檢測到錯誤 end_lap: driver=HUL, start=3, end=3
2025-10-05 01:58:51 | INFO | f1.console | [TIRE_CHART] 使用 length 修正: driver=HUL, length=1, 新end=3
2025-10-05 01:58:51 | INFO | f1.console | [TIRE_CHART] 強制最小值: driver=HUL, 最終end=8
2025-10-05 01:58:51 | ERROR | f1.console | [TIRE_CHART] 檢測到錯誤 end_lap: driver=HUL, start=4, end=4
2025-10-05 01:58:51 | INFO | f1.console | [TIRE_CHART] 使用 length 修正: driver=HUL, length=1, 新end=4
2025-10-05 01:58:51 | INFO | f1.console | [TIRE_CHART] 強制最小值: driver=HUL, 最終end=9
2025-10-05 01:58:51 | ERROR | f1.console | [TIRE_CHART] 檢測到錯誤 end_lap: driver=LAW, start=3, end=3
2025-10-05 01:58:51 | INFO | f1.console | [TIRE_CHART] 使用 length 修正: driver=LAW, length=1, 新end=3
2025-10-05 01:58:51 | INFO | f1.console | [TIRE_CHART] 強制最小值: driver=LAW, 最終end=8
2025-10-05 01:58:51 | ERROR | f1.console | [TIRE_CHART] 檢測到錯誤 end_lap: driver=LAW, start=4, end=4
2025-10-05 01:58:51 | INFO | f1.console | [TIRE_CHART] 使用 length 修正: driver=LAW, length=1, 新end=4
2025-10-05 01:58:51 | INFO | f1.console | [TIRE_CHART] 強制最小值: driver=LAW, 最終end=9
2025-10-05 01:58:51 | ERROR | f1.console | [TIRE_CHART] 檢測到錯誤 end_lap: driver=LEC, start=3, end=3
2025-10-05 01:58:51 | INFO | f1.console | [TIRE_CHART] 使用 length 修正: driver=LEC, length=1, 新end=3
2025-10-05 01:58:51 | INFO | f1.console | [TIRE_CHART] 強制最小值: driver=LEC, 最終end=8
2025-10-05 01:58:51 | ERROR | f1.console | [TIRE_CHART] 檢測到錯誤 end_lap: driver=LEC, start=4, end=4
2025-10-05 01:58:51 | INFO | f1.console | [TIRE_CHART] 使用 length 修正: driver=LEC, length=1, 新end=4
2025-10-05 01:58:51 | INFO | f1.console | [TIRE_CHART] 強制最小值: driver=LEC, 最終end=9
2025-10-05 01:58:51 | ERROR | f1.console | [TIRE_CHART] 檢測到錯誤 end_lap: driver=NOR, start=3, end=3
2025-10-05 01:58:51 | INFO | f1.console | [TIRE_CHART] 使用 length 修正: driver=NOR, length=1, 新end=3
2025-10-05 01:58:51 | INFO | f1.console | [TIRE_CHART] 強制最小值: driver=NOR, 最終end=8
2025-10-05 01:58:51 | ERROR | f1.console | [TIRE_CHART] 檢測到錯誤 end_lap: driver=NOR, start=4, end=4
2025-10-05 01:58:51 | INFO | f1.console | [TIRE_CHART] 使用 length 修正: driver=NOR, length=1, 新end=4
2025-10-05 01:58:51 | INFO | f1.console | [TIRE_CHART] 強制最小值: driver=NOR, 最終end=9
2025-10-05 01:58:51 | ERROR | f1.console | [TIRE_CHART] 檢測到錯誤 end_lap: driver=OCO, start=3, end=3
2025-10-05 01:58:51 | INFO | f1.console | [TIRE_CHART] 使用 length 修正: driver=OCO, length=1, 新end=3
2025-10-05 01:58:51 | INFO | f1.console | [TIRE_CHART] 強制最小值: driver=OCO, 最終end=8
2025-10-05 01:58:51 | ERROR | f1.console | [TIRE_CHART] 檢測到錯誤 end_lap: driver=OCO, start=4, end=4
2025-10-05 01:58:51 | INFO | f1.console | [TIRE_CHART] 使用 length 修正: driver=OCO, length=1, 新end=4
2025-10-05 01:58:51 | INFO | f1.console | [TIRE_CHART] 強制最小值: driver=OCO, 最終end=9
2025-10-05 01:58:51 | ERROR | f1.console | [TIRE_CHART] 檢測到錯誤 end_lap: driver=PIA, start=3, end=3
2025-10-05 01:58:51 | INFO | f1.console | [TIRE_CHART] 使用 length 修正: driver=PIA, length=1, 新end=3
2025-10-05 01:58:51 | INFO | f1.console | [TIRE_CHART] 強制最小值: driver=PIA, 最終end=8
2025-10-05 01:58:51 | ERROR | f1.console | [TIRE_CHART] 檢測到錯誤 end_lap: driver=PIA, start=4, end=4
2025-10-05 01:58:51 | INFO | f1.console | [TIRE_CHART] 使用 length 修正: driver=PIA, length=1, 新end=4
2025-10-05 01:58:51 | INFO | f1.console | [TIRE_CHART] 強制最小值: driver=PIA, 最終end=9
2025-10-05 01:58:51 | ERROR | f1.console | [TIRE_CHART] 檢測到錯誤 end_lap: driver=RUS, start=3, end=3
2025-10-05 01:58:51 | INFO | f1.console | [TIRE_CHART] 使用 length 修正: driver=RUS, length=1, 新end=3
2025-10-05 01:58:51 | INFO | f1.console | [TIRE_CHART] 強制最小值: driver=RUS, 最終end=8
2025-10-05 01:58:51 | ERROR | f1.console | [TIRE_CHART] 檢測到錯誤 end_lap: driver=RUS, start=4, end=4
2025-10-05 01:58:51 | INFO | f1.console | [TIRE_CHART] 使用 length 修正: driver=RUS, length=1, 新end=4
2025-10-05 01:58:51 | INFO | f1.console | [TIRE_CHART] 強制最小值: driver=RUS, 最終end=9
2025-10-05 01:58:51 | ERROR | f1.console | [TIRE_CHART] 檢測到錯誤 end_lap: driver=SAI, start=1, end=1
2025-10-05 01:58:51 | INFO | f1.console | [TIRE_CHART] 使用 length 修正: driver=SAI, length=1, 新end=1
2025-10-05 01:58:51 | INFO | f1.console | [TIRE_CHART] 強制最小值: driver=SAI, 最終end=6
2025-10-05 01:58:51 | ERROR | f1.console | [TIRE_CHART] 檢測到錯誤 end_lap: driver=STR, start=3, end=3
2025-10-05 01:58:51 | INFO | f1.console | [TIRE_CHART] 使用 length 修正: driver=STR, length=1, 新end=3
2025-10-05 01:58:51 | INFO | f1.console | [TIRE_CHART] 強制最小值: driver=STR, 最終end=8
2025-10-05 01:58:51 | ERROR | f1.console | [TIRE_CHART] 檢測到錯誤 end_lap: driver=STR, start=4, end=4
2025-10-05 01:58:51 | INFO | f1.console | [TIRE_CHART] 使用 length 修正: driver=STR, length=1, 新end=4
2025-10-05 01:58:51 | INFO | f1.console | [TIRE_CHART] 強制最小值: driver=STR, 最終end=9
2025-10-05 01:58:51 | ERROR | f1.console | [TIRE_CHART] 檢測到錯誤 end_lap: driver=TSU, start=3, end=3
2025-10-05 01:58:51 | INFO | f1.console | [TIRE_CHART] 使用 length 修正: driver=TSU, length=1, 新end=3
2025-10-05 01:58:51 | INFO | f1.console | [TIRE_CHART] 強制最小值: driver=TSU, 最終end=8
2025-10-05 01:58:51 | ERROR | f1.console | [TIRE_CHART] 檢測到錯誤 end_lap: driver=TSU, start=4, end=4
2025-10-05 01:58:51 | INFO | f1.console | [TIRE_CHART] 使用 length 修正: driver=TSU, length=1, 新end=4
2025-10-05 01:58:51 | INFO | f1.console | [TIRE_CHART] 強制最小值: driver=TSU, 最終end=9
2025-10-05 01:58:51 | ERROR | f1.console | [TIRE_CHART] 檢測到錯誤 end_lap: driver=VER, start=3, end=3
2025-10-05 01:58:51 | INFO | f1.console | [TIRE_CHART] 使用 length 修正: driver=VER, length=1, 新end=3
2025-10-05 01:58:51 | INFO | f1.console | [TIRE_CHART] 強制最小值: driver=VER, 最終end=8
2025-10-05 01:58:51 | ERROR | f1.console | [TIRE_CHART] 檢測到錯誤 end_lap: driver=VER, start=4, end=4
2025-10-05 01:58:51 | INFO | f1.console | [TIRE_CHART] 使用 length 修正: driver=VER, length=1, 新end=4
2025-10-05 01:58:51 | INFO | f1.console | [TIRE_CHART] 強制最小值: driver=VER, 最終end=9
2025-10-05 01:58:51 | INFO | f1.console | [ACCEL_DEBUG] 繪製曲線:
2025-10-05 01:58:51 | INFO | f1.console |   距離範圍: -0.0 - 5288.3 (範圍: 5288.4)
2025-10-05 01:58:51 | INFO | f1.console |   加速度範圍: -37.23 - 23.95 (範圍: 61.18)
2025-10-05 01:58:51 | INFO | f1.console |   圖表區域: 1066 x 704
2025-10-05 01:58:51 | INFO | f1.console |   車手1數據點: 500, 車手2數據點: 0
2025-10-05 01:58:51 | INFO | f1.console | [MARKER_TEXT] 🎯 繪製文字標記 F (純文字版本)
2025-10-05 01:58:51 | INFO | f1.console | [MARKER_TEXT] 🎯 繪製文字標記 F (純文字版本)
2025-10-05 01:58:51 | INFO | f1.console | [MARKER_TEXT] 🎯 繪製文字標記 F (純文字版本)
2025-10-05 01:58:51 | INFO | f1.console | [LAPTIME_CHART_WIDGET] 繪製了 3 個智能標記
2025-10-05 01:58:51 | INFO | f1.console | [LEGEND_DEBUG] 數據系列數量: 3
2025-10-05 01:58:51 | INFO | f1.console | [LEGEND_DEBUG] 圖例位置: (1003, 15)
2025-10-05 01:58:51 | INFO | f1.console | [LEGEND_DEBUG] 圖例尺寸: 140 x 256
2025-10-05 01:58:51 | INFO | f1.console | [LEGEND_DEBUG] 🎨 設定背景色為: R255, G255, B255, A255
2025-10-05 01:58:51 | INFO | f1.console | [LEGEND_DEBUG] ✅ 白色背景填充完成 (重複3次)
2025-10-05 01:58:51 | INFO | f1.console | [LEGEND_DEBUG] ✅ 邊框繪製完成
2025-10-05 01:58:51 | INFO | f1.console | [LEGEND] 圖例重疊模式: 位置=(1003, 15), 尺寸=140x256
2025-10-05 01:58:51 | INFO | f1.console | [RAIN_AXIS_DEBUG] 📊 X軸座標軸設置:
2025-10-05 01:58:51 | INFO | f1.console | [RAIN_AXIS_DEBUG]   範圍: 1.0 - 57.0
2025-10-05 01:58:51 | INFO | f1.console | [RAIN_AXIS_DEBUG]   資料點: 57
2025-10-05 01:58:51 | INFO | f1.console | [RAIN_AXIS_DEBUG]   最小間距(px): 48
2025-10-05 01:58:51 | INFO | f1.console | [RAIN_AXIS_DEBUG] 📊 Y軸座標軸設置:
2025-10-05 01:58:51 | INFO | f1.console | [RAIN_AXIS_DEBUG]   範圍: 14.875 - 16.825
2025-10-05 01:58:51 | INFO | f1.console | [RAIN_AXIS_DEBUG]   間距: 0.325
2025-10-05 01:58:51 | INFO | f1.console | [RAIN_AXIS_DEBUG]   標籤數量: 7
2025-10-05 01:58:51 | INFO | f1.console | [RAIN_AXIS_DEBUG] 🎨 自訂座標軸標題繪製
2025-10-05 01:58:51 | INFO | f1.console | [TILE DEBUG] 視窗 0 實際尺寸: 551x303
2025-10-05 01:58:51 | INFO | f1.console | [TILE DEBUG] 視窗 1: 位置(561, 10) 尺寸(551, 303)
2025-10-05 01:58:51 | INFO | f1.console | [ACCEL_DEBUG] 繪製曲線:
2025-10-05 01:58:51 | INFO | f1.console |   距離範圍: -0.0 - 5288.3 (範圍: 5288.4)
2025-10-05 01:58:51 | INFO | f1.console |   加速度範圍: -37.23 - 23.95 (範圍: 61.18)
2025-10-05 01:58:51 | INFO | f1.console |   圖表區域: 1066 x 704
2025-10-05 01:58:51 | INFO | f1.console |   車手1數據點: 500, 車手2數據點: 0
2025-10-05 01:58:51 | INFO | f1.console | [TILE DEBUG] 視窗 1 實際尺寸: 551x303
2025-10-05 01:58:51 | INFO | f1.console | [TILE DEBUG] 視窗 2: 位置(1112, 10) 尺寸(551, 303)
2025-10-05 01:58:51 | ERROR | f1.console | [TIRE_CHART] 檢測到錯誤 end_lap: driver=ALB, start=3, end=3
2025-10-05 01:58:51 | INFO | f1.console | [TIRE_CHART] 使用 length 修正: driver=ALB, length=1, 新end=3
2025-10-05 01:58:51 | INFO | f1.console | [TIRE_CHART] 強制最小值: driver=ALB, 最終end=8
2025-10-05 01:58:51 | ERROR | f1.console | [TIRE_CHART] 檢測到錯誤 end_lap: driver=ALB, start=4, end=4
2025-10-05 01:58:51 | INFO | f1.console | [TIRE_CHART] 使用 length 修正: driver=ALB, length=1, 新end=4
2025-10-05 01:58:51 | INFO | f1.console | [TIRE_CHART] 強制最小值: driver=ALB, 最終end=9
2025-10-05 01:58:51 | ERROR | f1.console | [TIRE_CHART] 檢測到錯誤 end_lap: driver=ALO, start=3, end=3
2025-10-05 01:58:51 | INFO | f1.console | [TIRE_CHART] 使用 length 修正: driver=ALO, length=1, 新end=3
2025-10-05 01:58:51 | INFO | f1.console | [TIRE_CHART] 強制最小值: driver=ALO, 最終end=8
2025-10-05 01:58:51 | ERROR | f1.console | [TIRE_CHART] 檢測到錯誤 end_lap: driver=ALO, start=4, end=4
2025-10-05 01:58:51 | INFO | f1.console | [TIRE_CHART] 使用 length 修正: driver=ALO, length=1, 新end=4
2025-10-05 01:58:51 | INFO | f1.console | [TIRE_CHART] 強制最小值: driver=ALO, 最終end=9
2025-10-05 01:58:51 | ERROR | f1.console | [TIRE_CHART] 檢測到錯誤 end_lap: driver=ANT, start=3, end=3
2025-10-05 01:58:51 | INFO | f1.console | [TIRE_CHART] 使用 length 修正: driver=ANT, length=1, 新end=3
2025-10-05 01:58:51 | INFO | f1.console | [TIRE_CHART] 強制最小值: driver=ANT, 最終end=8
2025-10-05 01:58:51 | ERROR | f1.console | [TIRE_CHART] 檢測到錯誤 end_lap: driver=ANT, start=4, end=4
2025-10-05 01:58:51 | INFO | f1.console | [TIRE_CHART] 使用 length 修正: driver=ANT, length=1, 新end=4
2025-10-05 01:58:51 | INFO | f1.console | [TIRE_CHART] 強制最小值: driver=ANT, 最終end=9
2025-10-05 01:58:51 | ERROR | f1.console | [TIRE_CHART] 檢測到錯誤 end_lap: driver=BEA, start=3, end=3
2025-10-05 01:58:51 | INFO | f1.console | [TIRE_CHART] 使用 length 修正: driver=BEA, length=1, 新end=3
2025-10-05 01:58:51 | INFO | f1.console | [TIRE_CHART] 強制最小值: driver=BEA, 最終end=8
2025-10-05 01:58:51 | ERROR | f1.console | [TIRE_CHART] 檢測到錯誤 end_lap: driver=BEA, start=4, end=4
2025-10-05 01:58:51 | INFO | f1.console | [TIRE_CHART] 使用 length 修正: driver=BEA, length=1, 新end=4
2025-10-05 01:58:51 | INFO | f1.console | [TIRE_CHART] 強制最小值: driver=BEA, 最終end=9
2025-10-05 01:58:51 | ERROR | f1.console | [TIRE_CHART] 檢測到錯誤 end_lap: driver=BOR, start=3, end=3
2025-10-05 01:58:51 | INFO | f1.console | [TIRE_CHART] 使用 length 修正: driver=BOR, length=1, 新end=3
2025-10-05 01:58:51 | INFO | f1.console | [TIRE_CHART] 強制最小值: driver=BOR, 最終end=8
2025-10-05 01:58:51 | ERROR | f1.console | [TIRE_CHART] 檢測到錯誤 end_lap: driver=BOR, start=4, end=4
2025-10-05 01:58:51 | INFO | f1.console | [TIRE_CHART] 使用 length 修正: driver=BOR, length=1, 新end=4
2025-10-05 01:58:51 | INFO | f1.console | [TIRE_CHART] 強制最小值: driver=BOR, 最終end=9
2025-10-05 01:58:51 | ERROR | f1.console | [TIRE_CHART] 檢測到錯誤 end_lap: driver=DOO, start=1, end=1
2025-10-05 01:58:51 | INFO | f1.console | [TIRE_CHART] 使用 length 修正: driver=DOO, length=1, 新end=1
2025-10-05 01:58:51 | INFO | f1.console | [TIRE_CHART] 強制最小值: driver=DOO, 最終end=6
2025-10-05 01:58:51 | ERROR | f1.console | [TIRE_CHART] 檢測到錯誤 end_lap: driver=GAS, start=3, end=3
2025-10-05 01:58:51 | INFO | f1.console | [TIRE_CHART] 使用 length 修正: driver=GAS, length=1, 新end=3
2025-10-05 01:58:51 | INFO | f1.console | [TIRE_CHART] 強制最小值: driver=GAS, 最終end=8
2025-10-05 01:58:51 | ERROR | f1.console | [TIRE_CHART] 檢測到錯誤 end_lap: driver=GAS, start=4, end=4
2025-10-05 01:58:51 | INFO | f1.console | [TIRE_CHART] 使用 length 修正: driver=GAS, length=1, 新end=4
2025-10-05 01:58:51 | INFO | f1.console | [TIRE_CHART] 強制最小值: driver=GAS, 最終end=9
2025-10-05 01:58:51 | ERROR | f1.console | [TIRE_CHART] 檢測到錯誤 end_lap: driver=HAD, start=1, end=1
2025-10-05 01:58:51 | INFO | f1.console | [TIRE_CHART] 使用 length 修正: driver=HAD, length=1, 新end=1
2025-10-05 01:58:51 | INFO | f1.console | [TIRE_CHART] 強制最小值: driver=HAD, 最終end=6
2025-10-05 01:58:51 | ERROR | f1.console | [TIRE_CHART] 檢測到錯誤 end_lap: driver=HAM, start=3, end=3
2025-10-05 01:58:51 | INFO | f1.console | [TIRE_CHART] 使用 length 修正: driver=HAM, length=1, 新end=3
2025-10-05 01:58:51 | INFO | f1.console | [TIRE_CHART] 強制最小值: driver=HAM, 最終end=8
2025-10-05 01:58:51 | ERROR | f1.console | [TIRE_CHART] 檢測到錯誤 end_lap: driver=HAM, start=4, end=4
2025-10-05 01:58:51 | INFO | f1.console | [TIRE_CHART] 使用 length 修正: driver=HAM, length=1, 新end=4
2025-10-05 01:58:51 | INFO | f1.console | [TIRE_CHART] 強制最小值: driver=HAM, 最終end=9
2025-10-05 01:58:51 | ERROR | f1.console | [TIRE_CHART] 檢測到錯誤 end_lap: driver=HUL, start=3, end=3
2025-10-05 01:58:51 | INFO | f1.console | [TIRE_CHART] 使用 length 修正: driver=HUL, length=1, 新end=3
2025-10-05 01:58:51 | INFO | f1.console | [TIRE_CHART] 強制最小值: driver=HUL, 最終end=8
2025-10-05 01:58:51 | ERROR | f1.console | [TIRE_CHART] 檢測到錯誤 end_lap: driver=HUL, start=4, end=4
2025-10-05 01:58:51 | INFO | f1.console | [TIRE_CHART] 使用 length 修正: driver=HUL, length=1, 新end=4
2025-10-05 01:58:51 | INFO | f1.console | [TIRE_CHART] 強制最小值: driver=HUL, 最終end=9
2025-10-05 01:58:51 | ERROR | f1.console | [TIRE_CHART] 檢測到錯誤 end_lap: driver=LAW, start=3, end=3
2025-10-05 01:58:51 | INFO | f1.console | [TIRE_CHART] 使用 length 修正: driver=LAW, length=1, 新end=3
2025-10-05 01:58:51 | INFO | f1.console | [TIRE_CHART] 強制最小值: driver=LAW, 最終end=8
2025-10-05 01:58:51 | ERROR | f1.console | [TIRE_CHART] 檢測到錯誤 end_lap: driver=LAW, start=4, end=4
2025-10-05 01:58:51 | INFO | f1.console | [TIRE_CHART] 使用 length 修正: driver=LAW, length=1, 新end=4
2025-10-05 01:58:51 | INFO | f1.console | [TIRE_CHART] 強制最小值: driver=LAW, 最終end=9
2025-10-05 01:58:51 | ERROR | f1.console | [TIRE_CHART] 檢測到錯誤 end_lap: driver=LEC, start=3, end=3
2025-10-05 01:58:51 | INFO | f1.console | [TIRE_CHART] 使用 length 修正: driver=LEC, length=1, 新end=3
2025-10-05 01:58:51 | INFO | f1.console | [TIRE_CHART] 強制最小值: driver=LEC, 最終end=8
2025-10-05 01:58:51 | ERROR | f1.console | [TIRE_CHART] 檢測到錯誤 end_lap: driver=LEC, start=4, end=4
2025-10-05 01:58:51 | INFO | f1.console | [TIRE_CHART] 使用 length 修正: driver=LEC, length=1, 新end=4
2025-10-05 01:58:51 | INFO | f1.console | [TIRE_CHART] 強制最小值: driver=LEC, 最終end=9
2025-10-05 01:58:51 | ERROR | f1.console | [TIRE_CHART] 檢測到錯誤 end_lap: driver=NOR, start=3, end=3
2025-10-05 01:58:51 | INFO | f1.console | [TIRE_CHART] 使用 length 修正: driver=NOR, length=1, 新end=3
2025-10-05 01:58:51 | INFO | f1.console | [TIRE_CHART] 強制最小值: driver=NOR, 最終end=8
2025-10-05 01:58:51 | ERROR | f1.console | [TIRE_CHART] 檢測到錯誤 end_lap: driver=NOR, start=4, end=4
2025-10-05 01:58:51 | INFO | f1.console | [TIRE_CHART] 使用 length 修正: driver=NOR, length=1, 新end=4
2025-10-05 01:58:51 | INFO | f1.console | [TIRE_CHART] 強制最小值: driver=NOR, 最終end=9
2025-10-05 01:58:51 | ERROR | f1.console | [TIRE_CHART] 檢測到錯誤 end_lap: driver=OCO, start=3, end=3
2025-10-05 01:58:51 | INFO | f1.console | [TIRE_CHART] 使用 length 修正: driver=OCO, length=1, 新end=3
2025-10-05 01:58:51 | INFO | f1.console | [TIRE_CHART] 強制最小值: driver=OCO, 最終end=8
2025-10-05 01:58:51 | ERROR | f1.console | [TIRE_CHART] 檢測到錯誤 end_lap: driver=OCO, start=4, end=4
2025-10-05 01:58:51 | INFO | f1.console | [TIRE_CHART] 使用 length 修正: driver=OCO, length=1, 新end=4
2025-10-05 01:58:51 | INFO | f1.console | [TIRE_CHART] 強制最小值: driver=OCO, 最終end=9
2025-10-05 01:58:51 | ERROR | f1.console | [TIRE_CHART] 檢測到錯誤 end_lap: driver=PIA, start=3, end=3
2025-10-05 01:58:51 | INFO | f1.console | [TIRE_CHART] 使用 length 修正: driver=PIA, length=1, 新end=3
2025-10-05 01:58:51 | INFO | f1.console | [TIRE_CHART] 強制最小值: driver=PIA, 最終end=8
2025-10-05 01:58:51 | ERROR | f1.console | [TIRE_CHART] 檢測到錯誤 end_lap: driver=PIA, start=4, end=4
2025-10-05 01:58:51 | INFO | f1.console | [TIRE_CHART] 使用 length 修正: driver=PIA, length=1, 新end=4
2025-10-05 01:58:51 | INFO | f1.console | [TIRE_CHART] 強制最小值: driver=PIA, 最終end=9
2025-10-05 01:58:51 | ERROR | f1.console | [TIRE_CHART] 檢測到錯誤 end_lap: driver=RUS, start=3, end=3
2025-10-05 01:58:51 | INFO | f1.console | [TIRE_CHART] 使用 length 修正: driver=RUS, length=1, 新end=3
2025-10-05 01:58:51 | INFO | f1.console | [TIRE_CHART] 強制最小值: driver=RUS, 最終end=8
2025-10-05 01:58:51 | ERROR | f1.console | [TIRE_CHART] 檢測到錯誤 end_lap: driver=RUS, start=4, end=4
2025-10-05 01:58:51 | INFO | f1.console | [TIRE_CHART] 使用 length 修正: driver=RUS, length=1, 新end=4
2025-10-05 01:58:51 | INFO | f1.console | [TIRE_CHART] 強制最小值: driver=RUS, 最終end=9
2025-10-05 01:58:51 | ERROR | f1.console | [TIRE_CHART] 檢測到錯誤 end_lap: driver=SAI, start=1, end=1
2025-10-05 01:58:51 | INFO | f1.console | [TIRE_CHART] 使用 length 修正: driver=SAI, length=1, 新end=1
2025-10-05 01:58:51 | INFO | f1.console | [TIRE_CHART] 強制最小值: driver=SAI, 最終end=6
2025-10-05 01:58:51 | ERROR | f1.console | [TIRE_CHART] 檢測到錯誤 end_lap: driver=STR, start=3, end=3
2025-10-05 01:58:51 | INFO | f1.console | [TIRE_CHART] 使用 length 修正: driver=STR, length=1, 新end=3
2025-10-05 01:58:51 | INFO | f1.console | [TIRE_CHART] 強制最小值: driver=STR, 最終end=8
2025-10-05 01:58:51 | ERROR | f1.console | [TIRE_CHART] 檢測到錯誤 end_lap: driver=STR, start=4, end=4
2025-10-05 01:58:51 | INFO | f1.console | [TIRE_CHART] 使用 length 修正: driver=STR, length=1, 新end=4
2025-10-05 01:58:51 | INFO | f1.console | [TIRE_CHART] 強制最小值: driver=STR, 最終end=9
2025-10-05 01:58:51 | ERROR | f1.console | [TIRE_CHART] 檢測到錯誤 end_lap: driver=TSU, start=3, end=3
2025-10-05 01:58:51 | INFO | f1.console | [TIRE_CHART] 使用 length 修正: driver=TSU, length=1, 新end=3
2025-10-05 01:58:51 | INFO | f1.console | [TIRE_CHART] 強制最小值: driver=TSU, 最終end=8
2025-10-05 01:58:51 | ERROR | f1.console | [TIRE_CHART] 檢測到錯誤 end_lap: driver=TSU, start=4, end=4
2025-10-05 01:58:51 | INFO | f1.console | [TIRE_CHART] 使用 length 修正: driver=TSU, length=1, 新end=4
2025-10-05 01:58:51 | INFO | f1.console | [TIRE_CHART] 強制最小值: driver=TSU, 最終end=9
2025-10-05 01:58:51 | ERROR | f1.console | [TIRE_CHART] 檢測到錯誤 end_lap: driver=VER, start=3, end=3
2025-10-05 01:58:51 | INFO | f1.console | [TIRE_CHART] 使用 length 修正: driver=VER, length=1, 新end=3
2025-10-05 01:58:51 | INFO | f1.console | [TIRE_CHART] 強制最小值: driver=VER, 最終end=8
2025-10-05 01:58:51 | ERROR | f1.console | [TIRE_CHART] 檢測到錯誤 end_lap: driver=VER, start=4, end=4
2025-10-05 01:58:51 | INFO | f1.console | [TIRE_CHART] 使用 length 修正: driver=VER, length=1, 新end=4
2025-10-05 01:58:51 | INFO | f1.console | [TIRE_CHART] 強制最小值: driver=VER, 最終end=9
2025-10-05 01:58:51 | INFO | f1.console | [MARKER_TEXT] 🎯 繪製文字標記 F (純文字版本)
2025-10-05 01:58:51 | INFO | f1.console | [MARKER_TEXT] 🎯 繪製文字標記 F (純文字版本)
2025-10-05 01:58:51 | INFO | f1.console | [MARKER_TEXT] 🎯 繪製文字標記 F (純文字版本)
2025-10-05 01:58:51 | INFO | f1.console | [LAPTIME_CHART_WIDGET] 繪製了 3 個智能標記
2025-10-05 01:58:51 | INFO | f1.console | [LEGEND_DEBUG] 數據系列數量: 3
2025-10-05 01:58:51 | INFO | f1.console | [LEGEND_DEBUG] 圖例位置: (1003, 15)
2025-10-05 01:58:51 | INFO | f1.console | [LEGEND_DEBUG] 圖例尺寸: 140 x 256
2025-10-05 01:58:51 | INFO | f1.console | [LEGEND_DEBUG] 🎨 設定背景色為: R255, G255, B255, A255
2025-10-05 01:58:51 | INFO | f1.console | [LEGEND_DEBUG] ✅ 白色背景填充完成 (重複3次)
2025-10-05 01:58:51 | INFO | f1.console | [LEGEND_DEBUG] ✅ 邊框繪製完成
2025-10-05 01:58:51 | INFO | f1.console | [LEGEND] 圖例重疊模式: 位置=(1003, 15), 尺寸=140x256
2025-10-05 01:58:51 | INFO | f1.console | [RAIN_AXIS_DEBUG] 📊 X軸座標軸設置:
2025-10-05 01:58:51 | INFO | f1.console | [RAIN_AXIS_DEBUG]   範圍: 1.0 - 57.0
2025-10-05 01:58:51 | INFO | f1.console | [RAIN_AXIS_DEBUG]   資料點: 57
2025-10-05 01:58:51 | INFO | f1.console | [RAIN_AXIS_DEBUG]   最小間距(px): 48
2025-10-05 01:58:51 | INFO | f1.console | [RAIN_AXIS_DEBUG] 📊 Y軸座標軸設置:
2025-10-05 01:58:51 | INFO | f1.console | [RAIN_AXIS_DEBUG]   範圍: 14.875 - 16.825
2025-10-05 01:58:51 | INFO | f1.console | [RAIN_AXIS_DEBUG]   間距: 0.325
2025-10-05 01:58:51 | INFO | f1.console | [RAIN_AXIS_DEBUG]   標籤數量: 7
2025-10-05 01:58:51 | INFO | f1.console | [RAIN_AXIS_DEBUG] 🎨 自訂座標軸標題繪製
2025-10-05 01:58:51 | INFO | f1.console | [TILE DEBUG] 視窗 2 實際尺寸: 551x303
2025-10-05 01:58:51 | INFO | f1.console | [TILE DEBUG] 視窗 3: 位置(1663, 10) 尺寸(551, 303)
2025-10-05 01:58:51 | ERROR | f1.console | [TIRE_CHART] 檢測到錯誤 end_lap: driver=ALB, start=3, end=3
2025-10-05 01:58:51 | INFO | f1.console | [TIRE_CHART] 使用 length 修正: driver=ALB, length=1, 新end=3
2025-10-05 01:58:51 | INFO | f1.console | [TIRE_CHART] 強制最小值: driver=ALB, 最終end=8
2025-10-05 01:58:51 | ERROR | f1.console | [TIRE_CHART] 檢測到錯誤 end_lap: driver=ALB, start=4, end=4
2025-10-05 01:58:51 | INFO | f1.console | [TIRE_CHART] 使用 length 修正: driver=ALB, length=1, 新end=4
2025-10-05 01:58:51 | INFO | f1.console | [TIRE_CHART] 強制最小值: driver=ALB, 最終end=9
2025-10-05 01:58:51 | ERROR | f1.console | [TIRE_CHART] 檢測到錯誤 end_lap: driver=ALO, start=3, end=3
2025-10-05 01:58:51 | INFO | f1.console | [TIRE_CHART] 使用 length 修正: driver=ALO, length=1, 新end=3
2025-10-05 01:58:51 | INFO | f1.console | [TIRE_CHART] 強制最小值: driver=ALO, 最終end=8
2025-10-05 01:58:51 | ERROR | f1.console | [TIRE_CHART] 檢測到錯誤 end_lap: driver=ALO, start=4, end=4
2025-10-05 01:58:51 | INFO | f1.console | [TIRE_CHART] 使用 length 修正: driver=ALO, length=1, 新end=4
2025-10-05 01:58:51 | INFO | f1.console | [TIRE_CHART] 強制最小值: driver=ALO, 最終end=9
2025-10-05 01:58:51 | ERROR | f1.console | [TIRE_CHART] 檢測到錯誤 end_lap: driver=ANT, start=3, end=3
2025-10-05 01:58:51 | INFO | f1.console | [TIRE_CHART] 使用 length 修正: driver=ANT, length=1, 新end=3
2025-10-05 01:58:51 | INFO | f1.console | [TIRE_CHART] 強制最小值: driver=ANT, 最終end=8
2025-10-05 01:58:51 | ERROR | f1.console | [TIRE_CHART] 檢測到錯誤 end_lap: driver=ANT, start=4, end=4
2025-10-05 01:58:51 | INFO | f1.console | [TIRE_CHART] 使用 length 修正: driver=ANT, length=1, 新end=4
2025-10-05 01:58:51 | INFO | f1.console | [TIRE_CHART] 強制最小值: driver=ANT, 最終end=9
2025-10-05 01:58:51 | ERROR | f1.console | [TIRE_CHART] 檢測到錯誤 end_lap: driver=BEA, start=3, end=3
2025-10-05 01:58:51 | INFO | f1.console | [TIRE_CHART] 使用 length 修正: driver=BEA, length=1, 新end=3
2025-10-05 01:58:51 | INFO | f1.console | [TIRE_CHART] 強制最小值: driver=BEA, 最終end=8
2025-10-05 01:58:51 | ERROR | f1.console | [TIRE_CHART] 檢測到錯誤 end_lap: driver=BEA, start=4, end=4
2025-10-05 01:58:51 | INFO | f1.console | [TIRE_CHART] 使用 length 修正: driver=BEA, length=1, 新end=4
2025-10-05 01:58:51 | INFO | f1.console | [TIRE_CHART] 強制最小值: driver=BEA, 最終end=9
2025-10-05 01:58:51 | ERROR | f1.console | [TIRE_CHART] 檢測到錯誤 end_lap: driver=BOR, start=3, end=3
2025-10-05 01:58:51 | INFO | f1.console | [TIRE_CHART] 使用 length 修正: driver=BOR, length=1, 新end=3
2025-10-05 01:58:51 | INFO | f1.console | [TIRE_CHART] 強制最小值: driver=BOR, 最終end=8
2025-10-05 01:58:51 | ERROR | f1.console | [TIRE_CHART] 檢測到錯誤 end_lap: driver=BOR, start=4, end=4
2025-10-05 01:58:51 | INFO | f1.console | [TIRE_CHART] 使用 length 修正: driver=BOR, length=1, 新end=4
2025-10-05 01:58:51 | INFO | f1.console | [TIRE_CHART] 強制最小值: driver=BOR, 最終end=9
2025-10-05 01:58:51 | ERROR | f1.console | [TIRE_CHART] 檢測到錯誤 end_lap: driver=DOO, start=1, end=1
2025-10-05 01:58:51 | INFO | f1.console | [TIRE_CHART] 使用 length 修正: driver=DOO, length=1, 新end=1
2025-10-05 01:58:51 | INFO | f1.console | [TIRE_CHART] 強制最小值: driver=DOO, 最終end=6
2025-10-05 01:58:51 | ERROR | f1.console | [TIRE_CHART] 檢測到錯誤 end_lap: driver=GAS, start=3, end=3
2025-10-05 01:58:51 | INFO | f1.console | [TIRE_CHART] 使用 length 修正: driver=GAS, length=1, 新end=3
2025-10-05 01:58:51 | INFO | f1.console | [TIRE_CHART] 強制最小值: driver=GAS, 最終end=8
2025-10-05 01:58:51 | ERROR | f1.console | [TIRE_CHART] 檢測到錯誤 end_lap: driver=GAS, start=4, end=4
2025-10-05 01:58:51 | INFO | f1.console | [TIRE_CHART] 使用 length 修正: driver=GAS, length=1, 新end=4
2025-10-05 01:58:51 | INFO | f1.console | [TIRE_CHART] 強制最小值: driver=GAS, 最終end=9
2025-10-05 01:58:51 | ERROR | f1.console | [TIRE_CHART] 檢測到錯誤 end_lap: driver=HAD, start=1, end=1
2025-10-05 01:58:51 | INFO | f1.console | [TIRE_CHART] 使用 length 修正: driver=HAD, length=1, 新end=1
2025-10-05 01:58:51 | INFO | f1.console | [TIRE_CHART] 強制最小值: driver=HAD, 最終end=6
2025-10-05 01:58:51 | ERROR | f1.console | [TIRE_CHART] 檢測到錯誤 end_lap: driver=HAM, start=3, end=3
2025-10-05 01:58:51 | INFO | f1.console | [TIRE_CHART] 使用 length 修正: driver=HAM, length=1, 新end=3
2025-10-05 01:58:51 | INFO | f1.console | [TIRE_CHART] 強制最小值: driver=HAM, 最終end=8
2025-10-05 01:58:51 | ERROR | f1.console | [TIRE_CHART] 檢測到錯誤 end_lap: driver=HAM, start=4, end=4
2025-10-05 01:58:51 | INFO | f1.console | [TIRE_CHART] 使用 length 修正: driver=HAM, length=1, 新end=4
2025-10-05 01:58:51 | INFO | f1.console | [TIRE_CHART] 強制最小值: driver=HAM, 最終end=9
2025-10-05 01:58:51 | ERROR | f1.console | [TIRE_CHART] 檢測到錯誤 end_lap: driver=HUL, start=3, end=3
2025-10-05 01:58:51 | INFO | f1.console | [TIRE_CHART] 使用 length 修正: driver=HUL, length=1, 新end=3
2025-10-05 01:58:51 | INFO | f1.console | [TIRE_CHART] 強制最小值: driver=HUL, 最終end=8
2025-10-05 01:58:51 | ERROR | f1.console | [TIRE_CHART] 檢測到錯誤 end_lap: driver=HUL, start=4, end=4
2025-10-05 01:58:51 | INFO | f1.console | [TIRE_CHART] 使用 length 修正: driver=HUL, length=1, 新end=4
2025-10-05 01:58:51 | INFO | f1.console | [TIRE_CHART] 強制最小值: driver=HUL, 最終end=9
2025-10-05 01:58:51 | ERROR | f1.console | [TIRE_CHART] 檢測到錯誤 end_lap: driver=LAW, start=3, end=3
2025-10-05 01:58:51 | INFO | f1.console | [TIRE_CHART] 使用 length 修正: driver=LAW, length=1, 新end=3
2025-10-05 01:58:51 | INFO | f1.console | [TIRE_CHART] 強制最小值: driver=LAW, 最終end=8
2025-10-05 01:58:51 | ERROR | f1.console | [TIRE_CHART] 檢測到錯誤 end_lap: driver=LAW, start=4, end=4
2025-10-05 01:58:51 | INFO | f1.console | [TIRE_CHART] 使用 length 修正: driver=LAW, length=1, 新end=4
2025-10-05 01:58:51 | INFO | f1.console | [TIRE_CHART] 強制最小值: driver=LAW, 最終end=9
2025-10-05 01:58:51 | ERROR | f1.console | [TIRE_CHART] 檢測到錯誤 end_lap: driver=LEC, start=3, end=3
2025-10-05 01:58:51 | INFO | f1.console | [TIRE_CHART] 使用 length 修正: driver=LEC, length=1, 新end=3
2025-10-05 01:58:51 | INFO | f1.console | [TIRE_CHART] 強制最小值: driver=LEC, 最終end=8
2025-10-05 01:58:51 | ERROR | f1.console | [TIRE_CHART] 檢測到錯誤 end_lap: driver=LEC, start=4, end=4
2025-10-05 01:58:51 | INFO | f1.console | [TIRE_CHART] 使用 length 修正: driver=LEC, length=1, 新end=4
2025-10-05 01:58:51 | INFO | f1.console | [TIRE_CHART] 強制最小值: driver=LEC, 最終end=9
2025-10-05 01:58:51 | ERROR | f1.console | [TIRE_CHART] 檢測到錯誤 end_lap: driver=NOR, start=3, end=3
2025-10-05 01:58:51 | INFO | f1.console | [TIRE_CHART] 使用 length 修正: driver=NOR, length=1, 新end=3
2025-10-05 01:58:51 | INFO | f1.console | [TIRE_CHART] 強制最小值: driver=NOR, 最終end=8
2025-10-05 01:58:51 | ERROR | f1.console | [TIRE_CHART] 檢測到錯誤 end_lap: driver=NOR, start=4, end=4
2025-10-05 01:58:51 | INFO | f1.console | [TIRE_CHART] 使用 length 修正: driver=NOR, length=1, 新end=4
2025-10-05 01:58:51 | INFO | f1.console | [TIRE_CHART] 強制最小值: driver=NOR, 最終end=9
2025-10-05 01:58:51 | ERROR | f1.console | [TIRE_CHART] 檢測到錯誤 end_lap: driver=OCO, start=3, end=3
2025-10-05 01:58:51 | INFO | f1.console | [TIRE_CHART] 使用 length 修正: driver=OCO, length=1, 新end=3
2025-10-05 01:58:51 | INFO | f1.console | [TIRE_CHART] 強制最小值: driver=OCO, 最終end=8
2025-10-05 01:58:51 | ERROR | f1.console | [TIRE_CHART] 檢測到錯誤 end_lap: driver=OCO, start=4, end=4
2025-10-05 01:58:51 | INFO | f1.console | [TIRE_CHART] 使用 length 修正: driver=OCO, length=1, 新end=4
2025-10-05 01:58:51 | INFO | f1.console | [TIRE_CHART] 強制最小值: driver=OCO, 最終end=9
2025-10-05 01:58:51 | ERROR | f1.console | [TIRE_CHART] 檢測到錯誤 end_lap: driver=PIA, start=3, end=3
2025-10-05 01:58:51 | INFO | f1.console | [TIRE_CHART] 使用 length 修正: driver=PIA, length=1, 新end=3
2025-10-05 01:58:51 | INFO | f1.console | [TIRE_CHART] 強制最小值: driver=PIA, 最終end=8
2025-10-05 01:58:51 | ERROR | f1.console | [TIRE_CHART] 檢測到錯誤 end_lap: driver=PIA, start=4, end=4
2025-10-05 01:58:51 | INFO | f1.console | [TIRE_CHART] 使用 length 修正: driver=PIA, length=1, 新end=4
2025-10-05 01:58:51 | INFO | f1.console | [TIRE_CHART] 強制最小值: driver=PIA, 最終end=9
2025-10-05 01:58:51 | ERROR | f1.console | [TIRE_CHART] 檢測到錯誤 end_lap: driver=RUS, start=3, end=3
2025-10-05 01:58:51 | INFO | f1.console | [TIRE_CHART] 使用 length 修正: driver=RUS, length=1, 新end=3
2025-10-05 01:58:51 | INFO | f1.console | [TIRE_CHART] 強制最小值: driver=RUS, 最終end=8
2025-10-05 01:58:51 | ERROR | f1.console | [TIRE_CHART] 檢測到錯誤 end_lap: driver=RUS, start=4, end=4
2025-10-05 01:58:51 | INFO | f1.console | [TIRE_CHART] 使用 length 修正: driver=RUS, length=1, 新end=4
2025-10-05 01:58:51 | INFO | f1.console | [TIRE_CHART] 強制最小值: driver=RUS, 最終end=9
2025-10-05 01:58:51 | ERROR | f1.console | [TIRE_CHART] 檢測到錯誤 end_lap: driver=SAI, start=1, end=1
2025-10-05 01:58:51 | INFO | f1.console | [TIRE_CHART] 使用 length 修正: driver=SAI, length=1, 新end=1
2025-10-05 01:58:51 | INFO | f1.console | [TIRE_CHART] 強制最小值: driver=SAI, 最終end=6
2025-10-05 01:58:51 | ERROR | f1.console | [TIRE_CHART] 檢測到錯誤 end_lap: driver=STR, start=3, end=3
2025-10-05 01:58:51 | INFO | f1.console | [TIRE_CHART] 使用 length 修正: driver=STR, length=1, 新end=3
2025-10-05 01:58:51 | INFO | f1.console | [TIRE_CHART] 強制最小值: driver=STR, 最終end=8
2025-10-05 01:58:51 | ERROR | f1.console | [TIRE_CHART] 檢測到錯誤 end_lap: driver=STR, start=4, end=4
2025-10-05 01:58:51 | INFO | f1.console | [TIRE_CHART] 使用 length 修正: driver=STR, length=1, 新end=4
2025-10-05 01:58:51 | INFO | f1.console | [TIRE_CHART] 強制最小值: driver=STR, 最終end=9
2025-10-05 01:58:51 | ERROR | f1.console | [TIRE_CHART] 檢測到錯誤 end_lap: driver=TSU, start=3, end=3
2025-10-05 01:58:51 | INFO | f1.console | [TIRE_CHART] 使用 length 修正: driver=TSU, length=1, 新end=3
2025-10-05 01:58:51 | INFO | f1.console | [TIRE_CHART] 強制最小值: driver=TSU, 最終end=8
2025-10-05 01:58:51 | ERROR | f1.console | [TIRE_CHART] 檢測到錯誤 end_lap: driver=TSU, start=4, end=4
2025-10-05 01:58:51 | INFO | f1.console | [TIRE_CHART] 使用 length 修正: driver=TSU, length=1, 新end=4
2025-10-05 01:58:51 | INFO | f1.console | [TIRE_CHART] 強制最小值: driver=TSU, 最終end=9
2025-10-05 01:58:51 | ERROR | f1.console | [TIRE_CHART] 檢測到錯誤 end_lap: driver=VER, start=3, end=3
2025-10-05 01:58:51 | INFO | f1.console | [TIRE_CHART] 使用 length 修正: driver=VER, length=1, 新end=3
2025-10-05 01:58:51 | INFO | f1.console | [TIRE_CHART] 強制最小值: driver=VER, 最終end=8
2025-10-05 01:58:51 | ERROR | f1.console | [TIRE_CHART] 檢測到錯誤 end_lap: driver=VER, start=4, end=4
2025-10-05 01:58:51 | INFO | f1.console | [TIRE_CHART] 使用 length 修正: driver=VER, length=1, 新end=4
2025-10-05 01:58:51 | INFO | f1.console | [TIRE_CHART] 強制最小值: driver=VER, 最終end=9
2025-10-05 01:58:51 | INFO | f1.console | [MARKER_TEXT] 🎯 繪製文字標記 F (純文字版本)
2025-10-05 01:58:51 | INFO | f1.console | [MARKER_TEXT] 🎯 繪製文字標記 F (純文字版本)
2025-10-05 01:58:51 | INFO | f1.console | [MARKER_TEXT] 🎯 繪製文字標記 F (純文字版本)
2025-10-05 01:58:51 | INFO | f1.console | [LAPTIME_CHART_WIDGET] 繪製了 3 個智能標記
2025-10-05 01:58:51 | INFO | f1.console | [LEGEND_DEBUG] 數據系列數量: 3
2025-10-05 01:58:51 | INFO | f1.console | [LEGEND_DEBUG] 圖例位置: (1003, 15)
2025-10-05 01:58:51 | INFO | f1.console | [LEGEND_DEBUG] 圖例尺寸: 140 x 256
2025-10-05 01:58:51 | INFO | f1.console | [LEGEND_DEBUG] 🎨 設定背景色為: R255, G255, B255, A255
2025-10-05 01:58:51 | INFO | f1.console | [LEGEND_DEBUG] ✅ 白色背景填充完成 (重複3次)
2025-10-05 01:58:51 | INFO | f1.console | [LEGEND_DEBUG] ✅ 邊框繪製完成
2025-10-05 01:58:51 | INFO | f1.console | [LEGEND] 圖例重疊模式: 位置=(1003, 15), 尺寸=140x256
2025-10-05 01:58:51 | INFO | f1.console | [RAIN_AXIS_DEBUG] 📊 X軸座標軸設置:
2025-10-05 01:58:51 | INFO | f1.console | [RAIN_AXIS_DEBUG]   範圍: 1.0 - 57.0
2025-10-05 01:58:51 | INFO | f1.console | [RAIN_AXIS_DEBUG]   資料點: 57
2025-10-05 01:58:51 | INFO | f1.console | [RAIN_AXIS_DEBUG]   最小間距(px): 48
2025-10-05 01:58:51 | INFO | f1.console | [RAIN_AXIS_DEBUG] 📊 Y軸座標軸設置:
2025-10-05 01:58:51 | INFO | f1.console | [RAIN_AXIS_DEBUG]   範圍: 14.875 - 16.825
2025-10-05 01:58:51 | INFO | f1.console | [RAIN_AXIS_DEBUG]   間距: 0.325
2025-10-05 01:58:51 | INFO | f1.console | [RAIN_AXIS_DEBUG]   標籤數量: 7
2025-10-05 01:58:51 | INFO | f1.console | [RAIN_AXIS_DEBUG] 🎨 自訂座標軸標題繪製
2025-10-05 01:58:51 | INFO | f1.console | [TILE DEBUG] 視窗 3 實際尺寸: 551x303
2025-10-05 01:58:51 | INFO | f1.console | [TILE DEBUG] 視窗 4: 位置(10, 313) 尺寸(551, 303)
2025-10-05 01:58:51 | INFO | f1.console | [ACCEL_DEBUG] 繪製曲線:
2025-10-05 01:58:51 | INFO | f1.console |   距離範圍: -0.0 - 5288.3 (範圍: 5288.4)
2025-10-05 01:58:51 | INFO | f1.console |   加速度範圍: -37.23 - 23.95 (範圍: 61.18)
2025-10-05 01:58:51 | INFO | f1.console |   圖表區域: 1066 x 704
2025-10-05 01:58:51 | INFO | f1.console |   車手1數據點: 500, 車手2數據點: 0
2025-10-05 01:58:51 | INFO | f1.console | [MARKER_TEXT] 🎯 繪製文字標記 F (純文字版本)
2025-10-05 01:58:51 | INFO | f1.console | [MARKER_TEXT] 🎯 繪製文字標記 F (純文字版本)
2025-10-05 01:58:51 | INFO | f1.console | [MARKER_TEXT] 🎯 繪製文字標記 F (純文字版本)
2025-10-05 01:58:51 | INFO | f1.console | [LAPTIME_CHART_WIDGET] 繪製了 3 個智能標記
2025-10-05 01:58:51 | INFO | f1.console | [LEGEND_DEBUG] 數據系列數量: 3
2025-10-05 01:58:51 | INFO | f1.console | [LEGEND_DEBUG] 圖例位置: (1003, 15)
2025-10-05 01:58:51 | INFO | f1.console | [LEGEND_DEBUG] 圖例尺寸: 140 x 256
2025-10-05 01:58:51 | INFO | f1.console | [LEGEND_DEBUG] 🎨 設定背景色為: R255, G255, B255, A255
2025-10-05 01:58:51 | INFO | f1.console | [LEGEND_DEBUG] ✅ 白色背景填充完成 (重複3次)
2025-10-05 01:58:51 | INFO | f1.console | [LEGEND_DEBUG] ✅ 邊框繪製完成
2025-10-05 01:58:51 | INFO | f1.console | [LEGEND] 圖例重疊模式: 位置=(1003, 15), 尺寸=140x256
2025-10-05 01:58:51 | INFO | f1.console | [RAIN_AXIS_DEBUG] 📊 X軸座標軸設置:
2025-10-05 01:58:51 | INFO | f1.console | [RAIN_AXIS_DEBUG]   範圍: 1.0 - 57.0
2025-10-05 01:58:51 | INFO | f1.console | [RAIN_AXIS_DEBUG]   資料點: 57
2025-10-05 01:58:51 | INFO | f1.console | [RAIN_AXIS_DEBUG]   最小間距(px): 48
2025-10-05 01:58:51 | INFO | f1.console | [RAIN_AXIS_DEBUG] 📊 Y軸座標軸設置:
2025-10-05 01:58:51 | INFO | f1.console | [RAIN_AXIS_DEBUG]   範圍: 14.875 - 16.825
2025-10-05 01:58:51 | INFO | f1.console | [RAIN_AXIS_DEBUG]   間距: 0.325
2025-10-05 01:58:51 | INFO | f1.console | [RAIN_AXIS_DEBUG]   標籤數量: 7
2025-10-05 01:58:51 | INFO | f1.console | [RAIN_AXIS_DEBUG] 🎨 自訂座標軸標題繪製
2025-10-05 01:58:51 | ERROR | f1.console | [TIRE_CHART] 檢測到錯誤 end_lap: driver=ALB, start=3, end=3
2025-10-05 01:58:51 | INFO | f1.console | [TIRE_CHART] 使用 length 修正: driver=ALB, length=1, 新end=3
2025-10-05 01:58:51 | INFO | f1.console | [TIRE_CHART] 強制最小值: driver=ALB, 最終end=8
2025-10-05 01:58:51 | ERROR | f1.console | [TIRE_CHART] 檢測到錯誤 end_lap: driver=ALB, start=4, end=4
2025-10-05 01:58:51 | INFO | f1.console | [TIRE_CHART] 使用 length 修正: driver=ALB, length=1, 新end=4
2025-10-05 01:58:51 | INFO | f1.console | [TIRE_CHART] 強制最小值: driver=ALB, 最終end=9
2025-10-05 01:58:51 | ERROR | f1.console | [TIRE_CHART] 檢測到錯誤 end_lap: driver=ALO, start=3, end=3
2025-10-05 01:58:51 | INFO | f1.console | [TIRE_CHART] 使用 length 修正: driver=ALO, length=1, 新end=3
2025-10-05 01:58:51 | INFO | f1.console | [TIRE_CHART] 強制最小值: driver=ALO, 最終end=8
2025-10-05 01:58:51 | ERROR | f1.console | [TIRE_CHART] 檢測到錯誤 end_lap: driver=ALO, start=4, end=4
2025-10-05 01:58:51 | INFO | f1.console | [TIRE_CHART] 使用 length 修正: driver=ALO, length=1, 新end=4
2025-10-05 01:58:51 | INFO | f1.console | [TIRE_CHART] 強制最小值: driver=ALO, 最終end=9
2025-10-05 01:58:51 | ERROR | f1.console | [TIRE_CHART] 檢測到錯誤 end_lap: driver=ANT, start=3, end=3
2025-10-05 01:58:51 | INFO | f1.console | [TIRE_CHART] 使用 length 修正: driver=ANT, length=1, 新end=3
2025-10-05 01:58:51 | INFO | f1.console | [TIRE_CHART] 強制最小值: driver=ANT, 最終end=8
2025-10-05 01:58:51 | ERROR | f1.console | [TIRE_CHART] 檢測到錯誤 end_lap: driver=ANT, start=4, end=4
2025-10-05 01:58:51 | INFO | f1.console | [TIRE_CHART] 使用 length 修正: driver=ANT, length=1, 新end=4
2025-10-05 01:58:51 | INFO | f1.console | [TIRE_CHART] 強制最小值: driver=ANT, 最終end=9
2025-10-05 01:58:51 | ERROR | f1.console | [TIRE_CHART] 檢測到錯誤 end_lap: driver=BEA, start=3, end=3
2025-10-05 01:58:51 | INFO | f1.console | [TIRE_CHART] 使用 length 修正: driver=BEA, length=1, 新end=3
2025-10-05 01:58:51 | INFO | f1.console | [TIRE_CHART] 強制最小值: driver=BEA, 最終end=8
2025-10-05 01:58:51 | ERROR | f1.console | [TIRE_CHART] 檢測到錯誤 end_lap: driver=BEA, start=4, end=4
2025-10-05 01:58:51 | INFO | f1.console | [TIRE_CHART] 使用 length 修正: driver=BEA, length=1, 新end=4
2025-10-05 01:58:51 | INFO | f1.console | [TIRE_CHART] 強制最小值: driver=BEA, 最終end=9
2025-10-05 01:58:51 | ERROR | f1.console | [TIRE_CHART] 檢測到錯誤 end_lap: driver=BOR, start=3, end=3
2025-10-05 01:58:51 | INFO | f1.console | [TIRE_CHART] 使用 length 修正: driver=BOR, length=1, 新end=3
2025-10-05 01:58:51 | INFO | f1.console | [TIRE_CHART] 強制最小值: driver=BOR, 最終end=8
2025-10-05 01:58:51 | ERROR | f1.console | [TIRE_CHART] 檢測到錯誤 end_lap: driver=BOR, start=4, end=4
2025-10-05 01:58:51 | INFO | f1.console | [TIRE_CHART] 使用 length 修正: driver=BOR, length=1, 新end=4
2025-10-05 01:58:51 | INFO | f1.console | [TIRE_CHART] 強制最小值: driver=BOR, 最終end=9
2025-10-05 01:58:51 | ERROR | f1.console | [TIRE_CHART] 檢測到錯誤 end_lap: driver=DOO, start=1, end=1
2025-10-05 01:58:51 | INFO | f1.console | [TIRE_CHART] 使用 length 修正: driver=DOO, length=1, 新end=1
2025-10-05 01:58:51 | INFO | f1.console | [TIRE_CHART] 強制最小值: driver=DOO, 最終end=6
2025-10-05 01:58:51 | ERROR | f1.console | [TIRE_CHART] 檢測到錯誤 end_lap: driver=GAS, start=3, end=3
2025-10-05 01:58:51 | INFO | f1.console | [TIRE_CHART] 使用 length 修正: driver=GAS, length=1, 新end=3
2025-10-05 01:58:51 | INFO | f1.console | [TIRE_CHART] 強制最小值: driver=GAS, 最終end=8
2025-10-05 01:58:51 | ERROR | f1.console | [TIRE_CHART] 檢測到錯誤 end_lap: driver=GAS, start=4, end=4
2025-10-05 01:58:51 | INFO | f1.console | [TIRE_CHART] 使用 length 修正: driver=GAS, length=1, 新end=4
2025-10-05 01:58:51 | INFO | f1.console | [TIRE_CHART] 強制最小值: driver=GAS, 最終end=9
2025-10-05 01:58:51 | ERROR | f1.console | [TIRE_CHART] 檢測到錯誤 end_lap: driver=HAD, start=1, end=1
2025-10-05 01:58:51 | INFO | f1.console | [TIRE_CHART] 使用 length 修正: driver=HAD, length=1, 新end=1
2025-10-05 01:58:51 | INFO | f1.console | [TIRE_CHART] 強制最小值: driver=HAD, 最終end=6
2025-10-05 01:58:51 | ERROR | f1.console | [TIRE_CHART] 檢測到錯誤 end_lap: driver=HAM, start=3, end=3
2025-10-05 01:58:51 | INFO | f1.console | [TIRE_CHART] 使用 length 修正: driver=HAM, length=1, 新end=3
2025-10-05 01:58:51 | INFO | f1.console | [TIRE_CHART] 強制最小值: driver=HAM, 最終end=8
2025-10-05 01:58:51 | ERROR | f1.console | [TIRE_CHART] 檢測到錯誤 end_lap: driver=HAM, start=4, end=4
2025-10-05 01:58:51 | INFO | f1.console | [TIRE_CHART] 使用 length 修正: driver=HAM, length=1, 新end=4
2025-10-05 01:58:51 | INFO | f1.console | [TIRE_CHART] 強制最小值: driver=HAM, 最終end=9
2025-10-05 01:58:51 | ERROR | f1.console | [TIRE_CHART] 檢測到錯誤 end_lap: driver=HUL, start=3, end=3
2025-10-05 01:58:51 | INFO | f1.console | [TIRE_CHART] 使用 length 修正: driver=HUL, length=1, 新end=3
2025-10-05 01:58:51 | INFO | f1.console | [TIRE_CHART] 強制最小值: driver=HUL, 最終end=8
2025-10-05 01:58:51 | ERROR | f1.console | [TIRE_CHART] 檢測到錯誤 end_lap: driver=HUL, start=4, end=4
2025-10-05 01:58:51 | INFO | f1.console | [TIRE_CHART] 使用 length 修正: driver=HUL, length=1, 新end=4
2025-10-05 01:58:51 | INFO | f1.console | [TIRE_CHART] 強制最小值: driver=HUL, 最終end=9
2025-10-05 01:58:51 | ERROR | f1.console | [TIRE_CHART] 檢測到錯誤 end_lap: driver=LAW, start=3, end=3
2025-10-05 01:58:51 | INFO | f1.console | [TIRE_CHART] 使用 length 修正: driver=LAW, length=1, 新end=3
2025-10-05 01:58:51 | INFO | f1.console | [TIRE_CHART] 強制最小值: driver=LAW, 最終end=8
2025-10-05 01:58:51 | ERROR | f1.console | [TIRE_CHART] 檢測到錯誤 end_lap: driver=LAW, start=4, end=4
2025-10-05 01:58:51 | INFO | f1.console | [TIRE_CHART] 使用 length 修正: driver=LAW, length=1, 新end=4
2025-10-05 01:58:51 | INFO | f1.console | [TIRE_CHART] 強制最小值: driver=LAW, 最終end=9
2025-10-05 01:58:51 | ERROR | f1.console | [TIRE_CHART] 檢測到錯誤 end_lap: driver=LEC, start=3, end=3
2025-10-05 01:58:51 | INFO | f1.console | [TIRE_CHART] 使用 length 修正: driver=LEC, length=1, 新end=3
2025-10-05 01:58:51 | INFO | f1.console | [TIRE_CHART] 強制最小值: driver=LEC, 最終end=8
2025-10-05 01:58:51 | ERROR | f1.console | [TIRE_CHART] 檢測到錯誤 end_lap: driver=LEC, start=4, end=4
2025-10-05 01:58:51 | INFO | f1.console | [TIRE_CHART] 使用 length 修正: driver=LEC, length=1, 新end=4
2025-10-05 01:58:51 | INFO | f1.console | [TIRE_CHART] 強制最小值: driver=LEC, 最終end=9
2025-10-05 01:58:51 | ERROR | f1.console | [TIRE_CHART] 檢測到錯誤 end_lap: driver=NOR, start=3, end=3
2025-10-05 01:58:51 | INFO | f1.console | [TIRE_CHART] 使用 length 修正: driver=NOR, length=1, 新end=3
2025-10-05 01:58:51 | INFO | f1.console | [TIRE_CHART] 強制最小值: driver=NOR, 最終end=8
2025-10-05 01:58:51 | ERROR | f1.console | [TIRE_CHART] 檢測到錯誤 end_lap: driver=NOR, start=4, end=4
2025-10-05 01:58:51 | INFO | f1.console | [TIRE_CHART] 使用 length 修正: driver=NOR, length=1, 新end=4
2025-10-05 01:58:51 | INFO | f1.console | [TIRE_CHART] 強制最小值: driver=NOR, 最終end=9
2025-10-05 01:58:51 | ERROR | f1.console | [TIRE_CHART] 檢測到錯誤 end_lap: driver=OCO, start=3, end=3
2025-10-05 01:58:51 | INFO | f1.console | [TIRE_CHART] 使用 length 修正: driver=OCO, length=1, 新end=3
2025-10-05 01:58:51 | INFO | f1.console | [TIRE_CHART] 強制最小值: driver=OCO, 最終end=8
2025-10-05 01:58:51 | ERROR | f1.console | [TIRE_CHART] 檢測到錯誤 end_lap: driver=OCO, start=4, end=4
2025-10-05 01:58:51 | INFO | f1.console | [TIRE_CHART] 使用 length 修正: driver=OCO, length=1, 新end=4
2025-10-05 01:58:51 | INFO | f1.console | [TIRE_CHART] 強制最小值: driver=OCO, 最終end=9
2025-10-05 01:58:51 | ERROR | f1.console | [TIRE_CHART] 檢測到錯誤 end_lap: driver=PIA, start=3, end=3
2025-10-05 01:58:51 | INFO | f1.console | [TIRE_CHART] 使用 length 修正: driver=PIA, length=1, 新end=3
2025-10-05 01:58:51 | INFO | f1.console | [TIRE_CHART] 強制最小值: driver=PIA, 最終end=8
2025-10-05 01:58:51 | ERROR | f1.console | [TIRE_CHART] 檢測到錯誤 end_lap: driver=PIA, start=4, end=4
2025-10-05 01:58:51 | INFO | f1.console | [TIRE_CHART] 使用 length 修正: driver=PIA, length=1, 新end=4
2025-10-05 01:58:51 | INFO | f1.console | [TIRE_CHART] 強制最小值: driver=PIA, 最終end=9
2025-10-05 01:58:51 | ERROR | f1.console | [TIRE_CHART] 檢測到錯誤 end_lap: driver=RUS, start=3, end=3
2025-10-05 01:58:51 | INFO | f1.console | [TIRE_CHART] 使用 length 修正: driver=RUS, length=1, 新end=3
2025-10-05 01:58:51 | INFO | f1.console | [TIRE_CHART] 強制最小值: driver=RUS, 最終end=8
2025-10-05 01:58:51 | ERROR | f1.console | [TIRE_CHART] 檢測到錯誤 end_lap: driver=RUS, start=4, end=4
2025-10-05 01:58:51 | INFO | f1.console | [TIRE_CHART] 使用 length 修正: driver=RUS, length=1, 新end=4
2025-10-05 01:58:51 | INFO | f1.console | [TIRE_CHART] 強制最小值: driver=RUS, 最終end=9
2025-10-05 01:58:51 | ERROR | f1.console | [TIRE_CHART] 檢測到錯誤 end_lap: driver=SAI, start=1, end=1
2025-10-05 01:58:51 | INFO | f1.console | [TIRE_CHART] 使用 length 修正: driver=SAI, length=1, 新end=1
2025-10-05 01:58:51 | INFO | f1.console | [TIRE_CHART] 強制最小值: driver=SAI, 最終end=6
2025-10-05 01:58:51 | ERROR | f1.console | [TIRE_CHART] 檢測到錯誤 end_lap: driver=STR, start=3, end=3
2025-10-05 01:58:51 | INFO | f1.console | [TIRE_CHART] 使用 length 修正: driver=STR, length=1, 新end=3
2025-10-05 01:58:51 | INFO | f1.console | [TIRE_CHART] 強制最小值: driver=STR, 最終end=8
2025-10-05 01:58:51 | ERROR | f1.console | [TIRE_CHART] 檢測到錯誤 end_lap: driver=STR, start=4, end=4
2025-10-05 01:58:51 | INFO | f1.console | [TIRE_CHART] 使用 length 修正: driver=STR, length=1, 新end=4
2025-10-05 01:58:51 | INFO | f1.console | [TIRE_CHART] 強制最小值: driver=STR, 最終end=9
2025-10-05 01:58:51 | ERROR | f1.console | [TIRE_CHART] 檢測到錯誤 end_lap: driver=TSU, start=3, end=3
2025-10-05 01:58:51 | INFO | f1.console | [TIRE_CHART] 使用 length 修正: driver=TSU, length=1, 新end=3
2025-10-05 01:58:51 | INFO | f1.console | [TIRE_CHART] 強制最小值: driver=TSU, 最終end=8
2025-10-05 01:58:51 | ERROR | f1.console | [TIRE_CHART] 檢測到錯誤 end_lap: driver=TSU, start=4, end=4
2025-10-05 01:58:51 | INFO | f1.console | [TIRE_CHART] 使用 length 修正: driver=TSU, length=1, 新end=4
2025-10-05 01:58:51 | INFO | f1.console | [TIRE_CHART] 強制最小值: driver=TSU, 最終end=9
2025-10-05 01:58:51 | ERROR | f1.console | [TIRE_CHART] 檢測到錯誤 end_lap: driver=VER, start=3, end=3
2025-10-05 01:58:51 | INFO | f1.console | [TIRE_CHART] 使用 length 修正: driver=VER, length=1, 新end=3
2025-10-05 01:58:51 | INFO | f1.console | [TIRE_CHART] 強制最小值: driver=VER, 最終end=8
2025-10-05 01:58:51 | ERROR | f1.console | [TIRE_CHART] 檢測到錯誤 end_lap: driver=VER, start=4, end=4
2025-10-05 01:58:51 | INFO | f1.console | [TIRE_CHART] 使用 length 修正: driver=VER, length=1, 新end=4
2025-10-05 01:58:51 | INFO | f1.console | [TIRE_CHART] 強制最小值: driver=VER, 最終end=9
2025-10-05 01:58:51 | INFO | f1.console | [TILE DEBUG] 視窗 4 實際尺寸: 551x303
2025-10-05 01:58:51 | INFO | f1.console | [TILE DEBUG] 視窗 5: 位置(561, 313) 尺寸(551, 303)
2025-10-05 01:58:51 | INFO | f1.console | [ACCEL_DEBUG] 繪製曲線:
2025-10-05 01:58:51 | INFO | f1.console |   距離範圍: -0.0 - 5288.3 (範圍: 5288.4)
2025-10-05 01:58:51 | INFO | f1.console |   加速度範圍: -37.23 - 23.95 (範圍: 61.18)
2025-10-05 01:58:51 | INFO | f1.console |   圖表區域: 1066 x 704
2025-10-05 01:58:51 | INFO | f1.console |   車手1數據點: 500, 車手2數據點: 0
2025-10-05 01:58:51 | INFO | f1.console | [MARKER_TEXT] 🎯 繪製文字標記 F (純文字版本)
2025-10-05 01:58:51 | INFO | f1.console | [MARKER_TEXT] 🎯 繪製文字標記 F (純文字版本)
2025-10-05 01:58:51 | INFO | f1.console | [MARKER_TEXT] 🎯 繪製文字標記 F (純文字版本)
2025-10-05 01:58:51 | INFO | f1.console | [LAPTIME_CHART_WIDGET] 繪製了 3 個智能標記
2025-10-05 01:58:51 | INFO | f1.console | [LEGEND_DEBUG] 數據系列數量: 3
2025-10-05 01:58:51 | INFO | f1.console | [LEGEND_DEBUG] 圖例位置: (1003, 15)
2025-10-05 01:58:51 | INFO | f1.console | [LEGEND_DEBUG] 圖例尺寸: 140 x 256
2025-10-05 01:58:51 | INFO | f1.console | [LEGEND_DEBUG] 🎨 設定背景色為: R255, G255, B255, A255
2025-10-05 01:58:51 | INFO | f1.console | [LEGEND_DEBUG] ✅ 白色背景填充完成 (重複3次)
2025-10-05 01:58:51 | INFO | f1.console | [LEGEND_DEBUG] ✅ 邊框繪製完成
2025-10-05 01:58:51 | INFO | f1.console | [LEGEND] 圖例重疊模式: 位置=(1003, 15), 尺寸=140x256
2025-10-05 01:58:51 | INFO | f1.console | [TILE DEBUG] 視窗 5 實際尺寸: 551x303
2025-10-05 01:58:51 | INFO | f1.console | [TILE DEBUG] 視窗 6: 位置(1112, 313) 尺寸(551, 303)
2025-10-05 01:58:51 | INFO | f1.console | [ACCEL_DEBUG] 繪製曲線:
2025-10-05 01:58:51 | INFO | f1.console |   距離範圍: -0.0 - 5288.3 (範圍: 5288.4)
2025-10-05 01:58:51 | INFO | f1.console |   加速度範圍: -37.23 - 23.95 (範圍: 61.18)
2025-10-05 01:58:51 | INFO | f1.console |   圖表區域: 1066 x 704
2025-10-05 01:58:51 | INFO | f1.console |   車手1數據點: 500, 車手2數據點: 0
2025-10-05 01:58:51 | INFO | f1.console | [MARKER_TEXT] 🎯 繪製文字標記 F (純文字版本)
2025-10-05 01:58:51 | INFO | f1.console | [MARKER_TEXT] 🎯 繪製文字標記 F (純文字版本)
2025-10-05 01:58:51 | INFO | f1.console | [MARKER_TEXT] 🎯 繪製文字標記 F (純文字版本)
2025-10-05 01:58:51 | INFO | f1.console | [LAPTIME_CHART_WIDGET] 繪製了 3 個智能標記
2025-10-05 01:58:51 | INFO | f1.console | [LEGEND_DEBUG] 數據系列數量: 3
2025-10-05 01:58:51 | INFO | f1.console | [LEGEND_DEBUG] 圖例位置: (1003, 15)
2025-10-05 01:58:51 | INFO | f1.console | [LEGEND_DEBUG] 圖例尺寸: 140 x 256
2025-10-05 01:58:51 | INFO | f1.console | [LEGEND_DEBUG] 🎨 設定背景色為: R255, G255, B255, A255
2025-10-05 01:58:51 | INFO | f1.console | [LEGEND_DEBUG] ✅ 白色背景填充完成 (重複3次)
2025-10-05 01:58:51 | INFO | f1.console | [LEGEND_DEBUG] ✅ 邊框繪製完成
2025-10-05 01:58:51 | INFO | f1.console | [LEGEND] 圖例重疊模式: 位置=(1003, 15), 尺寸=140x256
2025-10-05 01:58:51 | INFO | f1.console | [TILE DEBUG] 視窗 6 實際尺寸: 551x303
2025-10-05 01:58:51 | INFO | f1.console | [TILE DEBUG] 視窗 7: 位置(1663, 313) 尺寸(551, 303)
2025-10-05 01:58:51 | INFO | f1.console | [ACCEL_DEBUG] 繪製曲線:
2025-10-05 01:58:51 | INFO | f1.console |   距離範圍: -0.0 - 5288.3 (範圍: 5288.4)
2025-10-05 01:58:51 | INFO | f1.console |   加速度範圍: -37.23 - 23.95 (範圍: 61.18)
2025-10-05 01:58:51 | INFO | f1.console |   圖表區域: 1066 x 704
2025-10-05 01:58:51 | INFO | f1.console |   車手1數據點: 500, 車手2數據點: 0
2025-10-05 01:58:51 | INFO | f1.console | [MARKER_TEXT] 🎯 繪製文字標記 F (純文字版本)
2025-10-05 01:58:51 | INFO | f1.console | [MARKER_TEXT] 🎯 繪製文字標記 F (純文字版本)
2025-10-05 01:58:51 | INFO | f1.console | [MARKER_TEXT] 🎯 繪製文字標記 F (純文字版本)
2025-10-05 01:58:51 | INFO | f1.console | [LAPTIME_CHART_WIDGET] 繪製了 3 個智能標記
2025-10-05 01:58:51 | INFO | f1.console | [LEGEND_DEBUG] 數據系列數量: 3
2025-10-05 01:58:51 | INFO | f1.console | [LEGEND_DEBUG] 圖例位置: (1003, 15)
2025-10-05 01:58:51 | INFO | f1.console | [LEGEND_DEBUG] 圖例尺寸: 140 x 256
2025-10-05 01:58:51 | INFO | f1.console | [LEGEND_DEBUG] 🎨 設定背景色為: R255, G255, B255, A255
2025-10-05 01:58:51 | INFO | f1.console | [LEGEND_DEBUG] ✅ 白色背景填充完成 (重複3次)
2025-10-05 01:58:51 | INFO | f1.console | [LEGEND_DEBUG] ✅ 邊框繪製完成
2025-10-05 01:58:51 | INFO | f1.console | [LEGEND] 圖例重疊模式: 位置=(1003, 15), 尺寸=140x256
2025-10-05 01:58:51 | ERROR | f1.console | [TIRE_CHART] 檢測到錯誤 end_lap: driver=ALB, start=3, end=3
2025-10-05 01:58:51 | INFO | f1.console | [TIRE_CHART] 使用 length 修正: driver=ALB, length=1, 新end=3
2025-10-05 01:58:51 | INFO | f1.console | [TIRE_CHART] 強制最小值: driver=ALB, 最終end=8
2025-10-05 01:58:51 | ERROR | f1.console | [TIRE_CHART] 檢測到錯誤 end_lap: driver=ALB, start=4, end=4
2025-10-05 01:58:51 | INFO | f1.console | [TIRE_CHART] 使用 length 修正: driver=ALB, length=1, 新end=4
2025-10-05 01:58:51 | INFO | f1.console | [TIRE_CHART] 強制最小值: driver=ALB, 最終end=9
2025-10-05 01:58:51 | ERROR | f1.console | [TIRE_CHART] 檢測到錯誤 end_lap: driver=ALO, start=3, end=3
2025-10-05 01:58:51 | INFO | f1.console | [TIRE_CHART] 使用 length 修正: driver=ALO, length=1, 新end=3
2025-10-05 01:58:51 | INFO | f1.console | [TIRE_CHART] 強制最小值: driver=ALO, 最終end=8
2025-10-05 01:58:51 | ERROR | f1.console | [TIRE_CHART] 檢測到錯誤 end_lap: driver=ALO, start=4, end=4
2025-10-05 01:58:51 | INFO | f1.console | [TIRE_CHART] 使用 length 修正: driver=ALO, length=1, 新end=4
2025-10-05 01:58:51 | INFO | f1.console | [TIRE_CHART] 強制最小值: driver=ALO, 最終end=9
2025-10-05 01:58:51 | ERROR | f1.console | [TIRE_CHART] 檢測到錯誤 end_lap: driver=ANT, start=3, end=3
2025-10-05 01:58:51 | INFO | f1.console | [TIRE_CHART] 使用 length 修正: driver=ANT, length=1, 新end=3
2025-10-05 01:58:51 | INFO | f1.console | [TIRE_CHART] 強制最小值: driver=ANT, 最終end=8
2025-10-05 01:58:51 | ERROR | f1.console | [TIRE_CHART] 檢測到錯誤 end_lap: driver=ANT, start=4, end=4
2025-10-05 01:58:51 | INFO | f1.console | [TIRE_CHART] 使用 length 修正: driver=ANT, length=1, 新end=4
2025-10-05 01:58:51 | INFO | f1.console | [TIRE_CHART] 強制最小值: driver=ANT, 最終end=9
2025-10-05 01:58:51 | ERROR | f1.console | [TIRE_CHART] 檢測到錯誤 end_lap: driver=BEA, start=3, end=3
2025-10-05 01:58:51 | INFO | f1.console | [TIRE_CHART] 使用 length 修正: driver=BEA, length=1, 新end=3
2025-10-05 01:58:51 | INFO | f1.console | [TIRE_CHART] 強制最小值: driver=BEA, 最終end=8
2025-10-05 01:58:51 | ERROR | f1.console | [TIRE_CHART] 檢測到錯誤 end_lap: driver=BEA, start=4, end=4
2025-10-05 01:58:51 | INFO | f1.console | [TIRE_CHART] 使用 length 修正: driver=BEA, length=1, 新end=4
2025-10-05 01:58:51 | INFO | f1.console | [TIRE_CHART] 強制最小值: driver=BEA, 最終end=9
2025-10-05 01:58:51 | ERROR | f1.console | [TIRE_CHART] 檢測到錯誤 end_lap: driver=BOR, start=3, end=3
2025-10-05 01:58:51 | INFO | f1.console | [TIRE_CHART] 使用 length 修正: driver=BOR, length=1, 新end=3
2025-10-05 01:58:51 | INFO | f1.console | [TIRE_CHART] 強制最小值: driver=BOR, 最終end=8
2025-10-05 01:58:51 | ERROR | f1.console | [TIRE_CHART] 檢測到錯誤 end_lap: driver=BOR, start=4, end=4
2025-10-05 01:58:51 | INFO | f1.console | [TIRE_CHART] 使用 length 修正: driver=BOR, length=1, 新end=4
2025-10-05 01:58:51 | INFO | f1.console | [TIRE_CHART] 強制最小值: driver=BOR, 最終end=9
2025-10-05 01:58:51 | ERROR | f1.console | [TIRE_CHART] 檢測到錯誤 end_lap: driver=DOO, start=1, end=1
2025-10-05 01:58:51 | INFO | f1.console | [TIRE_CHART] 使用 length 修正: driver=DOO, length=1, 新end=1
2025-10-05 01:58:51 | INFO | f1.console | [TIRE_CHART] 強制最小值: driver=DOO, 最終end=6
2025-10-05 01:58:51 | ERROR | f1.console | [TIRE_CHART] 檢測到錯誤 end_lap: driver=GAS, start=3, end=3
2025-10-05 01:58:51 | INFO | f1.console | [TIRE_CHART] 使用 length 修正: driver=GAS, length=1, 新end=3
2025-10-05 01:58:51 | INFO | f1.console | [TIRE_CHART] 強制最小值: driver=GAS, 最終end=8
2025-10-05 01:58:51 | ERROR | f1.console | [TIRE_CHART] 檢測到錯誤 end_lap: driver=GAS, start=4, end=4
2025-10-05 01:58:51 | INFO | f1.console | [TIRE_CHART] 使用 length 修正: driver=GAS, length=1, 新end=4
2025-10-05 01:58:51 | INFO | f1.console | [TIRE_CHART] 強制最小值: driver=GAS, 最終end=9
2025-10-05 01:58:51 | ERROR | f1.console | [TIRE_CHART] 檢測到錯誤 end_lap: driver=HAD, start=1, end=1
2025-10-05 01:58:51 | INFO | f1.console | [TIRE_CHART] 使用 length 修正: driver=HAD, length=1, 新end=1
2025-10-05 01:58:51 | INFO | f1.console | [TIRE_CHART] 強制最小值: driver=HAD, 最終end=6
2025-10-05 01:58:51 | ERROR | f1.console | [TIRE_CHART] 檢測到錯誤 end_lap: driver=HAM, start=3, end=3
2025-10-05 01:58:51 | INFO | f1.console | [TIRE_CHART] 使用 length 修正: driver=HAM, length=1, 新end=3
2025-10-05 01:58:51 | INFO | f1.console | [TIRE_CHART] 強制最小值: driver=HAM, 最終end=8
2025-10-05 01:58:51 | ERROR | f1.console | [TIRE_CHART] 檢測到錯誤 end_lap: driver=HAM, start=4, end=4
2025-10-05 01:58:51 | INFO | f1.console | [TIRE_CHART] 使用 length 修正: driver=HAM, length=1, 新end=4
2025-10-05 01:58:51 | INFO | f1.console | [TIRE_CHART] 強制最小值: driver=HAM, 最終end=9
2025-10-05 01:58:51 | ERROR | f1.console | [TIRE_CHART] 檢測到錯誤 end_lap: driver=HUL, start=3, end=3
2025-10-05 01:58:51 | INFO | f1.console | [TIRE_CHART] 使用 length 修正: driver=HUL, length=1, 新end=3
2025-10-05 01:58:51 | INFO | f1.console | [TIRE_CHART] 強制最小值: driver=HUL, 最終end=8
2025-10-05 01:58:51 | ERROR | f1.console | [TIRE_CHART] 檢測到錯誤 end_lap: driver=HUL, start=4, end=4
2025-10-05 01:58:51 | INFO | f1.console | [TIRE_CHART] 使用 length 修正: driver=HUL, length=1, 新end=4
2025-10-05 01:58:51 | INFO | f1.console | [TIRE_CHART] 強制最小值: driver=HUL, 最終end=9
2025-10-05 01:58:51 | ERROR | f1.console | [TIRE_CHART] 檢測到錯誤 end_lap: driver=LAW, start=3, end=3
2025-10-05 01:58:51 | INFO | f1.console | [TIRE_CHART] 使用 length 修正: driver=LAW, length=1, 新end=3
2025-10-05 01:58:51 | INFO | f1.console | [TIRE_CHART] 強制最小值: driver=LAW, 最終end=8
2025-10-05 01:58:51 | ERROR | f1.console | [TIRE_CHART] 檢測到錯誤 end_lap: driver=LAW, start=4, end=4
2025-10-05 01:58:51 | INFO | f1.console | [TIRE_CHART] 使用 length 修正: driver=LAW, length=1, 新end=4
2025-10-05 01:58:51 | INFO | f1.console | [TIRE_CHART] 強制最小值: driver=LAW, 最終end=9
2025-10-05 01:58:51 | ERROR | f1.console | [TIRE_CHART] 檢測到錯誤 end_lap: driver=LEC, start=3, end=3
2025-10-05 01:58:51 | INFO | f1.console | [TIRE_CHART] 使用 length 修正: driver=LEC, length=1, 新end=3
2025-10-05 01:58:51 | INFO | f1.console | [TIRE_CHART] 強制最小值: driver=LEC, 最終end=8
2025-10-05 01:58:51 | ERROR | f1.console | [TIRE_CHART] 檢測到錯誤 end_lap: driver=LEC, start=4, end=4
2025-10-05 01:58:51 | INFO | f1.console | [TIRE_CHART] 使用 length 修正: driver=LEC, length=1, 新end=4
2025-10-05 01:58:51 | INFO | f1.console | [TIRE_CHART] 強制最小值: driver=LEC, 最終end=9
2025-10-05 01:58:51 | ERROR | f1.console | [TIRE_CHART] 檢測到錯誤 end_lap: driver=NOR, start=3, end=3
2025-10-05 01:58:51 | INFO | f1.console | [TIRE_CHART] 使用 length 修正: driver=NOR, length=1, 新end=3
2025-10-05 01:58:51 | INFO | f1.console | [TIRE_CHART] 強制最小值: driver=NOR, 最終end=8
2025-10-05 01:58:51 | ERROR | f1.console | [TIRE_CHART] 檢測到錯誤 end_lap: driver=NOR, start=4, end=4
2025-10-05 01:58:51 | INFO | f1.console | [TIRE_CHART] 使用 length 修正: driver=NOR, length=1, 新end=4
2025-10-05 01:58:51 | INFO | f1.console | [TIRE_CHART] 強制最小值: driver=NOR, 最終end=9
2025-10-05 01:58:51 | ERROR | f1.console | [TIRE_CHART] 檢測到錯誤 end_lap: driver=OCO, start=3, end=3
2025-10-05 01:58:51 | INFO | f1.console | [TIRE_CHART] 使用 length 修正: driver=OCO, length=1, 新end=3
2025-10-05 01:58:51 | INFO | f1.console | [TIRE_CHART] 強制最小值: driver=OCO, 最終end=8
2025-10-05 01:58:51 | ERROR | f1.console | [TIRE_CHART] 檢測到錯誤 end_lap: driver=OCO, start=4, end=4
2025-10-05 01:58:51 | INFO | f1.console | [TIRE_CHART] 使用 length 修正: driver=OCO, length=1, 新end=4
2025-10-05 01:58:51 | INFO | f1.console | [TIRE_CHART] 強制最小值: driver=OCO, 最終end=9
2025-10-05 01:58:51 | ERROR | f1.console | [TIRE_CHART] 檢測到錯誤 end_lap: driver=PIA, start=3, end=3
2025-10-05 01:58:51 | INFO | f1.console | [TIRE_CHART] 使用 length 修正: driver=PIA, length=1, 新end=3
2025-10-05 01:58:51 | INFO | f1.console | [TIRE_CHART] 強制最小值: driver=PIA, 最終end=8
2025-10-05 01:58:51 | ERROR | f1.console | [TIRE_CHART] 檢測到錯誤 end_lap: driver=PIA, start=4, end=4
2025-10-05 01:58:51 | INFO | f1.console | [TIRE_CHART] 使用 length 修正: driver=PIA, length=1, 新end=4
2025-10-05 01:58:51 | INFO | f1.console | [TIRE_CHART] 強制最小值: driver=PIA, 最終end=9
2025-10-05 01:58:51 | ERROR | f1.console | [TIRE_CHART] 檢測到錯誤 end_lap: driver=RUS, start=3, end=3
2025-10-05 01:58:51 | INFO | f1.console | [TIRE_CHART] 使用 length 修正: driver=RUS, length=1, 新end=3
2025-10-05 01:58:51 | INFO | f1.console | [TIRE_CHART] 強制最小值: driver=RUS, 最終end=8
2025-10-05 01:58:51 | ERROR | f1.console | [TIRE_CHART] 檢測到錯誤 end_lap: driver=RUS, start=4, end=4
2025-10-05 01:58:51 | INFO | f1.console | [TIRE_CHART] 使用 length 修正: driver=RUS, length=1, 新end=4
2025-10-05 01:58:51 | INFO | f1.console | [TIRE_CHART] 強制最小值: driver=RUS, 最終end=9
2025-10-05 01:58:51 | ERROR | f1.console | [TIRE_CHART] 檢測到錯誤 end_lap: driver=SAI, start=1, end=1
2025-10-05 01:58:51 | INFO | f1.console | [TIRE_CHART] 使用 length 修正: driver=SAI, length=1, 新end=1
2025-10-05 01:58:51 | INFO | f1.console | [TIRE_CHART] 強制最小值: driver=SAI, 最終end=6
2025-10-05 01:58:51 | ERROR | f1.console | [TIRE_CHART] 檢測到錯誤 end_lap: driver=STR, start=3, end=3
2025-10-05 01:58:51 | INFO | f1.console | [TIRE_CHART] 使用 length 修正: driver=STR, length=1, 新end=3
2025-10-05 01:58:51 | INFO | f1.console | [TIRE_CHART] 強制最小值: driver=STR, 最終end=8
2025-10-05 01:58:51 | ERROR | f1.console | [TIRE_CHART] 檢測到錯誤 end_lap: driver=STR, start=4, end=4
2025-10-05 01:58:51 | INFO | f1.console | [TIRE_CHART] 使用 length 修正: driver=STR, length=1, 新end=4
2025-10-05 01:58:51 | INFO | f1.console | [TIRE_CHART] 強制最小值: driver=STR, 最終end=9
2025-10-05 01:58:51 | ERROR | f1.console | [TIRE_CHART] 檢測到錯誤 end_lap: driver=TSU, start=3, end=3
2025-10-05 01:58:51 | INFO | f1.console | [TIRE_CHART] 使用 length 修正: driver=TSU, length=1, 新end=3
2025-10-05 01:58:51 | INFO | f1.console | [TIRE_CHART] 強制最小值: driver=TSU, 最終end=8
2025-10-05 01:58:51 | ERROR | f1.console | [TIRE_CHART] 檢測到錯誤 end_lap: driver=TSU, start=4, end=4
2025-10-05 01:58:51 | INFO | f1.console | [TIRE_CHART] 使用 length 修正: driver=TSU, length=1, 新end=4
2025-10-05 01:58:51 | INFO | f1.console | [TIRE_CHART] 強制最小值: driver=TSU, 最終end=9
2025-10-05 01:58:51 | ERROR | f1.console | [TIRE_CHART] 檢測到錯誤 end_lap: driver=VER, start=3, end=3
2025-10-05 01:58:51 | INFO | f1.console | [TIRE_CHART] 使用 length 修正: driver=VER, length=1, 新end=3
2025-10-05 01:58:51 | INFO | f1.console | [TIRE_CHART] 強制最小值: driver=VER, 最終end=8
2025-10-05 01:58:51 | ERROR | f1.console | [TIRE_CHART] 檢測到錯誤 end_lap: driver=VER, start=4, end=4
2025-10-05 01:58:51 | INFO | f1.console | [TIRE_CHART] 使用 length 修正: driver=VER, length=1, 新end=4
2025-10-05 01:58:51 | INFO | f1.console | [TIRE_CHART] 強制最小值: driver=VER, 最終end=9
2025-10-05 01:58:51 | INFO | f1.console | [TILE DEBUG] 視窗 7 實際尺寸: 551x303
2025-10-05 01:58:51 | INFO | f1.console | [TILE DEBUG] 視窗 8: 位置(10, 616) 尺寸(551, 303)
2025-10-05 01:58:51 | INFO | f1.console | [ACCEL_DEBUG] 繪製曲線:
2025-10-05 01:58:51 | INFO | f1.console |   距離範圍: -0.0 - 5288.3 (範圍: 5288.4)
2025-10-05 01:58:51 | INFO | f1.console |   加速度範圍: -37.23 - 23.95 (範圍: 61.18)
2025-10-05 01:58:51 | INFO | f1.console |   圖表區域: 1066 x 704
2025-10-05 01:58:51 | INFO | f1.console |   車手1數據點: 500, 車手2數據點: 0
2025-10-05 01:58:51 | INFO | f1.console | [MARKER_TEXT] 🎯 繪製文字標記 F (純文字版本)
2025-10-05 01:58:51 | INFO | f1.console | [MARKER_TEXT] 🎯 繪製文字標記 F (純文字版本)
2025-10-05 01:58:51 | INFO | f1.console | [MARKER_TEXT] 🎯 繪製文字標記 F (純文字版本)
2025-10-05 01:58:51 | INFO | f1.console | [LAPTIME_CHART_WIDGET] 繪製了 3 個智能標記
2025-10-05 01:58:51 | INFO | f1.console | [LEGEND_DEBUG] 數據系列數量: 3
2025-10-05 01:58:51 | INFO | f1.console | [LEGEND_DEBUG] 圖例位置: (1003, 15)
2025-10-05 01:58:51 | INFO | f1.console | [LEGEND_DEBUG] 圖例尺寸: 140 x 256
2025-10-05 01:58:51 | INFO | f1.console | [LEGEND_DEBUG] 🎨 設定背景色為: R255, G255, B255, A255
2025-10-05 01:58:51 | INFO | f1.console | [LEGEND_DEBUG] ✅ 白色背景填充完成 (重複3次)
2025-10-05 01:58:51 | INFO | f1.console | [LEGEND_DEBUG] ✅ 邊框繪製完成
2025-10-05 01:58:51 | INFO | f1.console | [LEGEND] 圖例重疊模式: 位置=(1003, 15), 尺寸=140x256
2025-10-05 01:58:51 | INFO | f1.console | [TILE DEBUG] 視窗 8 實際尺寸: 551x303
2025-10-05 01:58:51 | INFO | f1.console | [TILE DEBUG] 視窗 9: 位置(561, 616) 尺寸(551, 303)
2025-10-05 01:58:51 | INFO | f1.console | [ACCEL_DEBUG] 繪製曲線:
2025-10-05 01:58:51 | INFO | f1.console |   距離範圍: -0.0 - 5288.3 (範圍: 5288.4)
2025-10-05 01:58:51 | INFO | f1.console |   加速度範圍: -37.23 - 23.95 (範圍: 61.18)
2025-10-05 01:58:51 | INFO | f1.console |   圖表區域: 1066 x 704
2025-10-05 01:58:51 | INFO | f1.console |   車手1數據點: 500, 車手2數據點: 0
2025-10-05 01:58:51 | INFO | f1.console | [MARKER_TEXT] 🎯 繪製文字標記 F (純文字版本)
2025-10-05 01:58:51 | INFO | f1.console | [MARKER_TEXT] 🎯 繪製文字標記 F (純文字版本)
2025-10-05 01:58:51 | INFO | f1.console | [MARKER_TEXT] 🎯 繪製文字標記 F (純文字版本)
2025-10-05 01:58:51 | INFO | f1.console | [LAPTIME_CHART_WIDGET] 繪製了 3 個智能標記
2025-10-05 01:58:51 | INFO | f1.console | [LEGEND_DEBUG] 數據系列數量: 3
2025-10-05 01:58:51 | INFO | f1.console | [LEGEND_DEBUG] 圖例位置: (1003, 15)
2025-10-05 01:58:51 | INFO | f1.console | [LEGEND_DEBUG] 圖例尺寸: 140 x 256
2025-10-05 01:58:51 | INFO | f1.console | [LEGEND_DEBUG] 🎨 設定背景色為: R255, G255, B255, A255
2025-10-05 01:58:51 | INFO | f1.console | [LEGEND_DEBUG] ✅ 白色背景填充完成 (重複3次)
2025-10-05 01:58:51 | INFO | f1.console | [LEGEND_DEBUG] ✅ 邊框繪製完成
2025-10-05 01:58:51 | INFO | f1.console | [LEGEND] 圖例重疊模式: 位置=(1003, 15), 尺寸=140x256
2025-10-05 01:58:51 | INFO | f1.console | [TILE DEBUG] 視窗 9 實際尺寸: 551x303
2025-10-05 01:58:51 | INFO | f1.console | [TILE DEBUG] 視窗 10: 位置(1112, 616) 尺寸(551, 303)
2025-10-05 01:58:51 | INFO | f1.console | [MARKER_TEXT] 🎯 繪製文字標記 F (純文字版本)
2025-10-05 01:58:51 | INFO | f1.console | [MARKER_TEXT] 🎯 繪製文字標記 F (純文字版本)
2025-10-05 01:58:51 | INFO | f1.console | [MARKER_TEXT] 🎯 繪製文字標記 F (純文字版本)
2025-10-05 01:58:51 | INFO | f1.console | [LAPTIME_CHART_WIDGET] 繪製了 3 個智能標記
2025-10-05 01:58:51 | INFO | f1.console | [LEGEND_DEBUG] 數據系列數量: 3
2025-10-05 01:58:51 | INFO | f1.console | [LEGEND_DEBUG] 圖例位置: (1003, 15)
2025-10-05 01:58:51 | INFO | f1.console | [LEGEND_DEBUG] 圖例尺寸: 140 x 256
2025-10-05 01:58:51 | INFO | f1.console | [LEGEND_DEBUG] 🎨 設定背景色為: R255, G255, B255, A255
2025-10-05 01:58:51 | INFO | f1.console | [LEGEND_DEBUG] ✅ 白色背景填充完成 (重複3次)
2025-10-05 01:58:51 | INFO | f1.console | [LEGEND_DEBUG] ✅ 邊框繪製完成
2025-10-05 01:58:51 | INFO | f1.console | [LEGEND] 圖例重疊模式: 位置=(1003, 15), 尺寸=140x256
2025-10-05 01:58:51 | INFO | f1.console | [ACCEL_DEBUG] 繪製曲線:
2025-10-05 01:58:51 | INFO | f1.console |   距離範圍: -0.0 - 5288.3 (範圍: 5288.4)
2025-10-05 01:58:51 | INFO | f1.console |   加速度範圍: -37.23 - 23.95 (範圍: 61.18)
2025-10-05 01:58:51 | INFO | f1.console |   圖表區域: 417 x 207
2025-10-05 01:58:51 | INFO | f1.console |   車手1數據點: 500, 車手2數據點: 0
2025-10-05 01:58:51 | INFO | f1.console | [TILE DEBUG] 視窗 10 實際尺寸: 551x303
2025-10-05 01:58:51 | INFO | f1.console | [TILE DEBUG] 視窗 11: 位置(1663, 616) 尺寸(551, 303)
2025-10-05 01:58:51 | INFO | f1.console | [MARKER_TEXT] 🎯 繪製文字標記 F (純文字版本)
2025-10-05 01:58:51 | INFO | f1.console | [MARKER_TEXT] 🎯 繪製文字標記 F (純文字版本)
2025-10-05 01:58:51 | INFO | f1.console | [MARKER_TEXT] 🎯 繪製文字標記 F (純文字版本)
2025-10-05 01:58:51 | INFO | f1.console | [LAPTIME_CHART_WIDGET] 繪製了 3 個智能標記
2025-10-05 01:58:51 | INFO | f1.console | [LEGEND_DEBUG] 數據系列數量: 3
2025-10-05 01:58:51 | INFO | f1.console | [LEGEND_DEBUG] 圖例位置: (1003, 15)
2025-10-05 01:58:51 | INFO | f1.console | [LEGEND_DEBUG] 圖例尺寸: 140 x 256
2025-10-05 01:58:51 | INFO | f1.console | [LEGEND_DEBUG] 🎨 設定背景色為: R255, G255, B255, A255
2025-10-05 01:58:51 | INFO | f1.console | [LEGEND_DEBUG] ✅ 白色背景填充完成 (重複3次)
2025-10-05 01:58:51 | INFO | f1.console | [LEGEND_DEBUG] ✅ 邊框繪製完成
2025-10-05 01:58:51 | INFO | f1.console | [LEGEND] 圖例重疊模式: 位置=(1003, 15), 尺寸=140x256
2025-10-05 01:58:51 | ERROR | f1.console | [TIRE_CHART] 檢測到錯誤 end_lap: driver=ALB, start=3, end=3
2025-10-05 01:58:51 | INFO | f1.console | [TIRE_CHART] 使用 length 修正: driver=ALB, length=1, 新end=3
2025-10-05 01:58:51 | INFO | f1.console | [TIRE_CHART] 強制最小值: driver=ALB, 最終end=8
2025-10-05 01:58:51 | ERROR | f1.console | [TIRE_CHART] 檢測到錯誤 end_lap: driver=ALB, start=4, end=4
2025-10-05 01:58:51 | INFO | f1.console | [TIRE_CHART] 使用 length 修正: driver=ALB, length=1, 新end=4
2025-10-05 01:58:51 | INFO | f1.console | [TIRE_CHART] 強制最小值: driver=ALB, 最終end=9
2025-10-05 01:58:51 | ERROR | f1.console | [TIRE_CHART] 檢測到錯誤 end_lap: driver=ALO, start=3, end=3
2025-10-05 01:58:51 | INFO | f1.console | [TIRE_CHART] 使用 length 修正: driver=ALO, length=1, 新end=3
2025-10-05 01:58:51 | INFO | f1.console | [TIRE_CHART] 強制最小值: driver=ALO, 最終end=8
2025-10-05 01:58:51 | ERROR | f1.console | [TIRE_CHART] 檢測到錯誤 end_lap: driver=ALO, start=4, end=4
2025-10-05 01:58:51 | INFO | f1.console | [TIRE_CHART] 使用 length 修正: driver=ALO, length=1, 新end=4
2025-10-05 01:58:51 | INFO | f1.console | [TIRE_CHART] 強制最小值: driver=ALO, 最終end=9
2025-10-05 01:58:51 | ERROR | f1.console | [TIRE_CHART] 檢測到錯誤 end_lap: driver=ANT, start=3, end=3
2025-10-05 01:58:51 | INFO | f1.console | [TIRE_CHART] 使用 length 修正: driver=ANT, length=1, 新end=3
2025-10-05 01:58:51 | INFO | f1.console | [TIRE_CHART] 強制最小值: driver=ANT, 最終end=8
2025-10-05 01:58:51 | ERROR | f1.console | [TIRE_CHART] 檢測到錯誤 end_lap: driver=ANT, start=4, end=4
2025-10-05 01:58:51 | INFO | f1.console | [TIRE_CHART] 使用 length 修正: driver=ANT, length=1, 新end=4
2025-10-05 01:58:51 | INFO | f1.console | [TIRE_CHART] 強制最小值: driver=ANT, 最終end=9
2025-10-05 01:58:51 | ERROR | f1.console | [TIRE_CHART] 檢測到錯誤 end_lap: driver=BEA, start=3, end=3
2025-10-05 01:58:51 | INFO | f1.console | [TIRE_CHART] 使用 length 修正: driver=BEA, length=1, 新end=3
2025-10-05 01:58:51 | INFO | f1.console | [TIRE_CHART] 強制最小值: driver=BEA, 最終end=8
2025-10-05 01:58:51 | ERROR | f1.console | [TIRE_CHART] 檢測到錯誤 end_lap: driver=BEA, start=4, end=4
2025-10-05 01:58:51 | INFO | f1.console | [TIRE_CHART] 使用 length 修正: driver=BEA, length=1, 新end=4
2025-10-05 01:58:51 | INFO | f1.console | [TIRE_CHART] 強制最小值: driver=BEA, 最終end=9
2025-10-05 01:58:51 | ERROR | f1.console | [TIRE_CHART] 檢測到錯誤 end_lap: driver=BOR, start=3, end=3
2025-10-05 01:58:51 | INFO | f1.console | [TIRE_CHART] 使用 length 修正: driver=BOR, length=1, 新end=3
2025-10-05 01:58:51 | INFO | f1.console | [TIRE_CHART] 強制最小值: driver=BOR, 最終end=8
2025-10-05 01:58:51 | ERROR | f1.console | [TIRE_CHART] 檢測到錯誤 end_lap: driver=BOR, start=4, end=4
2025-10-05 01:58:51 | INFO | f1.console | [TIRE_CHART] 使用 length 修正: driver=BOR, length=1, 新end=4
2025-10-05 01:58:51 | INFO | f1.console | [TIRE_CHART] 強制最小值: driver=BOR, 最終end=9
2025-10-05 01:58:51 | ERROR | f1.console | [TIRE_CHART] 檢測到錯誤 end_lap: driver=DOO, start=1, end=1
2025-10-05 01:58:51 | INFO | f1.console | [TIRE_CHART] 使用 length 修正: driver=DOO, length=1, 新end=1
2025-10-05 01:58:51 | INFO | f1.console | [TIRE_CHART] 強制最小值: driver=DOO, 最終end=6
2025-10-05 01:58:51 | ERROR | f1.console | [TIRE_CHART] 檢測到錯誤 end_lap: driver=GAS, start=3, end=3
2025-10-05 01:58:51 | INFO | f1.console | [TIRE_CHART] 使用 length 修正: driver=GAS, length=1, 新end=3
2025-10-05 01:58:51 | INFO | f1.console | [TIRE_CHART] 強制最小值: driver=GAS, 最終end=8
2025-10-05 01:58:51 | ERROR | f1.console | [TIRE_CHART] 檢測到錯誤 end_lap: driver=GAS, start=4, end=4
2025-10-05 01:58:51 | INFO | f1.console | [TIRE_CHART] 使用 length 修正: driver=GAS, length=1, 新end=4
2025-10-05 01:58:51 | INFO | f1.console | [TIRE_CHART] 強制最小值: driver=GAS, 最終end=9
2025-10-05 01:58:51 | ERROR | f1.console | [TIRE_CHART] 檢測到錯誤 end_lap: driver=HAD, start=1, end=1
2025-10-05 01:58:51 | INFO | f1.console | [TIRE_CHART] 使用 length 修正: driver=HAD, length=1, 新end=1
2025-10-05 01:58:51 | INFO | f1.console | [TIRE_CHART] 強制最小值: driver=HAD, 最終end=6
2025-10-05 01:58:51 | ERROR | f1.console | [TIRE_CHART] 檢測到錯誤 end_lap: driver=HAM, start=3, end=3
2025-10-05 01:58:51 | INFO | f1.console | [TIRE_CHART] 使用 length 修正: driver=HAM, length=1, 新end=3
2025-10-05 01:58:51 | INFO | f1.console | [TIRE_CHART] 強制最小值: driver=HAM, 最終end=8
2025-10-05 01:58:51 | ERROR | f1.console | [TIRE_CHART] 檢測到錯誤 end_lap: driver=HAM, start=4, end=4
2025-10-05 01:58:51 | INFO | f1.console | [TIRE_CHART] 使用 length 修正: driver=HAM, length=1, 新end=4
2025-10-05 01:58:51 | INFO | f1.console | [TIRE_CHART] 強制最小值: driver=HAM, 最終end=9
2025-10-05 01:58:51 | ERROR | f1.console | [TIRE_CHART] 檢測到錯誤 end_lap: driver=HUL, start=3, end=3
2025-10-05 01:58:51 | INFO | f1.console | [TIRE_CHART] 使用 length 修正: driver=HUL, length=1, 新end=3
2025-10-05 01:58:51 | INFO | f1.console | [TIRE_CHART] 強制最小值: driver=HUL, 最終end=8
2025-10-05 01:58:51 | ERROR | f1.console | [TIRE_CHART] 檢測到錯誤 end_lap: driver=HUL, start=4, end=4
2025-10-05 01:58:51 | INFO | f1.console | [TIRE_CHART] 使用 length 修正: driver=HUL, length=1, 新end=4
2025-10-05 01:58:51 | INFO | f1.console | [TIRE_CHART] 強制最小值: driver=HUL, 最終end=9
2025-10-05 01:58:51 | ERROR | f1.console | [TIRE_CHART] 檢測到錯誤 end_lap: driver=LAW, start=3, end=3
2025-10-05 01:58:51 | INFO | f1.console | [TIRE_CHART] 使用 length 修正: driver=LAW, length=1, 新end=3
2025-10-05 01:58:51 | INFO | f1.console | [TIRE_CHART] 強制最小值: driver=LAW, 最終end=8
2025-10-05 01:58:51 | ERROR | f1.console | [TIRE_CHART] 檢測到錯誤 end_lap: driver=LAW, start=4, end=4
2025-10-05 01:58:51 | INFO | f1.console | [TIRE_CHART] 使用 length 修正: driver=LAW, length=1, 新end=4
2025-10-05 01:58:51 | INFO | f1.console | [TIRE_CHART] 強制最小值: driver=LAW, 最終end=9
2025-10-05 01:58:51 | ERROR | f1.console | [TIRE_CHART] 檢測到錯誤 end_lap: driver=LEC, start=3, end=3
2025-10-05 01:58:51 | INFO | f1.console | [TIRE_CHART] 使用 length 修正: driver=LEC, length=1, 新end=3
2025-10-05 01:58:51 | INFO | f1.console | [TIRE_CHART] 強制最小值: driver=LEC, 最終end=8
2025-10-05 01:58:51 | ERROR | f1.console | [TIRE_CHART] 檢測到錯誤 end_lap: driver=LEC, start=4, end=4
2025-10-05 01:58:51 | INFO | f1.console | [TIRE_CHART] 使用 length 修正: driver=LEC, length=1, 新end=4
2025-10-05 01:58:51 | INFO | f1.console | [TIRE_CHART] 強制最小值: driver=LEC, 最終end=9
2025-10-05 01:58:51 | ERROR | f1.console | [TIRE_CHART] 檢測到錯誤 end_lap: driver=NOR, start=3, end=3
2025-10-05 01:58:51 | INFO | f1.console | [TIRE_CHART] 使用 length 修正: driver=NOR, length=1, 新end=3
2025-10-05 01:58:51 | INFO | f1.console | [TIRE_CHART] 強制最小值: driver=NOR, 最終end=8
2025-10-05 01:58:51 | ERROR | f1.console | [TIRE_CHART] 檢測到錯誤 end_lap: driver=NOR, start=4, end=4
2025-10-05 01:58:51 | INFO | f1.console | [TIRE_CHART] 使用 length 修正: driver=NOR, length=1, 新end=4
2025-10-05 01:58:51 | INFO | f1.console | [TIRE_CHART] 強制最小值: driver=NOR, 最終end=9
2025-10-05 01:58:51 | ERROR | f1.console | [TIRE_CHART] 檢測到錯誤 end_lap: driver=OCO, start=3, end=3
2025-10-05 01:58:51 | INFO | f1.console | [TIRE_CHART] 使用 length 修正: driver=OCO, length=1, 新end=3
2025-10-05 01:58:51 | INFO | f1.console | [TIRE_CHART] 強制最小值: driver=OCO, 最終end=8
2025-10-05 01:58:51 | ERROR | f1.console | [TIRE_CHART] 檢測到錯誤 end_lap: driver=OCO, start=4, end=4
2025-10-05 01:58:51 | INFO | f1.console | [TIRE_CHART] 使用 length 修正: driver=OCO, length=1, 新end=4
2025-10-05 01:58:51 | INFO | f1.console | [TIRE_CHART] 強制最小值: driver=OCO, 最終end=9
2025-10-05 01:58:51 | ERROR | f1.console | [TIRE_CHART] 檢測到錯誤 end_lap: driver=PIA, start=3, end=3
2025-10-05 01:58:51 | INFO | f1.console | [TIRE_CHART] 使用 length 修正: driver=PIA, length=1, 新end=3
2025-10-05 01:58:51 | INFO | f1.console | [TIRE_CHART] 強制最小值: driver=PIA, 最終end=8
2025-10-05 01:58:51 | ERROR | f1.console | [TIRE_CHART] 檢測到錯誤 end_lap: driver=PIA, start=4, end=4
2025-10-05 01:58:51 | INFO | f1.console | [TIRE_CHART] 使用 length 修正: driver=PIA, length=1, 新end=4
2025-10-05 01:58:51 | INFO | f1.console | [TIRE_CHART] 強制最小值: driver=PIA, 最終end=9
2025-10-05 01:58:51 | ERROR | f1.console | [TIRE_CHART] 檢測到錯誤 end_lap: driver=RUS, start=3, end=3
2025-10-05 01:58:51 | INFO | f1.console | [TIRE_CHART] 使用 length 修正: driver=RUS, length=1, 新end=3
2025-10-05 01:58:51 | INFO | f1.console | [TIRE_CHART] 強制最小值: driver=RUS, 最終end=8
2025-10-05 01:58:51 | ERROR | f1.console | [TIRE_CHART] 檢測到錯誤 end_lap: driver=RUS, start=4, end=4
2025-10-05 01:58:51 | INFO | f1.console | [TIRE_CHART] 使用 length 修正: driver=RUS, length=1, 新end=4
2025-10-05 01:58:51 | INFO | f1.console | [TIRE_CHART] 強制最小值: driver=RUS, 最終end=9
2025-10-05 01:58:51 | ERROR | f1.console | [TIRE_CHART] 檢測到錯誤 end_lap: driver=SAI, start=1, end=1
2025-10-05 01:58:51 | INFO | f1.console | [TIRE_CHART] 使用 length 修正: driver=SAI, length=1, 新end=1
2025-10-05 01:58:51 | INFO | f1.console | [TIRE_CHART] 強制最小值: driver=SAI, 最終end=6
2025-10-05 01:58:51 | ERROR | f1.console | [TIRE_CHART] 檢測到錯誤 end_lap: driver=STR, start=3, end=3
2025-10-05 01:58:51 | INFO | f1.console | [TIRE_CHART] 使用 length 修正: driver=STR, length=1, 新end=3
2025-10-05 01:58:51 | INFO | f1.console | [TIRE_CHART] 強制最小值: driver=STR, 最終end=8
2025-10-05 01:58:51 | ERROR | f1.console | [TIRE_CHART] 檢測到錯誤 end_lap: driver=STR, start=4, end=4
2025-10-05 01:58:51 | INFO | f1.console | [TIRE_CHART] 使用 length 修正: driver=STR, length=1, 新end=4
2025-10-05 01:58:51 | INFO | f1.console | [TIRE_CHART] 強制最小值: driver=STR, 最終end=9
2025-10-05 01:58:51 | ERROR | f1.console | [TIRE_CHART] 檢測到錯誤 end_lap: driver=TSU, start=3, end=3
2025-10-05 01:58:51 | INFO | f1.console | [TIRE_CHART] 使用 length 修正: driver=TSU, length=1, 新end=3
2025-10-05 01:58:51 | INFO | f1.console | [TIRE_CHART] 強制最小值: driver=TSU, 最終end=8
2025-10-05 01:58:51 | ERROR | f1.console | [TIRE_CHART] 檢測到錯誤 end_lap: driver=TSU, start=4, end=4
2025-10-05 01:58:51 | INFO | f1.console | [TIRE_CHART] 使用 length 修正: driver=TSU, length=1, 新end=4
2025-10-05 01:58:51 | INFO | f1.console | [TIRE_CHART] 強制最小值: driver=TSU, 最終end=9
2025-10-05 01:58:51 | ERROR | f1.console | [TIRE_CHART] 檢測到錯誤 end_lap: driver=VER, start=3, end=3
2025-10-05 01:58:51 | INFO | f1.console | [TIRE_CHART] 使用 length 修正: driver=VER, length=1, 新end=3
2025-10-05 01:58:51 | INFO | f1.console | [TIRE_CHART] 強制最小值: driver=VER, 最終end=8
2025-10-05 01:58:51 | ERROR | f1.console | [TIRE_CHART] 檢測到錯誤 end_lap: driver=VER, start=4, end=4
2025-10-05 01:58:51 | INFO | f1.console | [TIRE_CHART] 使用 length 修正: driver=VER, length=1, 新end=4
2025-10-05 01:58:51 | INFO | f1.console | [TIRE_CHART] 強制最小值: driver=VER, 最終end=9
2025-10-05 01:58:51 | INFO | f1.console | [ACCEL_DEBUG] 繪製曲線:
2025-10-05 01:58:51 | INFO | f1.console |   距離範圍: -0.0 - 5288.3 (範圍: 5288.4)
2025-10-05 01:58:51 | INFO | f1.console |   加速度範圍: -37.23 - 23.95 (範圍: 61.18)
2025-10-05 01:58:51 | INFO | f1.console |   圖表區域: 417 x 207
2025-10-05 01:58:51 | INFO | f1.console |   車手1數據點: 500, 車手2數據點: 0
2025-10-05 01:58:51 | INFO | f1.console | [TILE DEBUG] 視窗 11 實際尺寸: 551x303
2025-10-05 01:58:51 | INFO | f1.console | [TILE DEBUG] 視窗 12: 位置(10, 919) 尺寸(551, 303)
2025-10-05 01:58:51 | INFO | f1.console | [MARKER_TEXT] 🎯 繪製文字標記 F (純文字版本)
2025-10-05 01:58:51 | INFO | f1.console | [MARKER_TEXT] 🎯 繪製文字標記 F (純文字版本)
2025-10-05 01:58:51 | INFO | f1.console | [MARKER_TEXT] 🎯 繪製文字標記 F (純文字版本)
2025-10-05 01:58:51 | INFO | f1.console | [LAPTIME_CHART_WIDGET] 繪製了 3 個智能標記
2025-10-05 01:58:51 | INFO | f1.console | [LEGEND_DEBUG] 數據系列數量: 3
2025-10-05 01:58:51 | INFO | f1.console | [LEGEND_DEBUG] 圖例位置: (1003, 15)
2025-10-05 01:58:51 | INFO | f1.console | [LEGEND_DEBUG] 圖例尺寸: 140 x 256
2025-10-05 01:58:51 | INFO | f1.console | [LEGEND_DEBUG] 🎨 設定背景色為: R255, G255, B255, A255
2025-10-05 01:58:51 | INFO | f1.console | [LEGEND_DEBUG] ✅ 白色背景填充完成 (重複3次)
2025-10-05 01:58:51 | INFO | f1.console | [LEGEND_DEBUG] ✅ 邊框繪製完成
2025-10-05 01:58:51 | INFO | f1.console | [LEGEND] 圖例重疊模式: 位置=(1003, 15), 尺寸=140x256
2025-10-05 01:58:51 | INFO | f1.console | [ACCEL_DEBUG] 繪製曲線:
2025-10-05 01:58:51 | INFO | f1.console |   距離範圍: -0.0 - 5288.3 (範圍: 5288.4)
2025-10-05 01:58:51 | INFO | f1.console |   加速度範圍: -37.23 - 23.95 (範圍: 61.18)
2025-10-05 01:58:51 | INFO | f1.console |   圖表區域: 417 x 207
2025-10-05 01:58:51 | INFO | f1.console |   車手1數據點: 500, 車手2數據點: 0
2025-10-05 01:58:51 | INFO | f1.console | [TILE DEBUG] 視窗 12 實際尺寸: 551x303
2025-10-05 01:58:51 | INFO | f1.console | [TILE DEBUG] 視窗 13: 位置(561, 919) 尺寸(551, 303)
2025-10-05 01:58:51 | INFO | f1.console | [MARKER_TEXT] 🎯 繪製文字標記 F (純文字版本)
2025-10-05 01:58:51 | INFO | f1.console | [MARKER_TEXT] 🎯 繪製文字標記 F (純文字版本)
2025-10-05 01:58:51 | INFO | f1.console | [MARKER_TEXT] 🎯 繪製文字標記 F (純文字版本)
2025-10-05 01:58:51 | INFO | f1.console | [LAPTIME_CHART_WIDGET] 繪製了 3 個智能標記
2025-10-05 01:58:51 | INFO | f1.console | [LEGEND_DEBUG] 數據系列數量: 3
2025-10-05 01:58:51 | INFO | f1.console | [LEGEND_DEBUG] 圖例位置: (1003, 15)
2025-10-05 01:58:51 | INFO | f1.console | [LEGEND_DEBUG] 圖例尺寸: 140 x 256
2025-10-05 01:58:51 | INFO | f1.console | [LEGEND_DEBUG] 🎨 設定背景色為: R255, G255, B255, A255
2025-10-05 01:58:51 | INFO | f1.console | [LEGEND_DEBUG] ✅ 白色背景填充完成 (重複3次)
2025-10-05 01:58:51 | INFO | f1.console | [LEGEND_DEBUG] ✅ 邊框繪製完成
2025-10-05 01:58:51 | INFO | f1.console | [LEGEND] 圖例重疊模式: 位置=(1003, 15), 尺寸=140x256
2025-10-05 01:58:51 | INFO | f1.console | [RAIN_AXIS_DEBUG] 📊 X軸座標軸設置:
2025-10-05 01:58:51 | INFO | f1.console | [RAIN_AXIS_DEBUG]   範圍: 1.0 - 57.0
2025-10-05 01:58:51 | INFO | f1.console | [RAIN_AXIS_DEBUG]   資料點: 57
2025-10-05 01:58:51 | INFO | f1.console | [RAIN_AXIS_DEBUG]   最小間距(px): 48
2025-10-05 01:58:51 | INFO | f1.console | [RAIN_AXIS_DEBUG] 📊 Y軸座標軸設置:
2025-10-05 01:58:51 | INFO | f1.console | [RAIN_AXIS_DEBUG]   範圍: 14.875 - 16.825
2025-10-05 01:58:51 | INFO | f1.console | [RAIN_AXIS_DEBUG]   間距: 0.325
2025-10-05 01:58:51 | INFO | f1.console | [RAIN_AXIS_DEBUG]   標籤數量: 7
2025-10-05 01:58:51 | INFO | f1.console | [RAIN_AXIS_DEBUG] 🎨 自訂座標軸標題繪製
2025-10-05 01:58:51 | ERROR | f1.console | [TIRE_CHART] 檢測到錯誤 end_lap: driver=ALB, start=3, end=3
2025-10-05 01:58:51 | INFO | f1.console | [TIRE_CHART] 使用 length 修正: driver=ALB, length=1, 新end=3
2025-10-05 01:58:51 | INFO | f1.console | [TIRE_CHART] 強制最小值: driver=ALB, 最終end=8
2025-10-05 01:58:51 | ERROR | f1.console | [TIRE_CHART] 檢測到錯誤 end_lap: driver=ALB, start=4, end=4
2025-10-05 01:58:51 | INFO | f1.console | [TIRE_CHART] 使用 length 修正: driver=ALB, length=1, 新end=4
2025-10-05 01:58:51 | INFO | f1.console | [TIRE_CHART] 強制最小值: driver=ALB, 最終end=9
2025-10-05 01:58:51 | ERROR | f1.console | [TIRE_CHART] 檢測到錯誤 end_lap: driver=ALO, start=3, end=3
2025-10-05 01:58:51 | INFO | f1.console | [TIRE_CHART] 使用 length 修正: driver=ALO, length=1, 新end=3
2025-10-05 01:58:51 | INFO | f1.console | [TIRE_CHART] 強制最小值: driver=ALO, 最終end=8
2025-10-05 01:58:51 | ERROR | f1.console | [TIRE_CHART] 檢測到錯誤 end_lap: driver=ALO, start=4, end=4
2025-10-05 01:58:51 | INFO | f1.console | [TIRE_CHART] 使用 length 修正: driver=ALO, length=1, 新end=4
2025-10-05 01:58:51 | INFO | f1.console | [TIRE_CHART] 強制最小值: driver=ALO, 最終end=9
2025-10-05 01:58:51 | ERROR | f1.console | [TIRE_CHART] 檢測到錯誤 end_lap: driver=ANT, start=3, end=3
2025-10-05 01:58:51 | INFO | f1.console | [TIRE_CHART] 使用 length 修正: driver=ANT, length=1, 新end=3
2025-10-05 01:58:51 | INFO | f1.console | [TIRE_CHART] 強制最小值: driver=ANT, 最終end=8
2025-10-05 01:58:51 | ERROR | f1.console | [TIRE_CHART] 檢測到錯誤 end_lap: driver=ANT, start=4, end=4
2025-10-05 01:58:51 | INFO | f1.console | [TIRE_CHART] 使用 length 修正: driver=ANT, length=1, 新end=4
2025-10-05 01:58:51 | INFO | f1.console | [TIRE_CHART] 強制最小值: driver=ANT, 最終end=9
2025-10-05 01:58:51 | ERROR | f1.console | [TIRE_CHART] 檢測到錯誤 end_lap: driver=BEA, start=3, end=3
2025-10-05 01:58:51 | INFO | f1.console | [TIRE_CHART] 使用 length 修正: driver=BEA, length=1, 新end=3
2025-10-05 01:58:51 | INFO | f1.console | [TIRE_CHART] 強制最小值: driver=BEA, 最終end=8
2025-10-05 01:58:51 | ERROR | f1.console | [TIRE_CHART] 檢測到錯誤 end_lap: driver=BEA, start=4, end=4
2025-10-05 01:58:51 | INFO | f1.console | [TIRE_CHART] 使用 length 修正: driver=BEA, length=1, 新end=4
2025-10-05 01:58:51 | INFO | f1.console | [TIRE_CHART] 強制最小值: driver=BEA, 最終end=9
2025-10-05 01:58:51 | ERROR | f1.console | [TIRE_CHART] 檢測到錯誤 end_lap: driver=BOR, start=3, end=3
2025-10-05 01:58:51 | INFO | f1.console | [TIRE_CHART] 使用 length 修正: driver=BOR, length=1, 新end=3
2025-10-05 01:58:51 | INFO | f1.console | [TIRE_CHART] 強制最小值: driver=BOR, 最終end=8
2025-10-05 01:58:51 | ERROR | f1.console | [TIRE_CHART] 檢測到錯誤 end_lap: driver=BOR, start=4, end=4
2025-10-05 01:58:51 | INFO | f1.console | [TIRE_CHART] 使用 length 修正: driver=BOR, length=1, 新end=4
2025-10-05 01:58:51 | INFO | f1.console | [TIRE_CHART] 強制最小值: driver=BOR, 最終end=9
2025-10-05 01:58:51 | ERROR | f1.console | [TIRE_CHART] 檢測到錯誤 end_lap: driver=DOO, start=1, end=1
2025-10-05 01:58:51 | INFO | f1.console | [TIRE_CHART] 使用 length 修正: driver=DOO, length=1, 新end=1
2025-10-05 01:58:51 | INFO | f1.console | [TIRE_CHART] 強制最小值: driver=DOO, 最終end=6
2025-10-05 01:58:51 | ERROR | f1.console | [TIRE_CHART] 檢測到錯誤 end_lap: driver=GAS, start=3, end=3
2025-10-05 01:58:51 | INFO | f1.console | [TIRE_CHART] 使用 length 修正: driver=GAS, length=1, 新end=3
2025-10-05 01:58:51 | INFO | f1.console | [TIRE_CHART] 強制最小值: driver=GAS, 最終end=8
2025-10-05 01:58:51 | ERROR | f1.console | [TIRE_CHART] 檢測到錯誤 end_lap: driver=GAS, start=4, end=4
2025-10-05 01:58:51 | INFO | f1.console | [TIRE_CHART] 使用 length 修正: driver=GAS, length=1, 新end=4
2025-10-05 01:58:51 | INFO | f1.console | [TIRE_CHART] 強制最小值: driver=GAS, 最終end=9
2025-10-05 01:58:51 | ERROR | f1.console | [TIRE_CHART] 檢測到錯誤 end_lap: driver=HAD, start=1, end=1
2025-10-05 01:58:51 | INFO | f1.console | [TIRE_CHART] 使用 length 修正: driver=HAD, length=1, 新end=1
2025-10-05 01:58:51 | INFO | f1.console | [TIRE_CHART] 強制最小值: driver=HAD, 最終end=6
2025-10-05 01:58:51 | ERROR | f1.console | [TIRE_CHART] 檢測到錯誤 end_lap: driver=HAM, start=3, end=3
2025-10-05 01:58:51 | INFO | f1.console | [TIRE_CHART] 使用 length 修正: driver=HAM, length=1, 新end=3
2025-10-05 01:58:51 | INFO | f1.console | [TIRE_CHART] 強制最小值: driver=HAM, 最終end=8
2025-10-05 01:58:51 | ERROR | f1.console | [TIRE_CHART] 檢測到錯誤 end_lap: driver=HAM, start=4, end=4
2025-10-05 01:58:51 | INFO | f1.console | [TIRE_CHART] 使用 length 修正: driver=HAM, length=1, 新end=4
2025-10-05 01:58:51 | INFO | f1.console | [TIRE_CHART] 強制最小值: driver=HAM, 最終end=9
2025-10-05 01:58:51 | ERROR | f1.console | [TIRE_CHART] 檢測到錯誤 end_lap: driver=HUL, start=3, end=3
2025-10-05 01:58:51 | INFO | f1.console | [TIRE_CHART] 使用 length 修正: driver=HUL, length=1, 新end=3
2025-10-05 01:58:51 | INFO | f1.console | [TIRE_CHART] 強制最小值: driver=HUL, 最終end=8
2025-10-05 01:58:51 | ERROR | f1.console | [TIRE_CHART] 檢測到錯誤 end_lap: driver=HUL, start=4, end=4
2025-10-05 01:58:51 | INFO | f1.console | [TIRE_CHART] 使用 length 修正: driver=HUL, length=1, 新end=4
2025-10-05 01:58:51 | INFO | f1.console | [TIRE_CHART] 強制最小值: driver=HUL, 最終end=9
2025-10-05 01:58:51 | ERROR | f1.console | [TIRE_CHART] 檢測到錯誤 end_lap: driver=LAW, start=3, end=3
2025-10-05 01:58:51 | INFO | f1.console | [TIRE_CHART] 使用 length 修正: driver=LAW, length=1, 新end=3
2025-10-05 01:58:51 | INFO | f1.console | [TIRE_CHART] 強制最小值: driver=LAW, 最終end=8
2025-10-05 01:58:51 | ERROR | f1.console | [TIRE_CHART] 檢測到錯誤 end_lap: driver=LAW, start=4, end=4
2025-10-05 01:58:51 | INFO | f1.console | [TIRE_CHART] 使用 length 修正: driver=LAW, length=1, 新end=4
2025-10-05 01:58:51 | INFO | f1.console | [TIRE_CHART] 強制最小值: driver=LAW, 最終end=9
2025-10-05 01:58:51 | ERROR | f1.console | [TIRE_CHART] 檢測到錯誤 end_lap: driver=LEC, start=3, end=3
2025-10-05 01:58:51 | INFO | f1.console | [TIRE_CHART] 使用 length 修正: driver=LEC, length=1, 新end=3
2025-10-05 01:58:51 | INFO | f1.console | [TIRE_CHART] 強制最小值: driver=LEC, 最終end=8
2025-10-05 01:58:51 | ERROR | f1.console | [TIRE_CHART] 檢測到錯誤 end_lap: driver=LEC, start=4, end=4
2025-10-05 01:58:51 | INFO | f1.console | [TIRE_CHART] 使用 length 修正: driver=LEC, length=1, 新end=4
2025-10-05 01:58:51 | INFO | f1.console | [TIRE_CHART] 強制最小值: driver=LEC, 最終end=9
2025-10-05 01:58:51 | ERROR | f1.console | [TIRE_CHART] 檢測到錯誤 end_lap: driver=NOR, start=3, end=3
2025-10-05 01:58:51 | INFO | f1.console | [TIRE_CHART] 使用 length 修正: driver=NOR, length=1, 新end=3
2025-10-05 01:58:51 | INFO | f1.console | [TIRE_CHART] 強制最小值: driver=NOR, 最終end=8
2025-10-05 01:58:51 | ERROR | f1.console | [TIRE_CHART] 檢測到錯誤 end_lap: driver=NOR, start=4, end=4
2025-10-05 01:58:51 | INFO | f1.console | [TIRE_CHART] 使用 length 修正: driver=NOR, length=1, 新end=4
2025-10-05 01:58:51 | INFO | f1.console | [TIRE_CHART] 強制最小值: driver=NOR, 最終end=9
2025-10-05 01:58:51 | ERROR | f1.console | [TIRE_CHART] 檢測到錯誤 end_lap: driver=OCO, start=3, end=3
2025-10-05 01:58:51 | INFO | f1.console | [TIRE_CHART] 使用 length 修正: driver=OCO, length=1, 新end=3
2025-10-05 01:58:51 | INFO | f1.console | [TIRE_CHART] 強制最小值: driver=OCO, 最終end=8
2025-10-05 01:58:51 | ERROR | f1.console | [TIRE_CHART] 檢測到錯誤 end_lap: driver=OCO, start=4, end=4
2025-10-05 01:58:51 | INFO | f1.console | [TIRE_CHART] 使用 length 修正: driver=OCO, length=1, 新end=4
2025-10-05 01:58:51 | INFO | f1.console | [TIRE_CHART] 強制最小值: driver=OCO, 最終end=9
2025-10-05 01:58:51 | ERROR | f1.console | [TIRE_CHART] 檢測到錯誤 end_lap: driver=PIA, start=3, end=3
2025-10-05 01:58:51 | INFO | f1.console | [TIRE_CHART] 使用 length 修正: driver=PIA, length=1, 新end=3
2025-10-05 01:58:51 | INFO | f1.console | [TIRE_CHART] 強制最小值: driver=PIA, 最終end=8
2025-10-05 01:58:51 | ERROR | f1.console | [TIRE_CHART] 檢測到錯誤 end_lap: driver=PIA, start=4, end=4
2025-10-05 01:58:51 | INFO | f1.console | [TIRE_CHART] 使用 length 修正: driver=PIA, length=1, 新end=4
2025-10-05 01:58:51 | INFO | f1.console | [TIRE_CHART] 強制最小值: driver=PIA, 最終end=9
2025-10-05 01:58:51 | ERROR | f1.console | [TIRE_CHART] 檢測到錯誤 end_lap: driver=RUS, start=3, end=3
2025-10-05 01:58:51 | INFO | f1.console | [TIRE_CHART] 使用 length 修正: driver=RUS, length=1, 新end=3
2025-10-05 01:58:51 | INFO | f1.console | [TIRE_CHART] 強制最小值: driver=RUS, 最終end=8
2025-10-05 01:58:51 | ERROR | f1.console | [TIRE_CHART] 檢測到錯誤 end_lap: driver=RUS, start=4, end=4
2025-10-05 01:58:51 | INFO | f1.console | [TIRE_CHART] 使用 length 修正: driver=RUS, length=1, 新end=4
2025-10-05 01:58:51 | INFO | f1.console | [TIRE_CHART] 強制最小值: driver=RUS, 最終end=9
2025-10-05 01:58:51 | ERROR | f1.console | [TIRE_CHART] 檢測到錯誤 end_lap: driver=SAI, start=1, end=1
2025-10-05 01:58:51 | INFO | f1.console | [TIRE_CHART] 使用 length 修正: driver=SAI, length=1, 新end=1
2025-10-05 01:58:51 | INFO | f1.console | [TIRE_CHART] 強制最小值: driver=SAI, 最終end=6
2025-10-05 01:58:51 | ERROR | f1.console | [TIRE_CHART] 檢測到錯誤 end_lap: driver=STR, start=3, end=3
2025-10-05 01:58:51 | INFO | f1.console | [TIRE_CHART] 使用 length 修正: driver=STR, length=1, 新end=3
2025-10-05 01:58:51 | INFO | f1.console | [TIRE_CHART] 強制最小值: driver=STR, 最終end=8
2025-10-05 01:58:51 | ERROR | f1.console | [TIRE_CHART] 檢測到錯誤 end_lap: driver=STR, start=4, end=4
2025-10-05 01:58:51 | INFO | f1.console | [TIRE_CHART] 使用 length 修正: driver=STR, length=1, 新end=4
2025-10-05 01:58:51 | INFO | f1.console | [TIRE_CHART] 強制最小值: driver=STR, 最終end=9
2025-10-05 01:58:51 | ERROR | f1.console | [TIRE_CHART] 檢測到錯誤 end_lap: driver=TSU, start=3, end=3
2025-10-05 01:58:51 | INFO | f1.console | [TIRE_CHART] 使用 length 修正: driver=TSU, length=1, 新end=3
2025-10-05 01:58:51 | INFO | f1.console | [TIRE_CHART] 強制最小值: driver=TSU, 最終end=8
2025-10-05 01:58:51 | ERROR | f1.console | [TIRE_CHART] 檢測到錯誤 end_lap: driver=TSU, start=4, end=4
2025-10-05 01:58:51 | INFO | f1.console | [TIRE_CHART] 使用 length 修正: driver=TSU, length=1, 新end=4
2025-10-05 01:58:51 | INFO | f1.console | [TIRE_CHART] 強制最小值: driver=TSU, 最終end=9
2025-10-05 01:58:51 | ERROR | f1.console | [TIRE_CHART] 檢測到錯誤 end_lap: driver=VER, start=3, end=3
2025-10-05 01:58:51 | INFO | f1.console | [TIRE_CHART] 使用 length 修正: driver=VER, length=1, 新end=3
2025-10-05 01:58:51 | INFO | f1.console | [TIRE_CHART] 強制最小值: driver=VER, 最終end=8
2025-10-05 01:58:51 | ERROR | f1.console | [TIRE_CHART] 檢測到錯誤 end_lap: driver=VER, start=4, end=4
2025-10-05 01:58:51 | INFO | f1.console | [TIRE_CHART] 使用 length 修正: driver=VER, length=1, 新end=4
2025-10-05 01:58:51 | INFO | f1.console | [TIRE_CHART] 強制最小值: driver=VER, 最終end=9
2025-10-05 01:58:51 | INFO | f1.console | [ACCEL_DEBUG] 繪製曲線:
2025-10-05 01:58:51 | INFO | f1.console |   距離範圍: -0.0 - 5288.3 (範圍: 5288.4)
2025-10-05 01:58:51 | INFO | f1.console |   加速度範圍: -37.23 - 23.95 (範圍: 61.18)
2025-10-05 01:58:51 | INFO | f1.console |   圖表區域: 417 x 207
2025-10-05 01:58:51 | INFO | f1.console |   車手1數據點: 500, 車手2數據點: 0
2025-10-05 01:58:51 | INFO | f1.console | [TILE DEBUG] 視窗 13 實際尺寸: 551x303
2025-10-05 01:58:51 | INFO | f1.console | [TILE DEBUG] 視窗 14: 位置(1112, 919) 尺寸(551, 303)
2025-10-05 01:58:51 | INFO | f1.console | [RAIN_AXIS_DEBUG] 📊 X軸座標軸設置:
2025-10-05 01:58:51 | INFO | f1.console | [RAIN_AXIS_DEBUG]   範圍: 1.0 - 57.0
2025-10-05 01:58:51 | INFO | f1.console | [RAIN_AXIS_DEBUG]   資料點: 57
2025-10-05 01:58:51 | INFO | f1.console | [RAIN_AXIS_DEBUG]   最小間距(px): 48
2025-10-05 01:58:51 | INFO | f1.console | [RAIN_AXIS_DEBUG] 📊 Y軸座標軸設置:
2025-10-05 01:58:51 | INFO | f1.console | [RAIN_AXIS_DEBUG]   範圍: 14.875 - 16.825
2025-10-05 01:58:51 | INFO | f1.console | [RAIN_AXIS_DEBUG]   間距: 0.325
2025-10-05 01:58:51 | INFO | f1.console | [RAIN_AXIS_DEBUG]   標籤數量: 7
2025-10-05 01:58:51 | INFO | f1.console | [RAIN_AXIS_DEBUG] 🎨 自訂座標軸標題繪製
2025-10-05 01:58:51 | ERROR | f1.console | [TIRE_CHART] 檢測到錯誤 end_lap: driver=ALB, start=3, end=3
2025-10-05 01:58:51 | INFO | f1.console | [TIRE_CHART] 使用 length 修正: driver=ALB, length=1, 新end=3
2025-10-05 01:58:51 | INFO | f1.console | [TIRE_CHART] 強制最小值: driver=ALB, 最終end=8
2025-10-05 01:58:51 | ERROR | f1.console | [TIRE_CHART] 檢測到錯誤 end_lap: driver=ALB, start=4, end=4
2025-10-05 01:58:51 | INFO | f1.console | [TIRE_CHART] 使用 length 修正: driver=ALB, length=1, 新end=4
2025-10-05 01:58:51 | INFO | f1.console | [TIRE_CHART] 強制最小值: driver=ALB, 最終end=9
2025-10-05 01:58:51 | ERROR | f1.console | [TIRE_CHART] 檢測到錯誤 end_lap: driver=ALO, start=3, end=3
2025-10-05 01:58:51 | INFO | f1.console | [TIRE_CHART] 使用 length 修正: driver=ALO, length=1, 新end=3
2025-10-05 01:58:51 | INFO | f1.console | [TIRE_CHART] 強制最小值: driver=ALO, 最終end=8
2025-10-05 01:58:51 | ERROR | f1.console | [TIRE_CHART] 檢測到錯誤 end_lap: driver=ALO, start=4, end=4
2025-10-05 01:58:51 | INFO | f1.console | [TIRE_CHART] 使用 length 修正: driver=ALO, length=1, 新end=4
2025-10-05 01:58:51 | INFO | f1.console | [TIRE_CHART] 強制最小值: driver=ALO, 最終end=9
2025-10-05 01:58:51 | ERROR | f1.console | [TIRE_CHART] 檢測到錯誤 end_lap: driver=ANT, start=3, end=3
2025-10-05 01:58:51 | INFO | f1.console | [TIRE_CHART] 使用 length 修正: driver=ANT, length=1, 新end=3
2025-10-05 01:58:51 | INFO | f1.console | [TIRE_CHART] 強制最小值: driver=ANT, 最終end=8
2025-10-05 01:58:51 | ERROR | f1.console | [TIRE_CHART] 檢測到錯誤 end_lap: driver=ANT, start=4, end=4
2025-10-05 01:58:51 | INFO | f1.console | [TIRE_CHART] 使用 length 修正: driver=ANT, length=1, 新end=4
2025-10-05 01:58:51 | INFO | f1.console | [TIRE_CHART] 強制最小值: driver=ANT, 最終end=9
2025-10-05 01:58:51 | ERROR | f1.console | [TIRE_CHART] 檢測到錯誤 end_lap: driver=BEA, start=3, end=3
2025-10-05 01:58:51 | INFO | f1.console | [TIRE_CHART] 使用 length 修正: driver=BEA, length=1, 新end=3
2025-10-05 01:58:51 | INFO | f1.console | [TIRE_CHART] 強制最小值: driver=BEA, 最終end=8
2025-10-05 01:58:51 | ERROR | f1.console | [TIRE_CHART] 檢測到錯誤 end_lap: driver=BEA, start=4, end=4
2025-10-05 01:58:51 | INFO | f1.console | [TIRE_CHART] 使用 length 修正: driver=BEA, length=1, 新end=4
2025-10-05 01:58:51 | INFO | f1.console | [TIRE_CHART] 強制最小值: driver=BEA, 最終end=9
2025-10-05 01:58:51 | ERROR | f1.console | [TIRE_CHART] 檢測到錯誤 end_lap: driver=BOR, start=3, end=3
2025-10-05 01:58:51 | INFO | f1.console | [TIRE_CHART] 使用 length 修正: driver=BOR, length=1, 新end=3
2025-10-05 01:58:51 | INFO | f1.console | [TIRE_CHART] 強制最小值: driver=BOR, 最終end=8
2025-10-05 01:58:51 | ERROR | f1.console | [TIRE_CHART] 檢測到錯誤 end_lap: driver=BOR, start=4, end=4
2025-10-05 01:58:51 | INFO | f1.console | [TIRE_CHART] 使用 length 修正: driver=BOR, length=1, 新end=4
2025-10-05 01:58:51 | INFO | f1.console | [TIRE_CHART] 強制最小值: driver=BOR, 最終end=9
2025-10-05 01:58:51 | ERROR | f1.console | [TIRE_CHART] 檢測到錯誤 end_lap: driver=DOO, start=1, end=1
2025-10-05 01:58:51 | INFO | f1.console | [TIRE_CHART] 使用 length 修正: driver=DOO, length=1, 新end=1
2025-10-05 01:58:51 | INFO | f1.console | [TIRE_CHART] 強制最小值: driver=DOO, 最終end=6
2025-10-05 01:58:51 | ERROR | f1.console | [TIRE_CHART] 檢測到錯誤 end_lap: driver=GAS, start=3, end=3
2025-10-05 01:58:51 | INFO | f1.console | [TIRE_CHART] 使用 length 修正: driver=GAS, length=1, 新end=3
2025-10-05 01:58:51 | INFO | f1.console | [TIRE_CHART] 強制最小值: driver=GAS, 最終end=8
2025-10-05 01:58:51 | ERROR | f1.console | [TIRE_CHART] 檢測到錯誤 end_lap: driver=GAS, start=4, end=4
2025-10-05 01:58:51 | INFO | f1.console | [TIRE_CHART] 使用 length 修正: driver=GAS, length=1, 新end=4
2025-10-05 01:58:51 | INFO | f1.console | [TIRE_CHART] 強制最小值: driver=GAS, 最終end=9
2025-10-05 01:58:51 | ERROR | f1.console | [TIRE_CHART] 檢測到錯誤 end_lap: driver=HAD, start=1, end=1
2025-10-05 01:58:51 | INFO | f1.console | [TIRE_CHART] 使用 length 修正: driver=HAD, length=1, 新end=1
2025-10-05 01:58:51 | INFO | f1.console | [TIRE_CHART] 強制最小值: driver=HAD, 最終end=6
2025-10-05 01:58:51 | ERROR | f1.console | [TIRE_CHART] 檢測到錯誤 end_lap: driver=HAM, start=3, end=3
2025-10-05 01:58:51 | INFO | f1.console | [TIRE_CHART] 使用 length 修正: driver=HAM, length=1, 新end=3
2025-10-05 01:58:51 | INFO | f1.console | [TIRE_CHART] 強制最小值: driver=HAM, 最終end=8
2025-10-05 01:58:51 | ERROR | f1.console | [TIRE_CHART] 檢測到錯誤 end_lap: driver=HAM, start=4, end=4
2025-10-05 01:58:51 | INFO | f1.console | [TIRE_CHART] 使用 length 修正: driver=HAM, length=1, 新end=4
2025-10-05 01:58:51 | INFO | f1.console | [TIRE_CHART] 強制最小值: driver=HAM, 最終end=9
2025-10-05 01:58:51 | ERROR | f1.console | [TIRE_CHART] 檢測到錯誤 end_lap: driver=HUL, start=3, end=3
2025-10-05 01:58:51 | INFO | f1.console | [TIRE_CHART] 使用 length 修正: driver=HUL, length=1, 新end=3
2025-10-05 01:58:51 | INFO | f1.console | [TIRE_CHART] 強制最小值: driver=HUL, 最終end=8
2025-10-05 01:58:51 | ERROR | f1.console | [TIRE_CHART] 檢測到錯誤 end_lap: driver=HUL, start=4, end=4
2025-10-05 01:58:51 | INFO | f1.console | [TIRE_CHART] 使用 length 修正: driver=HUL, length=1, 新end=4
2025-10-05 01:58:51 | INFO | f1.console | [TIRE_CHART] 強制最小值: driver=HUL, 最終end=9
2025-10-05 01:58:51 | ERROR | f1.console | [TIRE_CHART] 檢測到錯誤 end_lap: driver=LAW, start=3, end=3
2025-10-05 01:58:51 | INFO | f1.console | [TIRE_CHART] 使用 length 修正: driver=LAW, length=1, 新end=3
2025-10-05 01:58:51 | INFO | f1.console | [TIRE_CHART] 強制最小值: driver=LAW, 最終end=8
2025-10-05 01:58:51 | ERROR | f1.console | [TIRE_CHART] 檢測到錯誤 end_lap: driver=LAW, start=4, end=4
2025-10-05 01:58:51 | INFO | f1.console | [TIRE_CHART] 使用 length 修正: driver=LAW, length=1, 新end=4
2025-10-05 01:58:51 | INFO | f1.console | [TIRE_CHART] 強制最小值: driver=LAW, 最終end=9
2025-10-05 01:58:51 | ERROR | f1.console | [TIRE_CHART] 檢測到錯誤 end_lap: driver=LEC, start=3, end=3
2025-10-05 01:58:51 | INFO | f1.console | [TIRE_CHART] 使用 length 修正: driver=LEC, length=1, 新end=3
2025-10-05 01:58:51 | INFO | f1.console | [TIRE_CHART] 強制最小值: driver=LEC, 最終end=8
2025-10-05 01:58:51 | ERROR | f1.console | [TIRE_CHART] 檢測到錯誤 end_lap: driver=LEC, start=4, end=4
2025-10-05 01:58:51 | INFO | f1.console | [TIRE_CHART] 使用 length 修正: driver=LEC, length=1, 新end=4
2025-10-05 01:58:51 | INFO | f1.console | [TIRE_CHART] 強制最小值: driver=LEC, 最終end=9
2025-10-05 01:58:51 | ERROR | f1.console | [TIRE_CHART] 檢測到錯誤 end_lap: driver=NOR, start=3, end=3
2025-10-05 01:58:51 | INFO | f1.console | [TIRE_CHART] 使用 length 修正: driver=NOR, length=1, 新end=3
2025-10-05 01:58:51 | INFO | f1.console | [TIRE_CHART] 強制最小值: driver=NOR, 最終end=8
2025-10-05 01:58:51 | ERROR | f1.console | [TIRE_CHART] 檢測到錯誤 end_lap: driver=NOR, start=4, end=4
2025-10-05 01:58:51 | INFO | f1.console | [TIRE_CHART] 使用 length 修正: driver=NOR, length=1, 新end=4
2025-10-05 01:58:51 | INFO | f1.console | [TIRE_CHART] 強制最小值: driver=NOR, 最終end=9
2025-10-05 01:58:51 | ERROR | f1.console | [TIRE_CHART] 檢測到錯誤 end_lap: driver=OCO, start=3, end=3
2025-10-05 01:58:51 | INFO | f1.console | [TIRE_CHART] 使用 length 修正: driver=OCO, length=1, 新end=3
2025-10-05 01:58:51 | INFO | f1.console | [TIRE_CHART] 強制最小值: driver=OCO, 最終end=8
2025-10-05 01:58:51 | ERROR | f1.console | [TIRE_CHART] 檢測到錯誤 end_lap: driver=OCO, start=4, end=4
2025-10-05 01:58:51 | INFO | f1.console | [TIRE_CHART] 使用 length 修正: driver=OCO, length=1, 新end=4
2025-10-05 01:58:51 | INFO | f1.console | [TIRE_CHART] 強制最小值: driver=OCO, 最終end=9
2025-10-05 01:58:51 | ERROR | f1.console | [TIRE_CHART] 檢測到錯誤 end_lap: driver=PIA, start=3, end=3
2025-10-05 01:58:51 | INFO | f1.console | [TIRE_CHART] 使用 length 修正: driver=PIA, length=1, 新end=3
2025-10-05 01:58:51 | INFO | f1.console | [TIRE_CHART] 強制最小值: driver=PIA, 最終end=8
2025-10-05 01:58:51 | ERROR | f1.console | [TIRE_CHART] 檢測到錯誤 end_lap: driver=PIA, start=4, end=4
2025-10-05 01:58:51 | INFO | f1.console | [TIRE_CHART] 使用 length 修正: driver=PIA, length=1, 新end=4
2025-10-05 01:58:51 | INFO | f1.console | [TIRE_CHART] 強制最小值: driver=PIA, 最終end=9
2025-10-05 01:58:51 | ERROR | f1.console | [TIRE_CHART] 檢測到錯誤 end_lap: driver=RUS, start=3, end=3
2025-10-05 01:58:51 | INFO | f1.console | [TIRE_CHART] 使用 length 修正: driver=RUS, length=1, 新end=3
2025-10-05 01:58:51 | INFO | f1.console | [TIRE_CHART] 強制最小值: driver=RUS, 最終end=8
2025-10-05 01:58:51 | ERROR | f1.console | [TIRE_CHART] 檢測到錯誤 end_lap: driver=RUS, start=4, end=4
2025-10-05 01:58:51 | INFO | f1.console | [TIRE_CHART] 使用 length 修正: driver=RUS, length=1, 新end=4
2025-10-05 01:58:51 | INFO | f1.console | [TIRE_CHART] 強制最小值: driver=RUS, 最終end=9
2025-10-05 01:58:51 | ERROR | f1.console | [TIRE_CHART] 檢測到錯誤 end_lap: driver=SAI, start=1, end=1
2025-10-05 01:58:51 | INFO | f1.console | [TIRE_CHART] 使用 length 修正: driver=SAI, length=1, 新end=1
2025-10-05 01:58:51 | INFO | f1.console | [TIRE_CHART] 強制最小值: driver=SAI, 最終end=6
2025-10-05 01:58:51 | ERROR | f1.console | [TIRE_CHART] 檢測到錯誤 end_lap: driver=STR, start=3, end=3
2025-10-05 01:58:51 | INFO | f1.console | [TIRE_CHART] 使用 length 修正: driver=STR, length=1, 新end=3
2025-10-05 01:58:51 | INFO | f1.console | [TIRE_CHART] 強制最小值: driver=STR, 最終end=8
2025-10-05 01:58:51 | ERROR | f1.console | [TIRE_CHART] 檢測到錯誤 end_lap: driver=STR, start=4, end=4
2025-10-05 01:58:51 | INFO | f1.console | [TIRE_CHART] 使用 length 修正: driver=STR, length=1, 新end=4
2025-10-05 01:58:51 | INFO | f1.console | [TIRE_CHART] 強制最小值: driver=STR, 最終end=9
2025-10-05 01:58:51 | ERROR | f1.console | [TIRE_CHART] 檢測到錯誤 end_lap: driver=TSU, start=3, end=3
2025-10-05 01:58:51 | INFO | f1.console | [TIRE_CHART] 使用 length 修正: driver=TSU, length=1, 新end=3
2025-10-05 01:58:51 | INFO | f1.console | [TIRE_CHART] 強制最小值: driver=TSU, 最終end=8
2025-10-05 01:58:51 | ERROR | f1.console | [TIRE_CHART] 檢測到錯誤 end_lap: driver=TSU, start=4, end=4
2025-10-05 01:58:51 | INFO | f1.console | [TIRE_CHART] 使用 length 修正: driver=TSU, length=1, 新end=4
2025-10-05 01:58:51 | INFO | f1.console | [TIRE_CHART] 強制最小值: driver=TSU, 最終end=9
2025-10-05 01:58:51 | ERROR | f1.console | [TIRE_CHART] 檢測到錯誤 end_lap: driver=VER, start=3, end=3
2025-10-05 01:58:51 | INFO | f1.console | [TIRE_CHART] 使用 length 修正: driver=VER, length=1, 新end=3
2025-10-05 01:58:51 | INFO | f1.console | [TIRE_CHART] 強制最小值: driver=VER, 最終end=8
2025-10-05 01:58:51 | ERROR | f1.console | [TIRE_CHART] 檢測到錯誤 end_lap: driver=VER, start=4, end=4
2025-10-05 01:58:51 | INFO | f1.console | [TIRE_CHART] 使用 length 修正: driver=VER, length=1, 新end=4
2025-10-05 01:58:51 | INFO | f1.console | [TIRE_CHART] 強制最小值: driver=VER, 最終end=9
2025-10-05 01:58:51 | INFO | f1.console | [ACCEL_DEBUG] 繪製曲線:
2025-10-05 01:58:51 | INFO | f1.console |   距離範圍: -0.0 - 5288.3 (範圍: 5288.4)
2025-10-05 01:58:51 | INFO | f1.console |   加速度範圍: -37.23 - 23.95 (範圍: 61.18)
2025-10-05 01:58:51 | INFO | f1.console |   圖表區域: 417 x 207
2025-10-05 01:58:51 | INFO | f1.console |   車手1數據點: 500, 車手2數據點: 0
2025-10-05 01:58:51 | INFO | f1.console | [MARKER_TEXT] 🎯 繪製文字標記 F (純文字版本)
2025-10-05 01:58:51 | INFO | f1.console | [MARKER_TEXT] 🎯 繪製文字標記 F (純文字版本)
2025-10-05 01:58:51 | INFO | f1.console | [MARKER_TEXT] 🎯 繪製文字標記 F (純文字版本)
2025-10-05 01:58:51 | INFO | f1.console | [LAPTIME_CHART_WIDGET] 繪製了 3 個智能標記
2025-10-05 01:58:51 | INFO | f1.console | [LEGEND_DEBUG] 數據系列數量: 3
2025-10-05 01:58:51 | INFO | f1.console | [LEGEND_DEBUG] 圖例位置: (354, 15)
2025-10-05 01:58:51 | INFO | f1.console | [LEGEND_DEBUG] 圖例尺寸: 140 x 256
2025-10-05 01:58:51 | INFO | f1.console | [LEGEND_DEBUG] 🎨 設定背景色為: R255, G255, B255, A255
2025-10-05 01:58:51 | INFO | f1.console | [LEGEND_DEBUG] ✅ 白色背景填充完成 (重複3次)
2025-10-05 01:58:51 | INFO | f1.console | [LEGEND_DEBUG] ✅ 邊框繪製完成
2025-10-05 01:58:51 | INFO | f1.console | [LEGEND] 圖例重疊模式: 位置=(354, 15), 尺寸=140x256
2025-10-05 01:58:51 | INFO | f1.console | [TILE DEBUG] 視窗 14 實際尺寸: 551x303
2025-10-05 01:58:51 | INFO | f1.console | [TILE DEBUG] ========== 開始最終尺寸同步 ==========
2025-10-05 01:58:51 | INFO | f1.console | [TILE SYNC] 視窗 0 當前尺寸: 551x303
2025-10-05 01:58:51 | INFO | f1.console | [TILE SYNC] 視窗 1 當前尺寸: 551x303
2025-10-05 01:58:51 | INFO | f1.console | [TILE SYNC] 視窗 2 當前尺寸: 551x303
2025-10-05 01:58:51 | INFO | f1.console | [TILE SYNC] 視窗 3 當前尺寸: 551x303
2025-10-05 01:58:51 | INFO | f1.console | [TILE SYNC] 視窗 4 當前尺寸: 551x303
2025-10-05 01:58:51 | INFO | f1.console | [TILE SYNC] 視窗 5 當前尺寸: 551x303
2025-10-05 01:58:51 | INFO | f1.console | [TILE SYNC] 視窗 6 當前尺寸: 551x303
2025-10-05 01:58:51 | INFO | f1.console | [TILE SYNC] 視窗 7 當前尺寸: 551x303
2025-10-05 01:58:51 | INFO | f1.console | [TILE SYNC] 視窗 8 當前尺寸: 551x303
2025-10-05 01:58:51 | INFO | f1.console | [TILE SYNC] 視窗 9 當前尺寸: 551x303
2025-10-05 01:58:51 | INFO | f1.console | [TILE SYNC] 視窗 10 當前尺寸: 551x303
2025-10-05 01:58:51 | INFO | f1.console | [TILE SYNC] 視窗 11 當前尺寸: 551x303
2025-10-05 01:58:51 | INFO | f1.console | [TILE SYNC] 視窗 12 當前尺寸: 551x303
2025-10-05 01:58:51 | INFO | f1.console | [TILE SYNC] 視窗 13 當前尺寸: 551x303
2025-10-05 01:58:51 | INFO | f1.console | [TILE SYNC] 視窗 14 當前尺寸: 551x303
2025-10-05 01:58:51 | INFO | f1.console | [TILE SYNC] 統一目標尺寸: 551x303
2025-10-05 01:58:51 | INFO | f1.console | [TILE SYNC] 視窗 0 最終尺寸: 551x303
2025-10-05 01:58:51 | INFO | f1.console | [TILE SYNC] 視窗 1 最終尺寸: 551x303
2025-10-05 01:58:51 | INFO | f1.console | [TILE SYNC] 視窗 2 最終尺寸: 551x303
2025-10-05 01:58:51 | INFO | f1.console | [TILE SYNC] 視窗 3 最終尺寸: 551x303
2025-10-05 01:58:51 | INFO | f1.console | [TILE SYNC] 視窗 4 最終尺寸: 551x303
2025-10-05 01:58:51 | INFO | f1.console | [TILE SYNC] 視窗 5 最終尺寸: 551x303
2025-10-05 01:58:51 | INFO | f1.console | [TILE SYNC] 視窗 6 最終尺寸: 551x303
2025-10-05 01:58:51 | INFO | f1.console | [TILE SYNC] 視窗 7 最終尺寸: 551x303
2025-10-05 01:58:51 | INFO | f1.console | [TILE SYNC] 視窗 8 最終尺寸: 551x303
2025-10-05 01:58:51 | INFO | f1.console | [TILE SYNC] 視窗 9 最終尺寸: 551x303
2025-10-05 01:58:51 | INFO | f1.console | [TILE SYNC] 視窗 10 最終尺寸: 551x303
2025-10-05 01:58:51 | INFO | f1.console | [TILE SYNC] 視窗 11 最終尺寸: 551x303
2025-10-05 01:58:51 | INFO | f1.console | [TILE SYNC] 視窗 12 最終尺寸: 551x303
2025-10-05 01:58:51 | INFO | f1.console | [TILE SYNC] 視窗 13 最終尺寸: 551x303
2025-10-05 01:58:51 | INFO | f1.console | [TILE SYNC] 視窗 14 最終尺寸: 551x303
2025-10-05 01:58:51 | INFO | f1.console | [TILE DEBUG] ========== 尺寸同步完成 ==========
2025-10-05 01:58:51 | INFO | f1.console | [TILE DEBUG] ========== 子視窗邊距檢查 ==========
2025-10-05 01:58:51 | INFO | f1.console | [TILE DEBUG] 子視窗 0: 🌧️ Rain Analysis_2025_Australia (2025-03-16)_R
2025-10-05 01:58:51 | INFO | f1.console | [TILE DEBUG]   MDI邊距: left=2, top=4, right=2, bottom=2
2025-10-05 01:58:51 | INFO | f1.console | [TILE DEBUG]   frameGeometry: 551x303
2025-10-05 01:58:51 | INFO | f1.console | [TILE DEBUG]   geometry: 551x303
2025-10-05 01:58:51 | INFO | f1.console | [TILE DEBUG]   邊框差異: width=0, height=0
2025-10-05 01:58:51 | INFO | f1.console | [TILE DEBUG]   內部widget尺寸: 547x297
2025-10-05 01:58:51 | INFO | f1.console | [TILE DEBUG] 子視窗 1: Track Analysis - 2025 Australia R
2025-10-05 01:58:51 | INFO | f1.console | [TILE DEBUG]   MDI邊距: left=2, top=4, right=2, bottom=2
2025-10-05 01:58:51 | INFO | f1.console | [TILE DEBUG]   frameGeometry: 551x303
2025-10-05 01:58:51 | INFO | f1.console | [TILE DEBUG]   geometry: 551x303
2025-10-05 01:58:51 | INFO | f1.console | [TILE DEBUG]   邊框差異: width=0, height=0
2025-10-05 01:58:51 | INFO | f1.console | [TILE DEBUG]   內部widget尺寸: 547x297
2025-10-05 01:58:51 | INFO | f1.console | [TILE DEBUG] 子視窗 2: Pitstop Analysis_2025_Australia (2025-03-16)_R
2025-10-05 01:58:51 | INFO | f1.console | [TILE DEBUG]   MDI邊距: left=2, top=4, right=2, bottom=2
2025-10-05 01:58:51 | INFO | f1.console | [TILE DEBUG]   frameGeometry: 551x303
2025-10-05 01:58:51 | INFO | f1.console | [TILE DEBUG]   geometry: 551x303
2025-10-05 01:58:51 | INFO | f1.console | [TILE DEBUG]   邊框差異: width=0, height=0
2025-10-05 01:58:51 | INFO | f1.console | [TILE DEBUG]   內部widget尺寸: 547x297
2025-10-05 01:58:51 | INFO | f1.console | [TILE DEBUG] 子視窗 3: Accident Analysis_2025_Australia (2025-03-16)_R
2025-10-05 01:58:51 | INFO | f1.console | [TILE DEBUG]   MDI邊距: left=2, top=4, right=2, bottom=2
2025-10-05 01:58:51 | INFO | f1.console | [TILE DEBUG]   frameGeometry: 551x303
2025-10-05 01:58:51 | INFO | f1.console | [TILE DEBUG]   geometry: 551x303
2025-10-05 01:58:51 | INFO | f1.console | [TILE DEBUG]   邊框差異: width=0, height=0
2025-10-05 01:58:51 | INFO | f1.console | [TILE DEBUG]   內部widget尺寸: 547x297
2025-10-05 01:58:51 | INFO | f1.console | [TILE DEBUG] 子視窗 4: Tire Strategy Analysis_2025_Australia (2025-03-16)_R
2025-10-05 01:58:51 | INFO | f1.console | [TILE DEBUG]   MDI邊距: left=2, top=4, right=2, bottom=2
2025-10-05 01:58:51 | INFO | f1.console | [TILE DEBUG]   frameGeometry: 551x303
2025-10-05 01:58:51 | INFO | f1.console | [TILE DEBUG]   geometry: 551x303
2025-10-05 01:58:51 | INFO | f1.console | [TILE DEBUG]   邊框差異: width=0, height=0
2025-10-05 01:58:51 | INFO | f1.console | [TILE DEBUG]   內部widget尺寸: 547x297
2025-10-05 01:58:51 | INFO | f1.console | [TILE DEBUG] 子視窗 5: Speed Analysis_2025_Australia_R
2025-10-05 01:58:51 | INFO | f1.console | [TILE DEBUG]   MDI邊距: left=2, top=4, right=2, bottom=2
2025-10-05 01:58:51 | INFO | f1.console | [TILE DEBUG]   frameGeometry: 551x303
2025-10-05 01:58:51 | INFO | f1.console | [TILE DEBUG]   geometry: 551x303
2025-10-05 01:58:51 | INFO | f1.console | [TILE DEBUG]   邊框差異: width=0, height=0
2025-10-05 01:58:51 | INFO | f1.console | [TILE DEBUG]   內部widget尺寸: 547x297
2025-10-05 01:58:51 | INFO | f1.console | [TILE DEBUG] 子視窗 6: Brake Analysis_2025_Australia_R
2025-10-05 01:58:51 | INFO | f1.console | [TILE DEBUG]   MDI邊距: left=2, top=4, right=2, bottom=2
2025-10-05 01:58:51 | INFO | f1.console | [TILE DEBUG]   frameGeometry: 551x303
2025-10-05 01:58:51 | INFO | f1.console | [TILE DEBUG]   geometry: 551x303
2025-10-05 01:58:51 | INFO | f1.console | [TILE DEBUG]   邊框差異: width=0, height=0
2025-10-05 01:58:51 | INFO | f1.console | [TILE DEBUG]   內部widget尺寸: 547x297
2025-10-05 01:58:51 | INFO | f1.console | [TILE DEBUG] 子視窗 7: Throttle Analysis_2025_Australia_R
2025-10-05 01:58:51 | INFO | f1.console | [TILE DEBUG]   MDI邊距: left=2, top=4, right=2, bottom=2
2025-10-05 01:58:51 | INFO | f1.console | [TILE DEBUG]   frameGeometry: 551x303
2025-10-05 01:58:51 | INFO | f1.console | [TILE DEBUG]   geometry: 551x303
2025-10-05 01:58:51 | INFO | f1.console | [TILE DEBUG]   邊框差異: width=0, height=0
2025-10-05 01:58:51 | INFO | f1.console | [TILE DEBUG]   內部widget尺寸: 547x297
2025-10-05 01:58:51 | INFO | f1.console | [TILE DEBUG] 子視窗 8: Gear Analysis_2025_Australia_R
2025-10-05 01:58:51 | INFO | f1.console | [TILE DEBUG]   MDI邊距: left=2, top=4, right=2, bottom=2
2025-10-05 01:58:51 | INFO | f1.console | [TILE DEBUG]   frameGeometry: 551x303
2025-10-05 01:58:51 | INFO | f1.console | [TILE DEBUG]   geometry: 551x303
2025-10-05 01:58:51 | INFO | f1.console | [TILE DEBUG]   邊框差異: width=0, height=0
2025-10-05 01:58:51 | INFO | f1.console | [TILE DEBUG]   內部widget尺寸: 547x297
2025-10-05 01:58:51 | INFO | f1.console | [TILE DEBUG] 子視窗 9: RPM Analysis_2025_Australia_R
2025-10-05 01:58:51 | INFO | f1.console | [TILE DEBUG]   MDI邊距: left=2, top=4, right=2, bottom=2
2025-10-05 01:58:51 | INFO | f1.console | [TILE DEBUG]   frameGeometry: 551x303
2025-10-05 01:58:51 | INFO | f1.console | [TILE DEBUG]   geometry: 551x303
2025-10-05 01:58:51 | INFO | f1.console | [TILE DEBUG]   邊框差異: width=0, height=0
2025-10-05 01:58:51 | INFO | f1.console | [TILE DEBUG]   內部widget尺寸: 547x297
2025-10-05 01:58:51 | INFO | f1.console | [TILE DEBUG] 子視窗 10: Acceleration Analysis_2025_Australia_R
2025-10-05 01:58:51 | INFO | f1.console | [TILE DEBUG]   MDI邊距: left=2, top=4, right=2, bottom=2
2025-10-05 01:58:51 | INFO | f1.console | [TILE DEBUG]   frameGeometry: 551x303
2025-10-05 01:58:51 | INFO | f1.console | [TILE DEBUG]   geometry: 551x303
2025-10-05 01:58:51 | INFO | f1.console | [TILE DEBUG]   邊框差異: width=0, height=0
2025-10-05 01:58:51 | INFO | f1.console | [TILE DEBUG]   內部widget尺寸: 547x297
2025-10-05 01:58:51 | INFO | f1.console | [TILE DEBUG] 子視窗 11: ⚡ Speed Diff Analysis_2025_Australia_R
2025-10-05 01:58:51 | INFO | f1.console | [TILE DEBUG]   MDI邊距: left=2, top=4, right=2, bottom=2
2025-10-05 01:58:51 | INFO | f1.console | [TILE DEBUG]   frameGeometry: 551x303
2025-10-05 01:58:51 | INFO | f1.console | [TILE DEBUG]   geometry: 551x303
2025-10-05 01:58:51 | INFO | f1.console | [TILE DEBUG]   邊框差異: width=0, height=0
2025-10-05 01:58:51 | INFO | f1.console | [TILE DEBUG]   內部widget尺寸: 547x297
2025-10-05 01:58:51 | INFO | f1.console | [TILE DEBUG] 子視窗 12: 📏 Distance Diff Analysis_2025_Australia_R
2025-10-05 01:58:51 | INFO | f1.console | [TILE DEBUG]   MDI邊距: left=2, top=4, right=2, bottom=2
2025-10-05 01:58:51 | INFO | f1.console | [TILE DEBUG]   frameGeometry: 551x303
2025-10-05 01:58:51 | INFO | f1.console | [TILE DEBUG]   geometry: 551x303
2025-10-05 01:58:51 | INFO | f1.console | [TILE DEBUG]   邊框差異: width=0, height=0
2025-10-05 01:58:51 | INFO | f1.console | [TILE DEBUG]   內部widget尺寸: 547x297
2025-10-05 01:58:51 | INFO | f1.console | [TILE DEBUG] 子視窗 13: Lap Time Box Plot - 2025 Australia (2025-03-16) R
2025-10-05 01:58:51 | INFO | f1.console | [TILE DEBUG]   MDI邊距: left=2, top=4, right=2, bottom=2
2025-10-05 01:58:51 | INFO | f1.console | [TILE DEBUG]   frameGeometry: 551x303
2025-10-05 01:58:51 | INFO | f1.console | [TILE DEBUG]   geometry: 551x303
2025-10-05 01:58:51 | INFO | f1.console | [TILE DEBUG]   邊框差異: width=0, height=0
2025-10-05 01:58:51 | INFO | f1.console | [TILE DEBUG]   內部widget尺寸: 547x297
2025-10-05 01:58:51 | INFO | f1.console | [TILE DEBUG] 子視窗 14: Detailed Lap Analysis - 2025 Australia (2025-03-16) R - VER
2025-10-05 01:58:51 | INFO | f1.console | [TILE DEBUG]   MDI邊距: left=2, top=4, right=2, bottom=2
2025-10-05 01:58:51 | INFO | f1.console | [TILE DEBUG]   frameGeometry: 551x303
2025-10-05 01:58:51 | INFO | f1.console | [TILE DEBUG]   geometry: 551x303
2025-10-05 01:58:51 | INFO | f1.console | [TILE DEBUG]   邊框差異: width=0, height=0
2025-10-05 01:58:51 | INFO | f1.console | [TILE DEBUG]   內部widget尺寸: 547x297
2025-10-05 01:58:51 | INFO | f1.console | [TILE DEBUG] ========== 邊距檢查完成 ==========
2025-10-05 01:58:52 | INFO | f1.console | [LAP_CONTROL] 🏁 主頁面最速圈checkbox變更: True
2025-10-05 01:58:52 | INFO | f1.console | [LAP_CONTROL] 🏁 最速圈被選中，自動設置圈數1和圈數2為99
2025-10-05 01:58:52 | INFO | f1.console | [LAP_CONTROL] 🔄 圈速參數已變更，準備自動更新...
2025-10-05 01:58:52 | INFO | f1.console | [LAP_CONTROL] 📊 當前參數值:
2025-10-05 01:58:52 | INFO | f1.console | [LAP_CONTROL]   🏎️ 車手1: 'VER'
2025-10-05 01:58:52 | INFO | f1.console | [LAP_CONTROL]   🏎️ 車手2: 'None'
2025-10-05 01:58:52 | INFO | f1.console | [LAP_CONTROL]   🏁 圈數1: 99
2025-10-05 01:58:52 | INFO | f1.console | [LAP_CONTROL]   🏁 圈數2: 1
2025-10-05 01:58:52 | INFO | f1.console | [LAP_CONTROL]   ⚡ 最速圈: True
2025-10-05 01:58:52 | INFO | f1.console | [LAP_CONTROL] 📤 觸發控件: QSpinBox
2025-10-05 01:58:52 | INFO | f1.console | [LAP_CONTROL] 📤 觸發值: 99
2025-10-05 01:58:52 | INFO | f1.console | [LAP_CONTROL] 🏁 圈數1: 1 → 99
2025-10-05 01:58:52 | INFO | f1.console | [LAP_CONTROL] 🔄 圈速參數已變更，準備自動更新...
2025-10-05 01:58:52 | INFO | f1.console | [LAP_CONTROL] 📊 當前參數值:
2025-10-05 01:58:52 | INFO | f1.console | [LAP_CONTROL]   🏎️ 車手1: 'VER'
2025-10-05 01:58:52 | INFO | f1.console | [LAP_CONTROL]   🏎️ 車手2: 'None'
2025-10-05 01:58:52 | INFO | f1.console | [LAP_CONTROL]   🏁 圈數1: 99
2025-10-05 01:58:52 | INFO | f1.console | [LAP_CONTROL]   🏁 圈數2: 99
2025-10-05 01:58:52 | INFO | f1.console | [LAP_CONTROL]   ⚡ 最速圈: True
2025-10-05 01:58:52 | INFO | f1.console | [LAP_CONTROL] 📤 觸發控件: QSpinBox
2025-10-05 01:58:52 | INFO | f1.console | [LAP_CONTROL] 📤 觸發值: 99
2025-10-05 01:58:52 | INFO | f1.console | [LAP_CONTROL] 🏁 圈數2: 1 → 99
2025-10-05 01:58:52 | INFO | f1.console | [LAP_CONTROL] 🔄 圈速參數已變更，準備自動更新...
2025-10-05 01:58:52 | INFO | f1.console | [LAP_CONTROL] 📊 當前參數值:
2025-10-05 01:58:52 | INFO | f1.console | [LAP_CONTROL]   🏎️ 車手1: 'VER'
2025-10-05 01:58:52 | INFO | f1.console | [LAP_CONTROL]   🏎️ 車手2: 'None'
2025-10-05 01:58:52 | INFO | f1.console | [LAP_CONTROL]   🏁 圈數1: 99
2025-10-05 01:58:52 | INFO | f1.console | [LAP_CONTROL]   🏁 圈數2: 99
2025-10-05 01:58:52 | INFO | f1.console | [LAP_CONTROL]   ⚡ 最速圈: True
2025-10-05 01:58:52 | INFO | f1.console | [LAP_CONTROL] 📤 觸發控件: QCheckBox
2025-10-05 01:58:52 | INFO | f1.console | [LAP_CONTROL] 📤 觸發值: True
2025-10-05 01:58:52 | INFO | f1.console | [LAP_CONTROL] 🔄 開始更新所有圈速分析視窗...
2025-10-05 01:58:52 | INFO | f1.console | [LAP_CONTROL] 🎯 更新參數: VER vs None, 第99圈 vs 第99圈, 最速圈: True
2025-10-05 01:58:52 | INFO | f1.console | [LAP_CONTROL] 📊 基本設置: 2025 Australia R
2025-10-05 01:58:52 | INFO | f1.console | [LAP_CONTROL] 🧹 Race 參數清理: 'Australia (2025-03-16)' → 'Australia'
2025-10-05 01:58:52 | INFO | f1.console | [RPM_TITLE_DEBUG] 🏷️ 生成視窗標題: 'RPM Analysis_2025_Australia_R'
2025-10-05 01:58:52 | INFO | f1.console | [RPM_TITLE_DEBUG]   📊 參數詳情:
2025-10-05 01:58:52 | INFO | f1.console | [RPM_TITLE_DEBUG]     - 年份: 2025
2025-10-05 01:58:52 | INFO | f1.console | [RPM_TITLE_DEBUG]     - 賽事: Australia
2025-10-05 01:58:52 | INFO | f1.console | [RPM_TITLE_DEBUG]     - 賽段: R
2025-10-05 01:58:52 | INFO | f1.console | [LAP_CONTROL] 🔄 更新視窗 1/8: RPM Analysis_2025_Australia_R
2025-10-05 01:58:52 | INFO | f1.console | [LAP_CONTROL]   📋 模組類型: RPMAnalysisModule
2025-10-05 01:58:52 | INFO | f1.console | [LAP_CONTROL]   📋 模組實例: <modules.gui.lap_analysis.rpm_analysis.rpm_analysis_mdi.RPMAnalysisModule object at 0x000001838BBDA210>
2025-10-05 01:58:52 | INFO | f1.console | [LAP_CONTROL]   📋 模組MRO: ['RPMAnalysisModule', 'IAnalysisModule', 'QObject', 'wrapper', 'simplewrapper', 'ABC', 'object']
2025-10-05 01:58:52 | INFO | f1.console | [LAP_CONTROL]   ✅ 找到 update_lap_parameters 方法，開始調用...
2025-10-05 01:58:52 | INFO | f1.console | [RPM_MDI] ========== 圈速參數更新 ==========
2025-10-05 01:58:52 | INFO | f1.console | [RPM_MDI] 收到參數: 2025 Australia R
2025-10-05 01:58:52 | INFO | f1.console | [RPM_MDI] 車手: VER vs None
2025-10-05 01:58:52 | INFO | f1.console | [RPM_MDI] 圈數: 第99圈 vs 第99圈
2025-10-05 01:58:52 | INFO | f1.console | [RPM_MDI] 最速圈: True
2025-10-05 01:58:52 | INFO | f1.console | [RPM_MDI] 🏁 用戶選擇了最速圈選項，檢查遙測分析數據...
2025-10-05 01:58:52 | INFO | f1.console | [RPM_MDI] 📂 未找到遙測分析檔案
2025-10-05 01:58:52 | INFO | f1.console | [RPM_MDI] 📡 遙測分析數據不存在，開始自動載入...
2025-10-05 01:58:52 | ERROR | f1.console | [ERROR] [RPM_MDI] _ensure_telemetry_data_for_fastest_laps 失敗: 'RPMAnalysisModule' object has no attribute '_check_and_load_telemetry_if_needed'
2025-10-05 01:58:52 | WARNING | f1.console | [RPM_MDI] ⚠️ 無法獲取最速圈數據，使用預設圈數
2025-10-05 01:58:52 | INFO | f1.console | [RPM_MDI] 參數是否變化: True
2025-10-05 01:58:52 | INFO | f1.console | [RPM_MDI] ✅ 已更新圖表組件的圈數顯示
2025-10-05 01:58:52 | INFO | f1.console | [RPM_MDI] 🔄 參數已變化，開始重載數據...
2025-10-05 01:58:52 | INFO | f1.console | [RPM_MDI] 📡 調用數據管理器載入新數據...
2025-10-05 01:58:52 | INFO | f1.console | [RPM_MDI_DATA] ========== 載入RPM數據 ==========
2025-10-05 01:58:52 | INFO | f1.console | [RPM_MDI_DATA] 參數: 2025 Australia R
2025-10-05 01:58:52 | INFO | f1.console | [RPM_MDI_DATA] 車手: VER vs None, 圈數: 99 vs 99
2025-10-05 01:58:52 | INFO | f1.console | [RPM_MDI_DATA] 🔗 創建 RPMAnalysisDataLoader...
2025-10-05 01:58:52 | INFO | f1.console | [RPM_MDI_DATA] 🚀 調用 load_rpm_data...
2025-10-05 01:58:52 | INFO | f1.console | [RPM DEBUG] 初始化 RPM Analysis 載入器
2025-10-05 01:58:52 | INFO | f1.console | [RPM DEBUG] API 基底網址: http://127.0.0.1:8000
2025-10-05 01:58:52 | INFO | f1.console | [RPM DEBUG] 本地 JSON 後備已停用 (策略: 預設策略 (API 優先，不允許本地後備))
2025-10-05 01:58:52 | INFO | f1.console | [RPM_LOADER] ✅ RPM分析數據載入器初始化完成（基於TelemetryDataLoader v2.0）
2025-10-05 01:58:52 | INFO | f1.console | [RPM_LOADER] 🔄 向後兼容接口：load_rpm_data
2025-10-05 01:58:52 | INFO | f1.console | [RPM_LOADER] 參數: 2025 Australia R VER vs None L99/L99
2025-10-05 01:58:52 | INFO | f1.console | [RPM DEBUG] ========== 遙測數據載入 ==========
2025-10-05 01:58:52 | INFO | f1.console | [RPM DEBUG] 類型: RPM Analysis
2025-10-05 01:58:52 | INFO | f1.console | [RPM DEBUG] 參數: 2025 Australia R VER vs VER L99/L99
2025-10-05 01:58:52 | INFO | f1.console | [RPM DEBUG] 分析模式: 單車手
2025-10-05 01:58:52 | INFO | f1.console | [RPM DEBUG] API 將使用 VER 作為第二車手參數
2025-10-05 01:58:52 | INFO | f1.console | [RPM DEBUG] 請求標識 (token): 1
2025-10-05 01:58:52 | INFO | f1.console | [RPM DEBUG] 單車手模式啟動，driver2 將使用 VER
2025-10-05 01:58:52 | INFO | f1.console | [RPM DEBUG] 🚀 呼叫 API: http://127.0.0.1:8000/api/v2/analysis/execute
2025-10-05 01:58:52 | INFO | f1.console | [RPM DEBUG] 參數: {'year': 2025, 'race': 'Australia', 'session': 'R', 'driver1': 'VER', 'driver2': 'VER', 'lap1': 99, 'lap2': 99, 'force_refresh': False}
2025-10-05 01:58:52 | INFO | f1.console | [RPM_MDI_DATA] ✅ RPM數據載入請求提交成功
2025-10-05 01:58:52 | INFO | f1.console | [RPM_MDI] ✅ 圈速參數更新後數據重載成功
2025-10-05 01:58:52 | INFO | f1.console | [REFRESH] [MODULE] RPM Analysis_2025_Australia_R 參數已更新: {'year': '2025', 'race': 'Australia', 'session': 'R', 'driver1': 'VER', 'driver2': 'None', 'lap1': 99, 'lap2': 99}
2025-10-05 01:58:52 | INFO | f1.console | [LAP_CONTROL]   ✅ 視窗更新成功
2025-10-05 01:58:52 | INFO | f1.console | [speeddiff_TITLE_DEBUG] 🏷️ 生成視窗標題: '⚡ Speed Diff Analysis_2025_Australia_R'
2025-10-05 01:58:52 | INFO | f1.console | [speeddiff_TITLE_DEBUG]   📊 參數詳情:
2025-10-05 01:58:52 | INFO | f1.console | [speeddiff_TITLE_DEBUG]     - 年份: 2025
2025-10-05 01:58:52 | INFO | f1.console | [speeddiff_TITLE_DEBUG]     - 賽事: Australia
2025-10-05 01:58:52 | INFO | f1.console | [speeddiff_TITLE_DEBUG]     - 賽段: R
2025-10-05 01:58:52 | INFO | f1.console | [LAP_CONTROL] 🔄 更新視窗 2/8: ⚡ Speed Diff Analysis_2025_Australia_R
2025-10-05 01:58:52 | INFO | f1.console | [LAP_CONTROL]   📋 模組類型: SpeeddiffAnalysisModule
2025-10-05 01:58:52 | INFO | f1.console | [LAP_CONTROL]   📋 模組實例: <modules.gui.lap_analysis.speeddiff_analysis.speeddiff_analysis_mdi.SpeeddiffAnalysisModule object at 0x0000018390FE4CB0>
2025-10-05 01:58:52 | INFO | f1.console | [LAP_CONTROL]   📋 模組MRO: ['SpeeddiffAnalysisModule', 'IAnalysisModule', 'QObject', 'wrapper', 'simplewrapper', 'ABC', 'object']
2025-10-05 01:58:52 | INFO | f1.console | [LAP_CONTROL]   ✅ 找到 update_lap_parameters 方法，開始調用...
2025-10-05 01:58:52 | INFO | f1.console | [speeddiff_MDI] ========== 圈速參數更新 ==========
2025-10-05 01:58:52 | INFO | f1.console | [speeddiff_MDI] 收到參數: 2025 Australia R
2025-10-05 01:58:52 | INFO | f1.console | [speeddiff_MDI] 車手: VER vs None
2025-10-05 01:58:52 | INFO | f1.console | [speeddiff_MDI] 圈數: 第99圈 vs 第99圈
2025-10-05 01:58:52 | INFO | f1.console | [speeddiff_MDI] 最速圈: True
2025-10-05 01:58:52 | INFO | f1.console | [speeddiff_MDI] 🏁 用戶選擇了最速圈選項，檢查遙測分析數據...
2025-10-05 01:58:52 | INFO | f1.console | [speeddiff_MDI] 📂 未找到遙測分析檔案
2025-10-05 01:58:52 | INFO | f1.console | [speeddiff_MDI] 📡 遙測分析數據不存在，開始自動載入...
2025-10-05 01:58:52 | ERROR | f1.console | [ERROR] [speeddiff_MDI] _ensure_telemetry_data_for_fastest_laps 失敗: 'SpeeddiffAnalysisModule' object has no attribute '_check_and_load_telemetry_if_needed'
2025-10-05 01:58:52 | WARNING | f1.console | [speeddiff_MDI] ⚠️ 無法獲取最速圈數據，使用預設圈數
2025-10-05 01:58:52 | INFO | f1.console | [speeddiff_MDI] 參數是否變化: True
2025-10-05 01:58:52 | INFO | f1.console | [speeddiff_MDI] ✅ 已更新圖表組件的圈數顯示
2025-10-05 01:58:52 | INFO | f1.console | [speeddiff_MDI] 🔄 參數已變化，開始重載數據...
2025-10-05 01:58:52 | INFO | f1.console | [speeddiff_MDI] 📡 調用數據管理器載入新數據...
2025-10-05 01:58:52 | INFO | f1.console | [speeddiff_MDI_DATA] ========== 載入speeddiff數據 ==========
2025-10-05 01:58:52 | INFO | f1.console | [speeddiff_MDI_DATA] 參數: 2025 Australia R
2025-10-05 01:58:52 | INFO | f1.console | [speeddiff_MDI_DATA] 車手: VER vs None, 圈數: 99 vs 99
2025-10-05 01:58:52 | INFO | f1.console | [speeddiff_MDI_DATA] 🔗 創建 speeddiffAnalysisDataLoader...
2025-10-05 01:58:52 | INFO | f1.console | [speeddiff_MDI_DATA] 🚀 調用 load_speeddiff_data...
2025-10-05 01:58:52 | INFO | f1.console | [SPEEDDIFF DEBUG] 初始化 Speed Diff Analysis 載入器
2025-10-05 01:58:52 | INFO | f1.console | [SPEEDDIFF DEBUG] API 基底網址: http://127.0.0.1:8000
2025-10-05 01:58:52 | INFO | f1.console | [SPEEDDIFF DEBUG] 本地 JSON 後備已停用 (策略: 預設策略 (API 優先，不允許本地後備))
2025-10-05 01:58:52 | INFO | f1.console | [SPEEDDIFF_LOADER] ✅ 速度差分析數據載入器初始化完成（基於TelemetryDataLoader v2.0）
2025-10-05 01:58:52 | INFO | f1.console | [SPEEDDIFF_LOADER] 🔄 向後兼容接口：load_speeddiff_data
2025-10-05 01:58:52 | INFO | f1.console | [SPEEDDIFF_LOADER] 參數: 2025 Australia R VER vs None L99/L99
2025-10-05 01:58:52 | INFO | f1.console | [SPEEDDIFF DEBUG] ========== 遙測數據載入 ==========
2025-10-05 01:58:52 | INFO | f1.console | [SPEEDDIFF DEBUG] 類型: Speed Diff Analysis
2025-10-05 01:58:52 | INFO | f1.console | [SPEEDDIFF DEBUG] 參數: 2025 Australia R VER vs VER L99/L99
2025-10-05 01:58:52 | INFO | f1.console | [SPEEDDIFF DEBUG] 分析模式: 單車手
2025-10-05 01:58:52 | INFO | f1.console | [SPEEDDIFF DEBUG] API 將使用 VER 作為第二車手參數
2025-10-05 01:58:52 | INFO | f1.console | [SPEEDDIFF DEBUG] 請求標識 (token): 1
2025-10-05 01:58:52 | INFO | f1.console | [SPEEDDIFF DEBUG] 單車手模式啟動，driver2 將使用 VER
2025-10-05 01:58:52 | INFO | f1.console | [SPEEDDIFF DEBUG] 🚀 呼叫 API: http://127.0.0.1:8000/api/v2/analysis/execute
2025-10-05 01:58:52 | INFO | f1.console | [SPEEDDIFF DEBUG] 參數: {'year': 2025, 'race': 'Australia', 'session': 'R', 'driver1': 'VER', 'driver2': 'VER', 'lap1': 99, 'lap2': 99, 'force_refresh': False}
2025-10-05 01:58:52 | INFO | f1.console | [speeddiff_MDI_DATA] ✅ speeddiff數據載入請求提交成功
2025-10-05 01:58:52 | INFO | f1.console | [speeddiff_MDI] ✅ 圈速參數更新後數據重載成功
2025-10-05 01:58:52 | INFO | f1.console | [REFRESH] [MODULE] ⚡ Speed Diff Analysis_2025_Australia_R 參數已更新: {'year': '2025', 'race': 'Australia', 'session': 'R', 'driver1': 'VER', 'driver2': 'None', 'lap1': 99, 'lap2': 99}
2025-10-05 01:58:52 | INFO | f1.console | [LAP_CONTROL]   ✅ 視窗更新成功
2025-10-05 01:58:52 | INFO | f1.console | [distancediff_TITLE_DEBUG] 🏷️ 生成視窗標題: '📏 Distance Diff Analysis_2025_Australia_R'
2025-10-05 01:58:52 | INFO | f1.console | [distancediff_TITLE_DEBUG]   📊 參數詳情:
2025-10-05 01:58:52 | INFO | f1.console | [distancediff_TITLE_DEBUG]     - 年份: 2025
2025-10-05 01:58:52 | INFO | f1.console | [distancediff_TITLE_DEBUG]     - 賽事: Australia
2025-10-05 01:58:52 | INFO | f1.console | [distancediff_TITLE_DEBUG]     - 賽段: R
2025-10-05 01:58:52 | INFO | f1.console | [LAP_CONTROL] 🔄 更新視窗 3/8: 📏 Distance Diff Analysis_2025_Australia_R
2025-10-05 01:58:52 | INFO | f1.console | [LAP_CONTROL]   📋 模組類型: distancediffAnalysisModule
2025-10-05 01:58:52 | INFO | f1.console | [LAP_CONTROL]   📋 模組實例: <modules.gui.lap_analysis.distancediff_analysis.distancediff_analysis_mdi.distancediffAnalysisModule object at 0x000001839100CEF0>
2025-10-05 01:58:52 | INFO | f1.console | [LAP_CONTROL]   📋 模組MRO: ['distancediffAnalysisModule', 'IAnalysisModule', 'QObject', 'wrapper', 'simplewrapper', 'ABC', 'object']
2025-10-05 01:58:52 | INFO | f1.console | [LAP_CONTROL]   ✅ 找到 update_lap_parameters 方法，開始調用...
2025-10-05 01:58:52 | INFO | f1.console | [distancediff_MDI] ========== 圈速參數更新 ==========
2025-10-05 01:58:52 | INFO | f1.console | [distancediff_MDI] 收到參數: 2025 Australia R
2025-10-05 01:58:52 | INFO | f1.console | [distancediff_MDI] 車手: VER vs None
2025-10-05 01:58:52 | INFO | f1.console | [distancediff_MDI] 圈數: 第99圈 vs 第99圈
2025-10-05 01:58:52 | INFO | f1.console | [distancediff_MDI] 最速圈: True
2025-10-05 01:58:52 | INFO | f1.console | [distancediff_MDI] 🏁 用戶選擇了最速圈選項，檢查遙測分析數據...
2025-10-05 01:58:52 | INFO | f1.console | [distancediff_MDI] 📂 未找到遙測分析檔案
2025-10-05 01:58:52 | INFO | f1.console | [distancediff_MDI] 📡 遙測分析數據不存在，開始自動載入...
2025-10-05 01:58:52 | ERROR | f1.console | [ERROR] [distancediff_MDI] _ensure_telemetry_data_for_fastest_laps 失敗: 'distancediffAnalysisModule' object has no attribute '_check_and_load_telemetry_if_needed'
2025-10-05 01:58:52 | WARNING | f1.console | [distancediff_MDI] ⚠️ 無法獲取最速圈數據，使用預設圈數
2025-10-05 01:58:52 | INFO | f1.console | [distancediff_MDI] 參數是否變化: True
2025-10-05 01:58:52 | INFO | f1.console | [distancediff_MDI] ✅ 已更新圖表組件的圈數顯示
2025-10-05 01:58:52 | INFO | f1.console | [distancediff_MDI] 🔄 參數已變化，開始重載數據...
2025-10-05 01:58:52 | INFO | f1.console | [distancediff_MDI] 📡 調用數據管理器載入新數據...
2025-10-05 01:58:52 | INFO | f1.console | [distancediff_MDI_DATA] ========== 載入distancediff數據 ==========
2025-10-05 01:58:52 | INFO | f1.console | [distancediff_MDI_DATA] 參數: 2025 Australia R
2025-10-05 01:58:52 | INFO | f1.console | [distancediff_MDI_DATA] 車手: VER vs None, 圈數: 99 vs 99
2025-10-05 01:58:52 | INFO | f1.console | [distancediff_MDI_DATA] 🔗 創建 distancediffAnalysisDataLoader...
2025-10-05 01:58:52 | INFO | f1.console | [distancediff_MDI_DATA] 🚀 調用 load_distancediff_data...
2025-10-05 01:58:52 | INFO | f1.console | [DISTDIFF DEBUG] 初始化 Distance Diff Analysis 載入器
2025-10-05 01:58:52 | INFO | f1.console | [DISTDIFF DEBUG] API 基底網址: http://127.0.0.1:8000
2025-10-05 01:58:52 | INFO | f1.console | [DISTDIFF DEBUG] 本地 JSON 後備已停用 (策略: 預設策略 (API 優先，不允許本地後備))
2025-10-05 01:58:52 | INFO | f1.console | [DISTANCEDIFF_LOADER] ✅ 距離差分析數據載入器初始化完成（基於TelemetryDataLoader v2.0）
2025-10-05 01:58:52 | INFO | f1.console | [DISTANCEDIFF_LOADER] 🔄 向後兼容接口：load_distancediff_data
2025-10-05 01:58:52 | INFO | f1.console | [DISTANCEDIFF_LOADER] 參數: 2025 Australia R VER vs None L99/L99
2025-10-05 01:58:52 | INFO | f1.console | [DISTDIFF DEBUG] ========== 遙測數據載入 ==========
2025-10-05 01:58:52 | INFO | f1.console | [DISTDIFF DEBUG] 類型: Distance Diff Analysis
2025-10-05 01:58:52 | INFO | f1.console | [DISTDIFF DEBUG] 參數: 2025 Australia R VER vs VER L99/L99
2025-10-05 01:58:52 | INFO | f1.console | [DISTDIFF DEBUG] 分析模式: 單車手
2025-10-05 01:58:52 | INFO | f1.console | [DISTDIFF DEBUG] API 將使用 VER 作為第二車手參數
2025-10-05 01:58:52 | INFO | f1.console | [DISTDIFF DEBUG] 請求標識 (token): 1
2025-10-05 01:58:52 | INFO | f1.console | [DISTDIFF DEBUG] 單車手模式啟動，driver2 將使用 VER
2025-10-05 01:58:52 | INFO | f1.console | [DISTDIFF DEBUG] 🚀 呼叫 API: http://127.0.0.1:8000/api/v2/analysis/execute
2025-10-05 01:58:52 | INFO | f1.console | [DISTDIFF DEBUG] 參數: {'year': 2025, 'race': 'Australia', 'session': 'R', 'driver1': 'VER', 'driver2': 'VER', 'lap1': 99, 'lap2': 99, 'force_refresh': False}
2025-10-05 01:58:52 | INFO | f1.console | [distancediff_MDI_DATA] ✅ distancediff數據載入請求提交成功
2025-10-05 01:58:52 | INFO | f1.console | [distancediff_MDI] ✅ 圈速參數更新後數據重載成功
2025-10-05 01:58:52 | INFO | f1.console | [REFRESH] [MODULE] 📏 Distance Diff Analysis_2025_Australia_R 參數已更新: {'year': '2025', 'race': 'Australia', 'session': 'R', 'driver1': 'VER', 'driver2': 'None', 'lap1': 99, 'lap2': 99}
2025-10-05 01:58:52 | INFO | f1.console | [LAP_CONTROL]   ✅ 視窗更新成功
2025-10-05 01:58:52 | INFO | f1.console | [LAP_CONTROL] 🔄 更新視窗 4/8: Speed Analysis_2025_Australia_R
2025-10-05 01:58:52 | INFO | f1.console | [LAP_CONTROL]   📋 模組類型: SpeedAnalysisModule
2025-10-05 01:58:52 | INFO | f1.console | [LAP_CONTROL]   📋 模組實例: <modules.gui.lap_analysis.speed_analysis.speed_analysis_mdi.SpeedAnalysisModule object at 0x000001838B97DB50>
2025-10-05 01:58:52 | INFO | f1.console | [LAP_CONTROL]   📋 模組MRO: ['SpeedAnalysisModule', 'IAnalysisModule', 'QObject', 'wrapper', 'simplewrapper', 'ABC', 'object']
2025-10-05 01:58:52 | INFO | f1.console | [LAP_CONTROL]   ✅ 找到 update_lap_parameters 方法，開始調用...
2025-10-05 01:58:52 | INFO | f1.console | [SPEED_MDI] 🔄 更新圈速參數...
2025-10-05 01:58:52 | INFO | f1.console | [SPEED_MDI]   📊 基本參數: 2025 Australia R
2025-10-05 01:58:52 | INFO | f1.console | [SPEED_MDI]   🏎️ 車手參數: VER vs None
2025-10-05 01:58:52 | INFO | f1.console | [SPEED_MDI]   🏁 圈數參數: 第99圈 vs 第99圈
2025-10-05 01:58:52 | INFO | f1.console | [SPEED_MDI]   ⚡ 最速圈: True
2025-10-05 01:58:52 | INFO | f1.console | [SPEED_MDI] 🚀 重新載入數據...
2025-10-05 01:58:52 | INFO | f1.console | [SPEED_MDI_DATA] ========== 載入速度數據 ==========
2025-10-05 01:58:52 | INFO | f1.console | [SPEED_MDI_DATA] 參數: 2025 Australia R
2025-10-05 01:58:52 | INFO | f1.console | [SPEED_MDI_DATA] 車手: VER vs None, 圈數: 99 vs 99
2025-10-05 01:58:52 | INFO | f1.console | [SPEED_MDI_DATA] 🔗 創建 SpeedAnalysisDataLoader...
2025-10-05 01:58:52 | INFO | f1.console | [SPEED_MDI_DATA] 🚀 調用 load_speed_data...
2025-10-05 01:58:52 | INFO | f1.console | [SPEED DEBUG] 初始化 Speed Analysis 載入器
2025-10-05 01:58:52 | INFO | f1.console | [SPEED DEBUG] API 基底網址: http://127.0.0.1:8000
2025-10-05 01:58:52 | INFO | f1.console | [SPEED DEBUG] 本地 JSON 後備已停用 (策略: 預設策略 (API 優先，不允許本地後備))
2025-10-05 01:58:52 | INFO | f1.console | [SPEED_LOADER] ✅ 速度分析數據載入器初始化完成（基於TelemetryDataLoader v2.0）
2025-10-05 01:58:52 | INFO | f1.console | [SPEED_LOADER] 🔄 向後兼容接口：load_speed_data
2025-10-05 01:58:52 | INFO | f1.console | [SPEED_LOADER] 參數: 2025 Australia R VER vs None L99/L99
2025-10-05 01:58:52 | INFO | f1.console | [SPEED DEBUG] ========== 遙測數據載入 ==========
2025-10-05 01:58:52 | INFO | f1.console | [SPEED DEBUG] 類型: Speed Analysis
2025-10-05 01:58:52 | INFO | f1.console | [SPEED DEBUG] 參數: 2025 Australia R VER vs VER L99/L99
2025-10-05 01:58:52 | INFO | f1.console | [SPEED DEBUG] 分析模式: 單車手
2025-10-05 01:58:52 | INFO | f1.console | [SPEED DEBUG] API 將使用 VER 作為第二車手參數
2025-10-05 01:58:52 | INFO | f1.console | [SPEED DEBUG] 請求標識 (token): 1
2025-10-05 01:58:52 | INFO | f1.console | [SPEED DEBUG] 單車手模式啟動，driver2 將使用 VER
2025-10-05 01:58:52 | INFO | f1.console | [SPEED DEBUG] 🚀 呼叫 API: http://127.0.0.1:8000/api/v2/analysis/execute
2025-10-05 01:58:52 | INFO | f1.console | [SPEED DEBUG] 參數: {'year': 2025, 'race': 'Australia', 'session': 'R', 'driver1': 'VER', 'driver2': 'VER', 'lap1': 99, 'lap2': 99, 'force_refresh': False}
2025-10-05 01:58:52 | INFO | f1.console | [SPEED_MDI] ✅ 圈速參數更新成功
2025-10-05 01:58:52 | INFO | f1.console | [LAP_CONTROL]   ✅ 視窗更新成功
2025-10-05 01:58:52 | INFO | f1.console | [LAP_CONTROL] 🔄 更新視窗 5/8: Throttle Analysis_2025_Australia_R
2025-10-05 01:58:52 | INFO | f1.console | [LAP_CONTROL]   📋 模組類型: ThrottleAnalysisModule
2025-10-05 01:58:52 | INFO | f1.console | [LAP_CONTROL]   📋 模組實例: <modules.gui.lap_analysis.Throttle_analysis.throttle_analysis_mdi.ThrottleAnalysisModule object at 0x000001838BBD8F80>
2025-10-05 01:58:52 | INFO | f1.console | [LAP_CONTROL]   📋 模組MRO: ['ThrottleAnalysisModule', 'IAnalysisModule', 'QObject', 'wrapper', 'simplewrapper', 'ABC', 'object']
2025-10-05 01:58:52 | INFO | f1.console | [LAP_CONTROL]   ✅ 找到 update_lap_parameters 方法，開始調用...
2025-10-05 01:58:52 | INFO | f1.console | [THROTTLE_MDI] 🔄 更新圈速油門油門參數...
2025-10-05 01:58:52 | INFO | f1.console | [THROTTLE_MDI]   📊 基本參數: 2025 Australia R
2025-10-05 01:58:52 | INFO | f1.console | [THROTTLE_MDI]   🏎️ 車手參數: VER vs None
2025-10-05 01:58:52 | INFO | f1.console | [THROTTLE_MDI]   🏁 圈數參數: 第99圈 vs 第99圈
2025-10-05 01:58:52 | INFO | f1.console | [THROTTLE_MDI]   ⚡ 最速圈: True
2025-10-05 01:58:52 | INFO | f1.console | [THROTTLE_MDI] 🚀 重新載入數據...
2025-10-05 01:58:52 | INFO | f1.console | [THROTTLE_MDI_DATA] ========== 載入油門數據 ==========
2025-10-05 01:58:52 | INFO | f1.console | [THROTTLE_MDI_DATA] 參數: 2025 Australia R
2025-10-05 01:58:52 | INFO | f1.console | [THROTTLE_MDI_DATA] 車手: VER vs None, 圈數: 99 vs 99
2025-10-05 01:58:52 | INFO | f1.console | [THROTTLE_MDI_DATA] 🔗 創建 ThrottleAnalysisDataLoader...
2025-10-05 01:58:52 | INFO | f1.console | [THROTTLE_MDI_DATA] 🚀 調用 load_throttle_data...
2025-10-05 01:58:52 | INFO | f1.console | [THROTTLE DEBUG] 初始化 Throttle Analysis 載入器
2025-10-05 01:58:52 | INFO | f1.console | [THROTTLE DEBUG] API 基底網址: http://127.0.0.1:8000
2025-10-05 01:58:52 | INFO | f1.console | [THROTTLE DEBUG] 本地 JSON 後備已停用 (策略: 預設策略 (API 優先，不允許本地後備))
2025-10-05 01:58:52 | INFO | f1.console | [THROTTLE_LOADER] ✅ 油門分析數據載入器初始化完成（基於TelemetryDataLoader v2.0）
2025-10-05 01:58:52 | INFO | f1.console | [THROTTLE_LOADER] 🔄 向後兼容接口：load_throttle_data
2025-10-05 01:58:52 | INFO | f1.console | [THROTTLE_LOADER] 參數: 2025 Australia R VER vs None L99/L99
2025-10-05 01:58:52 | INFO | f1.console | [THROTTLE DEBUG] ========== 遙測數據載入 ==========
2025-10-05 01:58:52 | INFO | f1.console | [THROTTLE DEBUG] 類型: Throttle Analysis
2025-10-05 01:58:52 | INFO | f1.console | [THROTTLE DEBUG] 參數: 2025 Australia R VER vs VER L99/L99
2025-10-05 01:58:52 | INFO | f1.console | [THROTTLE DEBUG] 分析模式: 單車手
2025-10-05 01:58:52 | INFO | f1.console | [THROTTLE DEBUG] API 將使用 VER 作為第二車手參數
2025-10-05 01:58:52 | INFO | f1.console | [THROTTLE DEBUG] 請求標識 (token): 1
2025-10-05 01:58:52 | INFO | f1.console | [THROTTLE DEBUG] 單車手模式啟動，driver2 將使用 VER
2025-10-05 01:58:52 | INFO | f1.console | [THROTTLE DEBUG] 🚀 呼叫 API: http://127.0.0.1:8000/api/v2/analysis/execute
2025-10-05 01:58:52 | INFO | f1.console | [THROTTLE DEBUG] 參數: {'year': 2025, 'race': 'Australia', 'session': 'R', 'driver1': 'VER', 'driver2': 'VER', 'lap1': 99, 'lap2': 99, 'force_refresh': False}
2025-10-05 01:58:52 | INFO | f1.console | [THROTTLE_MDI] ✅ 圈速油門油門參數更新成功
2025-10-05 01:58:52 | INFO | f1.console | [LAP_CONTROL]   ✅ 視窗更新成功
2025-10-05 01:58:52 | INFO | f1.console | [acceleration_TITLE_DEBUG] 🏷️ 生成視窗標題: 'Acceleration Analysis_2025_Australia_R'
2025-10-05 01:58:52 | INFO | f1.console | [acceleration_TITLE_DEBUG]   📊 參數詳情:
2025-10-05 01:58:52 | INFO | f1.console | [acceleration_TITLE_DEBUG]     - 年份: 2025
2025-10-05 01:58:52 | INFO | f1.console | [acceleration_TITLE_DEBUG]     - 賽事: Australia
2025-10-05 01:58:52 | INFO | f1.console | [acceleration_TITLE_DEBUG]     - 賽段: R
2025-10-05 01:58:52 | INFO | f1.console | [LAP_CONTROL] 🔄 更新視窗 6/8: Acceleration Analysis_2025_Australia_R
2025-10-05 01:58:52 | INFO | f1.console | [LAP_CONTROL]   📋 模組類型: accelerationAnalysisModule
2025-10-05 01:58:52 | INFO | f1.console | [LAP_CONTROL]   📋 模組實例: <modules.gui.lap_analysis.acceleration_analysis.acceleration_analysis_mdi.accelerationAnalysisModule object at 0x0000018390EFCB90>
2025-10-05 01:58:52 | INFO | f1.console | [LAP_CONTROL]   📋 模組MRO: ['accelerationAnalysisModule', 'IAnalysisModule', 'QObject', 'wrapper', 'simplewrapper', 'ABC', 'object']
2025-10-05 01:58:52 | INFO | f1.console | [LAP_CONTROL]   ✅ 找到 update_lap_parameters 方法，開始調用...
2025-10-05 01:58:52 | INFO | f1.console | [acceleration_MDI] ========== 圈速參數更新 ==========
2025-10-05 01:58:52 | INFO | f1.console | [acceleration_MDI] 收到參數: 2025 Australia R
2025-10-05 01:58:52 | INFO | f1.console | [acceleration_MDI] 車手: VER vs None
2025-10-05 01:58:52 | INFO | f1.console | [acceleration_MDI] 圈數: 第99圈 vs 第99圈 (類型: lap1=<class 'int'>, lap2=<class 'int'>)
2025-10-05 01:58:52 | INFO | f1.console | [acceleration_MDI] 最速圈: True
2025-10-05 01:58:52 | INFO | f1.console | [ACCEL_DEBUG] 當前屬性狀態:
2025-10-05 01:58:52 | INFO | f1.console |   self.current_year = 2025
2025-10-05 01:58:52 | INFO | f1.console |   self.current_race = Australia
2025-10-05 01:58:52 | INFO | f1.console |   self.current_session = R
2025-10-05 01:58:52 | INFO | f1.console |   self.driver1 = VER
2025-10-05 01:58:52 | INFO | f1.console |   self.driver2 = None
2025-10-05 01:58:52 | INFO | f1.console |   self.lap1 = 1 (類型: <class 'int'>)
2025-10-05 01:58:52 | INFO | f1.console |   self.lap2 = 1 (類型: <class 'int'>)
2025-10-05 01:58:52 | INFO | f1.console |   self.data_manager = <modules.gui.lap_analysis.acceleration_analysis.acceleration_analysis_mdi.AccelerationDataManager object at 0x0000018390EFCD40>
2025-10-05 01:58:52 | INFO | f1.console | [acceleration_MDI] 🏁 用戶選擇了最速圈選項，檢查遙測分析數據...
2025-10-05 01:58:52 | INFO | f1.console | [acceleration_MDI] 📂 未找到遙測分析檔案
2025-10-05 01:58:52 | INFO | f1.console | [acceleration_MDI] 📡 遙測分析數據不存在，開始自動載入...
2025-10-05 01:58:52 | ERROR | f1.console | [ERROR] [acceleration_MDI] _ensure_telemetry_data_for_fastest_laps 失敗: 'accelerationAnalysisModule' object has no attribute '_check_and_load_telemetry_if_needed'
2025-10-05 01:58:52 | WARNING | f1.console | [acceleration_MDI] ⚠️ 無法獲取最速圈數據，使用預設圈數
2025-10-05 01:58:52 | INFO | f1.console | [ACCEL_DEBUG] 參數變化檢測:
2025-10-05 01:58:52 | INFO | f1.console |   年份: 2025 != 2025 = False
2025-10-05 01:58:52 | INFO | f1.console |   賽事: Australia != Australia = False
2025-10-05 01:58:52 | INFO | f1.console |   會話: R != R = False
2025-10-05 01:58:52 | INFO | f1.console |   車手1: VER != VER = False
2025-10-05 01:58:52 | INFO | f1.console |   車手2: None != None = False
2025-10-05 01:58:52 | INFO | f1.console |   Lap1: 1 != 99 = True
2025-10-05 01:58:52 | INFO | f1.console |   Lap2: 1 != 99 = True
2025-10-05 01:58:52 | INFO | f1.console |   最終結果 params_changed = True
2025-10-05 01:58:52 | INFO | f1.console | [acceleration_MDI] 參數是否變化: True
2025-10-05 01:58:52 | INFO | f1.console | [acceleration_MDI] ✅ 已更新圖表組件的圈數顯示
2025-10-05 01:58:52 | INFO | f1.console | [acceleration_MDI] 🔄 參數已變化，開始重載數據...
2025-10-05 01:58:52 | INFO | f1.console | [ACCEL_DEBUG] 檢查 data_manager 狀態: True
2025-10-05 01:58:52 | INFO | f1.console | [acceleration_MDI] 📡 調用數據管理器載入新數據...
2025-10-05 01:58:52 | INFO | f1.console | [ACCEL_DEBUG] 載入參數: year=2025, race=Australia, session=R
2025-10-05 01:58:52 | INFO | f1.console | [ACCEL_DEBUG] 載入參數: driver1=VER, driver2=None, lap1=99, lap2=99
2025-10-05 01:58:52 | INFO | f1.console | [ACCELERATION_MDI_DATA] ========== 載入加速度數據 ==========
2025-10-05 01:58:52 | INFO | f1.console | [ACCELERATION_MDI_DATA] 參數: 2025 Australia R
2025-10-05 01:58:52 | INFO | f1.console | [ACCELERATION_MDI_DATA] 車手: VER vs None, 圈數: 99 vs 99
2025-10-05 01:58:52 | INFO | f1.console | [acceleration_MDI_DATA] 🔗 創建 AccelerationAnalysisDataLoader...
2025-10-05 01:58:52 | INFO | f1.console | [acceleration_MDI_DATA] 🚀 調用 load_acceleration_data...
2025-10-05 01:58:52 | INFO | f1.console | [ACCEL DEBUG] 初始化 Acceleration Analysis 載入器
2025-10-05 01:58:52 | INFO | f1.console | [ACCEL DEBUG] API 基底網址: http://127.0.0.1:8000
2025-10-05 01:58:52 | INFO | f1.console | [ACCEL DEBUG] 本地 JSON 後備已停用 (策略: 預設策略 (API 優先，不允許本地後備))
2025-10-05 01:58:52 | INFO | f1.console | [ACCELERATION_LOADER] ✅ 加速度分析數據載入器初始化完成（基於TelemetryDataLoader v2.0）
2025-10-05 01:58:52 | INFO | f1.console | [ACCELERATION_LOADER] 🔄 向後兼容接口：load_acceleration_data
2025-10-05 01:58:52 | INFO | f1.console | [ACCELERATION_LOADER] 參數: 2025 Australia R VER vs None L99/L99
2025-10-05 01:58:52 | INFO | f1.console | [ACCEL DEBUG] ========== 遙測數據載入 ==========
2025-10-05 01:58:52 | INFO | f1.console | [ACCEL DEBUG] 類型: Acceleration Analysis
2025-10-05 01:58:52 | INFO | f1.console | [ACCEL DEBUG] 參數: 2025 Australia R VER vs VER L99/L99
2025-10-05 01:58:52 | INFO | f1.console | [ACCEL DEBUG] 分析模式: 單車手
2025-10-05 01:58:52 | INFO | f1.console | [ACCEL DEBUG] API 將使用 VER 作為第二車手參數
2025-10-05 01:58:52 | INFO | f1.console | [ACCEL DEBUG] 請求標識 (token): 1
2025-10-05 01:58:52 | INFO | f1.console | [ACCEL DEBUG] 單車手模式啟動，driver2 將使用 VER
2025-10-05 01:58:52 | INFO | f1.console | [ACCEL DEBUG] 🚀 呼叫 API: http://127.0.0.1:8000/api/v2/analysis/execute
2025-10-05 01:58:52 | INFO | f1.console | [ACCEL DEBUG] 參數: {'year': 2025, 'race': 'Australia', 'session': 'R', 'driver1': 'VER', 'driver2': 'VER', 'lap1': 99, 'lap2': 99, 'force_refresh': False}
2025-10-05 01:58:52 | INFO | f1.console | [acceleration_MDI_DATA] ✅ acceleration數據載入請求提交成功
2025-10-05 01:58:52 | INFO | f1.console | [ACCEL_DEBUG] load_acceleration_data 返回: True
2025-10-05 01:58:52 | INFO | f1.console | [acceleration_MDI] ✅ 圈速參數更新後數據重載成功
2025-10-05 01:58:52 | INFO | f1.console | [REFRESH] [MODULE] Acceleration Analysis_2025_Australia_R 參數已更新: {'year': '2025', 'race': 'Australia', 'session': 'R', 'driver1': 'VER', 'driver2': 'None', 'lap1': 99, 'lap2': 99}
2025-10-05 01:58:52 | INFO | f1.console | [LAP_CONTROL]   ✅ 視窗更新成功
2025-10-05 01:58:52 | INFO | f1.console | [gear_TITLE_DEBUG] 🏷️ 生成視窗標題: 'Gear Analysis_2025_Australia_R'
2025-10-05 01:58:52 | INFO | f1.console | [gear_TITLE_DEBUG]   📊 參數詳情:
2025-10-05 01:58:52 | INFO | f1.console | [gear_TITLE_DEBUG]     - 年份: 2025
2025-10-05 01:58:52 | INFO | f1.console | [gear_TITLE_DEBUG]     - 賽事: Australia
2025-10-05 01:58:52 | INFO | f1.console | [gear_TITLE_DEBUG]     - 賽段: R
2025-10-05 01:58:52 | INFO | f1.console | [LAP_CONTROL] 🔄 更新視窗 7/8: Gear Analysis_2025_Australia_R
2025-10-05 01:58:52 | INFO | f1.console | [LAP_CONTROL]   📋 模組類型: GearAnalysisModule
2025-10-05 01:58:52 | INFO | f1.console | [LAP_CONTROL]   📋 模組實例: <modules.gui.lap_analysis.gear_analysis.gear_analysis_mdi.GearAnalysisModule object at 0x000001838BBDABA0>
2025-10-05 01:58:52 | INFO | f1.console | [LAP_CONTROL]   📋 模組MRO: ['GearAnalysisModule', 'IAnalysisModule', 'QObject', 'wrapper', 'simplewrapper', 'ABC', 'object']
2025-10-05 01:58:52 | INFO | f1.console | [LAP_CONTROL]   ✅ 找到 update_lap_parameters 方法，開始調用...
2025-10-05 01:58:52 | INFO | f1.console | [gear_MDI] ========== 圈速參數更新 ==========
2025-10-05 01:58:52 | INFO | f1.console | [gear_MDI] 收到參數: 2025 Australia R
2025-10-05 01:58:52 | INFO | f1.console | [gear_MDI] 車手: VER vs None
2025-10-05 01:58:52 | INFO | f1.console | [gear_MDI] 圈數: 第99圈 vs 第99圈
2025-10-05 01:58:52 | INFO | f1.console | [gear_MDI] 最速圈: True
2025-10-05 01:58:52 | INFO | f1.console | [gear_MDI] 🏁 用戶選擇了最速圈選項，檢查遙測分析數據...
2025-10-05 01:58:52 | INFO | f1.console | [gear_MDI] 📂 未找到遙測分析檔案
2025-10-05 01:58:52 | INFO | f1.console | [gear_MDI] 📡 遙測分析數據不存在，開始自動載入...
2025-10-05 01:58:52 | ERROR | f1.console | [ERROR] [gear_MDI] _ensure_telemetry_data_for_fastest_laps 失敗: 'GearAnalysisModule' object has no attribute '_check_and_load_telemetry_if_needed'
2025-10-05 01:58:52 | WARNING | f1.console | [gear_MDI] ⚠️ 無法獲取最速圈數據，使用預設圈數
2025-10-05 01:58:52 | INFO | f1.console | [gear_MDI] 參數是否變化: True
2025-10-05 01:58:52 | INFO | f1.console | [gear_MDI] ✅ 已更新圖表組件的圈數顯示
2025-10-05 01:58:52 | INFO | f1.console | [gear_MDI] 🔄 參數已變化，開始重載數據...
2025-10-05 01:58:52 | INFO | f1.console | [GEAR_MDI] 📡 調用數據管理器載入新數據...
2025-10-05 01:58:52 | INFO | f1.console | [GEAR_MDI_DATA] ========== 載入檔位數據 ==========
2025-10-05 01:58:52 | INFO | f1.console | [GEAR_MDI_DATA] 參數: 2025 Australia R
2025-10-05 01:58:52 | INFO | f1.console | [GEAR_MDI_DATA] 車手: VER vs None, 圈數: 99 vs 99
2025-10-05 01:58:52 | INFO | f1.console | [GEAR_MDI_DATA] 🔗 創建 GearAnalysisDataLoader...
2025-10-05 01:58:52 | INFO | f1.console | [GEAR_MDI_DATA] 🚀 調用 load_gear_data...
2025-10-05 01:58:52 | INFO | f1.console | [GEAR DEBUG] 初始化 Gear Analysis 載入器
2025-10-05 01:58:52 | INFO | f1.console | [GEAR DEBUG] API 基底網址: http://127.0.0.1:8000
2025-10-05 01:58:52 | INFO | f1.console | [GEAR DEBUG] 本地 JSON 後備已停用 (策略: 預設策略 (API 優先，不允許本地後備))
2025-10-05 01:58:52 | INFO | f1.console | [GEAR_LOADER] ✅ 檔輪分析數據載入器初始化完成（基於TelemetryDataLoader v2.0）
2025-10-05 01:58:52 | INFO | f1.console | [GEAR_LOADER] 🔄 向後兼容接口：load_gear_data
2025-10-05 01:58:52 | INFO | f1.console | [GEAR_LOADER] 參數: 2025 Australia R VER vs None L99/L99
2025-10-05 01:58:52 | INFO | f1.console | [GEAR DEBUG] ========== 遙測數據載入 ==========
2025-10-05 01:58:52 | INFO | f1.console | [GEAR DEBUG] 類型: Gear Analysis
2025-10-05 01:58:52 | INFO | f1.console | [GEAR DEBUG] 參數: 2025 Australia R VER vs VER L99/L99
2025-10-05 01:58:52 | INFO | f1.console | [GEAR DEBUG] 分析模式: 單車手
2025-10-05 01:58:52 | INFO | f1.console | [GEAR DEBUG] API 將使用 VER 作為第二車手參數
2025-10-05 01:58:52 | INFO | f1.console | [GEAR DEBUG] 請求標識 (token): 1
2025-10-05 01:58:52 | INFO | f1.console | [GEAR DEBUG] 單車手模式啟動，driver2 將使用 VER
2025-10-05 01:58:52 | INFO | f1.console | [GEAR DEBUG] 🚀 呼叫 API: http://127.0.0.1:8000/api/v2/analysis/execute
2025-10-05 01:58:52 | INFO | f1.console | [GEAR DEBUG] 參數: {'year': 2025, 'race': 'Australia', 'session': 'R', 'driver1': 'VER', 'driver2': 'VER', 'lap1': 99, 'lap2': 99, 'force_refresh': False}
2025-10-05 01:58:52 | INFO | f1.console | [gear_MDI_DATA] ✅ gear數據載入請求提交成功
2025-10-05 01:58:52 | INFO | f1.console | [gear_MDI] ✅ 圈速參數更新後數據重載成功
2025-10-05 01:58:52 | INFO | f1.console | [REFRESH] [MODULE] Gear Analysis_2025_Australia_R 參數已更新: {'year': '2025', 'race': 'Australia', 'session': 'R', 'driver1': 'VER', 'driver2': 'None', 'lap1': 99, 'lap2': 99}
2025-10-05 01:58:52 | INFO | f1.console | [LAP_CONTROL]   ✅ 視窗更新成功
2025-10-05 01:58:52 | INFO | f1.console | [brake_TITLE_DEBUG] 🏷️ 生成視窗標題: 'Brake Analysis_2025_Australia_R'
2025-10-05 01:58:52 | INFO | f1.console | [brake_TITLE_DEBUG]   📊 參數詳情:
2025-10-05 01:58:52 | INFO | f1.console | [brake_TITLE_DEBUG]     - 年份: 2025
2025-10-05 01:58:52 | INFO | f1.console | [brake_TITLE_DEBUG]     - 賽事: Australia
2025-10-05 01:58:52 | INFO | f1.console | [brake_TITLE_DEBUG]     - 賽段: R
2025-10-05 01:58:52 | INFO | f1.console | [LAP_CONTROL] 🔄 更新視窗 8/8: Brake Analysis_2025_Australia_R
2025-10-05 01:58:52 | INFO | f1.console | [LAP_CONTROL]   📋 模組類型: BrakeAnalysisModule
2025-10-05 01:58:52 | INFO | f1.console | [LAP_CONTROL]   📋 模組實例: <modules.gui.lap_analysis.brake_analysis.brake_analysis_mdi.BrakeAnalysisModule object at 0x000001838BB8F5C0>
2025-10-05 01:58:52 | INFO | f1.console | [LAP_CONTROL]   📋 模組MRO: ['BrakeAnalysisModule', 'IAnalysisModule', 'QObject', 'wrapper', 'simplewrapper', 'ABC', 'object']
2025-10-05 01:58:52 | INFO | f1.console | [LAP_CONTROL]   ✅ 找到 update_lap_parameters 方法，開始調用...
2025-10-05 01:58:52 | INFO | f1.console | [brake_MDI] ========== 圈速參數更新 ==========
2025-10-05 01:58:52 | INFO | f1.console | [brake_MDI] 收到參數: 2025 Australia R
2025-10-05 01:58:52 | INFO | f1.console | [brake_MDI] 車手: VER vs None
2025-10-05 01:58:52 | INFO | f1.console | [brake_MDI] 圈數: 第99圈 vs 第99圈
2025-10-05 01:58:52 | INFO | f1.console | [brake_MDI] 最速圈: True
2025-10-05 01:58:52 | INFO | f1.console | [brake_MDI] 📂 未找到遙測分析檔案
2025-10-05 01:58:52 | INFO | f1.console | [brake_MDI] 📡 遙測分析數據不存在，開始自動載入...
2025-10-05 01:58:52 | ERROR | f1.console | [ERROR] [brake_MDI] _ensure_telemetry_data_for_fastest_laps 失敗: 'BrakeAnalysisModule' object has no attribute '_check_and_load_telemetry_if_needed'
2025-10-05 01:58:52 | WARNING | f1.console | [brake_MDI] ⚠️ 無法獲取最速圈數據，改用現有圈數
2025-10-05 01:58:52 | INFO | f1.console | [brake_TITLE_DEBUG] 🔄 開始更新視窗標題...
2025-10-05 01:58:52 | INFO | f1.console | [brake_TITLE_DEBUG] 📋 當前狀態檢查:
2025-10-05 01:58:52 | INFO | f1.console | [brake_TITLE_DEBUG]   - parent_window 存在: True
2025-10-05 01:58:52 | INFO | f1.console | [brake_TITLE_DEBUG]   - 舊標題: 'Brake Analysis_2025_Australia_R'
2025-10-05 01:58:52 | INFO | f1.console | [brake_TITLE_DEBUG] 🏷️ 生成視窗標題: 'Brake Analysis_2025_Australia_R'
2025-10-05 01:58:52 | INFO | f1.console | [brake_TITLE_DEBUG]   📊 參數詳情:
2025-10-05 01:58:52 | INFO | f1.console | [brake_TITLE_DEBUG]     - 年份: 2025
2025-10-05 01:58:52 | INFO | f1.console | [brake_TITLE_DEBUG]     - 賽事: Australia
2025-10-05 01:58:52 | INFO | f1.console | [brake_TITLE_DEBUG]     - 賽段: R
2025-10-05 01:58:52 | INFO | f1.console | [brake_TITLE_DEBUG]   - 新標題: 'Brake Analysis_2025_Australia_R'
2025-10-05 01:58:52 | INFO | f1.console | [brake_TITLE_DEBUG] ✅ 標題無需更新
2025-10-05 01:58:52 | INFO | f1.console | [brake_MDI] 🚀 重新載入brake數據...
2025-10-05 01:58:52 | INFO | f1.console | [brake_MDI_DATA] ========== 載入brake數據 ==========
2025-10-05 01:58:52 | INFO | f1.console | [brake_MDI_DATA] 參數: 2025 Australia R
2025-10-05 01:58:52 | INFO | f1.console | [brake_MDI_DATA] 車手: VER vs None, 圈數: 99 vs 99
2025-10-05 01:58:52 | INFO | f1.console | 🔄 [brake_MDI_DATA] 檢測到最速圈選項，檢查遙測分析數據...
2025-10-05 01:58:52 | INFO | f1.console | 📁 [brake_MDI_DATA] 找到現有遙測檔案: json\all_drivers_telemetry_analysis_2025_Australia_R.json
2025-10-05 01:58:52 | INFO | f1.console | 🔄 [brake_MDI] 解析 VER 的最速圈...
2025-10-05 01:58:52 | INFO | f1.console | 📁 [brake_MDI] 找到遙測檔案: json\all_drivers_telemetry_analysis_2025_Australia_R.json
2025-10-05 01:58:52 | INFO | f1.console | 📊 [brake_MDI] 遙測檔案讀取成功，開始解析最速圈數據...
2025-10-05 01:58:52 | WARNING | f1.console | ⚠️ [brake_MDI] 無法找到 VER 的最速圈數據，使用預設圈數 1
2025-10-05 01:58:52 | INFO | f1.console | 🔄 [brake_MDI] 解析 None 的最速圈...
2025-10-05 01:58:52 | INFO | f1.console | 📁 [brake_MDI] 找到遙測檔案: json\all_drivers_telemetry_analysis_2025_Australia_R.json
2025-10-05 01:58:52 | INFO | f1.console | 📊 [brake_MDI] 遙測檔案讀取成功，開始解析最速圈數據...
2025-10-05 01:58:52 | WARNING | f1.console | ⚠️ [brake_MDI] 無法找到 None 的最速圈數據，使用預設圈數 1
2025-10-05 01:58:52 | INFO | f1.console | 📊 [brake_MDI] 圈數解析結果: VER=第1圈, None=第1圈
2025-10-05 01:58:52 | INFO | f1.console | 🔢 [brake_MDI_DATA] 最速圈解析完成: VER=第1圈, None=第1圈
2025-10-05 01:58:52 | INFO | f1.console | [brake_MDI_DATA] 🔗 創建 BrakeAnalysisDataLoader...
2025-10-05 01:58:52 | INFO | f1.console | [brake_MDI_DATA] 🚀 調用 load_brake_data...
2025-10-05 01:58:52 | INFO | f1.console | [BRAKE DEBUG] 初始化 Brake Analysis 載入器
2025-10-05 01:58:52 | INFO | f1.console | [BRAKE DEBUG] API 基底網址: http://127.0.0.1:8000
2025-10-05 01:58:52 | INFO | f1.console | [BRAKE DEBUG] 本地 JSON 後備已停用 (策略: 預設策略 (API 優先，不允許本地後備))
2025-10-05 01:58:52 | INFO | f1.console | [BRAKE_LOADER] ✅ 煞車分析數據載入器初始化完成（基於TelemetryDataLoader v2.0）
2025-10-05 01:58:52 | INFO | f1.console | [BRAKE_LOADER] 🔄 向後兼容接口：load_brake_data
2025-10-05 01:58:52 | INFO | f1.console | [BRAKE_LOADER] 參數: 2025 Australia R VER vs None L1/L1
2025-10-05 01:58:52 | INFO | f1.console | [BRAKE DEBUG] ========== 遙測數據載入 ==========
2025-10-05 01:58:52 | INFO | f1.console | [BRAKE DEBUG] 類型: Brake Analysis
2025-10-05 01:58:52 | INFO | f1.console | [BRAKE DEBUG] 參數: 2025 Australia R VER vs VER L1/L1
2025-10-05 01:58:52 | INFO | f1.console | [BRAKE DEBUG] 分析模式: 單車手
2025-10-05 01:58:52 | INFO | f1.console | [BRAKE DEBUG] API 將使用 VER 作為第二車手參數
2025-10-05 01:58:52 | INFO | f1.console | [BRAKE DEBUG] 請求標識 (token): 1
2025-10-05 01:58:52 | INFO | f1.console | [BRAKE DEBUG] 單車手模式啟動，driver2 將使用 VER
2025-10-05 01:58:52 | INFO | f1.console | [BRAKE DEBUG] 檢測到最速圈模式，lap1/lap2 由 API 自行解析
2025-10-05 01:58:52 | INFO | f1.console | [BRAKE DEBUG] 🚀 呼叫 API: http://127.0.0.1:8000/api/v2/analysis/execute
2025-10-05 01:58:52 | INFO | f1.console | [BRAKE DEBUG] 參數: {'year': 2025, 'race': 'Australia', 'session': 'R', 'driver1': 'VER', 'driver2': 'VER', 'lap1': 1, 'lap2': 1, 'force_refresh': False}
2025-10-05 01:58:52 | INFO | f1.console | [brake_MDI_DATA] ✅ brake數據載入請求提交成功
2025-10-05 01:58:52 | INFO | f1.console | [REFRESH] [MODULE] Brake Analysis_2025_Australia_R 參數已更新: {'year': '2025', 'race': 'Australia', 'session': 'R', 'driver1': 'VER', 'driver2': 'None', 'lap1': 99, 'lap2': 99}
2025-10-05 01:58:52 | INFO | f1.console | [brake_MDI] ✅ 圈速參數更新成功
2025-10-05 01:58:52 | INFO | f1.console | [LAP_CONTROL]   ✅ 視窗更新成功
2025-10-05 01:58:52 | INFO | f1.console | [LAP_CONTROL] ✅ 更新完成，成功更新 8/8 個視窗
2025-10-05 01:58:52 | INFO | f1.console | [LAP_CONTROL] 🔄 觸發專用圖表更新邏輯...
2025-10-05 01:58:52 | INFO | f1.console | [LAP_CONTROL] ℹ️ 未識別的視窗類型: F1 TelemetryStation Pro v0.0
2025-10-05 01:58:52 | INFO | f1.console | [RPM DEBUG] ========== _handle_api_success 開始 ==========
2025-10-05 01:58:52 | INFO | f1.console | [RPM DEBUG] 📦 data 類型: <class 'dict'>
2025-10-05 01:58:52 | INFO | f1.console | [RPM DEBUG] 📦 data 鍵值: ['analysis_type', 'metadata', 'results', 'file_info', 'cache_info']
2025-10-05 01:58:52 | INFO | f1.console | [RPM DEBUG] ✅ 數據格式驗證通過
2025-10-05 01:58:52 | INFO | f1.console | [RPM DEBUG] ✅ 步驟1: 數據格式驗證通過
2025-10-05 01:58:52 | INFO | f1.console | [RPM DEBUG] 📝 步驟2: 設置 metadata
2025-10-05 01:58:52 | INFO | f1.console | [RPM DEBUG] ✅ 步驟2: metadata 設置完成
2025-10-05 01:58:52 | INFO | f1.console | [RPM DEBUG] � 步驟3: 處理遙測數據
2025-10-05 01:58:52 | INFO | f1.console | [RPM DEBUG] 🔧 處理遙測數據...
2025-10-05 01:58:52 | INFO | f1.console | [RPM DEBUG] 常規遙測原始數據鍵值: ['name', 'driver1_data', 'driver2_data', 'distance']
2025-10-05 01:58:52 | INFO | f1.console | [RPM DEBUG] 距離數據點數: 500
2025-10-05 01:58:52 | INFO | f1.console | [RPM DEBUG] 車手1數據點數: 500
2025-10-05 01:58:52 | INFO | f1.console | [RPM DEBUG] 車手2數據點數: 500
2025-10-05 01:58:52 | INFO | f1.console | [RPM DEBUG] ✅ RPM Analysis數據處理完成
2025-10-05 01:58:52 | INFO | f1.console | [RPM DEBUG]    距離點數: 500
2025-10-05 01:58:52 | INFO | f1.console | [RPM DEBUG]    車手1數據點數: 500
2025-10-05 01:58:52 | INFO | f1.console | [RPM DEBUG]    車手2數據點數: 500
2025-10-05 01:58:52 | INFO | f1.console | [RPM DEBUG] ✅ 步驟3: API 數據處理完成
2025-10-05 01:58:52 | INFO | f1.console | [RPM DEBUG] 📊 步驟4: 發送進度和狀態信號
2025-10-05 01:58:52 | INFO | f1.console | [RPM DEBUG] ✅ 步驟4: 狀態更新完成
2025-10-05 01:58:52 | INFO | f1.console | [RPM DEBUG] 🚀 步驟5: 即將發送 data_loaded 信號
2025-10-05 01:58:52 | INFO | f1.console | [RPM DEBUG] 📡 信號接收者數量: 1
2025-10-05 01:58:52 | INFO | f1.console | [RPM_MDI_DATA] ✅ RPM數據載入完成
2025-10-05 01:58:52 | INFO | f1.console | [RPM_MDI] 更新RPM圖表
2025-10-05 01:58:52 | INFO | f1.console | [RPM_CHART] ========== 更新RPM數據 ==========
2025-10-05 01:58:52 | INFO | f1.console | [RPM_CHART] 收到數據鍵: ['metadata', 'rpm_data', 'statistics']
2025-10-05 01:58:52 | INFO | f1.console | [RPM_CHART] metadata 鍵: ['drivers', 'sectors', 'year', 'race', 'session', 'telemetry_type', 'display_name', 'unit', 'analysis_timestamp', 'data_source', 'api']
2025-10-05 01:58:52 | INFO | f1.console | [RPM_CHART] rpm_data 鍵: ['distance', 'driver1_rpm', 'driver2_rpm', 'driver1_name', 'driver2_name']
2025-10-05 01:58:52 | INFO | f1.console | [RPM_CHART] statistics 鍵: ['driver1', 'driver2', 'distance']
2025-10-05 01:58:52 | INFO | f1.console | [RPM_CHART] 車手數量: 2
2025-10-05 01:58:52 | INFO | f1.console | [RPM_CHART] 賽道區段: 0
2025-10-05 01:58:52 | INFO | f1.console | [RPM_CHART] 距離數據點: 500
2025-10-05 01:58:52 | INFO | f1.console | [RPM_CHART] 車手1 RPM數據點: 500
2025-10-05 01:58:52 | INFO | f1.console | [RPM_CHART] 車手2 RPM數據點: 500
2025-10-05 01:58:52 | INFO | f1.console | [RPM_CHART] 車手名稱更新: VER vs VER
2025-10-05 01:58:52 | INFO | f1.console | [RPM_CHART] 🎯 使用單車手模式顯示
2025-10-05 01:58:52 | INFO | f1.console | [RPM_CHART] 📊 更新圖表...
2025-10-05 01:58:52 | INFO | f1.console | [RPM_CHART] ✅ 圖表更新完成
2025-10-05 01:58:52 | INFO | f1.console | [RPM_CHART] 📋 更新統計表格...
2025-10-05 01:58:52 | INFO | f1.console | [RPM_CHART] 📊 統計表格更新 - 收到statistics: {'driver1': {'max': 11789.367094165125, 'min': 6423.99411409881, 'avg': 10698.962872345792, 'count': 500}, 'driver2': {'max': 11789.367094165125, 'min': 6423.99411409881, 'avg': 10698.962872345792, 'count': 500}, 'distance': {'min': 0.26631765823475906, 'max': 5220.817433247852, 'total_points': 500}}
2025-10-05 01:58:52 | INFO | f1.console | [RPM_CHART] driver1_stats: {}
2025-10-05 01:58:52 | INFO | f1.console | [RPM_CHART] driver2_stats: {}
2025-10-05 01:58:52 | INFO | f1.console | [RPM_CHART] comparison: {}
2025-10-05 01:58:52 | INFO | f1.console | [RPM_CHART] 表格數據行: [('最高轉速 (rpm)', '0', '0', '0'), ('平均轉速 (rpm)', '0', '0', '0'), ('最低轉速 (rpm)', '0', '0', '0')]
2025-10-05 01:58:52 | INFO | f1.console | [RPM CHART WIDGET] ✅ 統計表格更新完成
2025-10-05 01:58:52 | INFO | f1.console | [RPM_CHART] 📋 更新狀態資訊...
2025-10-05 01:58:52 | INFO | f1.console | [RPM_CHART] ✅ 全部更新完成
2025-10-05 01:58:52 | INFO | f1.console | [TOOLBAR_STATUS] 已更新: RPM分析 | 1:23.081 | 1:23.081 | MEDIUM | MEDIUM | VER 第99圈 vs VER 第99圈
2025-10-05 01:58:52 | INFO | f1.console | [RPM_MDI] 已更新工具欄狀態: RPM分析
2025-10-05 01:58:52 | INFO | f1.console | [RPM DEBUG] ✅ 步驟5: data_loaded 信號已發送
2025-10-05 01:58:52 | INFO | f1.console | [RPM DEBUG] ========== _handle_api_success 完成 ==========
2025-10-05 01:58:52 | INFO | f1.console | [SPEEDDIFF DEBUG] ========== _handle_api_success 開始 ==========
2025-10-05 01:58:52 | INFO | f1.console | [SPEEDDIFF DEBUG] 📦 data 類型: <class 'dict'>
2025-10-05 01:58:52 | INFO | f1.console | [SPEEDDIFF DEBUG] 📦 data 鍵值: ['analysis_type', 'metadata', 'results', 'file_info', 'cache_info']
2025-10-05 01:58:52 | INFO | f1.console | [SPEEDDIFF DEBUG] ✅ 數據格式驗證通過
2025-10-05 01:58:52 | INFO | f1.console | [SPEEDDIFF DEBUG] ✅ 步驟1: 數據格式驗證通過
2025-10-05 01:58:52 | INFO | f1.console | [SPEEDDIFF DEBUG] 📝 步驟2: 設置 metadata
2025-10-05 01:58:52 | INFO | f1.console | [SPEEDDIFF DEBUG] ✅ 步驟2: metadata 設置完成
2025-10-05 01:58:52 | INFO | f1.console | [SPEEDDIFF DEBUG] � 步驟3: 處理遙測數據
2025-10-05 01:58:52 | INFO | f1.console | [SPEEDDIFF DEBUG] 🔧 處理遙測數據...
2025-10-05 01:58:52 | INFO | f1.console | [SPEEDDIFF DEBUG] 差異分析原始數據鍵值: ['distance', 'speed_difference', 'max_diff', 'min_diff', 'mean_diff', 'reference']
2025-10-05 01:58:52 | INFO | f1.console | [SPEEDDIFF DEBUG] 距離數據點數: 500
2025-10-05 01:58:52 | INFO | f1.console | [SPEEDDIFF DEBUG] speed_difference數據點數: 500
2025-10-05 01:58:52 | INFO | f1.console | [SPEEDDIFF DEBUG] 構建差異分析數據結構:
2025-10-05 01:58:52 | INFO | f1.console | [SPEEDDIFF DEBUG]   distance: 500 點
2025-10-05 01:58:52 | INFO | f1.console | [SPEEDDIFF DEBUG]   speed: 500 點
2025-10-05 01:58:52 | INFO | f1.console | [SPEEDDIFF DEBUG]   cumulative_speed_difference: 500 點
2025-10-05 01:58:52 | INFO | f1.console | [SPEEDDIFF DEBUG] ✅ Speed Diff Analysis數據處理完成
2025-10-05 01:58:52 | INFO | f1.console | [SPEEDDIFF DEBUG]    距離點數: 500
2025-10-05 01:58:52 | INFO | f1.console | [SPEEDDIFF DEBUG]    差異數據點數: 500
2025-10-05 01:58:52 | INFO | f1.console | [SPEEDDIFF DEBUG] ✅ 步驟3: API 數據處理完成
2025-10-05 01:58:52 | INFO | f1.console | [SPEEDDIFF DEBUG] 📊 步驟4: 發送進度和狀態信號
2025-10-05 01:58:52 | INFO | f1.console | [SPEEDDIFF DEBUG] ✅ 步驟4: 狀態更新完成
2025-10-05 01:58:52 | INFO | f1.console | [SPEEDDIFF DEBUG] 🚀 步驟5: 即將發送 data_loaded 信號
2025-10-05 01:58:52 | INFO | f1.console | [SPEEDDIFF DEBUG] 📡 信號接收者數量: 1
2025-10-05 01:58:52 | INFO | f1.console | [speeddiff_MDI_DATA] ✅ speeddiff數據載入完成
2025-10-05 01:58:52 | INFO | f1.console | [speeddiff_MDI] 更新speeddiff圖表
2025-10-05 01:58:52 | INFO | f1.console | [speeddiff_CHART] ========== 更新速度差數據 ==========
2025-10-05 01:58:52 | INFO | f1.console | [speeddiff_CHART] 收到數據鍵: ['metadata', 'speeddiff_data', 'statistics']
2025-10-05 01:58:52 | INFO | f1.console | [speeddiff_CHART] metadata 鍵: ['drivers', 'sectors', 'year', 'race', 'session', 'telemetry_type', 'display_name', 'unit', 'analysis_timestamp', 'data_source', 'api']
2025-10-05 01:58:52 | INFO | f1.console | [speeddiff_CHART] speeddiff_data 鍵: ['speed', 'cumulative_speed_difference', 'distance', 'speeddiff', 'driver1_name', 'driver2_name', 'reference']
2025-10-05 01:58:52 | INFO | f1.console | [speeddiff_CHART] statistics 鍵: ['difference', 'distance']
2025-10-05 01:58:52 | INFO | f1.console | [speeddiff_CHART] 車手數量: 2
2025-10-05 01:58:52 | INFO | f1.console | [speeddiff_CHART] 賽道區段: 0
2025-10-05 01:58:52 | INFO | f1.console | [speeddiff_CHART] 參考信息: 
2025-10-05 01:58:52 | INFO | f1.console | [speeddiff_CHART] 距離數據點: 500
2025-10-05 01:58:52 | INFO | f1.console | [speeddiff_CHART] 速度差數據點: 500
2025-10-05 01:58:52 | INFO | f1.console | [speeddiff_CHART] 參考: VER - VER
2025-10-05 01:58:52 | INFO | f1.console | [speeddiff_CHART] 速度差標籤: VER vs VER
2025-10-05 01:58:52 | INFO | f1.console | [speeddiff_CHART] 🎯 使用單一速度差曲線模式
2025-10-05 01:58:52 | INFO | f1.console | [speeddiff_CHART] 📊 更新速度差圖表...
2025-10-05 01:58:52 | INFO | f1.console | [speeddiff_CHART] 動態Y軸範圍: -100.0 到 100.0
2025-10-05 01:58:52 | INFO | f1.console | [speeddiff_CHART] ✅ 圖表更新完成
2025-10-05 01:58:52 | INFO | f1.console | [speeddiff_CHART] 📋 更新統計表格...
2025-10-05 01:58:52 | INFO | f1.console | [speeddiff_CHART] 📊 統計表格更新 - 收到statistics: {'difference': {'max': 0.0, 'min': 0.0, 'avg': 0.0, 'count': 500}, 'distance': {'min': 0.26631765823475906, 'max': 5220.817433247852, 'total_points': 500}}
2025-10-05 01:58:52 | INFO | f1.console | [speeddiff_CHART] driver1_stats: {}
2025-10-05 01:58:52 | INFO | f1.console | [speeddiff_CHART] driver2_stats: {}
2025-10-05 01:58:52 | INFO | f1.console | [speeddiff_CHART] comparison: {}
2025-10-05 01:58:52 | INFO | f1.console | [speeddiff_CHART] 表格數據行: [('最大速度差 (km/h)', '0.0', '0.0', '0.0'), ('平均速度差 (km/h)', '0.0', '0.0', '0.0'), ('最小速度差 (km/h)', '0.0', '0.0', '0.0')]
2025-10-05 01:58:52 | INFO | f1.console | [speeddiff CHART WIDGET] ✅ 統計表格更新完成
2025-10-05 01:58:52 | INFO | f1.console | [speeddiff_CHART] 📋 更新狀態資訊...
2025-10-05 01:58:52 | INFO | f1.console | [speeddiff_CHART] ✅ 全部更新完成
2025-10-05 01:58:52 | INFO | f1.console | [TOOLBAR_STATUS] 已更新: speeddiff分析 | 1:23.081 | 1:23.081 | MEDIUM | MEDIUM | VER 第99圈 vs VER 第99圈
2025-10-05 01:58:52 | INFO | f1.console | [speeddiff_MDI] 已更新工具欄狀態: speeddiff分析
2025-10-05 01:58:52 | INFO | f1.console | [SPEEDDIFF DEBUG] ✅ 步驟5: data_loaded 信號已發送
2025-10-05 01:58:52 | INFO | f1.console | [SPEEDDIFF DEBUG] ========== _handle_api_success 完成 ==========
2025-10-05 01:58:52 | INFO | f1.console | [DISTDIFF DEBUG] ========== _handle_api_success 開始 ==========
2025-10-05 01:58:52 | INFO | f1.console | [DISTDIFF DEBUG] 📦 data 類型: <class 'dict'>
2025-10-05 01:58:52 | INFO | f1.console | [DISTDIFF DEBUG] 📦 data 鍵值: ['analysis_type', 'metadata', 'results', 'file_info', 'cache_info']
2025-10-05 01:58:52 | INFO | f1.console | [DISTDIFF DEBUG] ✅ 數據格式驗證通過
2025-10-05 01:58:52 | INFO | f1.console | [DISTDIFF DEBUG] ✅ 步驟1: 數據格式驗證通過
2025-10-05 01:58:52 | INFO | f1.console | [DISTDIFF DEBUG] 📝 步驟2: 設置 metadata
2025-10-05 01:58:52 | INFO | f1.console | [DISTDIFF DEBUG] ✅ 步驟2: metadata 設置完成
2025-10-05 01:58:52 | INFO | f1.console | [DISTDIFF DEBUG] � 步驟3: 處理遙測數據
2025-10-05 01:58:52 | INFO | f1.console | [DISTDIFF DEBUG] 🔧 處理遙測數據...
2025-10-05 01:58:52 | INFO | f1.console | [DISTDIFF DEBUG] 差異分析原始數據鍵值: ['reference_distance', 'position_difference', 'cumulative_distance_difference', 'position_diff_stats', 'cumulative_diff_stats', 'reference']
2025-10-05 01:58:52 | INFO | f1.console | [DISTDIFF DEBUG] 距離數據點數: 0
2025-10-05 01:58:52 | INFO | f1.console | [DISTDIFF DEBUG] distance_difference數據點數: 0
2025-10-05 01:58:52 | INFO | f1.console | [DISTDIFF DEBUG] 構建差異分析數據結構:
2025-10-05 01:58:52 | INFO | f1.console | [DISTDIFF DEBUG]   distance: 500 點
2025-10-05 01:58:52 | INFO | f1.console | [DISTDIFF DEBUG]   cumulative_distance_difference: 500 點
2025-10-05 01:58:52 | INFO | f1.console | [DISTDIFF DEBUG] ✅ Distance Diff Analysis數據處理完成
2025-10-05 01:58:52 | INFO | f1.console | [DISTDIFF DEBUG]    距離點數: 0
2025-10-05 01:58:52 | INFO | f1.console | [DISTDIFF DEBUG]    差異數據點數: 0
2025-10-05 01:58:52 | INFO | f1.console | [DISTDIFF DEBUG] ✅ 步驟3: API 數據處理完成
2025-10-05 01:58:52 | INFO | f1.console | [DISTDIFF DEBUG] 📊 步驟4: 發送進度和狀態信號
2025-10-05 01:58:52 | INFO | f1.console | [DISTDIFF DEBUG] ✅ 步驟4: 狀態更新完成
2025-10-05 01:58:52 | INFO | f1.console | [DISTDIFF DEBUG] 🚀 步驟5: 即將發送 data_loaded 信號
2025-10-05 01:58:52 | INFO | f1.console | [DISTDIFF DEBUG] 📡 信號接收者數量: 1
2025-10-05 01:58:52 | INFO | f1.console | [distancediff_MDI_DATA] ✅ distancediff數據載入完成
2025-10-05 01:58:52 | INFO | f1.console | [distancediff_MDI] 更新distancediff圖表
2025-10-05 01:58:52 | INFO | f1.console | [distancediff_CHART] ========== 更新距離差數據 ==========
2025-10-05 01:58:52 | INFO | f1.console | [distancediff_CHART] 收到數據鍵: ['metadata', 'distancediff_data', 'statistics']
2025-10-05 01:58:52 | INFO | f1.console | [distancediff_CHART] metadata 鍵: ['drivers', 'sectors', 'year', 'race', 'session', 'telemetry_type', 'display_name', 'unit', 'analysis_timestamp', 'data_source', 'api']
2025-10-05 01:58:52 | INFO | f1.console | [distancediff_CHART] distancediff_data 鍵: ['distance', 'cumulative_distance_difference', 'reference_distance', 'position_difference', 'driver1_name', 'driver2_name', 'reference']
2025-10-05 01:58:52 | INFO | f1.console | [distancediff_CHART] statistics 鍵: ['difference', 'distance']
2025-10-05 01:58:52 | INFO | f1.console | [distancediff_CHART] 車手數量: 2
2025-10-05 01:58:52 | INFO | f1.console | [distancediff_CHART] 賽道區段: 0
2025-10-05 01:58:52 | INFO | f1.console | [distancediff_CHART] 參考信息: 
2025-10-05 01:58:52 | INFO | f1.console | [distancediff_CHART] 距離數據點: 500
2025-10-05 01:58:52 | INFO | f1.console | [distancediff_CHART] 累積距離差數據點: 500
2025-10-05 01:58:52 | INFO | f1.console | [distancediff_CHART] 參考: VER - VER
2025-10-05 01:58:52 | INFO | f1.console | [distancediff_CHART] 距離差標籤: VER vs VER
2025-10-05 01:58:52 | INFO | f1.console | [distancediff_CHART] 🎯 使用單一累積距離差曲線模式
2025-10-05 01:58:52 | INFO | f1.console | [distancediff_CHART] 📊 更新距離差圖表...
2025-10-05 01:58:52 | INFO | f1.console | [distancediff_CHART] 動態Y軸範圍: -100.0 到 100.0
2025-10-05 01:58:52 | INFO | f1.console | [distancediff_CHART] ✅ 圖表更新完成
2025-10-05 01:58:52 | INFO | f1.console | [distancediff_CHART] 📋 更新統計表格...
2025-10-05 01:58:52 | INFO | f1.console | [distancediff_CHART] 📊 統計表格更新 - 收到statistics: {'difference': {'max': 0, 'min': 0, 'avg': 0, 'count': 0}, 'distance': {'min': 0, 'max': 0, 'total_points': 0}}
2025-10-05 01:58:52 | INFO | f1.console | [distancediff_CHART] driver1_stats: {}
2025-10-05 01:58:52 | INFO | f1.console | [distancediff_CHART] driver2_stats: {}
2025-10-05 01:58:52 | INFO | f1.console | [distancediff_CHART] comparison: {}
2025-10-05 01:58:52 | INFO | f1.console | [distancediff_CHART] 表格數據行: [('最大距離差 (m)', '0.0', '0.0', '0.0'), ('平均距離差 (m)', '0.0', '0.0', '0.0'), ('最小距離差 (m)', '0.0', '0.0', '0.0')]
2025-10-05 01:58:52 | INFO | f1.console | [distancediff CHART WIDGET] ✅ 統計表格更新完成
2025-10-05 01:58:52 | INFO | f1.console | [distancediff_CHART] 📋 更新狀態資訊...
2025-10-05 01:58:52 | INFO | f1.console | [distancediff_CHART] ✅ 全部更新完成
2025-10-05 01:58:52 | INFO | f1.console | [TOOLBAR_STATUS] 已更新: distancediff分析 | 1:23.081 | 1:23.081 | MEDIUM | MEDIUM | VER 第99圈 vs VER 第99圈
2025-10-05 01:58:52 | INFO | f1.console | [distancediff_MDI] 已更新工具欄狀態: distancediff分析
2025-10-05 01:58:52 | INFO | f1.console | [DISTDIFF DEBUG] ✅ 步驟5: data_loaded 信號已發送
2025-10-05 01:58:52 | INFO | f1.console | [DISTDIFF DEBUG] ========== _handle_api_success 完成 ==========
2025-10-05 01:58:52 | INFO | f1.console | [SPEED DEBUG] ========== _handle_api_success 開始 ==========
2025-10-05 01:58:52 | INFO | f1.console | [SPEED DEBUG] 📦 data 類型: <class 'dict'>
2025-10-05 01:58:52 | INFO | f1.console | [SPEED DEBUG] 📦 data 鍵值: ['analysis_type', 'metadata', 'results', 'file_info', 'cache_info']
2025-10-05 01:58:52 | INFO | f1.console | [SPEED DEBUG] ✅ 數據格式驗證通過
2025-10-05 01:58:52 | INFO | f1.console | [SPEED DEBUG] ✅ 步驟1: 數據格式驗證通過
2025-10-05 01:58:52 | INFO | f1.console | [SPEED DEBUG] 📝 步驟2: 設置 metadata
2025-10-05 01:58:52 | INFO | f1.console | [SPEED DEBUG] ✅ 步驟2: metadata 設置完成
2025-10-05 01:58:52 | INFO | f1.console | [SPEED DEBUG] � 步驟3: 處理遙測數據
2025-10-05 01:58:52 | INFO | f1.console | [SPEED DEBUG] 🔧 處理遙測數據...
2025-10-05 01:58:52 | INFO | f1.console | [SPEED DEBUG] 常規遙測原始數據鍵值: ['name', 'driver1_data', 'driver2_data', 'distance']
2025-10-05 01:58:52 | INFO | f1.console | [SPEED DEBUG] 距離數據點數: 500
2025-10-05 01:58:52 | INFO | f1.console | [SPEED DEBUG] 車手1數據點數: 500
2025-10-05 01:58:52 | INFO | f1.console | [SPEED DEBUG] 車手2數據點數: 500
2025-10-05 01:58:52 | INFO | f1.console | [SPEED DEBUG] ✅ Speed Analysis數據處理完成
2025-10-05 01:58:52 | INFO | f1.console | [SPEED DEBUG]    距離點數: 500
2025-10-05 01:58:52 | INFO | f1.console | [SPEED DEBUG]    車手1數據點數: 500
2025-10-05 01:58:52 | INFO | f1.console | [SPEED DEBUG]    車手2數據點數: 500
2025-10-05 01:58:52 | INFO | f1.console | [SPEED DEBUG] ✅ 步驟3: API 數據處理完成
2025-10-05 01:58:52 | INFO | f1.console | [SPEED DEBUG] 📊 步驟4: 發送進度和狀態信號
2025-10-05 01:58:52 | INFO | f1.console | [SPEED DEBUG] ✅ 步驟4: 狀態更新完成
2025-10-05 01:58:52 | INFO | f1.console | [SPEED DEBUG] 🚀 步驟5: 即將發送 data_loaded 信號
2025-10-05 01:58:52 | INFO | f1.console | [SPEED DEBUG] 📡 信號接收者數量: 1
2025-10-05 01:58:52 | INFO | f1.console | [SPEED_MDI_DATA] ========== 數據載入完成回調 ==========
2025-10-05 01:58:52 | INFO | f1.console | [SPEED_MDI_DATA] 📦 接收到數據類型: <class 'dict'>
2025-10-05 01:58:52 | INFO | f1.console | [SPEED_MDI_DATA] 📦 接收到數據鍵值: ['metadata', 'speed_data', 'statistics']
2025-10-05 01:58:52 | INFO | f1.console | [SPEED_MDI_DATA] 📊 speed_data 鍵值: ['distance', 'driver1_speed', 'driver2_speed', 'driver1_name', 'driver2_name']
2025-10-05 01:58:52 | INFO | f1.console | [SPEED_MDI_DATA] 📊 distance 點數: 500
2025-10-05 01:58:52 | INFO | f1.console | [SPEED_MDI_DATA] 📊 driver1_speed 點數: 500
2025-10-05 01:58:52 | INFO | f1.console | [SPEED_MDI_DATA] 📊 driver2_speed 點數: 500
2025-10-05 01:58:52 | INFO | f1.console | [SPEED_MDI_DATA] 🚀 即將發送 data_loaded 信號...
2025-10-05 01:58:52 | INFO | f1.console | [SPEED_MDI_DATA] 📡 信號接收者數量: 1
2025-10-05 01:58:52 | INFO | f1.console | [SPEED_MDI] ========== 更新速度圖表回調 ==========
2025-10-05 01:58:52 | INFO | f1.console | [SPEED_MDI] 📦 接收到數據類型: <class 'dict'>
2025-10-05 01:58:52 | INFO | f1.console | [SPEED_MDI] 📦 接收到數據鍵值: ['metadata', 'speed_data', 'statistics']
2025-10-05 01:58:52 | INFO | f1.console | [SPEED_MDI] 📊 speed_data 鍵值: ['distance', 'driver1_speed', 'driver2_speed', 'driver1_name', 'driver2_name']
2025-10-05 01:58:52 | INFO | f1.console | [SPEED_MDI] 📊 distance 點數: 500
2025-10-05 01:58:52 | INFO | f1.console | [SPEED_MDI] 📊 driver1_speed 點數: 500
2025-10-05 01:58:52 | INFO | f1.console | [SPEED_MDI] 📊 driver2_speed 點數: 500
2025-10-05 01:58:52 | INFO | f1.console | [SPEED_MDI] 🎨 調用 speed_chart_widget.update_speed_data...
2025-10-05 01:58:52 | INFO | f1.console | [SPEED_CHART_WIDGET] ========== 更新速度數據 ==========
2025-10-05 01:58:52 | INFO | f1.console | [SPEED_CHART_WIDGET] 📦 接收到數據類型: <class 'dict'>
2025-10-05 01:58:52 | INFO | f1.console | [SPEED_CHART_WIDGET] 📦 接收到數據鍵值: ['metadata', 'speed_data', 'statistics']
2025-10-05 01:58:52 | INFO | f1.console | [SPEED_CHART_WIDGET] 📊 speed_data 鍵值: ['distance', 'driver1_speed', 'driver2_speed', 'driver1_name', 'driver2_name']
2025-10-05 01:58:52 | INFO | f1.console | [SPEED_CHART_WIDGET] 📏 distance 點數: 500
2025-10-05 01:58:52 | INFO | f1.console | [SPEED_CHART_WIDGET] 🏎️ driver1_speed 點數: 500
2025-10-05 01:58:52 | INFO | f1.console | [SPEED_CHART_WIDGET] 🏎️ driver2_speed 點數: 500
2025-10-05 01:58:52 | INFO | f1.console | [SPEED_CHART_WIDGET] 👤 driver1_name: VER
2025-10-05 01:58:52 | INFO | f1.console | [SPEED_CHART_WIDGET] 👤 driver2_name: VER
2025-10-05 01:58:52 | INFO | f1.console | [SPEED_CHART] 🎯 使用單車手模式顯示
2025-10-05 01:58:52 | INFO | f1.console | [SPEED_CHART_WIDGET] 🎨 調用 chart_widget.set_speed_data...
2025-10-05 01:58:52 | INFO | f1.console | [SPEED_CHART] ========== set_speed_data 被調用 ==========
2025-10-05 01:58:52 | INFO | f1.console | [SPEED_CHART] 📏 distance 點數: 500
2025-10-05 01:58:52 | INFO | f1.console | [SPEED_CHART] 🏎️ driver1_speed 點數: 500
2025-10-05 01:58:52 | INFO | f1.console | [SPEED_CHART] 🏎️ driver2_speed 點數: 0
2025-10-05 01:58:52 | INFO | f1.console | [SPEED_CHART] 👤 driver1_name: VER
2025-10-05 01:58:52 | INFO | f1.console | [SPEED_CHART] 👤 driver2_name: 
2025-10-05 01:58:52 | INFO | f1.console | [SPEED_CHART] 📊 距離範圍: 0.3 - 5220.8
2025-10-05 01:58:52 | INFO | f1.console | [SPEED_CHART] 📊 速度範圍: 68.0 - 324.0
2025-10-05 01:58:52 | INFO | f1.console | [SPEED_CHART] 🖌️ 調用 repaint()...
2025-10-05 01:58:52 | INFO | f1.console | [SPEED_CHART] ✅ set_speed_data 完成
2025-10-05 01:58:52 | INFO | f1.console | [SPEED_CHART_WIDGET] ✅ chart_widget.set_speed_data 完成
2025-10-05 01:58:52 | INFO | f1.console | [SPEED_CHART_WIDGET] 🖌️ 強制重繪圖表...
2025-10-05 01:58:52 | INFO | f1.console | [SPEED_CHART_WIDGET] ✅ 圖表重繪完成
2025-10-05 01:58:52 | INFO | f1.console | [LAP_SET] 圈數已設置: 第99圈 vs 第99圈
2025-10-05 01:58:52 | INFO | f1.console | [SPEED_CHART_WIDGET] ✅ update_speed_data 全部完成
2025-10-05 01:58:52 | INFO | f1.console | [SPEED_MDI] ✅ 圖表更新完成
2025-10-05 01:58:52 | INFO | f1.console | [TOOLBAR_STATUS] 已更新: 速度分析 | 1:23.081 | 1:23.081 | MEDIUM | MEDIUM | VER 第99圈 vs VER 第99圈
2025-10-05 01:58:52 | INFO | f1.console | [SPEED_MDI] 已更新工具欄狀態: 速度分析
2025-10-05 01:58:52 | INFO | f1.console | [SPEED_MDI_DATA] ✅ data_loaded 信號已發送
2025-10-05 01:58:52 | INFO | f1.console | [SPEED DEBUG] ✅ 步驟5: data_loaded 信號已發送
2025-10-05 01:58:52 | INFO | f1.console | [SPEED DEBUG] ========== _handle_api_success 完成 ==========
2025-10-05 01:58:52 | INFO | f1.console | [THROTTLE DEBUG] ========== _handle_api_success 開始 ==========
2025-10-05 01:58:52 | INFO | f1.console | [THROTTLE DEBUG] 📦 data 類型: <class 'dict'>
2025-10-05 01:58:52 | INFO | f1.console | [THROTTLE DEBUG] 📦 data 鍵值: ['analysis_type', 'metadata', 'results', 'file_info', 'cache_info']
2025-10-05 01:58:52 | INFO | f1.console | [THROTTLE DEBUG] ✅ 數據格式驗證通過
2025-10-05 01:58:52 | INFO | f1.console | [THROTTLE DEBUG] ✅ 步驟1: 數據格式驗證通過
2025-10-05 01:58:52 | INFO | f1.console | [THROTTLE DEBUG] 📝 步驟2: 設置 metadata
2025-10-05 01:58:52 | INFO | f1.console | [THROTTLE DEBUG] ✅ 步驟2: metadata 設置完成
2025-10-05 01:58:52 | INFO | f1.console | [THROTTLE DEBUG] � 步驟3: 處理遙測數據
2025-10-05 01:58:52 | INFO | f1.console | [THROTTLE DEBUG] 🔧 處理遙測數據...
2025-10-05 01:58:52 | INFO | f1.console | [THROTTLE DEBUG] 常規遙測原始數據鍵值: ['name', 'driver1_data', 'driver2_data', 'distance']
2025-10-05 01:58:52 | INFO | f1.console | [THROTTLE DEBUG] 距離數據點數: 500
2025-10-05 01:58:52 | INFO | f1.console | [THROTTLE DEBUG] 車手1數據點數: 500
2025-10-05 01:58:52 | INFO | f1.console | [THROTTLE DEBUG] 車手2數據點數: 500
2025-10-05 01:58:52 | INFO | f1.console | [THROTTLE DEBUG] ✅ Throttle Analysis數據處理完成
2025-10-05 01:58:52 | INFO | f1.console | [THROTTLE DEBUG]    距離點數: 500
2025-10-05 01:58:52 | INFO | f1.console | [THROTTLE DEBUG]    車手1數據點數: 500
2025-10-05 01:58:52 | INFO | f1.console | [THROTTLE DEBUG]    車手2數據點數: 500
2025-10-05 01:58:52 | INFO | f1.console | [THROTTLE DEBUG] ✅ 步驟3: API 數據處理完成
2025-10-05 01:58:52 | INFO | f1.console | [THROTTLE DEBUG] 📊 步驟4: 發送進度和狀態信號
2025-10-05 01:58:52 | INFO | f1.console | [THROTTLE DEBUG] ✅ 步驟4: 狀態更新完成
2025-10-05 01:58:52 | INFO | f1.console | [THROTTLE DEBUG] 🚀 步驟5: 即將發送 data_loaded 信號
2025-10-05 01:58:52 | INFO | f1.console | [THROTTLE DEBUG] 📡 信號接收者數量: 1
2025-10-05 01:58:52 | INFO | f1.console | [THROTTLE_MDI] 數據載入完成
2025-10-05 01:58:52 | INFO | f1.console | [THROTTLE_MDI] 更新油門圖表
2025-10-05 01:58:52 | INFO | f1.console | [SPEED_CHART] 🎯 使用單車手模式顯示
2025-10-05 01:58:52 | INFO | f1.console | [LAP_SET] 圈數已設置: 第99圈 vs 第99圈
2025-10-05 01:58:52 | INFO | f1.console | [TOOLBAR_STATUS] 已更新: 油門分析 | 1:23.081 | 1:23.081 | MEDIUM | MEDIUM | VER 第99圈 vs VER 第99圈
2025-10-05 01:58:52 | INFO | f1.console | [THROTTLE_MDI] 已更新工具欄狀態: 油門分析
2025-10-05 01:58:52 | INFO | f1.console | [THROTTLE DEBUG] ✅ 步驟5: data_loaded 信號已發送
2025-10-05 01:58:52 | INFO | f1.console | [THROTTLE DEBUG] ========== _handle_api_success 完成 ==========
2025-10-05 01:58:52 | INFO | f1.console | [ACCEL DEBUG] ========== _handle_api_success 開始 ==========
2025-10-05 01:58:52 | INFO | f1.console | [ACCEL DEBUG] 📦 data 類型: <class 'dict'>
2025-10-05 01:58:52 | INFO | f1.console | [ACCEL DEBUG] 📦 data 鍵值: ['analysis_type', 'metadata', 'results', 'file_info', 'cache_info']
2025-10-05 01:58:52 | INFO | f1.console | [ACCEL DEBUG] ✅ 數據格式驗證通過
2025-10-05 01:58:52 | INFO | f1.console | [ACCEL DEBUG] ✅ 步驟1: 數據格式驗證通過
2025-10-05 01:58:52 | INFO | f1.console | [ACCEL DEBUG] 📝 步驟2: 設置 metadata
2025-10-05 01:58:52 | INFO | f1.console | [ACCEL DEBUG] ✅ 步驟2: metadata 設置完成
2025-10-05 01:58:52 | INFO | f1.console | [ACCEL DEBUG] � 步驟3: 處理遙測數據
2025-10-05 01:58:52 | INFO | f1.console | [ACCEL DEBUG] 🔧 處理遙測數據...
2025-10-05 01:58:52 | INFO | f1.console | [ACCEL DEBUG] 常規遙測原始數據鍵值: ['name', 'driver1_data', 'driver2_data', 'distance']
2025-10-05 01:58:52 | INFO | f1.console | [ACCEL DEBUG] 距離數據點數: 500
2025-10-05 01:58:52 | INFO | f1.console | [ACCEL DEBUG] 車手1數據點數: 500
2025-10-05 01:58:52 | INFO | f1.console | [ACCEL DEBUG] 車手2數據點數: 500
2025-10-05 01:58:52 | INFO | f1.console | [ACCEL DEBUG] ✅ Acceleration Analysis數據處理完成
2025-10-05 01:58:52 | INFO | f1.console | [ACCEL DEBUG]    距離點數: 500
2025-10-05 01:58:52 | INFO | f1.console | [ACCEL DEBUG]    車手1數據點數: 500
2025-10-05 01:58:52 | INFO | f1.console | [ACCEL DEBUG]    車手2數據點數: 500
2025-10-05 01:58:52 | INFO | f1.console | [ACCEL DEBUG] ✅ 步驟3: API 數據處理完成
2025-10-05 01:58:52 | INFO | f1.console | [ACCEL DEBUG] 📊 步驟4: 發送進度和狀態信號
2025-10-05 01:58:52 | INFO | f1.console | [ACCEL DEBUG] ✅ 步驟4: 狀態更新完成
2025-10-05 01:58:52 | INFO | f1.console | [ACCEL DEBUG] 🚀 步驟5: 即將發送 data_loaded 信號
2025-10-05 01:58:52 | INFO | f1.console | [ACCEL DEBUG] 📡 信號接收者數量: 1
2025-10-05 01:58:52 | INFO | f1.console | [acceleration_MDI_DATA] ✅ acceleration數據載入完成
2025-10-05 01:58:52 | INFO | f1.console | [acceleration_MDI] 更新acceleration圖表
2025-10-05 01:58:52 | INFO | f1.console | [acceleration_CHART] ========== 更新acceleration數據 ==========
2025-10-05 01:58:52 | INFO | f1.console | [acceleration_CHART] 收到數據鍵: ['metadata', 'acceleration_data', 'statistics']
2025-10-05 01:58:52 | INFO | f1.console | [acceleration_CHART] metadata 鍵: ['drivers', 'sectors', 'year', 'race', 'session', 'telemetry_type', 'display_name', 'unit', 'analysis_timestamp', 'data_source', 'api']
2025-10-05 01:58:52 | INFO | f1.console | [acceleration_CHART] acceleration_data 鍵: ['distance', 'driver1_acceleration', 'driver2_acceleration', 'driver1_name', 'driver2_name']
2025-10-05 01:58:52 | INFO | f1.console | [acceleration_CHART] statistics 鍵: ['driver1', 'driver2', 'distance']
2025-10-05 01:58:52 | INFO | f1.console | [acceleration_CHART] 車手數量: 2
2025-10-05 01:58:52 | INFO | f1.console | [acceleration_CHART] 賽道區段: 0
2025-10-05 01:58:52 | INFO | f1.console | [acceleration_CHART] 距離數據點: 500
2025-10-05 01:58:52 | INFO | f1.console | [acceleration_CHART] 車手1 acceleration數據點: 500
2025-10-05 01:58:52 | INFO | f1.console | [acceleration_CHART] 車手2 acceleration數據點: 500
2025-10-05 01:58:52 | INFO | f1.console | [acceleration_CHART] 車手名稱更新: VER vs VER
2025-10-05 01:58:52 | INFO | f1.console | [acceleration_CHART] 🎯 使用單車手模式顯示
2025-10-05 01:58:52 | INFO | f1.console | [acceleration_CHART] 📊 更新圖表...
2025-10-05 01:58:52 | INFO | f1.console | [ACC_CHART_SET] 接收數據: distance=500, acc1=500, acc2=0
2025-10-05 01:58:52 | INFO | f1.console | [ACC_CHART_SET] 車手: VER vs 
2025-10-05 01:58:52 | ERROR | f1.console | [ERROR] [acceleration CHART WIDGET] 更新數據失敗: must be real number, not NoneType
2025-10-05 01:58:52 | INFO | f1.console | [TOOLBAR_STATUS] 已更新: acceleration分析 | 1:23.081 | 1:23.081 | MEDIUM | MEDIUM | VER 第99圈 vs VER 第99圈
2025-10-05 01:58:52 | INFO | f1.console | [acceleration_MDI] 已更新工具欄狀態: acceleration分析
2025-10-05 01:58:52 | INFO | f1.console | [ACCEL DEBUG] ✅ 步驟5: data_loaded 信號已發送
2025-10-05 01:58:52 | INFO | f1.console | [ACCEL DEBUG] ========== _handle_api_success 完成 ==========
2025-10-05 01:58:52 | INFO | f1.console | [GEAR DEBUG] ========== _handle_api_success 開始 ==========
2025-10-05 01:58:52 | INFO | f1.console | [GEAR DEBUG] 📦 data 類型: <class 'dict'>
2025-10-05 01:58:52 | INFO | f1.console | [GEAR DEBUG] 📦 data 鍵值: ['analysis_type', 'metadata', 'results', 'file_info', 'cache_info']
2025-10-05 01:58:52 | INFO | f1.console | [GEAR DEBUG] ✅ 數據格式驗證通過
2025-10-05 01:58:52 | INFO | f1.console | [GEAR DEBUG] ✅ 步驟1: 數據格式驗證通過
2025-10-05 01:58:52 | INFO | f1.console | [GEAR DEBUG] 📝 步驟2: 設置 metadata
2025-10-05 01:58:52 | INFO | f1.console | [GEAR DEBUG] ✅ 步驟2: metadata 設置完成
2025-10-05 01:58:52 | INFO | f1.console | [GEAR DEBUG] � 步驟3: 處理遙測數據
2025-10-05 01:58:52 | INFO | f1.console | [GEAR DEBUG] 🔧 處理遙測數據...
2025-10-05 01:58:52 | INFO | f1.console | [GEAR DEBUG] 常規遙測原始數據鍵值: ['name', 'driver1_data', 'driver2_data', 'distance']
2025-10-05 01:58:52 | INFO | f1.console | [GEAR DEBUG] 距離數據點數: 500
2025-10-05 01:58:52 | INFO | f1.console | [GEAR DEBUG] 車手1數據點數: 500
2025-10-05 01:58:52 | INFO | f1.console | [GEAR DEBUG] 車手2數據點數: 500
2025-10-05 01:58:52 | INFO | f1.console | [GEAR DEBUG] ✅ Gear Analysis數據處理完成
2025-10-05 01:58:52 | INFO | f1.console | [GEAR DEBUG]    距離點數: 500
2025-10-05 01:58:52 | INFO | f1.console | [GEAR DEBUG]    車手1數據點數: 500
2025-10-05 01:58:52 | INFO | f1.console | [GEAR DEBUG]    車手2數據點數: 500
2025-10-05 01:58:52 | INFO | f1.console | [GEAR DEBUG] ✅ 步驟3: API 數據處理完成
2025-10-05 01:58:52 | INFO | f1.console | [GEAR DEBUG] 📊 步驟4: 發送進度和狀態信號
2025-10-05 01:58:52 | INFO | f1.console | [GEAR DEBUG] ✅ 步驟4: 狀態更新完成
2025-10-05 01:58:52 | INFO | f1.console | [GEAR DEBUG] 🚀 步驟5: 即將發送 data_loaded 信號
2025-10-05 01:58:52 | INFO | f1.console | [GEAR DEBUG] 📡 信號接收者數量: 1
2025-10-05 01:58:52 | INFO | f1.console | [gear_MDI_DATA] ✅ gear數據載入完成
2025-10-05 01:58:52 | INFO | f1.console | [gear_MDI] 更新gear圖表
2025-10-05 01:58:52 | INFO | f1.console | [gear_CHART] ========== 更新gear數據 ==========
2025-10-05 01:58:52 | INFO | f1.console | [gear_CHART] 收到數據鍵: ['metadata', 'gear_data', 'statistics']
2025-10-05 01:58:52 | INFO | f1.console | [gear_CHART] metadata 鍵: ['drivers', 'sectors', 'year', 'race', 'session', 'telemetry_type', 'display_name', 'unit', 'analysis_timestamp', 'data_source', 'api']
2025-10-05 01:58:52 | INFO | f1.console | [gear_CHART] gear_data 鍵: ['distance', 'driver1_gear', 'driver2_gear', 'driver1_name', 'driver2_name']
2025-10-05 01:58:52 | INFO | f1.console | [gear_CHART] statistics 鍵: ['driver1', 'driver2', 'distance']
2025-10-05 01:58:52 | INFO | f1.console | [gear_CHART] 車手數量: 2
2025-10-05 01:58:52 | INFO | f1.console | [gear_CHART] 賽道區段: 0
2025-10-05 01:58:52 | INFO | f1.console | [gear_CHART] 距離數據點: 500
2025-10-05 01:58:52 | INFO | f1.console | [gear_CHART] 車手1 gear數據點: 500
2025-10-05 01:58:52 | INFO | f1.console | [gear_CHART] 車手2 gear數據點: 500
2025-10-05 01:58:52 | INFO | f1.console | [gear_CHART] 車手名稱更新: VER vs VER
2025-10-05 01:58:52 | INFO | f1.console | [gear_CHART] 🎯 使用單車手模式顯示
2025-10-05 01:58:52 | INFO | f1.console | [gear_CHART] 📊 更新圖表...
2025-10-05 01:58:52 | INFO | f1.console | [gear_CHART] ✅ 圖表更新完成
2025-10-05 01:58:52 | INFO | f1.console | [gear_CHART] 📋 更新統計表格...
2025-10-05 01:58:52 | INFO | f1.console | [gear_CHART] 📊 統計表格更新 - 收到statistics: {'driver1': {'max': 8.0, 'min': 2.0, 'avg': 6.091702071127874, 'count': 500}, 'driver2': {'max': 8.0, 'min': 2.0, 'avg': 6.091702071127874, 'count': 500}, 'distance': {'min': 0.26631765823475906, 'max': 5220.817433247852, 'total_points': 500}}
2025-10-05 01:58:52 | INFO | f1.console | [gear_CHART] driver1_stats: {}
2025-10-05 01:58:52 | INFO | f1.console | [gear_CHART] driver2_stats: {}
2025-10-05 01:58:52 | INFO | f1.console | [gear_CHART] comparison: {}
2025-10-05 01:58:52 | INFO | f1.console | [gear_CHART] 表格數據行: [('最高轉速 (gear)', '0', '0', '0'), ('平均轉速 (gear)', '0', '0', '0'), ('最低轉速 (gear)', '0', '0', '0')]
2025-10-05 01:58:52 | INFO | f1.console | [gear CHART WIDGET] ✅ 統計表格更新完成
2025-10-05 01:58:52 | INFO | f1.console | [gear_CHART] 📋 更新狀態資訊...
2025-10-05 01:58:52 | INFO | f1.console | [gear_CHART] ✅ 全部更新完成
2025-10-05 01:58:52 | INFO | f1.console | [TOOLBAR_STATUS] 已更新: gear分析 | 1:23.081 | 1:23.081 | MEDIUM | MEDIUM | VER 第99圈 vs VER 第99圈
2025-10-05 01:58:52 | INFO | f1.console | [gear_MDI] 已更新工具欄狀態: gear分析
2025-10-05 01:58:52 | INFO | f1.console | [GEAR DEBUG] ✅ 步驟5: data_loaded 信號已發送
2025-10-05 01:58:52 | INFO | f1.console | [GEAR DEBUG] ========== _handle_api_success 完成 ==========
2025-10-05 01:58:52 | INFO | f1.console | [BRAKE DEBUG] ========== _handle_api_success 開始 ==========
2025-10-05 01:58:52 | INFO | f1.console | [BRAKE DEBUG] 📦 data 類型: <class 'dict'>
2025-10-05 01:58:52 | INFO | f1.console | [BRAKE DEBUG] 📦 data 鍵值: ['analysis_type', 'metadata', 'results', 'file_info', 'cache_info']
2025-10-05 01:58:52 | INFO | f1.console | [BRAKE DEBUG] ✅ 數據格式驗證通過
2025-10-05 01:58:52 | INFO | f1.console | [BRAKE DEBUG] ✅ 步驟1: 數據格式驗證通過
2025-10-05 01:58:52 | INFO | f1.console | [BRAKE DEBUG] 📝 步驟2: 設置 metadata
2025-10-05 01:58:52 | INFO | f1.console | [BRAKE DEBUG] ✅ 步驟2: metadata 設置完成
2025-10-05 01:58:52 | INFO | f1.console | [BRAKE DEBUG] � 步驟3: 處理遙測數據
2025-10-05 01:58:52 | INFO | f1.console | [BRAKE DEBUG] 🔧 處理遙測數據...
2025-10-05 01:58:52 | INFO | f1.console | [BRAKE DEBUG] 常規遙測原始數據鍵值: ['name', 'driver1_data', 'driver2_data', 'distance']
2025-10-05 01:58:52 | INFO | f1.console | [BRAKE DEBUG] 距離數據點數: 500
2025-10-05 01:58:52 | INFO | f1.console | [BRAKE DEBUG] 車手1數據點數: 500
2025-10-05 01:58:52 | INFO | f1.console | [BRAKE DEBUG] 車手2數據點數: 500
2025-10-05 01:58:52 | INFO | f1.console | [BRAKE DEBUG] ✅ Brake Analysis數據處理完成
2025-10-05 01:58:52 | INFO | f1.console | [BRAKE DEBUG]    距離點數: 500
2025-10-05 01:58:52 | INFO | f1.console | [BRAKE DEBUG]    車手1數據點數: 500
2025-10-05 01:58:52 | INFO | f1.console | [BRAKE DEBUG]    車手2數據點數: 500
2025-10-05 01:58:52 | INFO | f1.console | [BRAKE DEBUG] ✅ 步驟3: API 數據處理完成
2025-10-05 01:58:52 | INFO | f1.console | [BRAKE DEBUG] 📊 步驟4: 發送進度和狀態信號
2025-10-05 01:58:52 | INFO | f1.console | [BRAKE DEBUG] ✅ 步驟4: 狀態更新完成
2025-10-05 01:58:52 | INFO | f1.console | [BRAKE DEBUG] 🚀 步驟5: 即將發送 data_loaded 信號
2025-10-05 01:58:52 | INFO | f1.console | [BRAKE DEBUG] 📡 信號接收者數量: 1
2025-10-05 01:58:52 | INFO | f1.console | [brake_MDI_DATA] ✅ brake數據載入完成
2025-10-05 01:58:52 | INFO | f1.console | [brake_MDI] 更新brake圖表
2025-10-05 01:58:52 | INFO | f1.console | [brake_CHART] ========== 更新brake數據 ==========
2025-10-05 01:58:52 | INFO | f1.console | [brake_CHART] 收到數據鍵: ['metadata', 'brake_data', 'statistics']
2025-10-05 01:58:52 | INFO | f1.console | [brake_CHART] metadata 鍵: ['drivers', 'sectors', 'year', 'race', 'session', 'telemetry_type', 'display_name', 'unit', 'analysis_timestamp', 'data_source', 'api']
2025-10-05 01:58:52 | INFO | f1.console | [brake_CHART] brake_data 鍵: ['distance', 'driver1_brake', 'driver2_brake', 'driver1_name', 'driver2_name']
2025-10-05 01:58:52 | INFO | f1.console | [brake_CHART] statistics 鍵: ['driver1', 'driver2', 'distance']
2025-10-05 01:58:52 | INFO | f1.console | [brake_CHART] 車手數量: 2
2025-10-05 01:58:52 | INFO | f1.console | [brake_CHART] 賽道區段: 0
2025-10-05 01:58:52 | INFO | f1.console | [brake_CHART] 距離數據點: 500
2025-10-05 01:58:52 | INFO | f1.console | [brake_CHART] 車手1 brake數據點: 500
2025-10-05 01:58:52 | INFO | f1.console | [brake_CHART] 車手2 brake數據點: 500
2025-10-05 01:58:52 | INFO | f1.console | [brake_CHART] 車手名稱更新: VER vs VER
2025-10-05 01:58:52 | INFO | f1.console | [brake_CHART] 🎯 使用單車手模式顯示
2025-10-05 01:58:52 | INFO | f1.console | [brake_CHART] 📊 更新圖表...
2025-10-05 01:58:52 | INFO | f1.console | [brake_CHART] ✅ 圖表更新完成
2025-10-05 01:58:52 | INFO | f1.console | [brake_CHART] 📋 更新統計表格...
2025-10-05 01:58:52 | INFO | f1.console | [brake_CHART] 📊 統計表格更新 - 收到statistics: {'driver1': {'max': 1.0, 'min': 0.0, 'avg': 0.19867890600402782, 'count': 500}, 'driver2': {'max': 1.0, 'min': 0.0, 'avg': 0.19867890600402782, 'count': 500}, 'distance': {'min': -0.04020749259712828, 'max': 5288.339081316633, 'total_points': 500}}
2025-10-05 01:58:52 | INFO | f1.console | [brake_CHART] driver1_stats: {}
2025-10-05 01:58:52 | INFO | f1.console | [brake_CHART] driver2_stats: {}
2025-10-05 01:58:52 | INFO | f1.console | [brake_CHART] comparison: {}
2025-10-05 01:58:52 | INFO | f1.console | [brake_CHART] 表格數據行: [('最高轉速 (brake)', '0', '0', '0'), ('平均轉速 (brake)', '0', '0', '0'), ('最低轉速 (brake)', '0', '0', '0')]
2025-10-05 01:58:52 | INFO | f1.console | [brake CHART WIDGET] ✅ 統計表格更新完成
2025-10-05 01:58:52 | INFO | f1.console | [brake_CHART] 📋 更新狀態資訊...
2025-10-05 01:58:52 | INFO | f1.console | [brake_CHART] ✅ 全部更新完成
2025-10-05 01:58:52 | INFO | f1.console | [TOOLBAR_STATUS] 已更新: brake分析 | 1:59.392 | 1:59.392 | INTERMEDIATE | INTERMEDIATE | VER 第99圈 vs VER 第99圈
2025-10-05 01:58:52 | INFO | f1.console | [brake_MDI] 已更新工具欄狀態: brake分析
2025-10-05 01:58:52 | INFO | f1.console | [BRAKE DEBUG] ✅ 步驟5: data_loaded 信號已發送
2025-10-05 01:58:52 | INFO | f1.console | [BRAKE DEBUG] ========== _handle_api_success 完成 ==========
2025-10-05 01:58:54 | INFO | f1.console | [LAP_CONTROL] 🔄 圈速參數已變更，準備自動更新...
2025-10-05 01:58:54 | INFO | f1.console | [LAP_CONTROL] 📊 當前參數值:
2025-10-05 01:58:54 | INFO | f1.console | [LAP_CONTROL]   🏎️ 車手1: 'VER'
2025-10-05 01:58:54 | INFO | f1.console | [LAP_CONTROL]   🏎️ 車手2: 'HAM'
2025-10-05 01:58:54 | INFO | f1.console | [LAP_CONTROL]   🏁 圈數1: 99
2025-10-05 01:58:54 | INFO | f1.console | [LAP_CONTROL]   🏁 圈數2: 99
2025-10-05 01:58:54 | INFO | f1.console | [LAP_CONTROL]   ⚡ 最速圈: True
2025-10-05 01:58:54 | INFO | f1.console | [LAP_CONTROL] 📤 觸發控件: ParameterCombo
2025-10-05 01:58:54 | INFO | f1.console | [LAP_CONTROL] 📤 觸發值: 'HAM'
2025-10-05 01:58:54 | INFO | f1.console | [LAP_CONTROL] 🔄 開始更新所有圈速分析視窗...
2025-10-05 01:58:54 | INFO | f1.console | [LAP_CONTROL] 🎯 更新參數: VER vs HAM, 第99圈 vs 第99圈, 最速圈: True
2025-10-05 01:58:54 | INFO | f1.console | [LAP_CONTROL] 📊 基本設置: 2025 Australia R
2025-10-05 01:58:54 | INFO | f1.console | [LAP_CONTROL] 🧹 Race 參數清理: 'Australia (2025-03-16)' → 'Australia'
2025-10-05 01:58:54 | INFO | f1.console | [RPM_TITLE_DEBUG] 🏷️ 生成視窗標題: 'RPM Analysis_2025_Australia_R'
2025-10-05 01:58:54 | INFO | f1.console | [RPM_TITLE_DEBUG]   📊 參數詳情:
2025-10-05 01:58:54 | INFO | f1.console | [RPM_TITLE_DEBUG]     - 年份: 2025
2025-10-05 01:58:54 | INFO | f1.console | [RPM_TITLE_DEBUG]     - 賽事: Australia
2025-10-05 01:58:54 | INFO | f1.console | [RPM_TITLE_DEBUG]     - 賽段: R
2025-10-05 01:58:54 | INFO | f1.console | [LAP_CONTROL] 🔄 更新視窗 1/8: RPM Analysis_2025_Australia_R
2025-10-05 01:58:54 | INFO | f1.console | [LAP_CONTROL]   📋 模組類型: RPMAnalysisModule
2025-10-05 01:58:54 | INFO | f1.console | [LAP_CONTROL]   📋 模組實例: <modules.gui.lap_analysis.rpm_analysis.rpm_analysis_mdi.RPMAnalysisModule object at 0x000001838BBDA210>
2025-10-05 01:58:54 | INFO | f1.console | [LAP_CONTROL]   📋 模組MRO: ['RPMAnalysisModule', 'IAnalysisModule', 'QObject', 'wrapper', 'simplewrapper', 'ABC', 'object']
2025-10-05 01:58:54 | INFO | f1.console | [LAP_CONTROL]   ✅ 找到 update_lap_parameters 方法，開始調用...
2025-10-05 01:58:54 | INFO | f1.console | [RPM_MDI] ========== 圈速參數更新 ==========
2025-10-05 01:58:54 | INFO | f1.console | [RPM_MDI] 收到參數: 2025 Australia R
2025-10-05 01:58:54 | INFO | f1.console | [RPM_MDI] 車手: VER vs HAM
2025-10-05 01:58:54 | INFO | f1.console | [RPM_MDI] 圈數: 第99圈 vs 第99圈
2025-10-05 01:58:54 | INFO | f1.console | [RPM_MDI] 最速圈: True
2025-10-05 01:58:54 | INFO | f1.console | [RPM_MDI] 🏁 用戶選擇了最速圈選項，檢查遙測分析數據...
2025-10-05 01:58:54 | INFO | f1.console | [RPM_MDI] 📂 未找到遙測分析檔案
2025-10-05 01:58:54 | INFO | f1.console | [RPM_MDI] 📡 遙測分析數據不存在，開始自動載入...
2025-10-05 01:58:54 | ERROR | f1.console | [ERROR] [RPM_MDI] _ensure_telemetry_data_for_fastest_laps 失敗: 'RPMAnalysisModule' object has no attribute '_check_and_load_telemetry_if_needed'
2025-10-05 01:58:54 | WARNING | f1.console | [RPM_MDI] ⚠️ 無法獲取最速圈數據，使用預設圈數
2025-10-05 01:58:54 | INFO | f1.console | [RPM_MDI] 參數是否變化: True
2025-10-05 01:58:54 | INFO | f1.console | [RPM_MDI] ✅ 已更新圖表組件的圈數顯示
2025-10-05 01:58:54 | INFO | f1.console | [RPM_MDI] 🔄 參數已變化，開始重載數據...
2025-10-05 01:58:54 | INFO | f1.console | [RPM_MDI] 📡 調用數據管理器載入新數據...
2025-10-05 01:58:54 | INFO | f1.console | [RPM_MDI_DATA] ========== 載入RPM數據 ==========
2025-10-05 01:58:54 | INFO | f1.console | [RPM_MDI_DATA] 參數: 2025 Australia R
2025-10-05 01:58:54 | INFO | f1.console | [RPM_MDI_DATA] 車手: VER vs HAM, 圈數: 99 vs 99
2025-10-05 01:58:54 | INFO | f1.console | [RPM_MDI_DATA] 🔗 創建 RPMAnalysisDataLoader...
2025-10-05 01:58:54 | INFO | f1.console | [RPM_MDI_DATA] 🚀 調用 load_rpm_data...
2025-10-05 01:58:54 | INFO | f1.console | [RPM DEBUG] 初始化 RPM Analysis 載入器
2025-10-05 01:58:54 | INFO | f1.console | [RPM DEBUG] API 基底網址: http://127.0.0.1:8000
2025-10-05 01:58:54 | INFO | f1.console | [RPM DEBUG] 本地 JSON 後備已停用 (策略: 預設策略 (API 優先，不允許本地後備))
2025-10-05 01:58:54 | INFO | f1.console | [RPM_LOADER] ✅ RPM分析數據載入器初始化完成（基於TelemetryDataLoader v2.0）
2025-10-05 01:58:54 | INFO | f1.console | [RPM_LOADER] 🔄 向後兼容接口：load_rpm_data
2025-10-05 01:58:54 | INFO | f1.console | [RPM_LOADER] 參數: 2025 Australia R VER vs HAM L99/L99
2025-10-05 01:58:54 | INFO | f1.console | [RPM DEBUG] ========== 遙測數據載入 ==========
2025-10-05 01:58:54 | INFO | f1.console | [RPM DEBUG] 類型: RPM Analysis
2025-10-05 01:58:54 | INFO | f1.console | [RPM DEBUG] 參數: 2025 Australia R VER vs HAM L99/L99
2025-10-05 01:58:54 | INFO | f1.console | [RPM DEBUG] 分析模式: 雙車手對比
2025-10-05 01:58:54 | INFO | f1.console | [RPM DEBUG] 請求標識 (token): 1
2025-10-05 01:58:54 | INFO | f1.console | [RPM DEBUG] 🚀 呼叫 API: http://127.0.0.1:8000/api/v2/analysis/execute
2025-10-05 01:58:54 | INFO | f1.console | [RPM DEBUG] 參數: {'year': 2025, 'race': 'Australia', 'session': 'R', 'driver1': 'VER', 'driver2': 'HAM', 'lap1': 99, 'lap2': 99, 'force_refresh': False}
2025-10-05 01:58:54 | INFO | f1.console | [RPM_MDI_DATA] ✅ RPM數據載入請求提交成功
2025-10-05 01:58:54 | INFO | f1.console | [RPM_MDI] ✅ 圈速參數更新後數據重載成功
2025-10-05 01:58:54 | INFO | f1.console | [REFRESH] [MODULE] RPM Analysis_2025_Australia_R 參數已更新: {'year': '2025', 'race': 'Australia', 'session': 'R', 'driver1': 'VER', 'driver2': 'HAM', 'lap1': 99, 'lap2': 99}
2025-10-05 01:58:54 | INFO | f1.console | [LAP_CONTROL]   ✅ 視窗更新成功
2025-10-05 01:58:54 | INFO | f1.console | [speeddiff_TITLE_DEBUG] 🏷️ 生成視窗標題: '⚡ Speed Diff Analysis_2025_Australia_R'
2025-10-05 01:58:54 | INFO | f1.console | [speeddiff_TITLE_DEBUG]   📊 參數詳情:
2025-10-05 01:58:54 | INFO | f1.console | [speeddiff_TITLE_DEBUG]     - 年份: 2025
2025-10-05 01:58:54 | INFO | f1.console | [speeddiff_TITLE_DEBUG]     - 賽事: Australia
2025-10-05 01:58:54 | INFO | f1.console | [speeddiff_TITLE_DEBUG]     - 賽段: R
2025-10-05 01:58:54 | INFO | f1.console | [LAP_CONTROL] 🔄 更新視窗 2/8: ⚡ Speed Diff Analysis_2025_Australia_R
2025-10-05 01:58:54 | INFO | f1.console | [LAP_CONTROL]   📋 模組類型: SpeeddiffAnalysisModule
2025-10-05 01:58:54 | INFO | f1.console | [LAP_CONTROL]   📋 模組實例: <modules.gui.lap_analysis.speeddiff_analysis.speeddiff_analysis_mdi.SpeeddiffAnalysisModule object at 0x0000018390FE4CB0>
2025-10-05 01:58:54 | INFO | f1.console | [LAP_CONTROL]   📋 模組MRO: ['SpeeddiffAnalysisModule', 'IAnalysisModule', 'QObject', 'wrapper', 'simplewrapper', 'ABC', 'object']
2025-10-05 01:58:54 | INFO | f1.console | [LAP_CONTROL]   ✅ 找到 update_lap_parameters 方法，開始調用...
2025-10-05 01:58:54 | INFO | f1.console | [speeddiff_MDI] ========== 圈速參數更新 ==========
2025-10-05 01:58:54 | INFO | f1.console | [speeddiff_MDI] 收到參數: 2025 Australia R
2025-10-05 01:58:54 | INFO | f1.console | [speeddiff_MDI] 車手: VER vs HAM
2025-10-05 01:58:54 | INFO | f1.console | [speeddiff_MDI] 圈數: 第99圈 vs 第99圈
2025-10-05 01:58:54 | INFO | f1.console | [speeddiff_MDI] 最速圈: True
2025-10-05 01:58:54 | INFO | f1.console | [speeddiff_MDI] 🏁 用戶選擇了最速圈選項，檢查遙測分析數據...
2025-10-05 01:58:54 | INFO | f1.console | [speeddiff_MDI] 📂 未找到遙測分析檔案
2025-10-05 01:58:54 | INFO | f1.console | [speeddiff_MDI] 📡 遙測分析數據不存在，開始自動載入...
2025-10-05 01:58:54 | ERROR | f1.console | [ERROR] [speeddiff_MDI] _ensure_telemetry_data_for_fastest_laps 失敗: 'SpeeddiffAnalysisModule' object has no attribute '_check_and_load_telemetry_if_needed'
2025-10-05 01:58:54 | WARNING | f1.console | [speeddiff_MDI] ⚠️ 無法獲取最速圈數據，使用預設圈數
2025-10-05 01:58:54 | INFO | f1.console | [speeddiff_MDI] 參數是否變化: True
2025-10-05 01:58:54 | INFO | f1.console | [speeddiff_MDI] ✅ 已更新圖表組件的圈數顯示
2025-10-05 01:58:54 | INFO | f1.console | [speeddiff_MDI] 🔄 參數已變化，開始重載數據...
2025-10-05 01:58:54 | INFO | f1.console | [speeddiff_MDI] 📡 調用數據管理器載入新數據...
2025-10-05 01:58:54 | INFO | f1.console | [speeddiff_MDI_DATA] ========== 載入speeddiff數據 ==========
2025-10-05 01:58:54 | INFO | f1.console | [speeddiff_MDI_DATA] 參數: 2025 Australia R
2025-10-05 01:58:54 | INFO | f1.console | [speeddiff_MDI_DATA] 車手: VER vs HAM, 圈數: 99 vs 99
2025-10-05 01:58:54 | INFO | f1.console | [speeddiff_MDI_DATA] 🔗 創建 speeddiffAnalysisDataLoader...
2025-10-05 01:58:54 | INFO | f1.console | [speeddiff_MDI_DATA] 🚀 調用 load_speeddiff_data...
2025-10-05 01:58:54 | INFO | f1.console | [SPEEDDIFF DEBUG] 初始化 Speed Diff Analysis 載入器
2025-10-05 01:58:54 | INFO | f1.console | [SPEEDDIFF DEBUG] API 基底網址: http://127.0.0.1:8000
2025-10-05 01:58:54 | INFO | f1.console | [SPEEDDIFF DEBUG] 本地 JSON 後備已停用 (策略: 預設策略 (API 優先，不允許本地後備))
2025-10-05 01:58:54 | INFO | f1.console | [SPEEDDIFF_LOADER] ✅ 速度差分析數據載入器初始化完成（基於TelemetryDataLoader v2.0）
2025-10-05 01:58:54 | INFO | f1.console | [SPEEDDIFF_LOADER] 🔄 向後兼容接口：load_speeddiff_data
2025-10-05 01:58:54 | INFO | f1.console | [SPEEDDIFF_LOADER] 參數: 2025 Australia R VER vs HAM L99/L99
2025-10-05 01:58:54 | INFO | f1.console | [SPEEDDIFF DEBUG] ========== 遙測數據載入 ==========
2025-10-05 01:58:54 | INFO | f1.console | [SPEEDDIFF DEBUG] 類型: Speed Diff Analysis
2025-10-05 01:58:54 | INFO | f1.console | [SPEEDDIFF DEBUG] 參數: 2025 Australia R VER vs HAM L99/L99
2025-10-05 01:58:54 | INFO | f1.console | [SPEEDDIFF DEBUG] 分析模式: 雙車手對比
2025-10-05 01:58:54 | INFO | f1.console | [SPEEDDIFF DEBUG] 請求標識 (token): 1
2025-10-05 01:58:54 | INFO | f1.console | [SPEEDDIFF DEBUG] 🚀 呼叫 API: http://127.0.0.1:8000/api/v2/analysis/execute
2025-10-05 01:58:54 | INFO | f1.console | [SPEEDDIFF DEBUG] 參數: {'year': 2025, 'race': 'Australia', 'session': 'R', 'driver1': 'VER', 'driver2': 'HAM', 'lap1': 99, 'lap2': 99, 'force_refresh': False}
2025-10-05 01:58:54 | INFO | f1.console | [speeddiff_MDI_DATA] ✅ speeddiff數據載入請求提交成功
2025-10-05 01:58:54 | INFO | f1.console | [speeddiff_MDI] ✅ 圈速參數更新後數據重載成功
2025-10-05 01:58:54 | INFO | f1.console | [REFRESH] [MODULE] ⚡ Speed Diff Analysis_2025_Australia_R 參數已更新: {'year': '2025', 'race': 'Australia', 'session': 'R', 'driver1': 'VER', 'driver2': 'HAM', 'lap1': 99, 'lap2': 99}
2025-10-05 01:58:54 | INFO | f1.console | [LAP_CONTROL]   ✅ 視窗更新成功
2025-10-05 01:58:54 | INFO | f1.console | [distancediff_TITLE_DEBUG] 🏷️ 生成視窗標題: '📏 Distance Diff Analysis_2025_Australia_R'
2025-10-05 01:58:54 | INFO | f1.console | [distancediff_TITLE_DEBUG]   📊 參數詳情:
2025-10-05 01:58:54 | INFO | f1.console | [distancediff_TITLE_DEBUG]     - 年份: 2025
2025-10-05 01:58:54 | INFO | f1.console | [distancediff_TITLE_DEBUG]     - 賽事: Australia
2025-10-05 01:58:54 | INFO | f1.console | [distancediff_TITLE_DEBUG]     - 賽段: R
2025-10-05 01:58:54 | INFO | f1.console | [LAP_CONTROL] 🔄 更新視窗 3/8: 📏 Distance Diff Analysis_2025_Australia_R
2025-10-05 01:58:54 | INFO | f1.console | [LAP_CONTROL]   📋 模組類型: distancediffAnalysisModule
2025-10-05 01:58:54 | INFO | f1.console | [LAP_CONTROL]   📋 模組實例: <modules.gui.lap_analysis.distancediff_analysis.distancediff_analysis_mdi.distancediffAnalysisModule object at 0x000001839100CEF0>
2025-10-05 01:58:54 | INFO | f1.console | [LAP_CONTROL]   📋 模組MRO: ['distancediffAnalysisModule', 'IAnalysisModule', 'QObject', 'wrapper', 'simplewrapper', 'ABC', 'object']
2025-10-05 01:58:54 | INFO | f1.console | [LAP_CONTROL]   ✅ 找到 update_lap_parameters 方法，開始調用...
2025-10-05 01:58:54 | INFO | f1.console | [distancediff_MDI] ========== 圈速參數更新 ==========
2025-10-05 01:58:54 | INFO | f1.console | [distancediff_MDI] 收到參數: 2025 Australia R
2025-10-05 01:58:54 | INFO | f1.console | [distancediff_MDI] 車手: VER vs HAM
2025-10-05 01:58:54 | INFO | f1.console | [distancediff_MDI] 圈數: 第99圈 vs 第99圈
2025-10-05 01:58:54 | INFO | f1.console | [distancediff_MDI] 最速圈: True
2025-10-05 01:58:54 | INFO | f1.console | [distancediff_MDI] 🏁 用戶選擇了最速圈選項，檢查遙測分析數據...
2025-10-05 01:58:54 | INFO | f1.console | [distancediff_MDI] 📂 未找到遙測分析檔案
2025-10-05 01:58:54 | INFO | f1.console | [distancediff_MDI] 📡 遙測分析數據不存在，開始自動載入...
2025-10-05 01:58:54 | ERROR | f1.console | [ERROR] [distancediff_MDI] _ensure_telemetry_data_for_fastest_laps 失敗: 'distancediffAnalysisModule' object has no attribute '_check_and_load_telemetry_if_needed'
2025-10-05 01:58:54 | WARNING | f1.console | [distancediff_MDI] ⚠️ 無法獲取最速圈數據，使用預設圈數
2025-10-05 01:58:54 | INFO | f1.console | [distancediff_MDI] 參數是否變化: True
2025-10-05 01:58:54 | INFO | f1.console | [distancediff_MDI] ✅ 已更新圖表組件的圈數顯示
2025-10-05 01:58:54 | INFO | f1.console | [distancediff_MDI] 🔄 參數已變化，開始重載數據...
2025-10-05 01:58:54 | INFO | f1.console | [distancediff_MDI] 📡 調用數據管理器載入新數據...
2025-10-05 01:58:54 | INFO | f1.console | [distancediff_MDI_DATA] ========== 載入distancediff數據 ==========
2025-10-05 01:58:54 | INFO | f1.console | [distancediff_MDI_DATA] 參數: 2025 Australia R
2025-10-05 01:58:54 | INFO | f1.console | [distancediff_MDI_DATA] 車手: VER vs HAM, 圈數: 99 vs 99
2025-10-05 01:58:54 | INFO | f1.console | [distancediff_MDI_DATA] 🔗 創建 distancediffAnalysisDataLoader...
2025-10-05 01:58:54 | INFO | f1.console | [distancediff_MDI_DATA] 🚀 調用 load_distancediff_data...
2025-10-05 01:58:54 | INFO | f1.console | [DISTDIFF DEBUG] 初始化 Distance Diff Analysis 載入器
2025-10-05 01:58:54 | INFO | f1.console | [DISTDIFF DEBUG] API 基底網址: http://127.0.0.1:8000
2025-10-05 01:58:54 | INFO | f1.console | [DISTDIFF DEBUG] 本地 JSON 後備已停用 (策略: 預設策略 (API 優先，不允許本地後備))
2025-10-05 01:58:54 | INFO | f1.console | [DISTANCEDIFF_LOADER] ✅ 距離差分析數據載入器初始化完成（基於TelemetryDataLoader v2.0）
2025-10-05 01:58:54 | INFO | f1.console | [DISTANCEDIFF_LOADER] 🔄 向後兼容接口：load_distancediff_data
2025-10-05 01:58:54 | INFO | f1.console | [DISTANCEDIFF_LOADER] 參數: 2025 Australia R VER vs HAM L99/L99
2025-10-05 01:58:54 | INFO | f1.console | [DISTDIFF DEBUG] ========== 遙測數據載入 ==========
2025-10-05 01:58:54 | INFO | f1.console | [DISTDIFF DEBUG] 類型: Distance Diff Analysis
2025-10-05 01:58:54 | INFO | f1.console | [DISTDIFF DEBUG] 參數: 2025 Australia R VER vs HAM L99/L99
2025-10-05 01:58:54 | INFO | f1.console | [DISTDIFF DEBUG] 分析模式: 雙車手對比
2025-10-05 01:58:54 | INFO | f1.console | [DISTDIFF DEBUG] 請求標識 (token): 1
2025-10-05 01:58:54 | INFO | f1.console | [DISTDIFF DEBUG] 🚀 呼叫 API: http://127.0.0.1:8000/api/v2/analysis/execute
2025-10-05 01:58:54 | INFO | f1.console | [DISTDIFF DEBUG] 參數: {'year': 2025, 'race': 'Australia', 'session': 'R', 'driver1': 'VER', 'driver2': 'HAM', 'lap1': 99, 'lap2': 99, 'force_refresh': False}
2025-10-05 01:58:54 | INFO | f1.console | [distancediff_MDI_DATA] ✅ distancediff數據載入請求提交成功
2025-10-05 01:58:54 | INFO | f1.console | [distancediff_MDI] ✅ 圈速參數更新後數據重載成功
2025-10-05 01:58:54 | INFO | f1.console | [REFRESH] [MODULE] 📏 Distance Diff Analysis_2025_Australia_R 參數已更新: {'year': '2025', 'race': 'Australia', 'session': 'R', 'driver1': 'VER', 'driver2': 'HAM', 'lap1': 99, 'lap2': 99}
2025-10-05 01:58:54 | INFO | f1.console | [LAP_CONTROL]   ✅ 視窗更新成功
2025-10-05 01:58:54 | INFO | f1.console | [LAP_CONTROL] 🔄 更新視窗 4/8: Speed Analysis_2025_Australia_R
2025-10-05 01:58:54 | INFO | f1.console | [LAP_CONTROL]   📋 模組類型: SpeedAnalysisModule
2025-10-05 01:58:54 | INFO | f1.console | [LAP_CONTROL]   📋 模組實例: <modules.gui.lap_analysis.speed_analysis.speed_analysis_mdi.SpeedAnalysisModule object at 0x000001838B97DB50>
2025-10-05 01:58:54 | INFO | f1.console | [LAP_CONTROL]   📋 模組MRO: ['SpeedAnalysisModule', 'IAnalysisModule', 'QObject', 'wrapper', 'simplewrapper', 'ABC', 'object']
2025-10-05 01:58:54 | INFO | f1.console | [LAP_CONTROL]   ✅ 找到 update_lap_parameters 方法，開始調用...
2025-10-05 01:58:54 | INFO | f1.console | [SPEED_MDI] 🔄 更新圈速參數...
2025-10-05 01:58:54 | INFO | f1.console | [SPEED_MDI]   📊 基本參數: 2025 Australia R
2025-10-05 01:58:54 | INFO | f1.console | [SPEED_MDI]   🏎️ 車手參數: VER vs HAM
2025-10-05 01:58:54 | INFO | f1.console | [SPEED_MDI]   🏁 圈數參數: 第99圈 vs 第99圈
2025-10-05 01:58:54 | INFO | f1.console | [SPEED_MDI]   ⚡ 最速圈: True
2025-10-05 01:58:54 | INFO | f1.console | [SPEED_MDI] 🚀 重新載入數據...
2025-10-05 01:58:54 | INFO | f1.console | [SPEED_MDI_DATA] ========== 載入速度數據 ==========
2025-10-05 01:58:54 | INFO | f1.console | [SPEED_MDI_DATA] 參數: 2025 Australia R
2025-10-05 01:58:54 | INFO | f1.console | [SPEED_MDI_DATA] 車手: VER vs HAM, 圈數: 99 vs 99
2025-10-05 01:58:54 | INFO | f1.console | [SPEED_MDI_DATA] 🔗 創建 SpeedAnalysisDataLoader...
2025-10-05 01:58:54 | INFO | f1.console | [SPEED_MDI_DATA] 🚀 調用 load_speed_data...
2025-10-05 01:58:54 | INFO | f1.console | [SPEED DEBUG] 初始化 Speed Analysis 載入器
2025-10-05 01:58:54 | INFO | f1.console | [SPEED DEBUG] API 基底網址: http://127.0.0.1:8000
2025-10-05 01:58:54 | INFO | f1.console | [SPEED DEBUG] 本地 JSON 後備已停用 (策略: 預設策略 (API 優先，不允許本地後備))
2025-10-05 01:58:54 | INFO | f1.console | [SPEED_LOADER] ✅ 速度分析數據載入器初始化完成（基於TelemetryDataLoader v2.0）
2025-10-05 01:58:54 | INFO | f1.console | [SPEED_LOADER] 🔄 向後兼容接口：load_speed_data
2025-10-05 01:58:54 | INFO | f1.console | [SPEED_LOADER] 參數: 2025 Australia R VER vs HAM L99/L99
2025-10-05 01:58:54 | INFO | f1.console | [SPEED DEBUG] ========== 遙測數據載入 ==========
2025-10-05 01:58:54 | INFO | f1.console | [SPEED DEBUG] 類型: Speed Analysis
2025-10-05 01:58:54 | INFO | f1.console | [SPEED DEBUG] 參數: 2025 Australia R VER vs HAM L99/L99
2025-10-05 01:58:54 | INFO | f1.console | [SPEED DEBUG] 分析模式: 雙車手對比
2025-10-05 01:58:54 | INFO | f1.console | [SPEED DEBUG] 請求標識 (token): 1
2025-10-05 01:58:54 | INFO | f1.console | [SPEED DEBUG] 🚀 呼叫 API: http://127.0.0.1:8000/api/v2/analysis/execute
2025-10-05 01:58:54 | INFO | f1.console | [SPEED DEBUG] 參數: {'year': 2025, 'race': 'Australia', 'session': 'R', 'driver1': 'VER', 'driver2': 'HAM', 'lap1': 99, 'lap2': 99, 'force_refresh': False}
2025-10-05 01:58:54 | INFO | f1.console | [SPEED_MDI] ✅ 圈速參數更新成功
2025-10-05 01:58:54 | INFO | f1.console | [LAP_CONTROL]   ✅ 視窗更新成功
2025-10-05 01:58:54 | INFO | f1.console | [LAP_CONTROL] 🔄 更新視窗 5/8: Throttle Analysis_2025_Australia_R
2025-10-05 01:58:54 | INFO | f1.console | [LAP_CONTROL]   📋 模組類型: ThrottleAnalysisModule
2025-10-05 01:58:54 | INFO | f1.console | [LAP_CONTROL]   📋 模組實例: <modules.gui.lap_analysis.Throttle_analysis.throttle_analysis_mdi.ThrottleAnalysisModule object at 0x000001838BBD8F80>
2025-10-05 01:58:54 | INFO | f1.console | [LAP_CONTROL]   📋 模組MRO: ['ThrottleAnalysisModule', 'IAnalysisModule', 'QObject', 'wrapper', 'simplewrapper', 'ABC', 'object']
2025-10-05 01:58:54 | INFO | f1.console | [LAP_CONTROL]   ✅ 找到 update_lap_parameters 方法，開始調用...
2025-10-05 01:58:54 | INFO | f1.console | [THROTTLE_MDI] 🔄 更新圈速油門油門參數...
2025-10-05 01:58:54 | INFO | f1.console | [THROTTLE_MDI]   📊 基本參數: 2025 Australia R
2025-10-05 01:58:54 | INFO | f1.console | [THROTTLE_MDI]   🏎️ 車手參數: VER vs HAM
2025-10-05 01:58:54 | INFO | f1.console | [THROTTLE_MDI]   🏁 圈數參數: 第99圈 vs 第99圈
2025-10-05 01:58:54 | INFO | f1.console | [THROTTLE_MDI]   ⚡ 最速圈: True
2025-10-05 01:58:54 | INFO | f1.console | [THROTTLE_MDI] 🚀 重新載入數據...
2025-10-05 01:58:54 | INFO | f1.console | [THROTTLE_MDI_DATA] ========== 載入油門數據 ==========
2025-10-05 01:58:54 | INFO | f1.console | [THROTTLE_MDI_DATA] 參數: 2025 Australia R
2025-10-05 01:58:54 | INFO | f1.console | [THROTTLE_MDI_DATA] 車手: VER vs HAM, 圈數: 99 vs 99
2025-10-05 01:58:54 | INFO | f1.console | [THROTTLE_MDI_DATA] 🔗 創建 ThrottleAnalysisDataLoader...
2025-10-05 01:58:54 | INFO | f1.console | [THROTTLE_MDI_DATA] 🚀 調用 load_throttle_data...
2025-10-05 01:58:54 | INFO | f1.console | [THROTTLE DEBUG] 初始化 Throttle Analysis 載入器
2025-10-05 01:58:54 | INFO | f1.console | [THROTTLE DEBUG] API 基底網址: http://127.0.0.1:8000
2025-10-05 01:58:54 | INFO | f1.console | [THROTTLE DEBUG] 本地 JSON 後備已停用 (策略: 預設策略 (API 優先，不允許本地後備))
2025-10-05 01:58:54 | INFO | f1.console | [THROTTLE_LOADER] ✅ 油門分析數據載入器初始化完成（基於TelemetryDataLoader v2.0）
2025-10-05 01:58:54 | INFO | f1.console | [THROTTLE_LOADER] 🔄 向後兼容接口：load_throttle_data
2025-10-05 01:58:54 | INFO | f1.console | [THROTTLE_LOADER] 參數: 2025 Australia R VER vs HAM L99/L99
2025-10-05 01:58:54 | INFO | f1.console | [THROTTLE DEBUG] ========== 遙測數據載入 ==========
2025-10-05 01:58:54 | INFO | f1.console | [THROTTLE DEBUG] 類型: Throttle Analysis
2025-10-05 01:58:54 | INFO | f1.console | [THROTTLE DEBUG] 參數: 2025 Australia R VER vs HAM L99/L99
2025-10-05 01:58:54 | INFO | f1.console | [THROTTLE DEBUG] 分析模式: 雙車手對比
2025-10-05 01:58:54 | INFO | f1.console | [THROTTLE DEBUG] 請求標識 (token): 1
2025-10-05 01:58:54 | INFO | f1.console | [THROTTLE DEBUG] 🚀 呼叫 API: http://127.0.0.1:8000/api/v2/analysis/execute
2025-10-05 01:58:54 | INFO | f1.console | [THROTTLE DEBUG] 參數: {'year': 2025, 'race': 'Australia', 'session': 'R', 'driver1': 'VER', 'driver2': 'HAM', 'lap1': 99, 'lap2': 99, 'force_refresh': False}
2025-10-05 01:58:54 | INFO | f1.console | [THROTTLE_MDI] ✅ 圈速油門油門參數更新成功
2025-10-05 01:58:54 | INFO | f1.console | [LAP_CONTROL]   ✅ 視窗更新成功
2025-10-05 01:58:54 | INFO | f1.console | [acceleration_TITLE_DEBUG] 🏷️ 生成視窗標題: 'Acceleration Analysis_2025_Australia_R'
2025-10-05 01:58:54 | INFO | f1.console | [acceleration_TITLE_DEBUG]   📊 參數詳情:
2025-10-05 01:58:54 | INFO | f1.console | [acceleration_TITLE_DEBUG]     - 年份: 2025
2025-10-05 01:58:54 | INFO | f1.console | [acceleration_TITLE_DEBUG]     - 賽事: Australia
2025-10-05 01:58:54 | INFO | f1.console | [acceleration_TITLE_DEBUG]     - 賽段: R
2025-10-05 01:58:54 | INFO | f1.console | [LAP_CONTROL] 🔄 更新視窗 6/8: Acceleration Analysis_2025_Australia_R
2025-10-05 01:58:54 | INFO | f1.console | [LAP_CONTROL]   📋 模組類型: accelerationAnalysisModule
2025-10-05 01:58:54 | INFO | f1.console | [LAP_CONTROL]   📋 模組實例: <modules.gui.lap_analysis.acceleration_analysis.acceleration_analysis_mdi.accelerationAnalysisModule object at 0x0000018390EFCB90>
2025-10-05 01:58:54 | INFO | f1.console | [LAP_CONTROL]   📋 模組MRO: ['accelerationAnalysisModule', 'IAnalysisModule', 'QObject', 'wrapper', 'simplewrapper', 'ABC', 'object']
2025-10-05 01:58:54 | INFO | f1.console | [LAP_CONTROL]   ✅ 找到 update_lap_parameters 方法，開始調用...
2025-10-05 01:58:54 | INFO | f1.console | [acceleration_MDI] ========== 圈速參數更新 ==========
2025-10-05 01:58:54 | INFO | f1.console | [acceleration_MDI] 收到參數: 2025 Australia R
2025-10-05 01:58:54 | INFO | f1.console | [acceleration_MDI] 車手: VER vs HAM
2025-10-05 01:58:54 | INFO | f1.console | [acceleration_MDI] 圈數: 第99圈 vs 第99圈 (類型: lap1=<class 'int'>, lap2=<class 'int'>)
2025-10-05 01:58:54 | INFO | f1.console | [acceleration_MDI] 最速圈: True
2025-10-05 01:58:54 | INFO | f1.console | [ACCEL_DEBUG] 當前屬性狀態:
2025-10-05 01:58:54 | INFO | f1.console |   self.current_year = 2025
2025-10-05 01:58:54 | INFO | f1.console |   self.current_race = Australia
2025-10-05 01:58:54 | INFO | f1.console |   self.current_session = R
2025-10-05 01:58:54 | INFO | f1.console |   self.driver1 = VER
2025-10-05 01:58:54 | INFO | f1.console |   self.driver2 = None
2025-10-05 01:58:54 | INFO | f1.console |   self.lap1 = 99 (類型: <class 'int'>)
2025-10-05 01:58:54 | INFO | f1.console |   self.lap2 = 99 (類型: <class 'int'>)
2025-10-05 01:58:54 | INFO | f1.console |   self.data_manager = <modules.gui.lap_analysis.acceleration_analysis.acceleration_analysis_mdi.AccelerationDataManager object at 0x0000018390EFCD40>
2025-10-05 01:58:54 | INFO | f1.console | [acceleration_MDI] 🏁 用戶選擇了最速圈選項，檢查遙測分析數據...
2025-10-05 01:58:54 | INFO | f1.console | [acceleration_MDI] 📂 未找到遙測分析檔案
2025-10-05 01:58:54 | INFO | f1.console | [acceleration_MDI] 📡 遙測分析數據不存在，開始自動載入...
2025-10-05 01:58:54 | ERROR | f1.console | [ERROR] [acceleration_MDI] _ensure_telemetry_data_for_fastest_laps 失敗: 'accelerationAnalysisModule' object has no attribute '_check_and_load_telemetry_if_needed'
2025-10-05 01:58:54 | WARNING | f1.console | [acceleration_MDI] ⚠️ 無法獲取最速圈數據，使用預設圈數
2025-10-05 01:58:54 | INFO | f1.console | [ACCEL_DEBUG] 參數變化檢測:
2025-10-05 01:58:54 | INFO | f1.console |   年份: 2025 != 2025 = False
2025-10-05 01:58:54 | INFO | f1.console |   賽事: Australia != Australia = False
2025-10-05 01:58:54 | INFO | f1.console |   會話: R != R = False
2025-10-05 01:58:54 | INFO | f1.console |   車手1: VER != VER = False
2025-10-05 01:58:54 | INFO | f1.console |   車手2: None != HAM = True
2025-10-05 01:58:54 | INFO | f1.console |   Lap1: 99 != 99 = False
2025-10-05 01:58:54 | INFO | f1.console |   Lap2: 99 != 99 = False
2025-10-05 01:58:54 | INFO | f1.console |   最終結果 params_changed = True
2025-10-05 01:58:54 | INFO | f1.console | [acceleration_MDI] 參數是否變化: True
2025-10-05 01:58:54 | INFO | f1.console | [acceleration_MDI] ✅ 已更新圖表組件的圈數顯示
2025-10-05 01:58:54 | INFO | f1.console | [acceleration_MDI] 🔄 參數已變化，開始重載數據...
2025-10-05 01:58:54 | INFO | f1.console | [ACCEL_DEBUG] 檢查 data_manager 狀態: True
2025-10-05 01:58:54 | INFO | f1.console | [acceleration_MDI] 📡 調用數據管理器載入新數據...
2025-10-05 01:58:54 | INFO | f1.console | [ACCEL_DEBUG] 載入參數: year=2025, race=Australia, session=R
2025-10-05 01:58:54 | INFO | f1.console | [ACCEL_DEBUG] 載入參數: driver1=VER, driver2=HAM, lap1=99, lap2=99
2025-10-05 01:58:54 | INFO | f1.console | [ACCELERATION_MDI_DATA] ========== 載入加速度數據 ==========
2025-10-05 01:58:54 | INFO | f1.console | [ACCELERATION_MDI_DATA] 參數: 2025 Australia R
2025-10-05 01:58:54 | INFO | f1.console | [ACCELERATION_MDI_DATA] 車手: VER vs HAM, 圈數: 99 vs 99
2025-10-05 01:58:54 | INFO | f1.console | [acceleration_MDI_DATA] 🔗 創建 AccelerationAnalysisDataLoader...
2025-10-05 01:58:54 | INFO | f1.console | [acceleration_MDI_DATA] 🚀 調用 load_acceleration_data...
2025-10-05 01:58:54 | INFO | f1.console | [ACCEL DEBUG] 初始化 Acceleration Analysis 載入器
2025-10-05 01:58:54 | INFO | f1.console | [ACCEL DEBUG] API 基底網址: http://127.0.0.1:8000
2025-10-05 01:58:54 | INFO | f1.console | [ACCEL DEBUG] 本地 JSON 後備已停用 (策略: 預設策略 (API 優先，不允許本地後備))
2025-10-05 01:58:54 | INFO | f1.console | [ACCELERATION_LOADER] ✅ 加速度分析數據載入器初始化完成（基於TelemetryDataLoader v2.0）
2025-10-05 01:58:54 | INFO | f1.console | [ACCELERATION_LOADER] 🔄 向後兼容接口：load_acceleration_data
2025-10-05 01:58:54 | INFO | f1.console | [ACCELERATION_LOADER] 參數: 2025 Australia R VER vs HAM L99/L99
2025-10-05 01:58:54 | INFO | f1.console | [ACCEL DEBUG] ========== 遙測數據載入 ==========
2025-10-05 01:58:54 | INFO | f1.console | [ACCEL DEBUG] 類型: Acceleration Analysis
2025-10-05 01:58:54 | INFO | f1.console | [ACCEL DEBUG] 參數: 2025 Australia R VER vs HAM L99/L99
2025-10-05 01:58:54 | INFO | f1.console | [ACCEL DEBUG] 分析模式: 雙車手對比
2025-10-05 01:58:54 | INFO | f1.console | [ACCEL DEBUG] 請求標識 (token): 1
2025-10-05 01:58:54 | INFO | f1.console | [ACCEL DEBUG] 🚀 呼叫 API: http://127.0.0.1:8000/api/v2/analysis/execute
2025-10-05 01:58:54 | INFO | f1.console | [ACCEL DEBUG] 參數: {'year': 2025, 'race': 'Australia', 'session': 'R', 'driver1': 'VER', 'driver2': 'HAM', 'lap1': 99, 'lap2': 99, 'force_refresh': False}
2025-10-05 01:58:54 | INFO | f1.console | [acceleration_MDI_DATA] ✅ acceleration數據載入請求提交成功
2025-10-05 01:58:54 | INFO | f1.console | [ACCEL_DEBUG] load_acceleration_data 返回: True
2025-10-05 01:58:54 | INFO | f1.console | [acceleration_MDI] ✅ 圈速參數更新後數據重載成功
2025-10-05 01:58:54 | INFO | f1.console | [REFRESH] [MODULE] Acceleration Analysis_2025_Australia_R 參數已更新: {'year': '2025', 'race': 'Australia', 'session': 'R', 'driver1': 'VER', 'driver2': 'HAM', 'lap1': 99, 'lap2': 99}
2025-10-05 01:58:54 | INFO | f1.console | [LAP_CONTROL]   ✅ 視窗更新成功
2025-10-05 01:58:54 | INFO | f1.console | [gear_TITLE_DEBUG] 🏷️ 生成視窗標題: 'Gear Analysis_2025_Australia_R'
2025-10-05 01:58:54 | INFO | f1.console | [gear_TITLE_DEBUG]   📊 參數詳情:
2025-10-05 01:58:54 | INFO | f1.console | [gear_TITLE_DEBUG]     - 年份: 2025
2025-10-05 01:58:54 | INFO | f1.console | [gear_TITLE_DEBUG]     - 賽事: Australia
2025-10-05 01:58:54 | INFO | f1.console | [gear_TITLE_DEBUG]     - 賽段: R
2025-10-05 01:58:54 | INFO | f1.console | [LAP_CONTROL] 🔄 更新視窗 7/8: Gear Analysis_2025_Australia_R
2025-10-05 01:58:54 | INFO | f1.console | [LAP_CONTROL]   📋 模組類型: GearAnalysisModule
2025-10-05 01:58:54 | INFO | f1.console | [LAP_CONTROL]   📋 模組實例: <modules.gui.lap_analysis.gear_analysis.gear_analysis_mdi.GearAnalysisModule object at 0x000001838BBDABA0>
2025-10-05 01:58:54 | INFO | f1.console | [LAP_CONTROL]   📋 模組MRO: ['GearAnalysisModule', 'IAnalysisModule', 'QObject', 'wrapper', 'simplewrapper', 'ABC', 'object']
2025-10-05 01:58:54 | INFO | f1.console | [LAP_CONTROL]   ✅ 找到 update_lap_parameters 方法，開始調用...
2025-10-05 01:58:54 | INFO | f1.console | [gear_MDI] ========== 圈速參數更新 ==========
2025-10-05 01:58:54 | INFO | f1.console | [gear_MDI] 收到參數: 2025 Australia R
2025-10-05 01:58:54 | INFO | f1.console | [gear_MDI] 車手: VER vs HAM
2025-10-05 01:58:54 | INFO | f1.console | [gear_MDI] 圈數: 第99圈 vs 第99圈
2025-10-05 01:58:54 | INFO | f1.console | [gear_MDI] 最速圈: True
2025-10-05 01:58:54 | INFO | f1.console | [gear_MDI] 🏁 用戶選擇了最速圈選項，檢查遙測分析數據...
2025-10-05 01:58:54 | INFO | f1.console | [gear_MDI] 📂 未找到遙測分析檔案
2025-10-05 01:58:54 | INFO | f1.console | [gear_MDI] 📡 遙測分析數據不存在，開始自動載入...
2025-10-05 01:58:54 | ERROR | f1.console | [ERROR] [gear_MDI] _ensure_telemetry_data_for_fastest_laps 失敗: 'GearAnalysisModule' object has no attribute '_check_and_load_telemetry_if_needed'
2025-10-05 01:58:54 | WARNING | f1.console | [gear_MDI] ⚠️ 無法獲取最速圈數據，使用預設圈數
2025-10-05 01:58:54 | INFO | f1.console | [gear_MDI] 參數是否變化: True
2025-10-05 01:58:54 | INFO | f1.console | [gear_MDI] ✅ 已更新圖表組件的圈數顯示
2025-10-05 01:58:54 | INFO | f1.console | [gear_MDI] 🔄 參數已變化，開始重載數據...
2025-10-05 01:58:54 | INFO | f1.console | [GEAR_MDI] 📡 調用數據管理器載入新數據...
2025-10-05 01:58:54 | INFO | f1.console | [GEAR_MDI_DATA] ========== 載入檔位數據 ==========
2025-10-05 01:58:54 | INFO | f1.console | [GEAR_MDI_DATA] 參數: 2025 Australia R
2025-10-05 01:58:54 | INFO | f1.console | [GEAR_MDI_DATA] 車手: VER vs HAM, 圈數: 99 vs 99
2025-10-05 01:58:54 | INFO | f1.console | [GEAR_MDI_DATA] 🔗 創建 GearAnalysisDataLoader...
2025-10-05 01:58:54 | INFO | f1.console | [GEAR_MDI_DATA] 🚀 調用 load_gear_data...
2025-10-05 01:58:54 | INFO | f1.console | [GEAR DEBUG] 初始化 Gear Analysis 載入器
2025-10-05 01:58:54 | INFO | f1.console | [GEAR DEBUG] API 基底網址: http://127.0.0.1:8000
2025-10-05 01:58:54 | INFO | f1.console | [GEAR DEBUG] 本地 JSON 後備已停用 (策略: 預設策略 (API 優先，不允許本地後備))
2025-10-05 01:58:54 | INFO | f1.console | [GEAR_LOADER] ✅ 檔輪分析數據載入器初始化完成（基於TelemetryDataLoader v2.0）
2025-10-05 01:58:54 | INFO | f1.console | [GEAR_LOADER] 🔄 向後兼容接口：load_gear_data
2025-10-05 01:58:54 | INFO | f1.console | [GEAR_LOADER] 參數: 2025 Australia R VER vs HAM L99/L99
2025-10-05 01:58:54 | INFO | f1.console | [GEAR DEBUG] ========== 遙測數據載入 ==========
2025-10-05 01:58:54 | INFO | f1.console | [GEAR DEBUG] 類型: Gear Analysis
2025-10-05 01:58:54 | INFO | f1.console | [GEAR DEBUG] 參數: 2025 Australia R VER vs HAM L99/L99
2025-10-05 01:58:54 | INFO | f1.console | [GEAR DEBUG] 分析模式: 雙車手對比
2025-10-05 01:58:54 | INFO | f1.console | [GEAR DEBUG] 請求標識 (token): 1
2025-10-05 01:58:54 | INFO | f1.console | [GEAR DEBUG] 🚀 呼叫 API: http://127.0.0.1:8000/api/v2/analysis/execute
2025-10-05 01:58:54 | INFO | f1.console | [GEAR DEBUG] 參數: {'year': 2025, 'race': 'Australia', 'session': 'R', 'driver1': 'VER', 'driver2': 'HAM', 'lap1': 99, 'lap2': 99, 'force_refresh': False}
2025-10-05 01:58:54 | INFO | f1.console | [gear_MDI_DATA] ✅ gear數據載入請求提交成功
2025-10-05 01:58:54 | INFO | f1.console | [gear_MDI] ✅ 圈速參數更新後數據重載成功
2025-10-05 01:58:54 | INFO | f1.console | [REFRESH] [MODULE] Gear Analysis_2025_Australia_R 參數已更新: {'year': '2025', 'race': 'Australia', 'session': 'R', 'driver1': 'VER', 'driver2': 'HAM', 'lap1': 99, 'lap2': 99}
2025-10-05 01:58:54 | INFO | f1.console | [LAP_CONTROL]   ✅ 視窗更新成功
2025-10-05 01:58:54 | INFO | f1.console | [brake_TITLE_DEBUG] 🏷️ 生成視窗標題: 'Brake Analysis_2025_Australia_R'
2025-10-05 01:58:54 | INFO | f1.console | [brake_TITLE_DEBUG]   📊 參數詳情:
2025-10-05 01:58:54 | INFO | f1.console | [brake_TITLE_DEBUG]     - 年份: 2025
2025-10-05 01:58:54 | INFO | f1.console | [brake_TITLE_DEBUG]     - 賽事: Australia
2025-10-05 01:58:54 | INFO | f1.console | [brake_TITLE_DEBUG]     - 賽段: R
2025-10-05 01:58:54 | INFO | f1.console | [LAP_CONTROL] 🔄 更新視窗 8/8: Brake Analysis_2025_Australia_R
2025-10-05 01:58:54 | INFO | f1.console | [LAP_CONTROL]   📋 模組類型: BrakeAnalysisModule
2025-10-05 01:58:54 | INFO | f1.console | [LAP_CONTROL]   📋 模組實例: <modules.gui.lap_analysis.brake_analysis.brake_analysis_mdi.BrakeAnalysisModule object at 0x000001838BB8F5C0>
2025-10-05 01:58:54 | INFO | f1.console | [LAP_CONTROL]   📋 模組MRO: ['BrakeAnalysisModule', 'IAnalysisModule', 'QObject', 'wrapper', 'simplewrapper', 'ABC', 'object']
2025-10-05 01:58:54 | INFO | f1.console | [LAP_CONTROL]   ✅ 找到 update_lap_parameters 方法，開始調用...
2025-10-05 01:58:54 | INFO | f1.console | [brake_MDI] ========== 圈速參數更新 ==========
2025-10-05 01:58:54 | INFO | f1.console | [brake_MDI] 收到參數: 2025 Australia R
2025-10-05 01:58:54 | INFO | f1.console | [brake_MDI] 車手: VER vs HAM
2025-10-05 01:58:54 | INFO | f1.console | [brake_MDI] 圈數: 第99圈 vs 第99圈
2025-10-05 01:58:54 | INFO | f1.console | [brake_MDI] 最速圈: True
2025-10-05 01:58:54 | INFO | f1.console | [brake_MDI] 📂 未找到遙測分析檔案
2025-10-05 01:58:54 | INFO | f1.console | [brake_MDI] 📡 遙測分析數據不存在，開始自動載入...
2025-10-05 01:58:54 | ERROR | f1.console | [ERROR] [brake_MDI] _ensure_telemetry_data_for_fastest_laps 失敗: 'BrakeAnalysisModule' object has no attribute '_check_and_load_telemetry_if_needed'
2025-10-05 01:58:54 | WARNING | f1.console | [brake_MDI] ⚠️ 無法獲取最速圈數據，改用現有圈數
2025-10-05 01:58:54 | INFO | f1.console | [brake_TITLE_DEBUG] 🔄 開始更新視窗標題...
2025-10-05 01:58:54 | INFO | f1.console | [brake_TITLE_DEBUG] 📋 當前狀態檢查:
2025-10-05 01:58:54 | INFO | f1.console | [brake_TITLE_DEBUG]   - parent_window 存在: True
2025-10-05 01:58:54 | INFO | f1.console | [brake_TITLE_DEBUG]   - 舊標題: 'Brake Analysis_2025_Australia_R'
2025-10-05 01:58:54 | INFO | f1.console | [brake_TITLE_DEBUG] 🏷️ 生成視窗標題: 'Brake Analysis_2025_Australia_R'
2025-10-05 01:58:54 | INFO | f1.console | [brake_TITLE_DEBUG]   📊 參數詳情:
2025-10-05 01:58:54 | INFO | f1.console | [brake_TITLE_DEBUG]     - 年份: 2025
2025-10-05 01:58:54 | INFO | f1.console | [brake_TITLE_DEBUG]     - 賽事: Australia
2025-10-05 01:58:54 | INFO | f1.console | [brake_TITLE_DEBUG]     - 賽段: R
2025-10-05 01:58:54 | INFO | f1.console | [brake_TITLE_DEBUG]   - 新標題: 'Brake Analysis_2025_Australia_R'
2025-10-05 01:58:54 | INFO | f1.console | [brake_TITLE_DEBUG] ✅ 標題無需更新
2025-10-05 01:58:54 | INFO | f1.console | [brake_MDI] 🚀 重新載入brake數據...
2025-10-05 01:58:54 | INFO | f1.console | [brake_MDI_DATA] ========== 載入brake數據 ==========
2025-10-05 01:58:54 | INFO | f1.console | [brake_MDI_DATA] 參數: 2025 Australia R
2025-10-05 01:58:54 | INFO | f1.console | [brake_MDI_DATA] 車手: VER vs HAM, 圈數: 99 vs 99
2025-10-05 01:58:54 | INFO | f1.console | 🔄 [brake_MDI_DATA] 檢測到最速圈選項，檢查遙測分析數據...
2025-10-05 01:58:54 | INFO | f1.console | 📁 [brake_MDI_DATA] 找到現有遙測檔案: json\all_drivers_telemetry_analysis_2025_Australia_R.json
2025-10-05 01:58:54 | INFO | f1.console | 🔄 [brake_MDI] 解析 VER 的最速圈...
2025-10-05 01:58:54 | INFO | f1.console | 📁 [brake_MDI] 找到遙測檔案: json\all_drivers_telemetry_analysis_2025_Australia_R.json
2025-10-05 01:58:54 | INFO | f1.console | 📊 [brake_MDI] 遙測檔案讀取成功，開始解析最速圈數據...
2025-10-05 01:58:54 | WARNING | f1.console | ⚠️ [brake_MDI] 無法找到 VER 的最速圈數據，使用預設圈數 1
2025-10-05 01:58:54 | INFO | f1.console | 🔄 [brake_MDI] 解析 HAM 的最速圈...
2025-10-05 01:58:54 | INFO | f1.console | 📁 [brake_MDI] 找到遙測檔案: json\all_drivers_telemetry_analysis_2025_Australia_R.json
2025-10-05 01:58:54 | INFO | f1.console | 📊 [brake_MDI] 遙測檔案讀取成功，開始解析最速圈數據...
2025-10-05 01:58:54 | WARNING | f1.console | ⚠️ [brake_MDI] 無法找到 HAM 的最速圈數據，使用預設圈數 1
2025-10-05 01:58:54 | INFO | f1.console | 📊 [brake_MDI] 圈數解析結果: VER=第1圈, HAM=第1圈
2025-10-05 01:58:54 | INFO | f1.console | 🔢 [brake_MDI_DATA] 最速圈解析完成: VER=第1圈, HAM=第1圈
2025-10-05 01:58:54 | INFO | f1.console | [brake_MDI_DATA] 🔗 創建 BrakeAnalysisDataLoader...
2025-10-05 01:58:54 | INFO | f1.console | [brake_MDI_DATA] 🚀 調用 load_brake_data...
2025-10-05 01:58:54 | INFO | f1.console | [BRAKE DEBUG] 初始化 Brake Analysis 載入器
2025-10-05 01:58:54 | INFO | f1.console | [BRAKE DEBUG] API 基底網址: http://127.0.0.1:8000
2025-10-05 01:58:54 | INFO | f1.console | [BRAKE DEBUG] 本地 JSON 後備已停用 (策略: 預設策略 (API 優先，不允許本地後備))
2025-10-05 01:58:54 | INFO | f1.console | [BRAKE_LOADER] ✅ 煞車分析數據載入器初始化完成（基於TelemetryDataLoader v2.0）
2025-10-05 01:58:54 | INFO | f1.console | [BRAKE_LOADER] 🔄 向後兼容接口：load_brake_data
2025-10-05 01:58:54 | INFO | f1.console | [BRAKE_LOADER] 參數: 2025 Australia R VER vs HAM L1/L1
2025-10-05 01:58:54 | INFO | f1.console | [BRAKE DEBUG] ========== 遙測數據載入 ==========
2025-10-05 01:58:54 | INFO | f1.console | [BRAKE DEBUG] 類型: Brake Analysis
2025-10-05 01:58:54 | INFO | f1.console | [BRAKE DEBUG] 參數: 2025 Australia R VER vs HAM L1/L1
2025-10-05 01:58:54 | INFO | f1.console | [BRAKE DEBUG] 分析模式: 雙車手對比
2025-10-05 01:58:54 | INFO | f1.console | [BRAKE DEBUG] 請求標識 (token): 1
2025-10-05 01:58:54 | INFO | f1.console | [BRAKE DEBUG] 檢測到最速圈模式，lap1/lap2 由 API 自行解析
2025-10-05 01:58:54 | INFO | f1.console | [BRAKE DEBUG] 🚀 呼叫 API: http://127.0.0.1:8000/api/v2/analysis/execute
2025-10-05 01:58:54 | INFO | f1.console | [BRAKE DEBUG] 參數: {'year': 2025, 'race': 'Australia', 'session': 'R', 'driver1': 'VER', 'driver2': 'HAM', 'lap1': 1, 'lap2': 1, 'force_refresh': False}
2025-10-05 01:58:54 | INFO | f1.console | [brake_MDI_DATA] ✅ brake數據載入請求提交成功
2025-10-05 01:58:54 | INFO | f1.console | [REFRESH] [MODULE] Brake Analysis_2025_Australia_R 參數已更新: {'year': '2025', 'race': 'Australia', 'session': 'R', 'driver1': 'VER', 'driver2': 'HAM', 'lap1': 99, 'lap2': 99}
2025-10-05 01:58:54 | INFO | f1.console | [brake_MDI] ✅ 圈速參數更新成功
2025-10-05 01:58:54 | INFO | f1.console | [LAP_CONTROL]   ✅ 視窗更新成功
2025-10-05 01:58:54 | INFO | f1.console | [LAP_CONTROL] ✅ 更新完成，成功更新 8/8 個視窗
2025-10-05 01:58:54 | INFO | f1.console | [LAP_CONTROL] 🔄 觸發專用圖表更新邏輯...
2025-10-05 01:58:54 | INFO | f1.console | [LAP_CONTROL] ℹ️ 未識別的視窗類型: F1 TelemetryStation Pro v0.0
2025-10-05 01:59:02 | INFO | f1.console | [DISTDIFF DEBUG] ========== _handle_api_success 開始 ==========
2025-10-05 01:59:02 | INFO | f1.console | [DISTDIFF DEBUG] 📦 data 類型: <class 'dict'>
2025-10-05 01:59:02 | INFO | f1.console | [DISTDIFF DEBUG] 📦 data 鍵值: ['analysis_type', 'metadata', 'results', 'file_info', 'cache_info']
2025-10-05 01:59:02 | INFO | f1.console | [DISTDIFF DEBUG] ✅ 數據格式驗證通過
2025-10-05 01:59:02 | INFO | f1.console | [DISTDIFF DEBUG] ✅ 步驟1: 數據格式驗證通過
2025-10-05 01:59:02 | INFO | f1.console | [DISTDIFF DEBUG] 📝 步驟2: 設置 metadata
2025-10-05 01:59:02 | INFO | f1.console | [DISTDIFF DEBUG] ✅ 步驟2: metadata 設置完成
2025-10-05 01:59:02 | INFO | f1.console | [DISTDIFF DEBUG] � 步驟3: 處理遙測數據
2025-10-05 01:59:02 | INFO | f1.console | [DISTDIFF DEBUG] 🔧 處理遙測數據...
2025-10-05 01:59:02 | INFO | f1.console | [DISTDIFF DEBUG] 差異分析原始數據鍵值: ['reference_distance', 'position_difference', 'cumulative_distance_difference', 'position_diff_stats', 'cumulative_diff_stats', 'reference']
2025-10-05 01:59:02 | INFO | f1.console | [DISTDIFF DEBUG] 距離數據點數: 0
2025-10-05 01:59:02 | INFO | f1.console | [DISTDIFF DEBUG] distance_difference數據點數: 0
2025-10-05 01:59:02 | INFO | f1.console | [DISTDIFF DEBUG] 構建差異分析數據結構:
2025-10-05 01:59:02 | INFO | f1.console | [DISTDIFF DEBUG]   distance: 500 點
2025-10-05 01:59:02 | INFO | f1.console | [DISTDIFF DEBUG]   cumulative_distance_difference: 500 點
2025-10-05 01:59:02 | INFO | f1.console | [DISTDIFF DEBUG] ✅ Distance Diff Analysis數據處理完成
2025-10-05 01:59:02 | INFO | f1.console | [DISTDIFF DEBUG]    距離點數: 0
2025-10-05 01:59:02 | INFO | f1.console | [DISTDIFF DEBUG]    差異數據點數: 0
2025-10-05 01:59:02 | INFO | f1.console | [DISTDIFF DEBUG] ✅ 步驟3: API 數據處理完成
2025-10-05 01:59:02 | INFO | f1.console | [DISTDIFF DEBUG] 📊 步驟4: 發送進度和狀態信號
2025-10-05 01:59:02 | INFO | f1.console | [DISTDIFF DEBUG] ✅ 步驟4: 狀態更新完成
2025-10-05 01:59:02 | INFO | f1.console | [DISTDIFF DEBUG] 🚀 步驟5: 即將發送 data_loaded 信號
2025-10-05 01:59:02 | INFO | f1.console | [DISTDIFF DEBUG] 📡 信號接收者數量: 1
2025-10-05 01:59:02 | INFO | f1.console | [distancediff_MDI_DATA] ✅ distancediff數據載入完成
2025-10-05 01:59:02 | INFO | f1.console | [distancediff_MDI] 更新distancediff圖表
2025-10-05 01:59:02 | INFO | f1.console | [distancediff_CHART] ========== 更新距離差數據 ==========
2025-10-05 01:59:02 | INFO | f1.console | [distancediff_CHART] 收到數據鍵: ['metadata', 'distancediff_data', 'statistics']
2025-10-05 01:59:02 | INFO | f1.console | [distancediff_CHART] metadata 鍵: ['drivers', 'sectors', 'year', 'race', 'session', 'telemetry_type', 'display_name', 'unit', 'analysis_timestamp', 'data_source', 'api']
2025-10-05 01:59:02 | INFO | f1.console | [distancediff_CHART] distancediff_data 鍵: ['distance', 'cumulative_distance_difference', 'reference_distance', 'position_difference', 'driver1_name', 'driver2_name', 'reference']
2025-10-05 01:59:02 | INFO | f1.console | [distancediff_CHART] statistics 鍵: ['difference', 'distance']
2025-10-05 01:59:02 | INFO | f1.console | [distancediff_CHART] 車手數量: 2
2025-10-05 01:59:02 | INFO | f1.console | [distancediff_CHART] 賽道區段: 0
2025-10-05 01:59:02 | INFO | f1.console | [distancediff_CHART] 參考信息: 
2025-10-05 01:59:02 | INFO | f1.console | [distancediff_CHART] 距離數據點: 500
2025-10-05 01:59:02 | INFO | f1.console | [distancediff_CHART] 累積距離差數據點: 500
2025-10-05 01:59:02 | INFO | f1.console | [distancediff_CHART] 參考: VER - HAM
2025-10-05 01:59:02 | INFO | f1.console | [distancediff_CHART] 距離差標籤: VER vs HAM
2025-10-05 01:59:02 | INFO | f1.console | [distancediff_CHART] 🎯 使用單一累積距離差曲線模式
2025-10-05 01:59:02 | INFO | f1.console | [distancediff_CHART] 📊 更新距離差圖表...
2025-10-05 01:59:02 | INFO | f1.console | [distancediff_CHART] 動態Y軸範圍: -100.0 到 100.0
2025-10-05 01:59:02 | INFO | f1.console | [distancediff_CHART] ✅ 圖表更新完成
2025-10-05 01:59:02 | INFO | f1.console | [distancediff_CHART] 📋 更新統計表格...
2025-10-05 01:59:02 | INFO | f1.console | [distancediff_CHART] 📊 統計表格更新 - 收到statistics: {'difference': {'max': 0, 'min': 0, 'avg': 0, 'count': 0}, 'distance': {'min': 0, 'max': 0, 'total_points': 0}}
2025-10-05 01:59:02 | INFO | f1.console | [distancediff_CHART] driver1_stats: {}
2025-10-05 01:59:02 | INFO | f1.console | [distancediff_CHART] driver2_stats: {}
2025-10-05 01:59:02 | INFO | f1.console | [distancediff_CHART] comparison: {}
2025-10-05 01:59:02 | INFO | f1.console | [distancediff_CHART] 表格數據行: [('最大距離差 (m)', '0.0', '0.0', '0.0'), ('平均距離差 (m)', '0.0', '0.0', '0.0'), ('最小距離差 (m)', '0.0', '0.0', '0.0')]
2025-10-05 01:59:02 | INFO | f1.console | [distancediff CHART WIDGET] ✅ 統計表格更新完成
2025-10-05 01:59:02 | INFO | f1.console | [distancediff_CHART] 📋 更新狀態資訊...
2025-10-05 01:59:02 | INFO | f1.console | [distancediff_CHART] ✅ 全部更新完成
2025-10-05 01:59:02 | INFO | f1.console | [TOOLBAR_STATUS] 已更新: distancediff分析 | 1:23.081 | 1:24.218 | MEDIUM | HARD | VER 第99圈 vs HAM 第99圈
2025-10-05 01:59:02 | INFO | f1.console | [distancediff_MDI] 已更新工具欄狀態: distancediff分析
2025-10-05 01:59:02 | INFO | f1.console | [DISTDIFF DEBUG] ✅ 步驟5: data_loaded 信號已發送
2025-10-05 01:59:02 | INFO | f1.console | [DISTDIFF DEBUG] ========== _handle_api_success 完成 ==========
2025-10-05 01:59:02 | INFO | f1.console | [SPEEDDIFF DEBUG] ========== _handle_api_success 開始 ==========
2025-10-05 01:59:02 | INFO | f1.console | [SPEEDDIFF DEBUG] 📦 data 類型: <class 'dict'>
2025-10-05 01:59:02 | INFO | f1.console | [SPEEDDIFF DEBUG] 📦 data 鍵值: ['analysis_type', 'metadata', 'results', 'file_info', 'cache_info']
2025-10-05 01:59:02 | INFO | f1.console | [SPEEDDIFF DEBUG] ✅ 數據格式驗證通過
2025-10-05 01:59:02 | INFO | f1.console | [SPEEDDIFF DEBUG] ✅ 步驟1: 數據格式驗證通過
2025-10-05 01:59:02 | INFO | f1.console | [SPEEDDIFF DEBUG] 📝 步驟2: 設置 metadata
2025-10-05 01:59:02 | INFO | f1.console | [SPEEDDIFF DEBUG] ✅ 步驟2: metadata 設置完成
2025-10-05 01:59:02 | INFO | f1.console | [SPEEDDIFF DEBUG] � 步驟3: 處理遙測數據
2025-10-05 01:59:02 | INFO | f1.console | [SPEEDDIFF DEBUG] 🔧 處理遙測數據...
2025-10-05 01:59:02 | INFO | f1.console | [SPEEDDIFF DEBUG] 差異分析原始數據鍵值: ['distance', 'speed_difference', 'max_diff', 'min_diff', 'mean_diff', 'reference']
2025-10-05 01:59:02 | INFO | f1.console | [SPEEDDIFF DEBUG] 距離數據點數: 500
2025-10-05 01:59:02 | INFO | f1.console | [SPEEDDIFF DEBUG] speed_difference數據點數: 500
2025-10-05 01:59:02 | INFO | f1.console | [SPEEDDIFF DEBUG] 構建差異分析數據結構:
2025-10-05 01:59:02 | INFO | f1.console | [SPEEDDIFF DEBUG]   distance: 500 點
2025-10-05 01:59:02 | INFO | f1.console | [SPEEDDIFF DEBUG]   speed: 500 點
2025-10-05 01:59:02 | INFO | f1.console | [SPEEDDIFF DEBUG]   cumulative_speed_difference: 500 點
2025-10-05 01:59:02 | INFO | f1.console | [SPEEDDIFF DEBUG] ✅ Speed Diff Analysis數據處理完成
2025-10-05 01:59:02 | INFO | f1.console | [SPEEDDIFF DEBUG]    距離點數: 500
2025-10-05 01:59:02 | INFO | f1.console | [SPEEDDIFF DEBUG]    差異數據點數: 500
2025-10-05 01:59:02 | INFO | f1.console | [SPEEDDIFF DEBUG] ✅ 步驟3: API 數據處理完成
2025-10-05 01:59:02 | INFO | f1.console | [SPEEDDIFF DEBUG] 📊 步驟4: 發送進度和狀態信號
2025-10-05 01:59:02 | INFO | f1.console | [SPEEDDIFF DEBUG] ✅ 步驟4: 狀態更新完成
2025-10-05 01:59:02 | INFO | f1.console | [SPEEDDIFF DEBUG] 🚀 步驟5: 即將發送 data_loaded 信號
2025-10-05 01:59:02 | INFO | f1.console | [SPEEDDIFF DEBUG] 📡 信號接收者數量: 1
2025-10-05 01:59:02 | INFO | f1.console | [speeddiff_MDI_DATA] ✅ speeddiff數據載入完成
2025-10-05 01:59:02 | INFO | f1.console | [speeddiff_MDI] 更新speeddiff圖表
2025-10-05 01:59:02 | INFO | f1.console | [speeddiff_CHART] ========== 更新速度差數據 ==========
2025-10-05 01:59:02 | INFO | f1.console | [speeddiff_CHART] 收到數據鍵: ['metadata', 'speeddiff_data', 'statistics']
2025-10-05 01:59:02 | INFO | f1.console | [speeddiff_CHART] metadata 鍵: ['drivers', 'sectors', 'year', 'race', 'session', 'telemetry_type', 'display_name', 'unit', 'analysis_timestamp', 'data_source', 'api']
2025-10-05 01:59:02 | INFO | f1.console | [speeddiff_CHART] speeddiff_data 鍵: ['speed', 'cumulative_speed_difference', 'distance', 'speeddiff', 'driver1_name', 'driver2_name', 'reference']
2025-10-05 01:59:02 | INFO | f1.console | [speeddiff_CHART] statistics 鍵: ['difference', 'distance']
2025-10-05 01:59:02 | INFO | f1.console | [speeddiff_CHART] 車手數量: 2
2025-10-05 01:59:02 | INFO | f1.console | [speeddiff_CHART] 賽道區段: 0
2025-10-05 01:59:02 | INFO | f1.console | [speeddiff_CHART] 參考信息: 
2025-10-05 01:59:02 | INFO | f1.console | [speeddiff_CHART] 距離數據點: 500
2025-10-05 01:59:02 | INFO | f1.console | [speeddiff_CHART] 速度差數據點: 500
2025-10-05 01:59:02 | INFO | f1.console | [speeddiff_CHART] 參考: VER - HAM
2025-10-05 01:59:02 | INFO | f1.console | [speeddiff_CHART] 速度差標籤: VER vs HAM
2025-10-05 01:59:02 | INFO | f1.console | [speeddiff_CHART] 🎯 使用單一速度差曲線模式
2025-10-05 01:59:02 | INFO | f1.console | [speeddiff_CHART] 📊 更新速度差圖表...
2025-10-05 01:59:02 | INFO | f1.console | [speeddiff_CHART] 動態Y軸範圍: -100.0 到 100.0
2025-10-05 01:59:02 | INFO | f1.console | [speeddiff_CHART] ✅ 圖表更新完成
2025-10-05 01:59:02 | INFO | f1.console | [speeddiff_CHART] 📋 更新統計表格...
2025-10-05 01:59:02 | INFO | f1.console | [speeddiff_CHART] 📊 統計表格更新 - 收到statistics: {'difference': {'max': 30.765734716391307, 'min': -52.04675772378485, 'avg': -0.5959317181070242, 'count': 500}, 'distance': {'min': 0.2663176582347595, 'max': 5220.817433247852, 'total_points': 500}}
2025-10-05 01:59:02 | INFO | f1.console | [speeddiff_CHART] driver1_stats: {}
2025-10-05 01:59:02 | INFO | f1.console | [speeddiff_CHART] driver2_stats: {}
2025-10-05 01:59:02 | INFO | f1.console | [speeddiff_CHART] comparison: {}
2025-10-05 01:59:02 | INFO | f1.console | [speeddiff_CHART] 表格數據行: [('最大速度差 (km/h)', '0.0', '0.0', '0.0'), ('平均速度差 (km/h)', '0.0', '0.0', '0.0'), ('最小速度差 (km/h)', '0.0', '0.0', '0.0')]
2025-10-05 01:59:02 | INFO | f1.console | [speeddiff CHART WIDGET] ✅ 統計表格更新完成
2025-10-05 01:59:02 | INFO | f1.console | [speeddiff_CHART] 📋 更新狀態資訊...
2025-10-05 01:59:02 | INFO | f1.console | [speeddiff_CHART] ✅ 全部更新完成
2025-10-05 01:59:02 | INFO | f1.console | [TOOLBAR_STATUS] 已更新: speeddiff分析 | 1:23.081 | 1:24.218 | MEDIUM | HARD | VER 第99圈 vs HAM 第99圈
2025-10-05 01:59:02 | INFO | f1.console | [speeddiff_MDI] 已更新工具欄狀態: speeddiff分析
2025-10-05 01:59:02 | INFO | f1.console | [SPEEDDIFF DEBUG] ✅ 步驟5: data_loaded 信號已發送
2025-10-05 01:59:02 | INFO | f1.console | [SPEEDDIFF DEBUG] ========== _handle_api_success 完成 ==========
2025-10-05 01:59:02 | INFO | f1.console | [RPM DEBUG] ========== _handle_api_success 開始 ==========
2025-10-05 01:59:02 | INFO | f1.console | [RPM DEBUG] 📦 data 類型: <class 'dict'>
2025-10-05 01:59:02 | INFO | f1.console | [RPM DEBUG] 📦 data 鍵值: ['analysis_type', 'metadata', 'results', 'file_info', 'cache_info']
2025-10-05 01:59:02 | INFO | f1.console | [RPM DEBUG] ✅ 數據格式驗證通過
2025-10-05 01:59:02 | INFO | f1.console | [RPM DEBUG] ✅ 步驟1: 數據格式驗證通過
2025-10-05 01:59:02 | INFO | f1.console | [RPM DEBUG] 📝 步驟2: 設置 metadata
2025-10-05 01:59:02 | INFO | f1.console | [RPM DEBUG] ✅ 步驟2: metadata 設置完成
2025-10-05 01:59:02 | INFO | f1.console | [RPM DEBUG] � 步驟3: 處理遙測數據
2025-10-05 01:59:02 | INFO | f1.console | [RPM DEBUG] 🔧 處理遙測數據...
2025-10-05 01:59:02 | INFO | f1.console | [RPM DEBUG] 常規遙測原始數據鍵值: ['name', 'driver1_data', 'driver2_data', 'distance']
2025-10-05 01:59:02 | INFO | f1.console | [RPM DEBUG] 距離數據點數: 500
2025-10-05 01:59:02 | INFO | f1.console | [RPM DEBUG] 車手1數據點數: 500
2025-10-05 01:59:02 | INFO | f1.console | [RPM DEBUG] 車手2數據點數: 500
2025-10-05 01:59:02 | INFO | f1.console | [RPM DEBUG] ✅ RPM Analysis數據處理完成
2025-10-05 01:59:02 | INFO | f1.console | [RPM DEBUG]    距離點數: 500
2025-10-05 01:59:02 | INFO | f1.console | [RPM DEBUG]    車手1數據點數: 500
2025-10-05 01:59:02 | INFO | f1.console | [RPM DEBUG]    車手2數據點數: 500
2025-10-05 01:59:02 | INFO | f1.console | [RPM DEBUG] ✅ 步驟3: API 數據處理完成
2025-10-05 01:59:02 | INFO | f1.console | [RPM DEBUG] 📊 步驟4: 發送進度和狀態信號
2025-10-05 01:59:02 | INFO | f1.console | [RPM DEBUG] ✅ 步驟4: 狀態更新完成
2025-10-05 01:59:02 | INFO | f1.console | [RPM DEBUG] 🚀 步驟5: 即將發送 data_loaded 信號
2025-10-05 01:59:02 | INFO | f1.console | [RPM DEBUG] 📡 信號接收者數量: 1
2025-10-05 01:59:02 | INFO | f1.console | [RPM_MDI_DATA] ✅ RPM數據載入完成
2025-10-05 01:59:02 | INFO | f1.console | [RPM_MDI] 更新RPM圖表
2025-10-05 01:59:02 | INFO | f1.console | [RPM_CHART] ========== 更新RPM數據 ==========
2025-10-05 01:59:02 | INFO | f1.console | [RPM_CHART] 收到數據鍵: ['metadata', 'rpm_data', 'statistics']
2025-10-05 01:59:02 | INFO | f1.console | [RPM_CHART] metadata 鍵: ['drivers', 'sectors', 'year', 'race', 'session', 'telemetry_type', 'display_name', 'unit', 'analysis_timestamp', 'data_source', 'api']
2025-10-05 01:59:02 | INFO | f1.console | [RPM_CHART] rpm_data 鍵: ['distance', 'driver1_rpm', 'driver2_rpm', 'driver1_name', 'driver2_name']
2025-10-05 01:59:02 | INFO | f1.console | [RPM_CHART] statistics 鍵: ['driver1', 'driver2', 'distance']
2025-10-05 01:59:02 | INFO | f1.console | [RPM_CHART] 車手數量: 2
2025-10-05 01:59:02 | INFO | f1.console | [RPM_CHART] 賽道區段: 0
2025-10-05 01:59:02 | INFO | f1.console | [RPM_CHART] 距離數據點: 500
2025-10-05 01:59:02 | INFO | f1.console | [RPM_CHART] 車手1 RPM數據點: 500
2025-10-05 01:59:02 | INFO | f1.console | [RPM_CHART] 車手2 RPM數據點: 500
2025-10-05 01:59:02 | INFO | f1.console | [RPM_CHART] 車手名稱更新: VER vs HAM
2025-10-05 01:59:02 | INFO | f1.console | [RPM_CHART] 🎯 使用雙車手模式顯示: VER vs HAM
2025-10-05 01:59:02 | INFO | f1.console | [RPM_CHART] 📊 更新圖表...
2025-10-05 01:59:02 | INFO | f1.console | [RPM_CHART] ✅ 圖表更新完成
2025-10-05 01:59:02 | INFO | f1.console | [RPM_CHART] 📋 更新統計表格...
2025-10-05 01:59:02 | INFO | f1.console | [RPM_CHART] 📊 統計表格更新 - 收到statistics: {'driver1': {'max': 11789.367094165125, 'min': 6423.99411409881, 'avg': 10698.962872345792, 'count': 500}, 'driver2': {'max': 12092.147004827184, 'min': 5869.5850700844185, 'avg': 10601.435763885536, 'count': 500}, 'distance': {'min': 0.2663176582347595, 'max': 5220.817433247852, 'total_points': 500}}
2025-10-05 01:59:02 | INFO | f1.console | [RPM_CHART] driver1_stats: {}
2025-10-05 01:59:02 | INFO | f1.console | [RPM_CHART] driver2_stats: {}
2025-10-05 01:59:02 | INFO | f1.console | [RPM_CHART] comparison: {}
2025-10-05 01:59:02 | INFO | f1.console | [RPM_CHART] 表格數據行: [('最高轉速 (rpm)', '0', '0', '0'), ('平均轉速 (rpm)', '0', '0', '0'), ('最低轉速 (rpm)', '0', '0', '0')]
2025-10-05 01:59:02 | INFO | f1.console | [RPM CHART WIDGET] ✅ 統計表格更新完成
2025-10-05 01:59:02 | INFO | f1.console | [RPM_CHART] 📋 更新狀態資訊...
2025-10-05 01:59:02 | INFO | f1.console | [RPM_CHART] ✅ 全部更新完成
2025-10-05 01:59:02 | INFO | f1.console | [TOOLBAR_STATUS] 已更新: RPM分析 | 1:23.081 | 1:24.218 | MEDIUM | HARD | VER 第99圈 vs HAM 第99圈
2025-10-05 01:59:02 | INFO | f1.console | [RPM_MDI] 已更新工具欄狀態: RPM分析
2025-10-05 01:59:02 | INFO | f1.console | [RPM DEBUG] ✅ 步驟5: data_loaded 信號已發送
2025-10-05 01:59:02 | INFO | f1.console | [RPM DEBUG] ========== _handle_api_success 完成 ==========
2025-10-05 01:59:02 | INFO | f1.console | [SPEED DEBUG] ========== _handle_api_success 開始 ==========
2025-10-05 01:59:02 | INFO | f1.console | [SPEED DEBUG] 📦 data 類型: <class 'dict'>
2025-10-05 01:59:02 | INFO | f1.console | [SPEED DEBUG] 📦 data 鍵值: ['analysis_type', 'metadata', 'results', 'file_info', 'cache_info']
2025-10-05 01:59:02 | INFO | f1.console | [SPEED DEBUG] ✅ 數據格式驗證通過
2025-10-05 01:59:02 | INFO | f1.console | [SPEED DEBUG] ✅ 步驟1: 數據格式驗證通過
2025-10-05 01:59:02 | INFO | f1.console | [SPEED DEBUG] 📝 步驟2: 設置 metadata
2025-10-05 01:59:02 | INFO | f1.console | [SPEED DEBUG] ✅ 步驟2: metadata 設置完成
2025-10-05 01:59:02 | INFO | f1.console | [SPEED DEBUG] � 步驟3: 處理遙測數據
2025-10-05 01:59:02 | INFO | f1.console | [SPEED DEBUG] 🔧 處理遙測數據...
2025-10-05 01:59:02 | INFO | f1.console | [SPEED DEBUG] 常規遙測原始數據鍵值: ['name', 'driver1_data', 'driver2_data', 'distance']
2025-10-05 01:59:02 | INFO | f1.console | [SPEED DEBUG] 距離數據點數: 500
2025-10-05 01:59:02 | INFO | f1.console | [SPEED DEBUG] 車手1數據點數: 500
2025-10-05 01:59:02 | INFO | f1.console | [SPEED DEBUG] 車手2數據點數: 500
2025-10-05 01:59:02 | INFO | f1.console | [SPEED DEBUG] ✅ Speed Analysis數據處理完成
2025-10-05 01:59:02 | INFO | f1.console | [SPEED DEBUG]    距離點數: 500
2025-10-05 01:59:02 | INFO | f1.console | [SPEED DEBUG]    車手1數據點數: 500
2025-10-05 01:59:02 | INFO | f1.console | [SPEED DEBUG]    車手2數據點數: 500
2025-10-05 01:59:02 | INFO | f1.console | [SPEED DEBUG] ✅ 步驟3: API 數據處理完成
2025-10-05 01:59:02 | INFO | f1.console | [SPEED DEBUG] 📊 步驟4: 發送進度和狀態信號
2025-10-05 01:59:02 | INFO | f1.console | [SPEED DEBUG] ✅ 步驟4: 狀態更新完成
2025-10-05 01:59:02 | INFO | f1.console | [SPEED DEBUG] 🚀 步驟5: 即將發送 data_loaded 信號
2025-10-05 01:59:02 | INFO | f1.console | [SPEED DEBUG] 📡 信號接收者數量: 1
2025-10-05 01:59:02 | INFO | f1.console | [SPEED_MDI_DATA] ========== 數據載入完成回調 ==========
2025-10-05 01:59:02 | INFO | f1.console | [SPEED_MDI_DATA] 📦 接收到數據類型: <class 'dict'>
2025-10-05 01:59:02 | INFO | f1.console | [SPEED_MDI_DATA] 📦 接收到數據鍵值: ['metadata', 'speed_data', 'statistics']
2025-10-05 01:59:02 | INFO | f1.console | [SPEED_MDI_DATA] 📊 speed_data 鍵值: ['distance', 'driver1_speed', 'driver2_speed', 'driver1_name', 'driver2_name']
2025-10-05 01:59:02 | INFO | f1.console | [SPEED_MDI_DATA] 📊 distance 點數: 500
2025-10-05 01:59:02 | INFO | f1.console | [SPEED_MDI_DATA] 📊 driver1_speed 點數: 500
2025-10-05 01:59:02 | INFO | f1.console | [SPEED_MDI_DATA] 📊 driver2_speed 點數: 500
2025-10-05 01:59:02 | INFO | f1.console | [SPEED_MDI_DATA] 🚀 即將發送 data_loaded 信號...
2025-10-05 01:59:02 | INFO | f1.console | [SPEED_MDI_DATA] 📡 信號接收者數量: 1
2025-10-05 01:59:02 | INFO | f1.console | [SPEED_MDI] ========== 更新速度圖表回調 ==========
2025-10-05 01:59:02 | INFO | f1.console | [SPEED_MDI] 📦 接收到數據類型: <class 'dict'>
2025-10-05 01:59:02 | INFO | f1.console | [SPEED_MDI] 📦 接收到數據鍵值: ['metadata', 'speed_data', 'statistics']
2025-10-05 01:59:02 | INFO | f1.console | [SPEED_MDI] 📊 speed_data 鍵值: ['distance', 'driver1_speed', 'driver2_speed', 'driver1_name', 'driver2_name']
2025-10-05 01:59:02 | INFO | f1.console | [SPEED_MDI] 📊 distance 點數: 500
2025-10-05 01:59:02 | INFO | f1.console | [SPEED_MDI] 📊 driver1_speed 點數: 500
2025-10-05 01:59:02 | INFO | f1.console | [SPEED_MDI] 📊 driver2_speed 點數: 500
2025-10-05 01:59:02 | INFO | f1.console | [SPEED_MDI] 🎨 調用 speed_chart_widget.update_speed_data...
2025-10-05 01:59:02 | INFO | f1.console | [SPEED_CHART_WIDGET] ========== 更新速度數據 ==========
2025-10-05 01:59:02 | INFO | f1.console | [SPEED_CHART_WIDGET] 📦 接收到數據類型: <class 'dict'>
2025-10-05 01:59:02 | INFO | f1.console | [SPEED_CHART_WIDGET] 📦 接收到數據鍵值: ['metadata', 'speed_data', 'statistics']
2025-10-05 01:59:02 | INFO | f1.console | [SPEED_CHART_WIDGET] 📊 speed_data 鍵值: ['distance', 'driver1_speed', 'driver2_speed', 'driver1_name', 'driver2_name']
2025-10-05 01:59:02 | INFO | f1.console | [SPEED_CHART_WIDGET] 📏 distance 點數: 500
2025-10-05 01:59:02 | INFO | f1.console | [SPEED_CHART_WIDGET] 🏎️ driver1_speed 點數: 500
2025-10-05 01:59:02 | INFO | f1.console | [SPEED_CHART_WIDGET] 🏎️ driver2_speed 點數: 500
2025-10-05 01:59:02 | INFO | f1.console | [SPEED_CHART_WIDGET] 👤 driver1_name: VER
2025-10-05 01:59:02 | INFO | f1.console | [SPEED_CHART_WIDGET] 👤 driver2_name: HAM
2025-10-05 01:59:02 | INFO | f1.console | [SPEED_CHART] 🎯 使用雙車手模式顯示: VER vs HAM
2025-10-05 01:59:02 | INFO | f1.console | [SPEED_CHART_WIDGET] 🎨 調用 chart_widget.set_speed_data...
2025-10-05 01:59:02 | INFO | f1.console | [SPEED_CHART] ========== set_speed_data 被調用 ==========
2025-10-05 01:59:02 | INFO | f1.console | [SPEED_CHART] 📏 distance 點數: 500
2025-10-05 01:59:02 | INFO | f1.console | [SPEED_CHART] 🏎️ driver1_speed 點數: 500
2025-10-05 01:59:02 | INFO | f1.console | [SPEED_CHART] 🏎️ driver2_speed 點數: 500
2025-10-05 01:59:02 | INFO | f1.console | [SPEED_CHART] 👤 driver1_name: VER
2025-10-05 01:59:02 | INFO | f1.console | [SPEED_CHART] 👤 driver2_name: HAM
2025-10-05 01:59:02 | INFO | f1.console | [SPEED_CHART] 📊 距離範圍: 0.3 - 5220.8
2025-10-05 01:59:02 | INFO | f1.console | [SPEED_CHART] 📊 速度範圍: 58.4 - 342.0
2025-10-05 01:59:02 | INFO | f1.console | [SPEED_CHART] 🖌️ 調用 repaint()...
2025-10-05 01:59:02 | INFO | f1.console | [SPEED_CHART] ✅ set_speed_data 完成
2025-10-05 01:59:02 | INFO | f1.console | [SPEED_CHART_WIDGET] ✅ chart_widget.set_speed_data 完成
2025-10-05 01:59:02 | INFO | f1.console | [SPEED_CHART_WIDGET] 🖌️ 強制重繪圖表...
2025-10-05 01:59:02 | INFO | f1.console | [SPEED_CHART_WIDGET] ✅ 圖表重繪完成
2025-10-05 01:59:02 | INFO | f1.console | [LAP_SET] 圈數已設置: 第99圈 vs 第99圈
2025-10-05 01:59:02 | INFO | f1.console | [SPEED_CHART_WIDGET] ✅ update_speed_data 全部完成
2025-10-05 01:59:02 | INFO | f1.console | [SPEED_MDI] ✅ 圖表更新完成
2025-10-05 01:59:02 | INFO | f1.console | [TOOLBAR_STATUS] 已更新: 速度分析 | 1:23.081 | 1:24.218 | MEDIUM | HARD | VER 第99圈 vs HAM 第99圈
2025-10-05 01:59:02 | INFO | f1.console | [SPEED_MDI] 已更新工具欄狀態: 速度分析
2025-10-05 01:59:02 | INFO | f1.console | [SPEED_MDI_DATA] ✅ data_loaded 信號已發送
2025-10-05 01:59:02 | INFO | f1.console | [SPEED DEBUG] ✅ 步驟5: data_loaded 信號已發送
2025-10-05 01:59:02 | INFO | f1.console | [SPEED DEBUG] ========== _handle_api_success 完成 ==========
2025-10-05 01:59:02 | INFO | f1.console | [THROTTLE DEBUG] ========== _handle_api_success 開始 ==========
2025-10-05 01:59:02 | INFO | f1.console | [THROTTLE DEBUG] 📦 data 類型: <class 'dict'>
2025-10-05 01:59:02 | INFO | f1.console | [THROTTLE DEBUG] 📦 data 鍵值: ['analysis_type', 'metadata', 'results', 'file_info', 'cache_info']
2025-10-05 01:59:02 | INFO | f1.console | [THROTTLE DEBUG] ✅ 數據格式驗證通過
2025-10-05 01:59:02 | INFO | f1.console | [THROTTLE DEBUG] ✅ 步驟1: 數據格式驗證通過
2025-10-05 01:59:02 | INFO | f1.console | [THROTTLE DEBUG] 📝 步驟2: 設置 metadata
2025-10-05 01:59:02 | INFO | f1.console | [THROTTLE DEBUG] ✅ 步驟2: metadata 設置完成
2025-10-05 01:59:02 | INFO | f1.console | [THROTTLE DEBUG] � 步驟3: 處理遙測數據
2025-10-05 01:59:02 | INFO | f1.console | [THROTTLE DEBUG] 🔧 處理遙測數據...
2025-10-05 01:59:02 | INFO | f1.console | [THROTTLE DEBUG] 常規遙測原始數據鍵值: ['name', 'driver1_data', 'driver2_data', 'distance']
2025-10-05 01:59:02 | INFO | f1.console | [THROTTLE DEBUG] 距離數據點數: 500
2025-10-05 01:59:02 | INFO | f1.console | [THROTTLE DEBUG] 車手1數據點數: 500
2025-10-05 01:59:02 | INFO | f1.console | [THROTTLE DEBUG] 車手2數據點數: 500
2025-10-05 01:59:02 | INFO | f1.console | [THROTTLE DEBUG] ✅ Throttle Analysis數據處理完成
2025-10-05 01:59:02 | INFO | f1.console | [THROTTLE DEBUG]    距離點數: 500
2025-10-05 01:59:02 | INFO | f1.console | [THROTTLE DEBUG]    車手1數據點數: 500
2025-10-05 01:59:02 | INFO | f1.console | [THROTTLE DEBUG]    車手2數據點數: 500
2025-10-05 01:59:02 | INFO | f1.console | [THROTTLE DEBUG] ✅ 步驟3: API 數據處理完成
2025-10-05 01:59:02 | INFO | f1.console | [THROTTLE DEBUG] 📊 步驟4: 發送進度和狀態信號
2025-10-05 01:59:02 | INFO | f1.console | [THROTTLE DEBUG] ✅ 步驟4: 狀態更新完成
2025-10-05 01:59:02 | INFO | f1.console | [THROTTLE DEBUG] 🚀 步驟5: 即將發送 data_loaded 信號
2025-10-05 01:59:02 | INFO | f1.console | [THROTTLE DEBUG] 📡 信號接收者數量: 1
2025-10-05 01:59:02 | INFO | f1.console | [THROTTLE_MDI] 數據載入完成
2025-10-05 01:59:02 | INFO | f1.console | [THROTTLE_MDI] 更新油門圖表
2025-10-05 01:59:02 | INFO | f1.console | [THROTTLE_CHART] 🎯 使用雙車手模式顯示: VER vs HAM
2025-10-05 01:59:02 | INFO | f1.console | [LAP_SET] 圈數已設置: 第99圈 vs 第99圈
2025-10-05 01:59:02 | INFO | f1.console | [TOOLBAR_STATUS] 已更新: 油門分析 | 1:23.081 | 1:24.218 | MEDIUM | HARD | VER 第99圈 vs HAM 第99圈
2025-10-05 01:59:02 | INFO | f1.console | [THROTTLE_MDI] 已更新工具欄狀態: 油門分析
2025-10-05 01:59:02 | INFO | f1.console | [THROTTLE DEBUG] ✅ 步驟5: data_loaded 信號已發送
2025-10-05 01:59:02 | INFO | f1.console | [THROTTLE DEBUG] ========== _handle_api_success 完成 ==========
2025-10-05 01:59:02 | INFO | f1.console | [ACCEL DEBUG] ========== _handle_api_success 開始 ==========
2025-10-05 01:59:02 | INFO | f1.console | [ACCEL DEBUG] 📦 data 類型: <class 'dict'>
2025-10-05 01:59:02 | INFO | f1.console | [ACCEL DEBUG] 📦 data 鍵值: ['analysis_type', 'metadata', 'results', 'file_info', 'cache_info']
2025-10-05 01:59:02 | INFO | f1.console | [ACCEL DEBUG] ✅ 數據格式驗證通過
2025-10-05 01:59:02 | INFO | f1.console | [ACCEL DEBUG] ✅ 步驟1: 數據格式驗證通過
2025-10-05 01:59:02 | INFO | f1.console | [ACCEL DEBUG] 📝 步驟2: 設置 metadata
2025-10-05 01:59:02 | INFO | f1.console | [ACCEL DEBUG] ✅ 步驟2: metadata 設置完成
2025-10-05 01:59:02 | INFO | f1.console | [ACCEL DEBUG] � 步驟3: 處理遙測數據
2025-10-05 01:59:02 | INFO | f1.console | [ACCEL DEBUG] 🔧 處理遙測數據...
2025-10-05 01:59:02 | INFO | f1.console | [ACCEL DEBUG] 常規遙測原始數據鍵值: ['name', 'driver1_data', 'driver2_data', 'distance']
2025-10-05 01:59:02 | INFO | f1.console | [ACCEL DEBUG] 距離數據點數: 500
2025-10-05 01:59:02 | INFO | f1.console | [ACCEL DEBUG] 車手1數據點數: 500
2025-10-05 01:59:02 | INFO | f1.console | [ACCEL DEBUG] 車手2數據點數: 500
2025-10-05 01:59:02 | INFO | f1.console | [ACCEL DEBUG] ✅ Acceleration Analysis數據處理完成
2025-10-05 01:59:02 | INFO | f1.console | [ACCEL DEBUG]    距離點數: 500
2025-10-05 01:59:02 | INFO | f1.console | [ACCEL DEBUG]    車手1數據點數: 500
2025-10-05 01:59:02 | INFO | f1.console | [ACCEL DEBUG]    車手2數據點數: 500
2025-10-05 01:59:02 | INFO | f1.console | [ACCEL DEBUG] ✅ 步驟3: API 數據處理完成
2025-10-05 01:59:02 | INFO | f1.console | [ACCEL DEBUG] 📊 步驟4: 發送進度和狀態信號
2025-10-05 01:59:02 | INFO | f1.console | [ACCEL DEBUG] ✅ 步驟4: 狀態更新完成
2025-10-05 01:59:02 | INFO | f1.console | [ACCEL DEBUG] 🚀 步驟5: 即將發送 data_loaded 信號
2025-10-05 01:59:02 | INFO | f1.console | [ACCEL DEBUG] 📡 信號接收者數量: 1
2025-10-05 01:59:02 | INFO | f1.console | [acceleration_MDI_DATA] ✅ acceleration數據載入完成
2025-10-05 01:59:02 | INFO | f1.console | [acceleration_MDI] 更新acceleration圖表
2025-10-05 01:59:02 | INFO | f1.console | [acceleration_CHART] ========== 更新acceleration數據 ==========
2025-10-05 01:59:02 | INFO | f1.console | [acceleration_CHART] 收到數據鍵: ['metadata', 'acceleration_data', 'statistics']
2025-10-05 01:59:02 | INFO | f1.console | [acceleration_CHART] metadata 鍵: ['drivers', 'sectors', 'year', 'race', 'session', 'telemetry_type', 'display_name', 'unit', 'analysis_timestamp', 'data_source', 'api']
2025-10-05 01:59:02 | INFO | f1.console | [acceleration_CHART] acceleration_data 鍵: ['distance', 'driver1_acceleration', 'driver2_acceleration', 'driver1_name', 'driver2_name']
2025-10-05 01:59:02 | INFO | f1.console | [acceleration_CHART] statistics 鍵: ['driver1', 'driver2', 'distance']
2025-10-05 01:59:02 | INFO | f1.console | [acceleration_CHART] 車手數量: 2
2025-10-05 01:59:02 | INFO | f1.console | [acceleration_CHART] 賽道區段: 0
2025-10-05 01:59:02 | INFO | f1.console | [acceleration_CHART] 距離數據點: 500
2025-10-05 01:59:02 | INFO | f1.console | [acceleration_CHART] 車手1 acceleration數據點: 500
2025-10-05 01:59:02 | INFO | f1.console | [acceleration_CHART] 車手2 acceleration數據點: 500
2025-10-05 01:59:02 | INFO | f1.console | [acceleration_CHART] 車手名稱更新: VER vs HAM
2025-10-05 01:59:02 | INFO | f1.console | [acceleration_CHART] 🎯 使用雙車手模式顯示: VER vs HAM
2025-10-05 01:59:02 | INFO | f1.console | [acceleration_CHART] 📊 更新圖表...
2025-10-05 01:59:02 | INFO | f1.console | [ACC_CHART_SET] 接收數據: distance=500, acc1=500, acc2=500
2025-10-05 01:59:02 | INFO | f1.console | [ACC_CHART_SET] 車手: VER vs HAM
2025-10-05 01:59:02 | ERROR | f1.console | [ERROR] [acceleration CHART WIDGET] 更新數據失敗: must be real number, not NoneType
2025-10-05 01:59:02 | INFO | f1.console | [TOOLBAR_STATUS] 已更新: acceleration分析 | 1:23.081 | 1:24.218 | MEDIUM | HARD | VER 第99圈 vs HAM 第99圈
2025-10-05 01:59:02 | INFO | f1.console | [acceleration_MDI] 已更新工具欄狀態: acceleration分析
2025-10-05 01:59:02 | INFO | f1.console | [ACCEL DEBUG] ✅ 步驟5: data_loaded 信號已發送
2025-10-05 01:59:02 | INFO | f1.console | [ACCEL DEBUG] ========== _handle_api_success 完成 ==========
2025-10-05 01:59:02 | INFO | f1.console | [GEAR DEBUG] ========== _handle_api_success 開始 ==========
2025-10-05 01:59:02 | INFO | f1.console | [GEAR DEBUG] 📦 data 類型: <class 'dict'>
2025-10-05 01:59:02 | INFO | f1.console | [GEAR DEBUG] 📦 data 鍵值: ['analysis_type', 'metadata', 'results', 'file_info', 'cache_info']
2025-10-05 01:59:02 | INFO | f1.console | [GEAR DEBUG] ✅ 數據格式驗證通過
2025-10-05 01:59:02 | INFO | f1.console | [GEAR DEBUG] ✅ 步驟1: 數據格式驗證通過
2025-10-05 01:59:02 | INFO | f1.console | [GEAR DEBUG] 📝 步驟2: 設置 metadata
2025-10-05 01:59:02 | INFO | f1.console | [GEAR DEBUG] ✅ 步驟2: metadata 設置完成
2025-10-05 01:59:02 | INFO | f1.console | [GEAR DEBUG] � 步驟3: 處理遙測數據
2025-10-05 01:59:02 | INFO | f1.console | [GEAR DEBUG] 🔧 處理遙測數據...
2025-10-05 01:59:02 | INFO | f1.console | [GEAR DEBUG] 常規遙測原始數據鍵值: ['name', 'driver1_data', 'driver2_data', 'distance']
2025-10-05 01:59:02 | INFO | f1.console | [GEAR DEBUG] 距離數據點數: 500
2025-10-05 01:59:02 | INFO | f1.console | [GEAR DEBUG] 車手1數據點數: 500
2025-10-05 01:59:02 | INFO | f1.console | [GEAR DEBUG] 車手2數據點數: 500
2025-10-05 01:59:02 | INFO | f1.console | [GEAR DEBUG] ✅ Gear Analysis數據處理完成
2025-10-05 01:59:02 | INFO | f1.console | [GEAR DEBUG]    距離點數: 500
2025-10-05 01:59:02 | INFO | f1.console | [GEAR DEBUG]    車手1數據點數: 500
2025-10-05 01:59:02 | INFO | f1.console | [GEAR DEBUG]    車手2數據點數: 500
2025-10-05 01:59:02 | INFO | f1.console | [GEAR DEBUG] ✅ 步驟3: API 數據處理完成
2025-10-05 01:59:02 | INFO | f1.console | [GEAR DEBUG] 📊 步驟4: 發送進度和狀態信號
2025-10-05 01:59:02 | INFO | f1.console | [GEAR DEBUG] ✅ 步驟4: 狀態更新完成
2025-10-05 01:59:02 | INFO | f1.console | [GEAR DEBUG] 🚀 步驟5: 即將發送 data_loaded 信號
2025-10-05 01:59:02 | INFO | f1.console | [GEAR DEBUG] 📡 信號接收者數量: 1
2025-10-05 01:59:02 | INFO | f1.console | [gear_MDI_DATA] ✅ gear數據載入完成
2025-10-05 01:59:02 | INFO | f1.console | [gear_MDI] 更新gear圖表
2025-10-05 01:59:02 | INFO | f1.console | [gear_CHART] ========== 更新gear數據 ==========
2025-10-05 01:59:02 | INFO | f1.console | [gear_CHART] 收到數據鍵: ['metadata', 'gear_data', 'statistics']
2025-10-05 01:59:02 | INFO | f1.console | [gear_CHART] metadata 鍵: ['drivers', 'sectors', 'year', 'race', 'session', 'telemetry_type', 'display_name', 'unit', 'analysis_timestamp', 'data_source', 'api']
2025-10-05 01:59:02 | INFO | f1.console | [gear_CHART] gear_data 鍵: ['distance', 'driver1_gear', 'driver2_gear', 'driver1_name', 'driver2_name']
2025-10-05 01:59:02 | INFO | f1.console | [gear_CHART] statistics 鍵: ['driver1', 'driver2', 'distance']
2025-10-05 01:59:02 | INFO | f1.console | [gear_CHART] 車手數量: 2
2025-10-05 01:59:02 | INFO | f1.console | [gear_CHART] 賽道區段: 0
2025-10-05 01:59:02 | INFO | f1.console | [gear_CHART] 距離數據點: 500
2025-10-05 01:59:02 | INFO | f1.console | [gear_CHART] 車手1 gear數據點: 500
2025-10-05 01:59:02 | INFO | f1.console | [gear_CHART] 車手2 gear數據點: 500
2025-10-05 01:59:02 | INFO | f1.console | [gear_CHART] 車手名稱更新: VER vs HAM
2025-10-05 01:59:02 | INFO | f1.console | [gear_CHART] 🎯 使用雙車手模式顯示: VER vs HAM
2025-10-05 01:59:02 | INFO | f1.console | [gear_CHART] 📊 更新圖表...
2025-10-05 01:59:02 | INFO | f1.console | [gear_CHART] ✅ 圖表更新完成
2025-10-05 01:59:02 | INFO | f1.console | [gear_CHART] 📋 更新統計表格...
2025-10-05 01:59:02 | INFO | f1.console | [gear_CHART] 📊 統計表格更新 - 收到statistics: {'driver1': {'max': 8.0, 'min': 2.0, 'avg': 6.091702071127874, 'count': 500}, 'driver2': {'max': 8.0, 'min': 3.0, 'avg': 6.283930600690043, 'count': 500}, 'distance': {'min': 0.2663176582347595, 'max': 5220.817433247852, 'total_points': 500}}
2025-10-05 01:59:02 | INFO | f1.console | [gear_CHART] driver1_stats: {}
2025-10-05 01:59:02 | INFO | f1.console | [gear_CHART] driver2_stats: {}
2025-10-05 01:59:02 | INFO | f1.console | [gear_CHART] comparison: {}
2025-10-05 01:59:02 | INFO | f1.console | [gear_CHART] 表格數據行: [('最高轉速 (gear)', '0', '0', '0'), ('平均轉速 (gear)', '0', '0', '0'), ('最低轉速 (gear)', '0', '0', '0')]
2025-10-05 01:59:02 | INFO | f1.console | [gear CHART WIDGET] ✅ 統計表格更新完成
2025-10-05 01:59:02 | INFO | f1.console | [gear_CHART] 📋 更新狀態資訊...
2025-10-05 01:59:02 | INFO | f1.console | [gear_CHART] ✅ 全部更新完成
2025-10-05 01:59:02 | INFO | f1.console | [TOOLBAR_STATUS] 已更新: gear分析 | 1:23.081 | 1:24.218 | MEDIUM | HARD | VER 第99圈 vs HAM 第99圈
2025-10-05 01:59:02 | INFO | f1.console | [gear_MDI] 已更新工具欄狀態: gear分析
2025-10-05 01:59:02 | INFO | f1.console | [GEAR DEBUG] ✅ 步驟5: data_loaded 信號已發送
2025-10-05 01:59:02 | INFO | f1.console | [GEAR DEBUG] ========== _handle_api_success 完成 ==========
2025-10-05 01:59:02 | INFO | f1.console | [BRAKE DEBUG] ========== _handle_api_success 開始 ==========
2025-10-05 01:59:02 | INFO | f1.console | [BRAKE DEBUG] 📦 data 類型: <class 'dict'>
2025-10-05 01:59:02 | INFO | f1.console | [BRAKE DEBUG] 📦 data 鍵值: ['analysis_type', 'metadata', 'results', 'file_info', 'cache_info']
2025-10-05 01:59:02 | INFO | f1.console | [BRAKE DEBUG] ✅ 數據格式驗證通過
2025-10-05 01:59:02 | INFO | f1.console | [BRAKE DEBUG] ✅ 步驟1: 數據格式驗證通過
2025-10-05 01:59:02 | INFO | f1.console | [BRAKE DEBUG] 📝 步驟2: 設置 metadata
2025-10-05 01:59:02 | INFO | f1.console | [BRAKE DEBUG] ✅ 步驟2: metadata 設置完成
2025-10-05 01:59:02 | INFO | f1.console | [BRAKE DEBUG] � 步驟3: 處理遙測數據
2025-10-05 01:59:02 | INFO | f1.console | [BRAKE DEBUG] 🔧 處理遙測數據...
2025-10-05 01:59:02 | INFO | f1.console | [BRAKE DEBUG] 常規遙測原始數據鍵值: ['name', 'driver1_data', 'driver2_data', 'distance']
2025-10-05 01:59:02 | INFO | f1.console | [BRAKE DEBUG] 距離數據點數: 500
2025-10-05 01:59:02 | INFO | f1.console | [BRAKE DEBUG] 車手1數據點數: 500
2025-10-05 01:59:02 | INFO | f1.console | [BRAKE DEBUG] 車手2數據點數: 500
2025-10-05 01:59:02 | INFO | f1.console | [BRAKE DEBUG] ✅ Brake Analysis數據處理完成
2025-10-05 01:59:02 | INFO | f1.console | [BRAKE DEBUG]    距離點數: 500
2025-10-05 01:59:02 | INFO | f1.console | [BRAKE DEBUG]    車手1數據點數: 500
2025-10-05 01:59:02 | INFO | f1.console | [BRAKE DEBUG]    車手2數據點數: 500
2025-10-05 01:59:02 | INFO | f1.console | [BRAKE DEBUG] ✅ 步驟3: API 數據處理完成
2025-10-05 01:59:02 | INFO | f1.console | [BRAKE DEBUG] 📊 步驟4: 發送進度和狀態信號
2025-10-05 01:59:02 | INFO | f1.console | [BRAKE DEBUG] ✅ 步驟4: 狀態更新完成
2025-10-05 01:59:02 | INFO | f1.console | [BRAKE DEBUG] 🚀 步驟5: 即將發送 data_loaded 信號
2025-10-05 01:59:02 | INFO | f1.console | [BRAKE DEBUG] 📡 信號接收者數量: 1
2025-10-05 01:59:02 | INFO | f1.console | [brake_MDI_DATA] ✅ brake數據載入完成
2025-10-05 01:59:02 | INFO | f1.console | [brake_MDI] 更新brake圖表
2025-10-05 01:59:02 | INFO | f1.console | [brake_CHART] ========== 更新brake數據 ==========
2025-10-05 01:59:02 | INFO | f1.console | [brake_CHART] 收到數據鍵: ['metadata', 'brake_data', 'statistics']
2025-10-05 01:59:02 | INFO | f1.console | [brake_CHART] metadata 鍵: ['drivers', 'sectors', 'year', 'race', 'session', 'telemetry_type', 'display_name', 'unit', 'analysis_timestamp', 'data_source', 'api']
2025-10-05 01:59:02 | INFO | f1.console | [brake_CHART] brake_data 鍵: ['distance', 'driver1_brake', 'driver2_brake', 'driver1_name', 'driver2_name']
2025-10-05 01:59:02 | INFO | f1.console | [brake_CHART] statistics 鍵: ['driver1', 'driver2', 'distance']
2025-10-05 01:59:02 | INFO | f1.console | [brake_CHART] 車手數量: 2
2025-10-05 01:59:02 | INFO | f1.console | [brake_CHART] 賽道區段: 0
2025-10-05 01:59:02 | INFO | f1.console | [brake_CHART] 距離數據點: 500
2025-10-05 01:59:02 | INFO | f1.console | [brake_CHART] 車手1 brake數據點: 500
2025-10-05 01:59:02 | INFO | f1.console | [brake_CHART] 車手2 brake數據點: 500
2025-10-05 01:59:02 | INFO | f1.console | [brake_CHART] 車手名稱更新: VER vs HAM
2025-10-05 01:59:02 | INFO | f1.console | [brake_CHART] 🎯 使用雙車手模式顯示: VER vs HAM
2025-10-05 01:59:02 | INFO | f1.console | [brake_CHART] 📊 更新圖表...
2025-10-05 01:59:02 | INFO | f1.console | [brake_CHART] ✅ 圖表更新完成
2025-10-05 01:59:02 | INFO | f1.console | [brake_CHART] 📋 更新統計表格...
2025-10-05 01:59:02 | INFO | f1.console | [brake_CHART] 📊 統計表格更新 - 收到statistics: {'driver1': {'max': 1.0, 'min': 0.0, 'avg': 0.19867890600402782, 'count': 500}, 'driver2': {'max': 1.0, 'min': 0.0, 'avg': 0.31675259817382095, 'count': 500}, 'distance': {'min': -0.04020749259712828, 'max': 5288.339081316633, 'total_points': 500}}
2025-10-05 01:59:02 | INFO | f1.console | [brake_CHART] driver1_stats: {}
2025-10-05 01:59:02 | INFO | f1.console | [brake_CHART] driver2_stats: {}
2025-10-05 01:59:02 | INFO | f1.console | [brake_CHART] comparison: {}
2025-10-05 01:59:02 | INFO | f1.console | [brake_CHART] 表格數據行: [('最高轉速 (brake)', '0', '0', '0'), ('平均轉速 (brake)', '0', '0', '0'), ('最低轉速 (brake)', '0', '0', '0')]
2025-10-05 01:59:02 | INFO | f1.console | [brake CHART WIDGET] ✅ 統計表格更新完成
2025-10-05 01:59:02 | INFO | f1.console | [brake_CHART] 📋 更新狀態資訊...
2025-10-05 01:59:02 | INFO | f1.console | [brake_CHART] ✅ 全部更新完成
2025-10-05 01:59:02 | INFO | f1.console | [TOOLBAR_STATUS] 已更新: brake分析 | 1:59.392 | 2:12.883 | INTERMEDIATE | INTERMEDIATE | VER 第99圈 vs HAM 第99圈
2025-10-05 01:59:02 | INFO | f1.console | [brake_MDI] 已更新工具欄狀態: brake分析
2025-10-05 01:59:02 | INFO | f1.console | [BRAKE DEBUG] ✅ 步驟5: data_loaded 信號已發送
2025-10-05 01:59:02 | INFO | f1.console | [BRAKE DEBUG] ========== _handle_api_success 完成 ==========
2025-10-05 01:59:07 | INFO | f1.console | [FINISH] [MAIN] 主視窗賽事變更為: China
2025-10-05 01:59:07 | INFO | f1.console | [TITLE] 更新子窗口標題: 🌧️ Rain Analysis -> 🌧️ Rain Analysis_2025_China_R
2025-10-05 01:59:07 | INFO | f1.console | [TITLE] 更新子窗口標題: Track Analysis - 2025 Australia R -> Track Analysis - 2025 Australia R_2025_China_R
2025-10-05 01:59:07 | INFO | f1.console | [TITLE] 更新子窗口標題: Pitstop Analysis -> Pitstop Analysis_2025_China_R
2025-10-05 01:59:07 | INFO | f1.console | [TITLE] 更新子窗口標題: Accident Analysis -> Accident Analysis_2025_China_R
2025-10-05 01:59:07 | INFO | f1.console | [TITLE] 更新子窗口標題: Tire Strategy Analysis -> Tire Strategy Analysis_2025_China_R
2025-10-05 01:59:07 | INFO | f1.console | [TITLE] 更新子窗口標題: Speed Analysis -> Speed Analysis_2025_China_R
2025-10-05 01:59:07 | INFO | f1.console | [TITLE] 更新子窗口標題: Brake Analysis -> Brake Analysis_2025_China_R
2025-10-05 01:59:07 | INFO | f1.console | [TITLE] 更新子窗口標題: Throttle Analysis -> Throttle Analysis_2025_China_R
2025-10-05 01:59:07 | INFO | f1.console | [TITLE] 更新子窗口標題: Gear Analysis -> Gear Analysis_2025_China_R
2025-10-05 01:59:07 | INFO | f1.console | [TITLE] 更新子窗口標題: RPM Analysis -> RPM Analysis_2025_China_R
2025-10-05 01:59:07 | INFO | f1.console | [TITLE] 更新子窗口標題: Acceleration Analysis -> Acceleration Analysis_2025_China_R
2025-10-05 01:59:07 | INFO | f1.console | [TITLE] 更新子窗口標題: ⚡ Speed Diff Analysis -> ⚡ Speed Diff Analysis_2025_China_R
2025-10-05 01:59:07 | INFO | f1.console | [TITLE] 更新子窗口標題: 📏 Distance Diff Analysis -> 📏 Distance Diff Analysis_2025_China_R
2025-10-05 01:59:07 | INFO | f1.console | [TITLE] 更新子窗口標題: Lap Time Box Plot - 2025 Australia (2025-03-16) R -> Lap Time Box Plot - 2025 Australia (2025-03-16) R_2025_China_R
2025-10-05 01:59:07 | INFO | f1.console | [TITLE] 更新子窗口標題: Detailed Lap Analysis - 2025 Australia (2025-03-16) R - VER -> Detailed Lap Analysis - 2025 Australia (2025-03-16) R - VER_2025_China_R
2025-10-05 01:59:07 | INFO | f1.console | [REFRESH] [SYNC] 開始同步 race = China 到所有MDI子視窗
2025-10-05 01:59:07 | INFO | f1.console | [LINK] [SYNC] 已註冊的MDI區域數量: 1
2025-10-05 01:59:07 | INFO | f1.console | [SEARCH] [SYNC] 檢查MDI區域 1/1: AnalysisMDIArea
2025-10-05 01:59:07 | INFO | f1.console | [TEST] [SYNC] 向MDI區域 AnalysisMDIArea 的 15 個子視窗發送參數變更通知
2025-10-05 01:59:07 | INFO | f1.console | [TEST] [SYNC] 發送通知到子視窗: 🌧️ Rain Analysis_2025_China_R (race=China)
2025-10-05 01:59:07 | INFO | f1.console | [ANNOUNCE] [NOTIFICATION] 🌧️ Rain Analysis_2025_China_R 收到主視窗更新通知: race=China
2025-10-05 01:59:07 | INFO | f1.console | [SEARCH] [NOTIFICATION] 🌧️ Rain Analysis_2025_China_R 使用屬性檢查同步狀態: True
2025-10-05 01:59:07 | INFO | f1.console | [GREEN] [NOTIFICATION] 🌧️ Rain Analysis_2025_China_R 同步已啟用，處理參數更新
2025-10-05 01:59:07 | INFO | f1.console | [TITLE] [MODULE] 使用模組標題: 🌧️ Rain Analysis_2025_China_R
2025-10-05 01:59:07 | INFO | f1.console | [LABEL] [TITLE] 標題已更新: 🌧️ Rain Analysis_2025_China_R
2025-10-05 01:59:07 | INFO | f1.console | [UPDATE_DEBUG] ========== 視窗更新請求 ==========
2025-10-05 01:59:07 | INFO | f1.console | [UPDATE_DEBUG] 視窗標題: 🌧️ Rain Analysis_2025_China_R
2025-10-05 01:59:07 | INFO | f1.console | [UPDATE_DEBUG] 是否有 analysis_module: True
2025-10-05 01:59:07 | INFO | f1.console | [UPDATE_DEBUG] 🎯 使用新版模組更新邏輯
2025-10-05 01:59:07 | INFO | f1.console | [TITLE] [MODULE] 使用模組標題: 🌧️ Rain Analysis_2025_China_R
2025-10-05 01:59:07 | INFO | f1.console | [LABEL] [TITLE] 標題已更新: 🌧️ Rain Analysis_2025_China_R
2025-10-05 01:59:07 | INFO | f1.console | [REFRESH] [🌧️ Rain Analysis_2025_China_R] 更新視窗數據: 2025 China R
2025-10-05 01:59:07 | INFO | f1.console | 🔄 [RAIN_MODULE] update_parameters 被調用: 2025, China, R
2025-10-05 01:59:07 | INFO | f1.console | [RAIN_MDI] ========== 降雨參數更新 ==========
2025-10-05 01:59:07 | INFO | f1.console | [RAIN_MDI] 收到參數: 2025 China R
2025-10-05 01:59:07 | INFO | f1.console | [RAIN_MDI] 更新數據管理器參數...
2025-10-05 01:59:07 | INFO | f1.console | [RAIN_MDI] 開始載入數據...
2025-10-05 01:59:07 | INFO | f1.console | [[RAIN_ANALYSIS] DEBUG] 透過 API 載入降雨資料: base_url=http://127.0.0.1:8000, params={'year': 2025, 'race': 'China', 'session': 'R'}
2025-10-05 01:59:07 | INFO | f1.console | [RAIN_MDI] 數據載入結果: True
2025-10-05 01:59:07 | INFO | f1.console | [RAIN_MDI] 更新圖表數據...
2025-10-05 01:59:07 | INFO | f1.console | ✅ [RAIN_CHART] update_data 被調用!
2025-10-05 01:59:07 | INFO | f1.console |    - 自身類型: <class 'modules.gui.rain_analysis.rain_analysis_chart_widget.RainAnalysisChartWidget'>
2025-10-05 01:59:07 | INFO | f1.console |    - 數據類型: <class 'dict'>
2025-10-05 01:59:07 | INFO | f1.console |    - 數據鍵: ['charts_data']
2025-10-05 01:59:07 | INFO | f1.console | [RAIN_RANGE_DEBUG] 計算範圍，圖表類型: primary
2025-10-05 01:59:07 | INFO | f1.console | [RAIN_RANGE_DEBUG] 可用數據鍵: ['x_data', 'y1_data', 'y2_data', 'y1_label', 'y2_label', 'title']
2025-10-05 01:59:07 | INFO | f1.console | [RAIN_RANGE_DEBUG] X軸範圍(圈數): (1, 57)
2025-10-05 01:59:07 | INFO | f1.console | [RAIN_RANGE_DEBUG] 溫度數據: min=15.100, max=16.600
2025-10-05 01:59:07 | INFO | f1.console | [RAIN_RANGE_DEBUG] 左Y軸範圍(溫度): (14.875, 16.825000000000003)
2025-10-05 01:59:07 | INFO | f1.console | [RAIN_RANGE_DEBUG] 邊距: 0.225
2025-10-05 01:59:07 | INFO | f1.console | [RAIN_MDI] 參數更新完成
2025-10-05 01:59:07 | INFO | f1.console | [[RAIN_ANALYSIS] DEBUG] 已有載入請求執行中，忽略新的請求
2025-10-05 01:59:07 | ERROR | f1.console | ⚠️ [RAIN_MODULE] 參數更新失敗
2025-10-05 01:59:07 | ERROR | f1.console | [WARNING] [MODULE] 🌧️ Rain Analysis_2025_China_R 模組更新失敗
2025-10-05 01:59:07 | WARNING | f1.console | [WARNING] [NOTIFICATION] 🌧️ Rain Analysis_2025_China_R 內容更新完成但可能有問題
2025-10-05 01:59:07 | INFO | f1.console | [OK] [SYNC] 已發送通知到: 🌧️ Rain Analysis_2025_China_R
2025-10-05 01:59:07 | INFO | f1.console | [TEST] [SYNC] 發送通知到子視窗: Track Analysis - 2025 Australia R_2025_China_R (race=China)
2025-10-05 01:59:07 | INFO | f1.console | [ANNOUNCE] [NOTIFICATION] Track Analysis - 2025 Australia R_2025_China_R 收到主視窗更新通知: race=China
2025-10-05 01:59:07 | INFO | f1.console | [SEARCH] [NOTIFICATION] Track Analysis - 2025 Australia R_2025_China_R 使用屬性檢查同步狀態: True
2025-10-05 01:59:07 | INFO | f1.console | [GREEN] [NOTIFICATION] Track Analysis - 2025 Australia R_2025_China_R 同步已啟用，處理參數更新
2025-10-05 01:59:07 | INFO | f1.console | [TITLE] [MODULE] 使用模組標題: Track Analysis - 2025 China R
2025-10-05 01:59:07 | INFO | f1.console | [LABEL] [TITLE] 標題已更新: Track Analysis - 2025 China R
2025-10-05 01:59:07 | INFO | f1.console | [UPDATE_DEBUG] ========== 視窗更新請求 ==========
2025-10-05 01:59:07 | INFO | f1.console | [UPDATE_DEBUG] 視窗標題: Track Analysis - 2025 China R
2025-10-05 01:59:07 | INFO | f1.console | [UPDATE_DEBUG] 是否有 analysis_module: True
2025-10-05 01:59:07 | INFO | f1.console | [UPDATE_DEBUG] 🎯 使用新版模組更新邏輯
2025-10-05 01:59:07 | INFO | f1.console | [TITLE] [MODULE] 使用模組標題: Track Analysis - 2025 China R
2025-10-05 01:59:07 | INFO | f1.console | [LABEL] [TITLE] 標題已更新: Track Analysis - 2025 China R
2025-10-05 01:59:07 | INFO | f1.console | [REFRESH] [Track Analysis - 2025 China R] 更新視窗數據: 2025 China R
2025-10-05 01:59:07 | INFO | f1.console | [TRACK_ANALYSIS_MDI] ========== 更新參數 ==========
2025-10-05 01:59:07 | INFO | f1.console | [TRACK_ANALYSIS_MDI] 參數: 2025 China R
2025-10-05 01:59:07 | INFO | f1.console | [REFRESH] [MODULE] Track Analysis - 2025 China R 參數已更新: {'year': '2025', 'race': 'China', 'session': 'R'}
2025-10-05 01:59:07 | INFO | f1.console | [[TRACK_ANALYSIS] DEBUG] 透過 API 載入賽道資料: base_url=http://127.0.0.1:8000, params={'year': 2025, 'race': 'China', 'session': 'R'}
2025-10-05 01:59:07 | INFO | f1.console | [TRACK_ANALYSIS_MDI] 狀態: 正在透過 API 載入賽道分析資料...
2025-10-05 01:59:07 | INFO | f1.console | [OK] [MODULE] Track Analysis - 2025 China R 模組更新成功
2025-10-05 01:59:07 | INFO | f1.console | [OK] [NOTIFICATION] Track Analysis - 2025 Australia R_2025_China_R 內容更新成功
2025-10-05 01:59:07 | INFO | f1.console | [OK] [SYNC] 已發送通知到: Track Analysis - 2025 Australia R_2025_China_R
2025-10-05 01:59:07 | INFO | f1.console | [TEST] [SYNC] 發送通知到子視窗: Pitstop Analysis_2025_China_R (race=China)
2025-10-05 01:59:07 | INFO | f1.console | [ANNOUNCE] [NOTIFICATION] Pitstop Analysis_2025_China_R 收到主視窗更新通知: race=China
2025-10-05 01:59:07 | INFO | f1.console | [SEARCH] [NOTIFICATION] Pitstop Analysis_2025_China_R 使用屬性檢查同步狀態: True
2025-10-05 01:59:07 | INFO | f1.console | [GREEN] [NOTIFICATION] Pitstop Analysis_2025_China_R 同步已啟用，處理參數更新
2025-10-05 01:59:07 | INFO | f1.console | [TITLE] [MODULE] 使用模組標題: Pitstop Analysis_2025_China_R
2025-10-05 01:59:07 | INFO | f1.console | [LABEL] [TITLE] 標題已更新: Pitstop Analysis_2025_China_R
2025-10-05 01:59:07 | INFO | f1.console | [UPDATE_DEBUG] ========== 視窗更新請求 ==========
2025-10-05 01:59:07 | INFO | f1.console | [UPDATE_DEBUG] 視窗標題: Pitstop Analysis_2025_China_R
2025-10-05 01:59:07 | INFO | f1.console | [UPDATE_DEBUG] 是否有 analysis_module: True
2025-10-05 01:59:07 | INFO | f1.console | [UPDATE_DEBUG] 🎯 使用新版模組更新邏輯
2025-10-05 01:59:07 | INFO | f1.console | [TITLE] [MODULE] 使用模組標題: Pitstop Analysis_2025_China_R
2025-10-05 01:59:07 | INFO | f1.console | [LABEL] [TITLE] 標題已更新: Pitstop Analysis_2025_China_R
2025-10-05 01:59:07 | INFO | f1.console | [REFRESH] [Pitstop Analysis_2025_China_R] 更新視窗數據: 2025 China R
2025-10-05 01:59:07 | INFO | f1.console | 🔄 [PITSTOP_MODULE] 參數變更觸發數據重載: 2025 China R
2025-10-05 01:59:07 | INFO | f1.console | [REFRESH] [MODULE] Pitstop Analysis_2025_China_R 參數已更新: {'year': 2025, 'race': 'China', 'session': 'R', 'module': 'PitstopAnalysis'}
2025-10-05 01:59:07 | INFO | f1.console | 📅 [PITSTOP_MODULE] 已安排數據載入任務: 2025 China R
2025-10-05 01:59:07 | INFO | f1.console | [OK] [MODULE] Pitstop Analysis_2025_China_R 模組更新成功
2025-10-05 01:59:07 | INFO | f1.console | [OK] [NOTIFICATION] Pitstop Analysis_2025_China_R 內容更新成功
2025-10-05 01:59:07 | INFO | f1.console | [OK] [SYNC] 已發送通知到: Pitstop Analysis_2025_China_R
2025-10-05 01:59:07 | INFO | f1.console | [TEST] [SYNC] 發送通知到子視窗: Accident Analysis_2025_China_R (race=China)
2025-10-05 01:59:07 | INFO | f1.console | [ANNOUNCE] [NOTIFICATION] Accident Analysis_2025_China_R 收到主視窗更新通知: race=China
2025-10-05 01:59:07 | INFO | f1.console | [SEARCH] [NOTIFICATION] Accident Analysis_2025_China_R 使用屬性檢查同步狀態: True
2025-10-05 01:59:07 | INFO | f1.console | [GREEN] [NOTIFICATION] Accident Analysis_2025_China_R 同步已啟用，處理參數更新
2025-10-05 01:59:07 | INFO | f1.console | [TITLE] [MODULE] 使用模組標題: Accident Analysis_2025_China_R
2025-10-05 01:59:07 | INFO | f1.console | [LABEL] [TITLE] 標題已更新: Accident Analysis_2025_China_R
2025-10-05 01:59:07 | INFO | f1.console | [UPDATE_DEBUG] ========== 視窗更新請求 ==========
2025-10-05 01:59:07 | INFO | f1.console | [UPDATE_DEBUG] 視窗標題: Accident Analysis_2025_China_R
2025-10-05 01:59:07 | INFO | f1.console | [UPDATE_DEBUG] 是否有 analysis_module: True
2025-10-05 01:59:07 | INFO | f1.console | [UPDATE_DEBUG] 🎯 使用新版模組更新邏輯
2025-10-05 01:59:07 | INFO | f1.console | [TITLE] [MODULE] 使用模組標題: Accident Analysis_2025_China_R
2025-10-05 01:59:07 | INFO | f1.console | [LABEL] [TITLE] 標題已更新: Accident Analysis_2025_China_R
2025-10-05 01:59:07 | INFO | f1.console | [REFRESH] [Accident Analysis_2025_China_R] 更新視窗數據: 2025 China R
2025-10-05 01:59:07 | INFO | f1.console | 🔄 [ACCIDENT_MODULE] 參數變更觸發數據重載: 2025 China R
2025-10-05 01:59:07 | INFO | f1.console | 🔄 [ACCIDENT_MODULE] ========== 載入事故分析數據 ==========
2025-10-05 01:59:07 | INFO | f1.console | 🔄 [ACCIDENT_MODULE] 載入參數: 2025 China R
2025-10-05 01:59:07 | INFO | f1.console | [AccidentStatisticsWidget] 表格數據已清除
2025-10-05 01:59:07 | INFO | f1.console | [AccidentStatisticsWidget] 顯示載入狀態
2025-10-05 01:59:07 | ERROR | f1.console | [WARNING] [MODULE] Accident Analysis_2025_China_R 模組更新失敗
2025-10-05 01:59:07 | WARNING | f1.console | [WARNING] [NOTIFICATION] Accident Analysis_2025_China_R 內容更新完成但可能有問題
2025-10-05 01:59:07 | INFO | f1.console | [OK] [SYNC] 已發送通知到: Accident Analysis_2025_China_R
2025-10-05 01:59:07 | INFO | f1.console | [TEST] [SYNC] 發送通知到子視窗: Tire Strategy Analysis_2025_China_R (race=China)
2025-10-05 01:59:07 | INFO | f1.console | [ANNOUNCE] [NOTIFICATION] Tire Strategy Analysis_2025_China_R 收到主視窗更新通知: race=China
2025-10-05 01:59:07 | INFO | f1.console | [SEARCH] [NOTIFICATION] Tire Strategy Analysis_2025_China_R 使用屬性檢查同步狀態: True
2025-10-05 01:59:07 | INFO | f1.console | [GREEN] [NOTIFICATION] Tire Strategy Analysis_2025_China_R 同步已啟用，處理參數更新
2025-10-05 01:59:07 | INFO | f1.console | [TITLE] [MODULE] 使用模組標題: Tire Strategy Analysis_2025_China_R
2025-10-05 01:59:07 | INFO | f1.console | [LABEL] [TITLE] 標題已更新: Tire Strategy Analysis_2025_China_R
2025-10-05 01:59:07 | INFO | f1.console | [UPDATE_DEBUG] ========== 視窗更新請求 ==========
2025-10-05 01:59:07 | INFO | f1.console | [UPDATE_DEBUG] 視窗標題: Tire Strategy Analysis_2025_China_R
2025-10-05 01:59:07 | INFO | f1.console | [UPDATE_DEBUG] 是否有 analysis_module: True
2025-10-05 01:59:07 | INFO | f1.console | [UPDATE_DEBUG] 🎯 使用新版模組更新邏輯
2025-10-05 01:59:07 | INFO | f1.console | [TITLE] [MODULE] 使用模組標題: Tire Strategy Analysis_2025_China_R
2025-10-05 01:59:07 | INFO | f1.console | [LABEL] [TITLE] 標題已更新: Tire Strategy Analysis_2025_China_R
2025-10-05 01:59:07 | INFO | f1.console | [REFRESH] [Tire Strategy Analysis_2025_China_R] 更新視窗數據: 2025 China R
2025-10-05 01:59:07 | INFO | f1.console | 🔄 [tire_MODULE] update_parameters called: 2025, China, R
2025-10-05 01:59:07 | INFO | f1.console | [TIRE_MDI] ========== 輪胎策略參數更新 ==========
2025-10-05 01:59:07 | INFO | f1.console | [TIRE_MDI] 收到參數: 2025 China R
2025-10-05 01:59:07 | INFO | f1.console | [TIRE_MDI] 更新數據管理器參數...
2025-10-05 01:59:07 | INFO | f1.console | [TIRE_MDI] 開始載入數據...
2025-10-05 01:59:07 | INFO | f1.console | [[TIRE_ANALYSIS] DEBUG] 透過 API 載入輪胎策略資料: base_url=http://127.0.0.1:8000, params={'year': 2025, 'race': 'China', 'session': 'R'}
2025-10-05 01:59:07 | INFO | f1.console | [TIRE_MDI] 數據載入結果: True
2025-10-05 01:59:07 | INFO | f1.console | [TIRE_MDI] 等待 data_loaded 信號進行圖表更新 (非同步載入) ...
2025-10-05 01:59:07 | INFO | f1.console | [TIRE_MDI] 參數更新完成
2025-10-05 01:59:07 | INFO | f1.console | [[TIRE_ANALYSIS] DEBUG] 已有載入請求執行中，忽略新的請求
2025-10-05 01:59:07 | WARNING | f1.console | ⚠️ [tire_MODULE] Parameter update failed
2025-10-05 01:59:07 | ERROR | f1.console | [WARNING] [MODULE] Tire Strategy Analysis_2025_China_R 模組更新失敗
2025-10-05 01:59:07 | WARNING | f1.console | [WARNING] [NOTIFICATION] Tire Strategy Analysis_2025_China_R 內容更新完成但可能有問題
2025-10-05 01:59:07 | INFO | f1.console | [OK] [SYNC] 已發送通知到: Tire Strategy Analysis_2025_China_R
2025-10-05 01:59:07 | INFO | f1.console | [TEST] [SYNC] 發送通知到子視窗: Speed Analysis_2025_China_R (race=China)
2025-10-05 01:59:07 | INFO | f1.console | [ANNOUNCE] [NOTIFICATION] Speed Analysis_2025_China_R 收到主視窗更新通知: race=China
2025-10-05 01:59:07 | INFO | f1.console | [SEARCH] [NOTIFICATION] Speed Analysis_2025_China_R 使用屬性檢查同步狀態: True
2025-10-05 01:59:07 | INFO | f1.console | [GREEN] [NOTIFICATION] Speed Analysis_2025_China_R 同步已啟用，處理參數更新
2025-10-05 01:59:07 | INFO | f1.console | [TITLE] [MODULE] 使用模組標題: Speed Analysis_2025_China_R
2025-10-05 01:59:07 | INFO | f1.console | [LABEL] [TITLE] 標題已更新: Speed Analysis_2025_China_R
2025-10-05 01:59:07 | INFO | f1.console | [UPDATE_DEBUG] ========== 視窗更新請求 ==========
2025-10-05 01:59:07 | INFO | f1.console | [UPDATE_DEBUG] 視窗標題: Speed Analysis_2025_China_R
2025-10-05 01:59:07 | INFO | f1.console | [UPDATE_DEBUG] 是否有 analysis_module: True
2025-10-05 01:59:07 | INFO | f1.console | [UPDATE_DEBUG] 🎯 使用新版模組更新邏輯
2025-10-05 01:59:07 | INFO | f1.console | [TITLE] [MODULE] 使用模組標題: Speed Analysis_2025_China_R
2025-10-05 01:59:07 | INFO | f1.console | [LABEL] [TITLE] 標題已更新: Speed Analysis_2025_China_R
2025-10-05 01:59:07 | INFO | f1.console | [REFRESH] [Speed Analysis_2025_China_R] 更新視窗數據: 2025 China R
2025-10-05 01:59:07 | INFO | f1.console | [RAIN_AXIS_DEBUG] 📊 X軸座標軸設置:
2025-10-05 01:59:07 | INFO | f1.console | [RAIN_AXIS_DEBUG]   範圍: 1.0 - 57.0
2025-10-05 01:59:07 | INFO | f1.console | [RAIN_AXIS_DEBUG]   資料點: 57
2025-10-05 01:59:07 | INFO | f1.console | [RAIN_AXIS_DEBUG]   最小間距(px): 48
2025-10-05 01:59:07 | INFO | f1.console | [RAIN_AXIS_DEBUG] 📊 Y軸座標軸設置:
2025-10-05 01:59:07 | INFO | f1.console | [RAIN_AXIS_DEBUG]   範圍: 14.875 - 16.825
2025-10-05 01:59:07 | INFO | f1.console | [RAIN_AXIS_DEBUG]   間距: 0.325
2025-10-05 01:59:07 | INFO | f1.console | [RAIN_AXIS_DEBUG]   標籤數量: 7
2025-10-05 01:59:07 | INFO | f1.console | [RAIN_AXIS_DEBUG] 🎨 自訂座標軸標題繪製
2025-10-05 01:59:07 | INFO | f1.console | [SPEED_MDI_DATA] ========== 載入速度數據 ==========
2025-10-05 01:59:07 | INFO | f1.console | [SPEED_MDI_DATA] 參數: 2025 China R
2025-10-05 01:59:07 | INFO | f1.console | [SPEED_MDI_DATA] 車手: VER vs HAM, 圈數: 99 vs 99
2025-10-05 01:59:07 | INFO | f1.console | [SPEED_MDI_DATA] 🔗 創建 SpeedAnalysisDataLoader...
2025-10-05 01:59:07 | INFO | f1.console | [SPEED_MDI_DATA] 🚀 調用 load_speed_data...
2025-10-05 01:59:07 | INFO | f1.console | [SPEED DEBUG] 初始化 Speed Analysis 載入器
2025-10-05 01:59:07 | INFO | f1.console | [SPEED DEBUG] API 基底網址: http://127.0.0.1:8000
2025-10-05 01:59:07 | INFO | f1.console | [SPEED DEBUG] 本地 JSON 後備已停用 (策略: 預設策略 (API 優先，不允許本地後備))
2025-10-05 01:59:07 | INFO | f1.console | [SPEED_LOADER] ✅ 速度分析數據載入器初始化完成（基於TelemetryDataLoader v2.0）
2025-10-05 01:59:07 | INFO | f1.console | [SPEED_LOADER] 🔄 向後兼容接口：load_speed_data
2025-10-05 01:59:07 | INFO | f1.console | [SPEED_LOADER] 參數: 2025 China R VER vs HAM L99/L99
2025-10-05 01:59:07 | INFO | f1.console | [SPEED DEBUG] ========== 遙測數據載入 ==========
2025-10-05 01:59:07 | INFO | f1.console | [SPEED DEBUG] 類型: Speed Analysis
2025-10-05 01:59:07 | INFO | f1.console | [SPEED DEBUG] 參數: 2025 China R VER vs HAM L99/L99
2025-10-05 01:59:07 | INFO | f1.console | [SPEED DEBUG] 分析模式: 雙車手對比
2025-10-05 01:59:07 | INFO | f1.console | [SPEED DEBUG] 請求標識 (token): 1
2025-10-05 01:59:07 | INFO | f1.console | [SPEED DEBUG] 🚀 呼叫 API: http://127.0.0.1:8000/api/v2/analysis/execute
2025-10-05 01:59:07 | INFO | f1.console | [SPEED DEBUG] 參數: {'year': 2025, 'race': 'China', 'session': 'R', 'driver1': 'VER', 'driver2': 'HAM', 'lap1': 99, 'lap2': 99, 'force_refresh': False}
2025-10-05 01:59:07 | INFO | f1.console | [REFRESH] [MODULE] Speed Analysis_2025_China_R 參數已更新: {'year': 2025, 'race': 'China', 'session': 'R'}
2025-10-05 01:59:07 | INFO | f1.console | [OK] [MODULE] Speed Analysis_2025_China_R 模組更新成功
2025-10-05 01:59:07 | INFO | f1.console | [OK] [NOTIFICATION] Speed Analysis_2025_China_R 內容更新成功
2025-10-05 01:59:07 | INFO | f1.console | [OK] [SYNC] 已發送通知到: Speed Analysis_2025_China_R
2025-10-05 01:59:07 | INFO | f1.console | [TEST] [SYNC] 發送通知到子視窗: Brake Analysis_2025_China_R (race=China)
2025-10-05 01:59:07 | INFO | f1.console | [ANNOUNCE] [NOTIFICATION] Brake Analysis_2025_China_R 收到主視窗更新通知: race=China
2025-10-05 01:59:07 | INFO | f1.console | [SEARCH] [NOTIFICATION] Brake Analysis_2025_China_R 使用屬性檢查同步狀態: True
2025-10-05 01:59:07 | INFO | f1.console | [GREEN] [NOTIFICATION] Brake Analysis_2025_China_R 同步已啟用，處理參數更新
2025-10-05 01:59:07 | INFO | f1.console | [brake_TITLE_DEBUG] 🏷️ 生成視窗標題: 'Brake Analysis_2025_China_R'
2025-10-05 01:59:07 | INFO | f1.console | [brake_TITLE_DEBUG]   📊 參數詳情:
2025-10-05 01:59:07 | INFO | f1.console | [brake_TITLE_DEBUG]     - 年份: 2025
2025-10-05 01:59:07 | INFO | f1.console | [brake_TITLE_DEBUG]     - 賽事: China
2025-10-05 01:59:07 | INFO | f1.console | [brake_TITLE_DEBUG]     - 賽段: R
2025-10-05 01:59:07 | INFO | f1.console | [TITLE] [MODULE] 使用模組標題: Brake Analysis_2025_China_R
2025-10-05 01:59:07 | INFO | f1.console | [LABEL] [TITLE] 標題已更新: Brake Analysis_2025_China_R
2025-10-05 01:59:07 | INFO | f1.console | [UPDATE_DEBUG] ========== 視窗更新請求 ==========
2025-10-05 01:59:07 | INFO | f1.console | [UPDATE_DEBUG] 視窗標題: Brake Analysis_2025_China_R
2025-10-05 01:59:07 | INFO | f1.console | [UPDATE_DEBUG] 是否有 analysis_module: True
2025-10-05 01:59:07 | INFO | f1.console | [UPDATE_DEBUG] 🎯 使用新版模組更新邏輯
2025-10-05 01:59:07 | INFO | f1.console | [brake_TITLE_DEBUG] 🏷️ 生成視窗標題: 'Brake Analysis_2025_China_R'
2025-10-05 01:59:07 | INFO | f1.console | [brake_TITLE_DEBUG]   📊 參數詳情:
2025-10-05 01:59:07 | INFO | f1.console | [brake_TITLE_DEBUG]     - 年份: 2025
2025-10-05 01:59:07 | INFO | f1.console | [brake_TITLE_DEBUG]     - 賽事: China
2025-10-05 01:59:07 | INFO | f1.console | [brake_TITLE_DEBUG]     - 賽段: R
2025-10-05 01:59:07 | INFO | f1.console | [TITLE] [MODULE] 使用模組標題: Brake Analysis_2025_China_R
2025-10-05 01:59:07 | INFO | f1.console | [LABEL] [TITLE] 標題已更新: Brake Analysis_2025_China_R
2025-10-05 01:59:07 | INFO | f1.console | [REFRESH] [Brake Analysis_2025_China_R] 更新視窗數據: 2025 China R
2025-10-05 01:59:07 | INFO | f1.console | [brake_PARAMS_DEBUG] ========== brake參數更新開始 ==========
2025-10-05 01:59:07 | INFO | f1.console | [brake_PARAMS_DEBUG] 收到參數: year=2025, race=China, session=R
2025-10-05 01:59:07 | INFO | f1.console | [brake_PARAMS_DEBUG] 當前參數: year=2025, race=Australia, session=R
2025-10-05 01:59:07 | INFO | f1.console | [brake_PARAMS_DEBUG] 參數變化檢查: True
2025-10-05 01:59:07 | INFO | f1.console | [brake_PARAMS_DEBUG] 舊參數: 2025 Australia R
2025-10-05 01:59:07 | INFO | f1.console | [brake_PARAMS_DEBUG] 新參數: 2025 China R
2025-10-05 01:59:07 | INFO | f1.console | [brake_TITLE_DEBUG] 🔄 開始更新視窗標題...
2025-10-05 01:59:07 | INFO | f1.console | [brake_TITLE_DEBUG] 📋 當前狀態檢查:
2025-10-05 01:59:07 | INFO | f1.console | [brake_TITLE_DEBUG]   - parent_window 存在: True
2025-10-05 01:59:07 | INFO | f1.console | [brake_TITLE_DEBUG]   - 舊標題: 'Brake Analysis_2025_China_R'
2025-10-05 01:59:07 | INFO | f1.console | [brake_TITLE_DEBUG] 🏷️ 生成視窗標題: 'Brake Analysis_2025_China_R'
2025-10-05 01:59:07 | INFO | f1.console | [brake_TITLE_DEBUG]   📊 參數詳情:
2025-10-05 01:59:07 | INFO | f1.console | [brake_TITLE_DEBUG]     - 年份: 2025
2025-10-05 01:59:07 | INFO | f1.console | [brake_TITLE_DEBUG]     - 賽事: China
2025-10-05 01:59:07 | INFO | f1.console | [brake_TITLE_DEBUG]     - 賽段: R
2025-10-05 01:59:07 | INFO | f1.console | [brake_TITLE_DEBUG]   - 新標題: 'Brake Analysis_2025_China_R'
2025-10-05 01:59:07 | INFO | f1.console | [brake_TITLE_DEBUG] ✅ 標題無需更新
2025-10-05 01:59:07 | INFO | f1.console | [brake_PARAMS_DEBUG] 檢查數據載入需求...
2025-10-05 01:59:07 | INFO | f1.console | [brake_PARAMS_DEBUG] 需要載入數據：參數變化=True, 未載入過=False
2025-10-05 01:59:07 | INFO | f1.console | [REFRESH] 重新載入brake數據...
2025-10-05 01:59:07 | INFO | f1.console | [brake_MDI_DATA] ========== 載入brake數據 ==========
2025-10-05 01:59:07 | INFO | f1.console | [brake_MDI_DATA] 參數: 2025 China R
2025-10-05 01:59:07 | INFO | f1.console | [brake_MDI_DATA] 車手: VER vs HAM, 圈數: 99 vs 99
2025-10-05 01:59:07 | INFO | f1.console | [brake_MDI_DATA] 🔗 創建 BrakeAnalysisDataLoader...
2025-10-05 01:59:07 | INFO | f1.console | [brake_MDI_DATA] 🚀 調用 load_brake_data...
2025-10-05 01:59:07 | INFO | f1.console | [BRAKE DEBUG] 初始化 Brake Analysis 載入器
2025-10-05 01:59:07 | INFO | f1.console | [BRAKE DEBUG] API 基底網址: http://127.0.0.1:8000
2025-10-05 01:59:07 | INFO | f1.console | [BRAKE DEBUG] 本地 JSON 後備已停用 (策略: 預設策略 (API 優先，不允許本地後備))
2025-10-05 01:59:07 | INFO | f1.console | [BRAKE_LOADER] ✅ 煞車分析數據載入器初始化完成（基於TelemetryDataLoader v2.0）
2025-10-05 01:59:07 | INFO | f1.console | [BRAKE_LOADER] 🔄 向後兼容接口：load_brake_data
2025-10-05 01:59:07 | INFO | f1.console | [BRAKE_LOADER] 參數: 2025 China R VER vs HAM L99/L99
2025-10-05 01:59:07 | INFO | f1.console | [BRAKE DEBUG] ========== 遙測數據載入 ==========
2025-10-05 01:59:07 | INFO | f1.console | [BRAKE DEBUG] 類型: Brake Analysis
2025-10-05 01:59:07 | INFO | f1.console | [BRAKE DEBUG] 參數: 2025 China R VER vs HAM L99/L99
2025-10-05 01:59:07 | INFO | f1.console | [BRAKE DEBUG] 分析模式: 雙車手對比
2025-10-05 01:59:07 | INFO | f1.console | [BRAKE DEBUG] 請求標識 (token): 1
2025-10-05 01:59:07 | INFO | f1.console | [BRAKE DEBUG] 🚀 呼叫 API: http://127.0.0.1:8000/api/v2/analysis/execute
2025-10-05 01:59:07 | INFO | f1.console | [BRAKE DEBUG] 參數: {'year': 2025, 'race': 'China', 'session': 'R', 'driver1': 'VER', 'driver2': 'HAM', 'lap1': 99, 'lap2': 99, 'force_refresh': False}
2025-10-05 01:59:07 | INFO | f1.console | [brake_MDI_DATA] ✅ brake數據載入請求提交成功
2025-10-05 01:59:07 | INFO | f1.console | [brake_PARAMS_DEBUG] ✅ brake 數據重載成功
2025-10-05 01:59:07 | INFO | f1.console | [OK] [MODULE] Brake Analysis_2025_China_R 模組更新成功
2025-10-05 01:59:07 | INFO | f1.console | [OK] [NOTIFICATION] Brake Analysis_2025_China_R 內容更新成功
2025-10-05 01:59:07 | INFO | f1.console | [OK] [SYNC] 已發送通知到: Brake Analysis_2025_China_R
2025-10-05 01:59:07 | INFO | f1.console | [TEST] [SYNC] 發送通知到子視窗: Throttle Analysis_2025_China_R (race=China)
2025-10-05 01:59:07 | INFO | f1.console | [ANNOUNCE] [NOTIFICATION] Throttle Analysis_2025_China_R 收到主視窗更新通知: race=China
2025-10-05 01:59:07 | INFO | f1.console | [SEARCH] [NOTIFICATION] Throttle Analysis_2025_China_R 使用屬性檢查同步狀態: True
2025-10-05 01:59:07 | INFO | f1.console | [GREEN] [NOTIFICATION] Throttle Analysis_2025_China_R 同步已啟用，處理參數更新
2025-10-05 01:59:07 | INFO | f1.console | [TITLE] [MODULE] 使用模組標題: Throttle Analysis_2025_China_R
2025-10-05 01:59:07 | INFO | f1.console | [LABEL] [TITLE] 標題已更新: Throttle Analysis_2025_China_R
2025-10-05 01:59:07 | INFO | f1.console | [UPDATE_DEBUG] ========== 視窗更新請求 ==========
2025-10-05 01:59:07 | INFO | f1.console | [UPDATE_DEBUG] 視窗標題: Throttle Analysis_2025_China_R
2025-10-05 01:59:07 | INFO | f1.console | [UPDATE_DEBUG] 是否有 analysis_module: True
2025-10-05 01:59:07 | INFO | f1.console | [UPDATE_DEBUG] 🎯 使用新版模組更新邏輯
2025-10-05 01:59:07 | INFO | f1.console | [TITLE] [MODULE] 使用模組標題: Throttle Analysis_2025_China_R
2025-10-05 01:59:07 | INFO | f1.console | [LABEL] [TITLE] 標題已更新: Throttle Analysis_2025_China_R
2025-10-05 01:59:07 | INFO | f1.console | [REFRESH] [Throttle Analysis_2025_China_R] 更新視窗數據: 2025 China R
2025-10-05 01:59:07 | INFO | f1.console | [THROTTLE_MDI_DATA] ========== 載入油門數據 ==========
2025-10-05 01:59:07 | INFO | f1.console | [THROTTLE_MDI_DATA] 參數: 2025 China R
2025-10-05 01:59:07 | INFO | f1.console | [THROTTLE_MDI_DATA] 車手: VER vs HAM, 圈數: 99 vs 99
2025-10-05 01:59:07 | INFO | f1.console | [THROTTLE_MDI_DATA] 🔗 創建 ThrottleAnalysisDataLoader...
2025-10-05 01:59:07 | INFO | f1.console | [THROTTLE_MDI_DATA] 🚀 調用 load_throttle_data...
2025-10-05 01:59:07 | INFO | f1.console | [THROTTLE DEBUG] 初始化 Throttle Analysis 載入器
2025-10-05 01:59:07 | INFO | f1.console | [THROTTLE DEBUG] API 基底網址: http://127.0.0.1:8000
2025-10-05 01:59:07 | INFO | f1.console | [THROTTLE DEBUG] 本地 JSON 後備已停用 (策略: 預設策略 (API 優先，不允許本地後備))
2025-10-05 01:59:07 | INFO | f1.console | [THROTTLE_LOADER] ✅ 油門分析數據載入器初始化完成（基於TelemetryDataLoader v2.0）
2025-10-05 01:59:07 | INFO | f1.console | [THROTTLE_LOADER] 🔄 向後兼容接口：load_throttle_data
2025-10-05 01:59:07 | INFO | f1.console | [THROTTLE_LOADER] 參數: 2025 China R VER vs HAM L99/L99
2025-10-05 01:59:07 | INFO | f1.console | [THROTTLE DEBUG] ========== 遙測數據載入 ==========
2025-10-05 01:59:07 | INFO | f1.console | [THROTTLE DEBUG] 類型: Throttle Analysis
2025-10-05 01:59:07 | INFO | f1.console | [THROTTLE DEBUG] 參數: 2025 China R VER vs HAM L99/L99
2025-10-05 01:59:07 | INFO | f1.console | [THROTTLE DEBUG] 分析模式: 雙車手對比
2025-10-05 01:59:07 | INFO | f1.console | [THROTTLE DEBUG] 請求標識 (token): 1
2025-10-05 01:59:07 | INFO | f1.console | [THROTTLE DEBUG] 🚀 呼叫 API: http://127.0.0.1:8000/api/v2/analysis/execute
2025-10-05 01:59:07 | INFO | f1.console | [THROTTLE DEBUG] 參數: {'year': 2025, 'race': 'China', 'session': 'R', 'driver1': 'VER', 'driver2': 'HAM', 'lap1': 99, 'lap2': 99, 'force_refresh': False}
2025-10-05 01:59:07 | INFO | f1.console | [REFRESH] [MODULE] Throttle Analysis_2025_China_R 參數已更新: {'year': 2025, 'race': 'China', 'session': 'R'}
2025-10-05 01:59:07 | INFO | f1.console | [OK] [MODULE] Throttle Analysis_2025_China_R 模組更新成功
2025-10-05 01:59:07 | INFO | f1.console | [OK] [NOTIFICATION] Throttle Analysis_2025_China_R 內容更新成功
2025-10-05 01:59:07 | INFO | f1.console | [OK] [SYNC] 已發送通知到: Throttle Analysis_2025_China_R
2025-10-05 01:59:07 | INFO | f1.console | [TEST] [SYNC] 發送通知到子視窗: Gear Analysis_2025_China_R (race=China)
2025-10-05 01:59:07 | INFO | f1.console | [ANNOUNCE] [NOTIFICATION] Gear Analysis_2025_China_R 收到主視窗更新通知: race=China
2025-10-05 01:59:07 | INFO | f1.console | [SEARCH] [NOTIFICATION] Gear Analysis_2025_China_R 使用屬性檢查同步狀態: True
2025-10-05 01:59:07 | INFO | f1.console | [GREEN] [NOTIFICATION] Gear Analysis_2025_China_R 同步已啟用，處理參數更新
2025-10-05 01:59:07 | INFO | f1.console | [gear_TITLE_DEBUG] 🏷️ 生成視窗標題: 'Gear Analysis_2025_China_R'
2025-10-05 01:59:07 | INFO | f1.console | [gear_TITLE_DEBUG]   📊 參數詳情:
2025-10-05 01:59:07 | INFO | f1.console | [gear_TITLE_DEBUG]     - 年份: 2025
2025-10-05 01:59:07 | INFO | f1.console | [gear_TITLE_DEBUG]     - 賽事: China
2025-10-05 01:59:07 | INFO | f1.console | [gear_TITLE_DEBUG]     - 賽段: R
2025-10-05 01:59:07 | INFO | f1.console | [TITLE] [MODULE] 使用模組標題: Gear Analysis_2025_China_R
2025-10-05 01:59:07 | INFO | f1.console | [LABEL] [TITLE] 標題已更新: Gear Analysis_2025_China_R
2025-10-05 01:59:07 | INFO | f1.console | [UPDATE_DEBUG] ========== 視窗更新請求 ==========
2025-10-05 01:59:07 | INFO | f1.console | [UPDATE_DEBUG] 視窗標題: Gear Analysis_2025_China_R
2025-10-05 01:59:07 | INFO | f1.console | [UPDATE_DEBUG] 是否有 analysis_module: True
2025-10-05 01:59:07 | INFO | f1.console | [UPDATE_DEBUG] 🎯 使用新版模組更新邏輯
2025-10-05 01:59:07 | INFO | f1.console | [gear_TITLE_DEBUG] 🏷️ 生成視窗標題: 'Gear Analysis_2025_China_R'
2025-10-05 01:59:07 | INFO | f1.console | [gear_TITLE_DEBUG]   📊 參數詳情:
2025-10-05 01:59:07 | INFO | f1.console | [gear_TITLE_DEBUG]     - 年份: 2025
2025-10-05 01:59:07 | INFO | f1.console | [gear_TITLE_DEBUG]     - 賽事: China
2025-10-05 01:59:07 | INFO | f1.console | [gear_TITLE_DEBUG]     - 賽段: R
2025-10-05 01:59:07 | INFO | f1.console | [TITLE] [MODULE] 使用模組標題: Gear Analysis_2025_China_R
2025-10-05 01:59:07 | INFO | f1.console | [LABEL] [TITLE] 標題已更新: Gear Analysis_2025_China_R
2025-10-05 01:59:07 | INFO | f1.console | [REFRESH] [Gear Analysis_2025_China_R] 更新視窗數據: 2025 China R
2025-10-05 01:59:07 | INFO | f1.console | [gear_PARAMS_DEBUG] ========== gear參數更新開始 ==========
2025-10-05 01:59:07 | INFO | f1.console | [gear_PARAMS_DEBUG] 收到參數: year=2025, race=China, session=R
2025-10-05 01:59:07 | INFO | f1.console | [gear_PARAMS_DEBUG] 當前參數: year=2025, race=Australia, session=R
2025-10-05 01:59:07 | INFO | f1.console | [gear_PARAMS_DEBUG] 參數變化檢查: True
2025-10-05 01:59:07 | INFO | f1.console | [gear_PARAMS_DEBUG] 舊參數: 2025 Australia R
2025-10-05 01:59:07 | INFO | f1.console | [gear_PARAMS_DEBUG] 新參數: 2025 China R
2025-10-05 01:59:07 | INFO | f1.console | [gear_TITLE_DEBUG] 🔄 開始更新視窗標題...
2025-10-05 01:59:07 | INFO | f1.console | [gear_TITLE_DEBUG] 📋 當前狀態檢查:
2025-10-05 01:59:07 | INFO | f1.console | [gear_TITLE_DEBUG]   - parent_window 存在: True
2025-10-05 01:59:07 | INFO | f1.console | [gear_TITLE_DEBUG]   - 舊標題: 'Gear Analysis_2025_China_R'
2025-10-05 01:59:07 | INFO | f1.console | [gear_TITLE_DEBUG] 🏷️ 生成視窗標題: 'Gear Analysis_2025_China_R'
2025-10-05 01:59:07 | INFO | f1.console | [gear_TITLE_DEBUG]   📊 參數詳情:
2025-10-05 01:59:07 | INFO | f1.console | [gear_TITLE_DEBUG]     - 年份: 2025
2025-10-05 01:59:07 | INFO | f1.console | [gear_TITLE_DEBUG]     - 賽事: China
2025-10-05 01:59:07 | INFO | f1.console | [gear_TITLE_DEBUG]     - 賽段: R
2025-10-05 01:59:07 | INFO | f1.console | [gear_TITLE_DEBUG]   - 新標題: 'Gear Analysis_2025_China_R'
2025-10-05 01:59:07 | INFO | f1.console | [gear_TITLE_DEBUG] ✅ 標題無需更新
2025-10-05 01:59:07 | INFO | f1.console | [gear_PARAMS_DEBUG] 檢查數據載入需求...
2025-10-05 01:59:07 | INFO | f1.console | [gear_PARAMS_DEBUG] 需要載入數據：參數變化=True, 未載入過=False
2025-10-05 01:59:07 | INFO | f1.console | [REFRESH] 重新載入gear數據...
2025-10-05 01:59:07 | INFO | f1.console | [GEAR_MDI_DATA] ========== 載入檔位數據 ==========
2025-10-05 01:59:07 | INFO | f1.console | [GEAR_MDI_DATA] 參數: 2025 China R
2025-10-05 01:59:07 | INFO | f1.console | [GEAR_MDI_DATA] 車手: VER vs HAM, 圈數: 99 vs 99
2025-10-05 01:59:07 | INFO | f1.console | [GEAR_MDI_DATA] 🔗 創建 GearAnalysisDataLoader...
2025-10-05 01:59:07 | INFO | f1.console | [GEAR_MDI_DATA] 🚀 調用 load_gear_data...
2025-10-05 01:59:07 | INFO | f1.console | [GEAR DEBUG] 初始化 Gear Analysis 載入器
2025-10-05 01:59:07 | INFO | f1.console | [GEAR DEBUG] API 基底網址: http://127.0.0.1:8000
2025-10-05 01:59:07 | INFO | f1.console | [GEAR DEBUG] 本地 JSON 後備已停用 (策略: 預設策略 (API 優先，不允許本地後備))
2025-10-05 01:59:07 | INFO | f1.console | [GEAR_LOADER] ✅ 檔輪分析數據載入器初始化完成（基於TelemetryDataLoader v2.0）
2025-10-05 01:59:07 | INFO | f1.console | [GEAR_LOADER] 🔄 向後兼容接口：load_gear_data
2025-10-05 01:59:07 | INFO | f1.console | [GEAR_LOADER] 參數: 2025 China R VER vs HAM L99/L99
2025-10-05 01:59:07 | INFO | f1.console | [GEAR DEBUG] ========== 遙測數據載入 ==========
2025-10-05 01:59:07 | INFO | f1.console | [GEAR DEBUG] 類型: Gear Analysis
2025-10-05 01:59:07 | INFO | f1.console | [GEAR DEBUG] 參數: 2025 China R VER vs HAM L99/L99
2025-10-05 01:59:07 | INFO | f1.console | [GEAR DEBUG] 分析模式: 雙車手對比
2025-10-05 01:59:07 | INFO | f1.console | [GEAR DEBUG] 請求標識 (token): 1
2025-10-05 01:59:07 | INFO | f1.console | [GEAR DEBUG] 🚀 呼叫 API: http://127.0.0.1:8000/api/v2/analysis/execute
2025-10-05 01:59:07 | INFO | f1.console | [GEAR DEBUG] 參數: {'year': 2025, 'race': 'China', 'session': 'R', 'driver1': 'VER', 'driver2': 'HAM', 'lap1': 99, 'lap2': 99, 'force_refresh': False}
2025-10-05 01:59:07 | INFO | f1.console | [gear_MDI_DATA] ✅ gear數據載入請求提交成功
2025-10-05 01:59:07 | INFO | f1.console | [gear_PARAMS_DEBUG] ✅ gear 數據重載成功
2025-10-05 01:59:07 | INFO | f1.console | [OK] [MODULE] Gear Analysis_2025_China_R 模組更新成功
2025-10-05 01:59:07 | INFO | f1.console | [OK] [NOTIFICATION] Gear Analysis_2025_China_R 內容更新成功
2025-10-05 01:59:07 | INFO | f1.console | [OK] [SYNC] 已發送通知到: Gear Analysis_2025_China_R
2025-10-05 01:59:07 | INFO | f1.console | [TEST] [SYNC] 發送通知到子視窗: RPM Analysis_2025_China_R (race=China)
2025-10-05 01:59:07 | INFO | f1.console | [ANNOUNCE] [NOTIFICATION] RPM Analysis_2025_China_R 收到主視窗更新通知: race=China
2025-10-05 01:59:07 | INFO | f1.console | [SEARCH] [NOTIFICATION] RPM Analysis_2025_China_R 使用屬性檢查同步狀態: True
2025-10-05 01:59:07 | INFO | f1.console | [GREEN] [NOTIFICATION] RPM Analysis_2025_China_R 同步已啟用，處理參數更新
2025-10-05 01:59:07 | INFO | f1.console | [RPM_TITLE_DEBUG] 🏷️ 生成視窗標題: 'RPM Analysis_2025_China_R'
2025-10-05 01:59:07 | INFO | f1.console | [RPM_TITLE_DEBUG]   📊 參數詳情:
2025-10-05 01:59:07 | INFO | f1.console | [RPM_TITLE_DEBUG]     - 年份: 2025
2025-10-05 01:59:07 | INFO | f1.console | [RPM_TITLE_DEBUG]     - 賽事: China
2025-10-05 01:59:07 | INFO | f1.console | [RPM_TITLE_DEBUG]     - 賽段: R
2025-10-05 01:59:07 | INFO | f1.console | [TITLE] [MODULE] 使用模組標題: RPM Analysis_2025_China_R
2025-10-05 01:59:07 | INFO | f1.console | [LABEL] [TITLE] 標題已更新: RPM Analysis_2025_China_R
2025-10-05 01:59:07 | INFO | f1.console | [UPDATE_DEBUG] ========== 視窗更新請求 ==========
2025-10-05 01:59:07 | INFO | f1.console | [UPDATE_DEBUG] 視窗標題: RPM Analysis_2025_China_R
2025-10-05 01:59:07 | INFO | f1.console | [UPDATE_DEBUG] 是否有 analysis_module: True
2025-10-05 01:59:07 | INFO | f1.console | [UPDATE_DEBUG] 🎯 使用新版模組更新邏輯
2025-10-05 01:59:07 | INFO | f1.console | [RPM_TITLE_DEBUG] 🏷️ 生成視窗標題: 'RPM Analysis_2025_China_R'
2025-10-05 01:59:07 | INFO | f1.console | [RPM_TITLE_DEBUG]   📊 參數詳情:
2025-10-05 01:59:07 | INFO | f1.console | [RPM_TITLE_DEBUG]     - 年份: 2025
2025-10-05 01:59:07 | INFO | f1.console | [RPM_TITLE_DEBUG]     - 賽事: China
2025-10-05 01:59:07 | INFO | f1.console | [RPM_TITLE_DEBUG]     - 賽段: R
2025-10-05 01:59:07 | INFO | f1.console | [TITLE] [MODULE] 使用模組標題: RPM Analysis_2025_China_R
2025-10-05 01:59:07 | INFO | f1.console | [LABEL] [TITLE] 標題已更新: RPM Analysis_2025_China_R
2025-10-05 01:59:07 | INFO | f1.console | [REFRESH] [RPM Analysis_2025_China_R] 更新視窗數據: 2025 China R
2025-10-05 01:59:07 | INFO | f1.console | [RPM_PARAMS_DEBUG] ========== RPM參數更新開始 ==========
2025-10-05 01:59:07 | INFO | f1.console | [RPM_PARAMS_DEBUG] 收到參數: year=2025, race=China, session=R
2025-10-05 01:59:07 | INFO | f1.console | [RPM_PARAMS_DEBUG] 當前參數: year=2025, race=Australia, session=R
2025-10-05 01:59:07 | INFO | f1.console | [RPM_PARAMS_DEBUG] 參數變化檢查: True
2025-10-05 01:59:07 | INFO | f1.console | [RPM_PARAMS_DEBUG] 舊參數: 2025 Australia R
2025-10-05 01:59:07 | INFO | f1.console | [RPM_PARAMS_DEBUG] 新參數: 2025 China R
2025-10-05 01:59:07 | INFO | f1.console | [RPM_TITLE_DEBUG] 🔄 開始更新視窗標題...
2025-10-05 01:59:07 | INFO | f1.console | [RPM_TITLE_DEBUG] 📋 當前狀態檢查:
2025-10-05 01:59:07 | INFO | f1.console | [RPM_TITLE_DEBUG]   - parent_window 存在: True
2025-10-05 01:59:07 | INFO | f1.console | [RPM_TITLE_DEBUG]   - 舊標題: 'RPM Analysis_2025_China_R'
2025-10-05 01:59:07 | INFO | f1.console | [RPM_TITLE_DEBUG] 🏷️ 生成視窗標題: 'RPM Analysis_2025_China_R'
2025-10-05 01:59:07 | INFO | f1.console | [RPM_TITLE_DEBUG]   📊 參數詳情:
2025-10-05 01:59:07 | INFO | f1.console | [RPM_TITLE_DEBUG]     - 年份: 2025
2025-10-05 01:59:07 | INFO | f1.console | [RPM_TITLE_DEBUG]     - 賽事: China
2025-10-05 01:59:07 | INFO | f1.console | [RPM_TITLE_DEBUG]     - 賽段: R
2025-10-05 01:59:07 | INFO | f1.console | [RPM_TITLE_DEBUG]   - 新標題: 'RPM Analysis_2025_China_R'
2025-10-05 01:59:07 | INFO | f1.console | [RPM_TITLE_DEBUG] ✅ 標題無需更新
2025-10-05 01:59:07 | INFO | f1.console | [RPM_PARAMS_DEBUG] 檢查數據載入需求...
2025-10-05 01:59:07 | INFO | f1.console | [RPM_PARAMS_DEBUG] 需要載入數據：參數變化=True, 未載入過=False
2025-10-05 01:59:07 | INFO | f1.console | [REFRESH] 重新載入RPM數據...
2025-10-05 01:59:07 | INFO | f1.console | [RPM_MDI_DATA] ========== 載入RPM數據 ==========
2025-10-05 01:59:07 | INFO | f1.console | [RPM_MDI_DATA] 參數: 2025 China R
2025-10-05 01:59:07 | INFO | f1.console | [RPM_MDI_DATA] 車手: VER vs HAM, 圈數: 99 vs 99
2025-10-05 01:59:07 | INFO | f1.console | [RPM_MDI_DATA] 🔗 創建 RPMAnalysisDataLoader...
2025-10-05 01:59:07 | INFO | f1.console | [RPM_MDI_DATA] 🚀 調用 load_rpm_data...
2025-10-05 01:59:07 | INFO | f1.console | [RPM DEBUG] 初始化 RPM Analysis 載入器
2025-10-05 01:59:07 | INFO | f1.console | [RPM DEBUG] API 基底網址: http://127.0.0.1:8000
2025-10-05 01:59:07 | INFO | f1.console | [RPM DEBUG] 本地 JSON 後備已停用 (策略: 預設策略 (API 優先，不允許本地後備))
2025-10-05 01:59:07 | INFO | f1.console | [RPM_LOADER] ✅ RPM分析數據載入器初始化完成（基於TelemetryDataLoader v2.0）
2025-10-05 01:59:07 | INFO | f1.console | [RPM_LOADER] 🔄 向後兼容接口：load_rpm_data
2025-10-05 01:59:07 | INFO | f1.console | [RPM_LOADER] 參數: 2025 China R VER vs HAM L99/L99
2025-10-05 01:59:07 | INFO | f1.console | [RPM DEBUG] ========== 遙測數據載入 ==========
2025-10-05 01:59:07 | INFO | f1.console | [RPM DEBUG] 類型: RPM Analysis
2025-10-05 01:59:07 | INFO | f1.console | [RPM DEBUG] 參數: 2025 China R VER vs HAM L99/L99
2025-10-05 01:59:07 | INFO | f1.console | [RPM DEBUG] 分析模式: 雙車手對比
2025-10-05 01:59:07 | INFO | f1.console | [RPM DEBUG] 請求標識 (token): 1
2025-10-05 01:59:07 | INFO | f1.console | [RPM DEBUG] 🚀 呼叫 API: http://127.0.0.1:8000/api/v2/analysis/execute
2025-10-05 01:59:07 | INFO | f1.console | [RPM DEBUG] 參數: {'year': 2025, 'race': 'China', 'session': 'R', 'driver1': 'VER', 'driver2': 'HAM', 'lap1': 99, 'lap2': 99, 'force_refresh': False}
2025-10-05 01:59:07 | INFO | f1.console | [RPM_MDI_DATA] ✅ RPM數據載入請求提交成功
2025-10-05 01:59:07 | INFO | f1.console | [RPM_PARAMS_DEBUG] ✅ RPM 數據重載成功
2025-10-05 01:59:07 | INFO | f1.console | [OK] [MODULE] RPM Analysis_2025_China_R 模組更新成功
2025-10-05 01:59:07 | INFO | f1.console | [OK] [NOTIFICATION] RPM Analysis_2025_China_R 內容更新成功
2025-10-05 01:59:07 | INFO | f1.console | [OK] [SYNC] 已發送通知到: RPM Analysis_2025_China_R
2025-10-05 01:59:07 | INFO | f1.console | [TEST] [SYNC] 發送通知到子視窗: Acceleration Analysis_2025_China_R (race=China)
2025-10-05 01:59:07 | INFO | f1.console | [ANNOUNCE] [NOTIFICATION] Acceleration Analysis_2025_China_R 收到主視窗更新通知: race=China
2025-10-05 01:59:07 | INFO | f1.console | [SEARCH] [NOTIFICATION] Acceleration Analysis_2025_China_R 使用屬性檢查同步狀態: True
2025-10-05 01:59:07 | INFO | f1.console | [GREEN] [NOTIFICATION] Acceleration Analysis_2025_China_R 同步已啟用，處理參數更新
2025-10-05 01:59:07 | INFO | f1.console | [acceleration_TITLE_DEBUG] 🏷️ 生成視窗標題: 'Acceleration Analysis_2025_China_R'
2025-10-05 01:59:07 | INFO | f1.console | [acceleration_TITLE_DEBUG]   📊 參數詳情:
2025-10-05 01:59:07 | INFO | f1.console | [acceleration_TITLE_DEBUG]     - 年份: 2025
2025-10-05 01:59:07 | INFO | f1.console | [acceleration_TITLE_DEBUG]     - 賽事: China
2025-10-05 01:59:07 | INFO | f1.console | [acceleration_TITLE_DEBUG]     - 賽段: R
2025-10-05 01:59:07 | INFO | f1.console | [TITLE] [MODULE] 使用模組標題: Acceleration Analysis_2025_China_R
2025-10-05 01:59:07 | INFO | f1.console | [LABEL] [TITLE] 標題已更新: Acceleration Analysis_2025_China_R
2025-10-05 01:59:07 | INFO | f1.console | [UPDATE_DEBUG] ========== 視窗更新請求 ==========
2025-10-05 01:59:07 | INFO | f1.console | [UPDATE_DEBUG] 視窗標題: Acceleration Analysis_2025_China_R
2025-10-05 01:59:07 | INFO | f1.console | [UPDATE_DEBUG] 是否有 analysis_module: True
2025-10-05 01:59:07 | INFO | f1.console | [UPDATE_DEBUG] 🎯 使用新版模組更新邏輯
2025-10-05 01:59:07 | INFO | f1.console | [acceleration_TITLE_DEBUG] 🏷️ 生成視窗標題: 'Acceleration Analysis_2025_China_R'
2025-10-05 01:59:07 | INFO | f1.console | [acceleration_TITLE_DEBUG]   📊 參數詳情:
2025-10-05 01:59:07 | INFO | f1.console | [acceleration_TITLE_DEBUG]     - 年份: 2025
2025-10-05 01:59:07 | INFO | f1.console | [acceleration_TITLE_DEBUG]     - 賽事: China
2025-10-05 01:59:07 | INFO | f1.console | [acceleration_TITLE_DEBUG]     - 賽段: R
2025-10-05 01:59:07 | INFO | f1.console | [TITLE] [MODULE] 使用模組標題: Acceleration Analysis_2025_China_R
2025-10-05 01:59:07 | INFO | f1.console | [LABEL] [TITLE] 標題已更新: Acceleration Analysis_2025_China_R
2025-10-05 01:59:07 | INFO | f1.console | [REFRESH] [Acceleration Analysis_2025_China_R] 更新視窗數據: 2025 China R
2025-10-05 01:59:07 | INFO | f1.console | [acceleration_PARAMS_DEBUG] ========== acceleration參數更新開始 ==========
2025-10-05 01:59:07 | INFO | f1.console | [acceleration_PARAMS_DEBUG] 收到參數: year=2025, race=China, session=R
2025-10-05 01:59:07 | INFO | f1.console | [acceleration_PARAMS_DEBUG] 當前參數: year=2025, race=Australia, session=R
2025-10-05 01:59:07 | INFO | f1.console | [acceleration_PARAMS_DEBUG] 參數變化檢查: True
2025-10-05 01:59:07 | INFO | f1.console | [acceleration_PARAMS_DEBUG] 舊參數: 2025 Australia R
2025-10-05 01:59:07 | INFO | f1.console | [acceleration_PARAMS_DEBUG] 新參數: 2025 China R
2025-10-05 01:59:07 | INFO | f1.console | [acceleration_TITLE_DEBUG] 🔄 開始更新視窗標題...
2025-10-05 01:59:07 | INFO | f1.console | [acceleration_TITLE_DEBUG] 📋 當前狀態檢查:
2025-10-05 01:59:07 | INFO | f1.console | [acceleration_TITLE_DEBUG]   - parent_window 存在: True
2025-10-05 01:59:07 | INFO | f1.console | [acceleration_TITLE_DEBUG]   - 舊標題: 'Acceleration Analysis_2025_China_R'
2025-10-05 01:59:07 | INFO | f1.console | [acceleration_TITLE_DEBUG] 🏷️ 生成視窗標題: 'Acceleration Analysis_2025_China_R'
2025-10-05 01:59:07 | INFO | f1.console | [acceleration_TITLE_DEBUG]   📊 參數詳情:
2025-10-05 01:59:07 | INFO | f1.console | [acceleration_TITLE_DEBUG]     - 年份: 2025
2025-10-05 01:59:07 | INFO | f1.console | [acceleration_TITLE_DEBUG]     - 賽事: China
2025-10-05 01:59:07 | INFO | f1.console | [acceleration_TITLE_DEBUG]     - 賽段: R
2025-10-05 01:59:07 | INFO | f1.console | [acceleration_TITLE_DEBUG]   - 新標題: 'Acceleration Analysis_2025_China_R'
2025-10-05 01:59:07 | INFO | f1.console | [acceleration_TITLE_DEBUG] ✅ 標題無需更新
2025-10-05 01:59:07 | INFO | f1.console | [acceleration_PARAMS_DEBUG] 檢查數據載入需求...
2025-10-05 01:59:07 | INFO | f1.console | [acceleration_PARAMS_DEBUG] 需要載入數據：參數變化=True, 未載入過=False
2025-10-05 01:59:07 | INFO | f1.console | [REFRESH] 重新載入acceleration數據...
2025-10-05 01:59:07 | INFO | f1.console | [ACCELERATION_MDI_DATA] ========== 載入加速度數據 ==========
2025-10-05 01:59:07 | INFO | f1.console | [ACCELERATION_MDI_DATA] 參數: 2025 China R
2025-10-05 01:59:07 | INFO | f1.console | [ACCELERATION_MDI_DATA] 車手: VER vs HAM, 圈數: 99 vs 99
2025-10-05 01:59:07 | INFO | f1.console | [acceleration_MDI_DATA] 🔗 創建 AccelerationAnalysisDataLoader...
2025-10-05 01:59:07 | INFO | f1.console | [acceleration_MDI_DATA] 🚀 調用 load_acceleration_data...
2025-10-05 01:59:07 | INFO | f1.console | [ACCEL DEBUG] 初始化 Acceleration Analysis 載入器
2025-10-05 01:59:07 | INFO | f1.console | [ACCEL DEBUG] API 基底網址: http://127.0.0.1:8000
2025-10-05 01:59:07 | INFO | f1.console | [ACCEL DEBUG] 本地 JSON 後備已停用 (策略: 預設策略 (API 優先，不允許本地後備))
2025-10-05 01:59:07 | INFO | f1.console | [ACCELERATION_LOADER] ✅ 加速度分析數據載入器初始化完成（基於TelemetryDataLoader v2.0）
2025-10-05 01:59:07 | INFO | f1.console | [ACCELERATION_LOADER] 🔄 向後兼容接口：load_acceleration_data
2025-10-05 01:59:07 | INFO | f1.console | [ACCELERATION_LOADER] 參數: 2025 China R VER vs HAM L99/L99
2025-10-05 01:59:07 | INFO | f1.console | [ACCEL DEBUG] ========== 遙測數據載入 ==========
2025-10-05 01:59:07 | INFO | f1.console | [ACCEL DEBUG] 類型: Acceleration Analysis
2025-10-05 01:59:07 | INFO | f1.console | [ACCEL DEBUG] 參數: 2025 China R VER vs HAM L99/L99
2025-10-05 01:59:07 | INFO | f1.console | [ACCEL DEBUG] 分析模式: 雙車手對比
2025-10-05 01:59:07 | INFO | f1.console | [ACCEL DEBUG] 請求標識 (token): 1
2025-10-05 01:59:07 | INFO | f1.console | [ACCEL DEBUG] 🚀 呼叫 API: http://127.0.0.1:8000/api/v2/analysis/execute
2025-10-05 01:59:07 | INFO | f1.console | [ACCEL DEBUG] 參數: {'year': 2025, 'race': 'China', 'session': 'R', 'driver1': 'VER', 'driver2': 'HAM', 'lap1': 99, 'lap2': 99, 'force_refresh': False}
2025-10-05 01:59:07 | INFO | f1.console | [acceleration_MDI_DATA] ✅ acceleration數據載入請求提交成功
2025-10-05 01:59:07 | INFO | f1.console | [acceleration_PARAMS_DEBUG] ✅ acceleration 數據重載成功
2025-10-05 01:59:07 | INFO | f1.console | [OK] [MODULE] Acceleration Analysis_2025_China_R 模組更新成功
2025-10-05 01:59:07 | INFO | f1.console | [OK] [NOTIFICATION] Acceleration Analysis_2025_China_R 內容更新成功
2025-10-05 01:59:07 | INFO | f1.console | [OK] [SYNC] 已發送通知到: Acceleration Analysis_2025_China_R
2025-10-05 01:59:07 | INFO | f1.console | [TEST] [SYNC] 發送通知到子視窗: ⚡ Speed Diff Analysis_2025_China_R (race=China)
2025-10-05 01:59:07 | INFO | f1.console | [ANNOUNCE] [NOTIFICATION] ⚡ Speed Diff Analysis_2025_China_R 收到主視窗更新通知: race=China
2025-10-05 01:59:07 | INFO | f1.console | [SEARCH] [NOTIFICATION] ⚡ Speed Diff Analysis_2025_China_R 使用屬性檢查同步狀態: True
2025-10-05 01:59:07 | INFO | f1.console | [GREEN] [NOTIFICATION] ⚡ Speed Diff Analysis_2025_China_R 同步已啟用，處理參數更新
2025-10-05 01:59:07 | INFO | f1.console | [speeddiff_TITLE_DEBUG] 🏷️ 生成視窗標題: '⚡ Speed Diff Analysis_2025_China_R'
2025-10-05 01:59:07 | INFO | f1.console | [speeddiff_TITLE_DEBUG]   📊 參數詳情:
2025-10-05 01:59:07 | INFO | f1.console | [speeddiff_TITLE_DEBUG]     - 年份: 2025
2025-10-05 01:59:07 | INFO | f1.console | [speeddiff_TITLE_DEBUG]     - 賽事: China
2025-10-05 01:59:07 | INFO | f1.console | [speeddiff_TITLE_DEBUG]     - 賽段: R
2025-10-05 01:59:07 | INFO | f1.console | [TITLE] [MODULE] 使用模組標題: ⚡ Speed Diff Analysis_2025_China_R
2025-10-05 01:59:07 | INFO | f1.console | [LABEL] [TITLE] 標題已更新: ⚡ Speed Diff Analysis_2025_China_R
2025-10-05 01:59:07 | INFO | f1.console | [UPDATE_DEBUG] ========== 視窗更新請求 ==========
2025-10-05 01:59:07 | INFO | f1.console | [UPDATE_DEBUG] 視窗標題: ⚡ Speed Diff Analysis_2025_China_R
2025-10-05 01:59:07 | INFO | f1.console | [UPDATE_DEBUG] 是否有 analysis_module: True
2025-10-05 01:59:07 | INFO | f1.console | [UPDATE_DEBUG] 🎯 使用新版模組更新邏輯
2025-10-05 01:59:07 | INFO | f1.console | [speeddiff_TITLE_DEBUG] 🏷️ 生成視窗標題: '⚡ Speed Diff Analysis_2025_China_R'
2025-10-05 01:59:07 | INFO | f1.console | [speeddiff_TITLE_DEBUG]   📊 參數詳情:
2025-10-05 01:59:07 | INFO | f1.console | [speeddiff_TITLE_DEBUG]     - 年份: 2025
2025-10-05 01:59:07 | INFO | f1.console | [speeddiff_TITLE_DEBUG]     - 賽事: China
2025-10-05 01:59:07 | INFO | f1.console | [speeddiff_TITLE_DEBUG]     - 賽段: R
2025-10-05 01:59:07 | INFO | f1.console | [TITLE] [MODULE] 使用模組標題: ⚡ Speed Diff Analysis_2025_China_R
2025-10-05 01:59:07 | INFO | f1.console | [LABEL] [TITLE] 標題已更新: ⚡ Speed Diff Analysis_2025_China_R
2025-10-05 01:59:07 | INFO | f1.console | [REFRESH] [⚡ Speed Diff Analysis_2025_China_R] 更新視窗數據: 2025 China R
2025-10-05 01:59:07 | INFO | f1.console | [speeddiff_PARAMS_DEBUG] ========== speeddiff參數更新開始 ==========
2025-10-05 01:59:07 | INFO | f1.console | [speeddiff_PARAMS_DEBUG] 收到參數: year=2025, race=China, session=R
2025-10-05 01:59:07 | INFO | f1.console | [speeddiff_PARAMS_DEBUG] 當前參數: year=2025, race=Australia, session=R
2025-10-05 01:59:07 | INFO | f1.console | [speeddiff_PARAMS_DEBUG] 參數變化檢查: True
2025-10-05 01:59:07 | INFO | f1.console | [speeddiff_PARAMS_DEBUG] 舊參數: 2025 Australia R
2025-10-05 01:59:07 | INFO | f1.console | [speeddiff_PARAMS_DEBUG] 新參數: 2025 China R
2025-10-05 01:59:07 | INFO | f1.console | [speeddiff_TITLE_DEBUG] 🔄 開始更新視窗標題...
2025-10-05 01:59:07 | INFO | f1.console | [speeddiff_TITLE_DEBUG] 📋 當前狀態檢查:
2025-10-05 01:59:07 | INFO | f1.console | [speeddiff_TITLE_DEBUG]   - parent_window 存在: True
2025-10-05 01:59:07 | INFO | f1.console | [speeddiff_TITLE_DEBUG]   - 舊標題: '⚡ Speed Diff Analysis_2025_China_R'
2025-10-05 01:59:07 | INFO | f1.console | [speeddiff_TITLE_DEBUG] 🏷️ 生成視窗標題: '⚡ Speed Diff Analysis_2025_China_R'
2025-10-05 01:59:07 | INFO | f1.console | [speeddiff_TITLE_DEBUG]   📊 參數詳情:
2025-10-05 01:59:07 | INFO | f1.console | [speeddiff_TITLE_DEBUG]     - 年份: 2025
2025-10-05 01:59:07 | INFO | f1.console | [speeddiff_TITLE_DEBUG]     - 賽事: China
2025-10-05 01:59:07 | INFO | f1.console | [speeddiff_TITLE_DEBUG]     - 賽段: R
2025-10-05 01:59:07 | INFO | f1.console | [speeddiff_TITLE_DEBUG]   - 新標題: '⚡ Speed Diff Analysis_2025_China_R'
2025-10-05 01:59:07 | INFO | f1.console | [speeddiff_TITLE_DEBUG] ✅ 標題無需更新
2025-10-05 01:59:07 | INFO | f1.console | [speeddiff_PARAMS_DEBUG] 檢查數據載入需求...
2025-10-05 01:59:07 | INFO | f1.console | [speeddiff_PARAMS_DEBUG] 需要載入數據：參數變化=True, 未載入過=False
2025-10-05 01:59:07 | INFO | f1.console | [REFRESH] 重新載入speeddiff數據...
2025-10-05 01:59:07 | INFO | f1.console | [speeddiff_MDI_DATA] ========== 載入speeddiff數據 ==========
2025-10-05 01:59:07 | INFO | f1.console | [speeddiff_MDI_DATA] 參數: 2025 China R
2025-10-05 01:59:07 | INFO | f1.console | [speeddiff_MDI_DATA] 車手: VER vs HAM, 圈數: 99 vs 99
2025-10-05 01:59:07 | INFO | f1.console | [speeddiff_MDI_DATA] 🔗 創建 speeddiffAnalysisDataLoader...
2025-10-05 01:59:07 | INFO | f1.console | [speeddiff_MDI_DATA] 🚀 調用 load_speeddiff_data...
2025-10-05 01:59:07 | INFO | f1.console | [SPEEDDIFF DEBUG] 初始化 Speed Diff Analysis 載入器
2025-10-05 01:59:07 | INFO | f1.console | [SPEEDDIFF DEBUG] API 基底網址: http://127.0.0.1:8000
2025-10-05 01:59:07 | INFO | f1.console | [SPEEDDIFF DEBUG] 本地 JSON 後備已停用 (策略: 預設策略 (API 優先，不允許本地後備))
2025-10-05 01:59:07 | INFO | f1.console | [SPEEDDIFF_LOADER] ✅ 速度差分析數據載入器初始化完成（基於TelemetryDataLoader v2.0）
2025-10-05 01:59:07 | INFO | f1.console | [SPEEDDIFF_LOADER] 🔄 向後兼容接口：load_speeddiff_data
2025-10-05 01:59:07 | INFO | f1.console | [SPEEDDIFF_LOADER] 參數: 2025 China R VER vs HAM L99/L99
2025-10-05 01:59:07 | INFO | f1.console | [SPEEDDIFF DEBUG] ========== 遙測數據載入 ==========
2025-10-05 01:59:07 | INFO | f1.console | [SPEEDDIFF DEBUG] 類型: Speed Diff Analysis
2025-10-05 01:59:07 | INFO | f1.console | [SPEEDDIFF DEBUG] 參數: 2025 China R VER vs HAM L99/L99
2025-10-05 01:59:07 | INFO | f1.console | [SPEEDDIFF DEBUG] 分析模式: 雙車手對比
2025-10-05 01:59:07 | INFO | f1.console | [SPEEDDIFF DEBUG] 請求標識 (token): 1
2025-10-05 01:59:07 | INFO | f1.console | [SPEEDDIFF DEBUG] 🚀 呼叫 API: http://127.0.0.1:8000/api/v2/analysis/execute
2025-10-05 01:59:07 | INFO | f1.console | [SPEEDDIFF DEBUG] 參數: {'year': 2025, 'race': 'China', 'session': 'R', 'driver1': 'VER', 'driver2': 'HAM', 'lap1': 99, 'lap2': 99, 'force_refresh': False}
2025-10-05 01:59:07 | INFO | f1.console | [speeddiff_MDI_DATA] ✅ speeddiff數據載入請求提交成功
2025-10-05 01:59:07 | INFO | f1.console | [speeddiff_PARAMS_DEBUG] ✅ speeddiff 數據重載成功
2025-10-05 01:59:07 | INFO | f1.console | [OK] [MODULE] ⚡ Speed Diff Analysis_2025_China_R 模組更新成功
2025-10-05 01:59:07 | INFO | f1.console | [OK] [NOTIFICATION] ⚡ Speed Diff Analysis_2025_China_R 內容更新成功
2025-10-05 01:59:07 | INFO | f1.console | [OK] [SYNC] 已發送通知到: ⚡ Speed Diff Analysis_2025_China_R
2025-10-05 01:59:07 | INFO | f1.console | [TEST] [SYNC] 發送通知到子視窗: 📏 Distance Diff Analysis_2025_China_R (race=China)
2025-10-05 01:59:07 | INFO | f1.console | [ANNOUNCE] [NOTIFICATION] 📏 Distance Diff Analysis_2025_China_R 收到主視窗更新通知: race=China
2025-10-05 01:59:07 | INFO | f1.console | [SEARCH] [NOTIFICATION] 📏 Distance Diff Analysis_2025_China_R 使用屬性檢查同步狀態: True
2025-10-05 01:59:07 | INFO | f1.console | [GREEN] [NOTIFICATION] 📏 Distance Diff Analysis_2025_China_R 同步已啟用，處理參數更新
2025-10-05 01:59:07 | INFO | f1.console | [distancediff_TITLE_DEBUG] 🏷️ 生成視窗標題: '📏 Distance Diff Analysis_2025_China_R'
2025-10-05 01:59:07 | INFO | f1.console | [distancediff_TITLE_DEBUG]   📊 參數詳情:
2025-10-05 01:59:07 | INFO | f1.console | [distancediff_TITLE_DEBUG]     - 年份: 2025
2025-10-05 01:59:07 | INFO | f1.console | [distancediff_TITLE_DEBUG]     - 賽事: China
2025-10-05 01:59:07 | INFO | f1.console | [distancediff_TITLE_DEBUG]     - 賽段: R
2025-10-05 01:59:07 | INFO | f1.console | [TITLE] [MODULE] 使用模組標題: 📏 Distance Diff Analysis_2025_China_R
2025-10-05 01:59:07 | INFO | f1.console | [LABEL] [TITLE] 標題已更新: 📏 Distance Diff Analysis_2025_China_R
2025-10-05 01:59:07 | INFO | f1.console | [UPDATE_DEBUG] ========== 視窗更新請求 ==========
2025-10-05 01:59:07 | INFO | f1.console | [UPDATE_DEBUG] 視窗標題: 📏 Distance Diff Analysis_2025_China_R
2025-10-05 01:59:07 | INFO | f1.console | [UPDATE_DEBUG] 是否有 analysis_module: True
2025-10-05 01:59:07 | INFO | f1.console | [UPDATE_DEBUG] 🎯 使用新版模組更新邏輯
2025-10-05 01:59:07 | INFO | f1.console | [distancediff_TITLE_DEBUG] 🏷️ 生成視窗標題: '📏 Distance Diff Analysis_2025_China_R'
2025-10-05 01:59:07 | INFO | f1.console | [distancediff_TITLE_DEBUG]   📊 參數詳情:
2025-10-05 01:59:07 | INFO | f1.console | [distancediff_TITLE_DEBUG]     - 年份: 2025
2025-10-05 01:59:07 | INFO | f1.console | [distancediff_TITLE_DEBUG]     - 賽事: China
2025-10-05 01:59:07 | INFO | f1.console | [distancediff_TITLE_DEBUG]     - 賽段: R
2025-10-05 01:59:07 | INFO | f1.console | [TITLE] [MODULE] 使用模組標題: 📏 Distance Diff Analysis_2025_China_R
2025-10-05 01:59:07 | INFO | f1.console | [LABEL] [TITLE] 標題已更新: 📏 Distance Diff Analysis_2025_China_R
2025-10-05 01:59:07 | INFO | f1.console | [REFRESH] [📏 Distance Diff Analysis_2025_China_R] 更新視窗數據: 2025 China R
2025-10-05 01:59:07 | INFO | f1.console | [distancediff_PARAMS_DEBUG] ========== distancediff參數更新開始 ==========
2025-10-05 01:59:07 | INFO | f1.console | [distancediff_PARAMS_DEBUG] 收到參數: year=2025, race=China, session=R
2025-10-05 01:59:07 | INFO | f1.console | [distancediff_PARAMS_DEBUG] 當前參數: year=2025, race=Australia, session=R
2025-10-05 01:59:07 | INFO | f1.console | [distancediff_PARAMS_DEBUG] 參數變化檢查: True
2025-10-05 01:59:07 | INFO | f1.console | [distancediff_PARAMS_DEBUG] 舊參數: 2025 Australia R
2025-10-05 01:59:07 | INFO | f1.console | [distancediff_PARAMS_DEBUG] 新參數: 2025 China R
2025-10-05 01:59:07 | INFO | f1.console | [distancediff_TITLE_DEBUG] 🔄 開始更新視窗標題...
2025-10-05 01:59:07 | INFO | f1.console | [distancediff_TITLE_DEBUG] 📋 當前狀態檢查:
2025-10-05 01:59:07 | INFO | f1.console | [distancediff_TITLE_DEBUG]   - parent_window 存在: True
2025-10-05 01:59:07 | INFO | f1.console | [distancediff_TITLE_DEBUG]   - 舊標題: '📏 Distance Diff Analysis_2025_China_R'
2025-10-05 01:59:07 | INFO | f1.console | [distancediff_TITLE_DEBUG] 🏷️ 生成視窗標題: '📏 Distance Diff Analysis_2025_China_R'
2025-10-05 01:59:07 | INFO | f1.console | [distancediff_TITLE_DEBUG]   📊 參數詳情:
2025-10-05 01:59:07 | INFO | f1.console | [distancediff_TITLE_DEBUG]     - 年份: 2025
2025-10-05 01:59:07 | INFO | f1.console | [distancediff_TITLE_DEBUG]     - 賽事: China
2025-10-05 01:59:07 | INFO | f1.console | [distancediff_TITLE_DEBUG]     - 賽段: R
2025-10-05 01:59:07 | INFO | f1.console | [distancediff_TITLE_DEBUG]   - 新標題: '📏 Distance Diff Analysis_2025_China_R'
2025-10-05 01:59:07 | INFO | f1.console | [distancediff_TITLE_DEBUG] ✅ 標題無需更新
2025-10-05 01:59:07 | INFO | f1.console | [distancediff_PARAMS_DEBUG] 檢查數據載入需求...
2025-10-05 01:59:07 | INFO | f1.console | [distancediff_PARAMS_DEBUG] 需要載入數據：參數變化=True, 未載入過=False
2025-10-05 01:59:07 | INFO | f1.console | [REFRESH] 重新載入distancediff數據...
2025-10-05 01:59:07 | INFO | f1.console | [distancediff_MDI_DATA] ========== 載入distancediff數據 ==========
2025-10-05 01:59:07 | INFO | f1.console | [distancediff_MDI_DATA] 參數: 2025 China R
2025-10-05 01:59:07 | INFO | f1.console | [distancediff_MDI_DATA] 車手: VER vs HAM, 圈數: 99 vs 99
2025-10-05 01:59:07 | INFO | f1.console | [distancediff_MDI_DATA] 🔗 創建 distancediffAnalysisDataLoader...
2025-10-05 01:59:07 | INFO | f1.console | [distancediff_MDI_DATA] 🚀 調用 load_distancediff_data...
2025-10-05 01:59:07 | INFO | f1.console | [DISTDIFF DEBUG] 初始化 Distance Diff Analysis 載入器
2025-10-05 01:59:07 | INFO | f1.console | [DISTDIFF DEBUG] API 基底網址: http://127.0.0.1:8000
2025-10-05 01:59:07 | INFO | f1.console | [DISTDIFF DEBUG] 本地 JSON 後備已停用 (策略: 預設策略 (API 優先，不允許本地後備))
2025-10-05 01:59:07 | INFO | f1.console | [DISTANCEDIFF_LOADER] ✅ 距離差分析數據載入器初始化完成（基於TelemetryDataLoader v2.0）
2025-10-05 01:59:07 | INFO | f1.console | [DISTANCEDIFF_LOADER] 🔄 向後兼容接口：load_distancediff_data
2025-10-05 01:59:07 | INFO | f1.console | [DISTANCEDIFF_LOADER] 參數: 2025 China R VER vs HAM L99/L99
2025-10-05 01:59:07 | INFO | f1.console | [DISTDIFF DEBUG] ========== 遙測數據載入 ==========
2025-10-05 01:59:07 | INFO | f1.console | [DISTDIFF DEBUG] 類型: Distance Diff Analysis
2025-10-05 01:59:07 | INFO | f1.console | [DISTDIFF DEBUG] 參數: 2025 China R VER vs HAM L99/L99
2025-10-05 01:59:07 | INFO | f1.console | [DISTDIFF DEBUG] 分析模式: 雙車手對比
2025-10-05 01:59:07 | INFO | f1.console | [DISTDIFF DEBUG] 請求標識 (token): 1
2025-10-05 01:59:07 | INFO | f1.console | [DISTDIFF DEBUG] 🚀 呼叫 API: http://127.0.0.1:8000/api/v2/analysis/execute
2025-10-05 01:59:07 | INFO | f1.console | [DISTDIFF DEBUG] 參數: {'year': 2025, 'race': 'China', 'session': 'R', 'driver1': 'VER', 'driver2': 'HAM', 'lap1': 99, 'lap2': 99, 'force_refresh': False}
2025-10-05 01:59:07 | INFO | f1.console | [distancediff_MDI_DATA] ✅ distancediff數據載入請求提交成功
2025-10-05 01:59:07 | INFO | f1.console | [distancediff_PARAMS_DEBUG] ✅ distancediff 數據重載成功
2025-10-05 01:59:07 | INFO | f1.console | [OK] [MODULE] 📏 Distance Diff Analysis_2025_China_R 模組更新成功
2025-10-05 01:59:07 | INFO | f1.console | [OK] [NOTIFICATION] 📏 Distance Diff Analysis_2025_China_R 內容更新成功
2025-10-05 01:59:07 | INFO | f1.console | [OK] [SYNC] 已發送通知到: 📏 Distance Diff Analysis_2025_China_R
2025-10-05 01:59:07 | INFO | f1.console | [TEST] [SYNC] 發送通知到子視窗: Lap Time Box Plot - 2025 Australia (2025-03-16) R_2025_China_R (race=China)
2025-10-05 01:59:07 | INFO | f1.console | [ANNOUNCE] [NOTIFICATION] Lap Time Box Plot - 2025 Australia (2025-03-16) R_2025_China_R 收到主視窗更新通知: race=China
2025-10-05 01:59:07 | INFO | f1.console | [SEARCH] [NOTIFICATION] Lap Time Box Plot - 2025 Australia (2025-03-16) R_2025_China_R 使用屬性檢查同步狀態: True
2025-10-05 01:59:07 | INFO | f1.console | [GREEN] [NOTIFICATION] Lap Time Box Plot - 2025 Australia (2025-03-16) R_2025_China_R 同步已啟用，處理參數更新
2025-10-05 01:59:07 | INFO | f1.console | [TITLE] [MODULE] 使用模組標題: Lap Time Box Plot - 2025 China R
2025-10-05 01:59:07 | INFO | f1.console | [LABEL] [TITLE] 標題已更新: Lap Time Box Plot - 2025 China R
2025-10-05 01:59:07 | INFO | f1.console | [UPDATE_DEBUG] ========== 視窗更新請求 ==========
2025-10-05 01:59:07 | INFO | f1.console | [UPDATE_DEBUG] 視窗標題: Lap Time Box Plot - 2025 China R
2025-10-05 01:59:07 | INFO | f1.console | [UPDATE_DEBUG] 是否有 analysis_module: True
2025-10-05 01:59:07 | INFO | f1.console | [UPDATE_DEBUG] 🎯 使用新版模組更新邏輯
2025-10-05 01:59:07 | INFO | f1.console | [TITLE] [MODULE] 使用模組標題: Lap Time Box Plot - 2025 China R
2025-10-05 01:59:07 | INFO | f1.console | [LABEL] [TITLE] 標題已更新: Lap Time Box Plot - 2025 China R
2025-10-05 01:59:07 | INFO | f1.console | [REFRESH] [Lap Time Box Plot - 2025 China R] 更新視窗數據: 2025 China R
2025-10-05 01:59:07 | INFO | f1.console | [LAPTIME_BOXPLOT_MDI] ========== 更新參數 ==========
2025-10-05 01:59:07 | INFO | f1.console | [LAPTIME_BOXPLOT_MDI] 參數: 2025 China R
2025-10-05 01:59:07 | INFO | f1.console | [REFRESH] [MODULE] Lap Time Box Plot - 2025 China R 參數已更新: {'year': '2025', 'race': 'China', 'session': 'R'}
2025-10-05 01:59:07 | INFO | f1.console | [LAPTIME_BOXPLOT_MDI] 🏷️ 視窗標題已更新為: Lap Time Box Plot - 2025 China R
2025-10-05 01:59:07 | INFO | f1.console | 🚨 [BASE_CRITICAL] _load_data_with_current_parameters 被調用
2025-10-05 01:59:07 | INFO | f1.console | 🚨 [BASE_CRITICAL] self.data_manager = <modules.gui.driver_race.lap_box_plot_analysis.lap_box_plot_analysis_mdi.LapTimeBoxPlotDataManager object at 0x000001838BBEF260>
2025-10-05 01:59:07 | INFO | f1.console | 🚨 [BASE_CRITICAL] type(self.data_manager) = <class 'modules.gui.driver_race.lap_box_plot_analysis.lap_box_plot_analysis_mdi.LapTimeBoxPlotDataManager'>
2025-10-05 01:59:07 | INFO | f1.console | 🚨 [BASE_CRITICAL] 載入參數: {'year': 2025, 'race': 'China', 'session': 'R'}
2025-10-05 01:59:07 | INFO | f1.console | 🚨 [BASE_CRITICAL] data_manager 是否有 load_data 方法: True
2025-10-05 01:59:07 | INFO | f1.console | 🚨 [BASE_CRITICAL] 調用 data_manager.load_data({'year': 2025, 'race': 'China', 'session': 'R'})
2025-10-05 01:59:07 | INFO | f1.console | [[BOXPLOT_DATA] DEBUG] 透過 API 載入降雨資料: base_url=http://127.0.0.1:8000, params={'year': 2025, 'race': 'China', 'session': 'R'}
2025-10-05 01:59:07 | INFO | f1.console | 🚨 [BASE_CRITICAL] data_manager.load_data 調用完成
2025-10-05 01:59:07 | INFO | f1.console | [OK] [MODULE] Lap Time Box Plot - 2025 China R 模組更新成功
2025-10-05 01:59:07 | INFO | f1.console | [OK] [NOTIFICATION] Lap Time Box Plot - 2025 Australia (2025-03-16) R_2025_China_R 內容更新成功
2025-10-05 01:59:07 | INFO | f1.console | [OK] [SYNC] 已發送通知到: Lap Time Box Plot - 2025 Australia (2025-03-16) R_2025_China_R
2025-10-05 01:59:07 | INFO | f1.console | [TEST] [SYNC] 發送通知到子視窗: Detailed Lap Analysis - 2025 Australia (2025-03-16) R - VER_2025_China_R (race=China)
2025-10-05 01:59:07 | INFO | f1.console | [ANNOUNCE] [NOTIFICATION] Detailed Lap Analysis - 2025 Australia (2025-03-16) R - VER_2025_China_R 收到主視窗更新通知: race=China
2025-10-05 01:59:07 | INFO | f1.console | [SEARCH] [NOTIFICATION] Detailed Lap Analysis - 2025 Australia (2025-03-16) R - VER_2025_China_R 使用屬性檢查同步狀態: True
2025-10-05 01:59:07 | INFO | f1.console | [GREEN] [NOTIFICATION] Detailed Lap Analysis - 2025 Australia (2025-03-16) R - VER_2025_China_R 同步已啟用，處理參數更新
2025-10-05 01:59:07 | INFO | f1.console | [TITLE] [MODULE] 使用模組標題: Detailed Lap Analysis - 2025 China R - VER
2025-10-05 01:59:07 | INFO | f1.console | [LABEL] [TITLE] 標題已更新: Detailed Lap Analysis - 2025 China R - VER
2025-10-05 01:59:07 | INFO | f1.console | [UPDATE_DEBUG] ========== 視窗更新請求 ==========
2025-10-05 01:59:07 | INFO | f1.console | [UPDATE_DEBUG] 視窗標題: Detailed Lap Analysis - 2025 China R - VER
2025-10-05 01:59:07 | INFO | f1.console | [UPDATE_DEBUG] 是否有 analysis_module: True
2025-10-05 01:59:07 | INFO | f1.console | [UPDATE_DEBUG] 🎯 使用新版模組更新邏輯
2025-10-05 01:59:07 | INFO | f1.console | [TITLE] [MODULE] 使用模組標題: Detailed Lap Analysis - 2025 China R - VER
2025-10-05 01:59:07 | INFO | f1.console | [LABEL] [TITLE] 標題已更新: Detailed Lap Analysis - 2025 China R - VER
2025-10-05 01:59:07 | INFO | f1.console | [REFRESH] [Detailed Lap Analysis - 2025 China R - VER] 更新視窗數據: 2025 China R
2025-10-05 01:59:07 | INFO | f1.console | [LAPTIME_MDI] ========== 更新參數 ==========
2025-10-05 01:59:07 | INFO | f1.console | [LAPTIME_MDI] 參數: 2025 China R
2025-10-05 01:59:07 | INFO | f1.console | [LAPTIME_MDI] 車手: VER vs VER
2025-10-05 01:59:07 | INFO | f1.console | [REFRESH] [MODULE] Detailed Lap Analysis - 2025 China R - VER 參數已更新: {'year': '2025', 'race': 'China', 'session': 'R', 'driver1': 'VER', 'driver2': 'VER'}
2025-10-05 01:59:07 | INFO | f1.console | 🚨 [BASE_CRITICAL] _load_data_with_current_parameters 被調用
2025-10-05 01:59:07 | INFO | f1.console | 🚨 [BASE_CRITICAL] self.data_manager = <modules.gui.driver_race.detailed_lap_analysis.driverlap_analysis_mdi.driverLapAnalysisDataManager object at 0x0000018390FB0050>
2025-10-05 01:59:07 | INFO | f1.console | 🚨 [BASE_CRITICAL] type(self.data_manager) = <class 'modules.gui.driver_race.detailed_lap_analysis.driverlap_analysis_mdi.driverLapAnalysisDataManager'>
2025-10-05 01:59:07 | INFO | f1.console | 🚨 [BASE_CRITICAL] 載入參數: {'year': 2025, 'race': 'China', 'session': 'R'}
2025-10-05 01:59:07 | INFO | f1.console | 🚨 [BASE_CRITICAL] 添加車手參數: {'year': 2025, 'race': 'China', 'session': 'R', 'driver1': 'VER', 'driver2': 'VER'}
2025-10-05 01:59:07 | INFO | f1.console | 🚨 [BASE_CRITICAL] data_manager 是否有 load_data 方法: True
2025-10-05 01:59:07 | INFO | f1.console | 🚨 [BASE_CRITICAL] 調用 data_manager.load_data({'year': 2025, 'race': 'China', 'session': 'R', 'driver1': 'VER', 'driver2': 'VER'})
2025-10-05 01:59:07 | INFO | f1.console | [[F28_DATA] DEBUG] _normalize_load_params -> {'year': 2025, 'race': 'China', 'session': 'R', 'driver': 'all_drivers', 'selected_driver': 'VER', 'force_refresh': False}
2025-10-05 01:59:07 | INFO | f1.console | [[F28_DATA] DEBUG] load_data: params={'year': 2025, 'race': 'China', 'session': 'R', 'driver': 'all_drivers', 'selected_driver': 'VER', 'force_refresh': False}, cached_key=(2025, 'Australia', 'R', 'all_drivers'), is_loading=False, api_enabled=True
2025-10-05 01:59:07 | INFO | f1.console | [[F28_DATA] DEBUG] load_data: starting API worker
2025-10-05 01:59:07 | INFO | f1.console | [[F28_DATA] DEBUG] _start_api_request -> payload={'year': 2025, 'race': 'China', 'session': 'R'}
2025-10-05 01:59:07 | INFO | f1.console | 🚨 [BASE_CRITICAL] data_manager.load_data 調用完成
2025-10-05 01:59:07 | INFO | f1.console | [OK] [MODULE] Detailed Lap Analysis - 2025 China R - VER 模組更新成功
2025-10-05 01:59:07 | INFO | f1.console | [OK] [NOTIFICATION] Detailed Lap Analysis - 2025 Australia (2025-03-16) R - VER_2025_China_R 內容更新成功
2025-10-05 01:59:07 | INFO | f1.console | [OK] [SYNC] 已發送通知到: Detailed Lap Analysis - 2025 Australia (2025-03-16) R - VER_2025_China_R
2025-10-05 01:59:07 | INFO | f1.console | [STATS] [SYNC] MDI區域 AnalysisMDIArea 通知完成，共發送 15 個通知
2025-10-05 01:59:07 | INFO | f1.console | [OK] [SYNC] 完成同步，共更新 15 個子視窗
2025-10-05 01:59:07 | INFO | f1.console | [[RAIN_ANALYSIS] DEBUG] 成功處理 56 圈天氣數據
2025-10-05 01:59:07 | INFO | f1.console | [RAIN_WEATHER_MDI] 📊 更新圖表數據
2025-10-05 01:59:07 | INFO | f1.console | [RAIN_WEATHER_MDI]    - 組件類型: <class 'modules.gui.rain_analysis.rain_analysis_chart_widget.RainAnalysisChartWidget'>
2025-10-05 01:59:07 | INFO | f1.console | [RAIN_WEATHER_MDI]    - 組件模組: modules.gui.rain_analysis.rain_analysis_chart_widget
2025-10-05 01:59:07 | INFO | f1.console | [RAIN_WEATHER_MDI]    - 有 update_data: True
2025-10-05 01:59:07 | INFO | f1.console | [RAIN_WEATHER_MDI]    - 有 set_data: True
2025-10-05 01:59:07 | INFO | f1.console | [RAIN_WEATHER_MDI] ✅ 使用 update_data 方法
2025-10-05 01:59:07 | INFO | f1.console | [RAIN_WEATHER_MDI]    - update_data 方法來源: <function RainAnalysisChartWidget.update_data at 0x00000183FFDE7F60>
2025-10-05 01:59:07 | INFO | f1.console | ✅ [RAIN_CHART] update_data 被調用!
2025-10-05 01:59:07 | INFO | f1.console |    - 自身類型: <class 'modules.gui.rain_analysis.rain_analysis_chart_widget.RainAnalysisChartWidget'>
2025-10-05 01:59:07 | INFO | f1.console |    - 數據類型: <class 'dict'>
2025-10-05 01:59:07 | INFO | f1.console |    - 數據鍵: ['lap_data', 'summary', 'metadata', 'charts_data']
2025-10-05 01:59:07 | INFO | f1.console | [RAIN_RANGE_DEBUG] 計算範圍，圖表類型: primary
2025-10-05 01:59:07 | INFO | f1.console | [RAIN_RANGE_DEBUG] 可用數據鍵: ['x_data', 'y1_data', 'y2_data', 'y1_label', 'y2_label', 'title']
2025-10-05 01:59:07 | INFO | f1.console | [RAIN_RANGE_DEBUG] X軸範圍(圈數): (1, 56)
2025-10-05 01:59:07 | INFO | f1.console | [RAIN_RANGE_DEBUG] 溫度數據: min=26.500, max=27.600
2025-10-05 01:59:07 | INFO | f1.console | [RAIN_RANGE_DEBUG] 左Y軸範圍(溫度): (26.335, 27.765)
2025-10-05 01:59:07 | INFO | f1.console | [RAIN_RANGE_DEBUG] 邊距: 0.165
2025-10-05 01:59:07 | INFO | f1.console | [AccidentStatisticsWidget] 開始更新數據
2025-10-05 01:59:07 | INFO | f1.console | [AccidentStatisticsWidget] 統計更新 - Track Limit: 5, 雙黃旗: 14, 黃旗: 8, 紅旗: 0
2025-10-05 01:59:07 | INFO | f1.console | [AccidentStatisticsWidget] 檢查了 55 個事件
2025-10-05 01:59:07 | INFO | f1.console | [AccidentStatisticsWidget] 旗標表格更新完成，共 21 項
2025-10-05 01:59:07 | INFO | f1.console | [AccidentStatisticsWidget] 處罰表格更新完成，共 1 項
2025-10-05 01:59:07 | INFO | f1.console | [AccidentStatisticsWidget] 數據更新完成
2025-10-05 01:59:07 | INFO | f1.console | [AccidentStatisticsWidget] 開始更新數據
2025-10-05 01:59:07 | INFO | f1.console | [AccidentStatisticsWidget] 統計更新 - Track Limit: 5, 雙黃旗: 14, 黃旗: 8, 紅旗: 0
2025-10-05 01:59:07 | INFO | f1.console | [AccidentStatisticsWidget] 檢查了 55 個事件
2025-10-05 01:59:07 | INFO | f1.console | [AccidentStatisticsWidget] 旗標表格更新完成，共 21 項
2025-10-05 01:59:07 | INFO | f1.console | [AccidentStatisticsWidget] 處罰表格更新完成，共 1 項
2025-10-05 01:59:07 | INFO | f1.console | [AccidentStatisticsWidget] 數據更新完成
2025-10-05 01:59:07 | INFO | f1.console | [OK] [VALIDATE] AccidentDetailedListWidget: 數據格式驗證通過，匹配路徑: data -> all_incidents
2025-10-05 01:59:07 | INFO | f1.console | [OK] [VALIDATE] AccidentDetailedListWidget: 數據格式驗證通過，匹配路徑: data -> all_incidents
2025-10-05 01:59:07 | INFO | f1.console | [[TIRE_ANALYSIS] DEBUG] 使用 drivers_analysis 格式 (CLI -f26 v2)
2025-10-05 01:59:07 | INFO | f1.console | [[TIRE_ANALYSIS] DEBUG] 使用 overall_statistics 作為摘要數據
2025-10-05 01:59:07 | INFO | f1.console | [[TIRE_ANALYSIS] DEBUG] 圖表數據已準備：20 個車手
2025-10-05 01:59:07 | INFO | f1.console | [[TIRE_ANALYSIS] DEBUG] 成功處理 20 車手輪胎策略數據
2025-10-05 01:59:07 | INFO | f1.console | [TIRE_ANALYSIS_MDI] 📊 更新圖表數據
2025-10-05 01:59:07 | INFO | f1.console | [TIRE_ANALYSIS_MDI]    - 組件類型: <class 'modules.gui.tire_analysis.tire_analysis_chart_widget.TireAnalysisChartWidget'>
2025-10-05 01:59:07 | INFO | f1.console | [TIRE_ANALYSIS_MDI]    - 組件模組: modules.gui.tire_analysis.tire_analysis_chart_widget
2025-10-05 01:59:07 | INFO | f1.console | [TIRE_ANALYSIS_MDI]    - 有 update_data: True
2025-10-05 01:59:07 | INFO | f1.console | [TIRE_ANALYSIS_MDI]    - 有 set_data: False
2025-10-05 01:59:07 | INFO | f1.console | [TIRE_ANALYSIS_MDI] ✅ 使用 update_data 方法
2025-10-05 01:59:07 | INFO | f1.console | [TIRE_ANALYSIS_MDI]    - update_data 方法來源: <function TireAnalysisChartWidget.update_data at 0x00000183FFE81DA0>
2025-10-05 01:59:07 | INFO | f1.console | [TIRE_CHART] 解包 charts_data -> 原始 JSON
2025-10-05 01:59:07 | INFO | f1.console | [TIRE_CHART] 收到數據更新: <class 'dict'>
2025-10-05 01:59:07 | INFO | f1.console | [TIRE_CHART] 選中車手: None
2025-10-05 01:59:07 | INFO | f1.console | [TIRE_CHART] 可用車手: ['ALB', 'ALO', 'ANT', 'BEA', 'BOR', 'DOO', 'GAS', 'HAD', 'HAM', 'HUL', 'LAW', 'LEC', 'NOR', 'OCO', 'PIA', 'RUS', 'SAI', 'STR', 'TSU', 'VER'] (共 20 位)
2025-10-05 01:59:07 | INFO | f1.console |   ALB: 2 個 Stint
2025-10-05 01:59:07 | INFO | f1.console |     [ALB] 第一個Stint配方: MEDIUM, 圈數: 1-20
2025-10-05 01:59:07 | INFO | f1.console |   ALO: 1 個 Stint
2025-10-05 01:59:07 | INFO | f1.console |     [ALO] 第一個Stint配方: MEDIUM, 圈數: 1-4
2025-10-05 01:59:07 | INFO | f1.console |   ANT: 2 個 Stint
2025-10-05 01:59:07 | INFO | f1.console |     [ANT] 第一個Stint配方: MEDIUM, 圈數: 1-12
2025-10-05 01:59:07 | INFO | f1.console |   BEA: 2 個 Stint
2025-10-05 01:59:07 | INFO | f1.console |     [BEA] 第一個Stint配方: HARD, 圈數: 1-26
2025-10-05 01:59:07 | INFO | f1.console |   BOR: 3 個 Stint
2025-10-05 01:59:07 | INFO | f1.console |     [BOR] 第一個Stint配方: MEDIUM, 圈數: 1-1
2025-10-05 01:59:07 | INFO | f1.console |   DOO: 2 個 Stint
2025-10-05 01:59:07 | INFO | f1.console |     [DOO] 第一個Stint配方: MEDIUM, 圈數: 1-11
2025-10-05 01:59:07 | INFO | f1.console |   GAS: 2 個 Stint
2025-10-05 01:59:07 | INFO | f1.console |     [GAS] 第一個Stint配方: MEDIUM, 圈數: 1-10
2025-10-05 01:59:07 | INFO | f1.console |   HAD: 3 個 Stint
2025-10-05 01:59:07 | INFO | f1.console |     [HAD] 第一個Stint配方: MEDIUM, 圈數: 1-12
2025-10-05 01:59:07 | INFO | f1.console |   HAM: 3 個 Stint
2025-10-05 01:59:07 | INFO | f1.console |     [HAM] 第一個Stint配方: MEDIUM, 圈數: 1-13
2025-10-05 01:59:07 | INFO | f1.console |   HUL: 2 個 Stint
2025-10-05 01:59:07 | INFO | f1.console |     [HUL] 第一個Stint配方: MEDIUM, 圈數: 1-20
2025-10-05 01:59:07 | INFO | f1.console |   LAW: 3 個 Stint
2025-10-05 01:59:07 | INFO | f1.console |     [LAW] 第一個Stint配方: HARD, 圈數: 1-18
2025-10-05 01:59:07 | INFO | f1.console |   LEC: 2 個 Stint
2025-10-05 01:59:07 | INFO | f1.console |     [LEC] 第一個Stint配方: MEDIUM, 圈數: 1-15
2025-10-05 01:59:07 | INFO | f1.console |   NOR: 2 個 Stint
2025-10-05 01:59:07 | INFO | f1.console |     [NOR] 第一個Stint配方: MEDIUM, 圈數: 1-15
2025-10-05 01:59:07 | INFO | f1.console |   OCO: 2 個 Stint
2025-10-05 01:59:07 | INFO | f1.console |     [OCO] 第一個Stint配方: MEDIUM, 圈數: 1-11
2025-10-05 01:59:07 | INFO | f1.console |   PIA: 2 個 Stint
2025-10-05 01:59:07 | INFO | f1.console |     [PIA] 第一個Stint配方: MEDIUM, 圈數: 1-14
2025-10-05 01:59:07 | INFO | f1.console |   RUS: 2 個 Stint
2025-10-05 01:59:07 | INFO | f1.console |     [RUS] 第一個Stint配方: MEDIUM, 圈數: 1-14
2025-10-05 01:59:07 | INFO | f1.console |   SAI: 2 個 Stint
2025-10-05 01:59:07 | INFO | f1.console |     [SAI] 第一個Stint配方: MEDIUM, 圈數: 1-17
2025-10-05 01:59:07 | INFO | f1.console |   STR: 2 個 Stint
2025-10-05 01:59:07 | INFO | f1.console |     [STR] 第一個Stint配方: HARD, 圈數: 1-36
2025-10-05 01:59:07 | INFO | f1.console |   TSU: 4 個 Stint
2025-10-05 01:59:07 | INFO | f1.console |     [TSU] 第一個Stint配方: MEDIUM, 圈數: 1-11
2025-10-05 01:59:07 | INFO | f1.console |   VER: 2 個 Stint
2025-10-05 01:59:07 | INFO | f1.console |     [VER] 第一個Stint配方: MEDIUM, 圈數: 1-13
2025-10-05 01:59:07 | INFO | f1.console | [TIRE_CHART] 主要顯示車手: ALB
2025-10-05 01:59:07 | INFO | f1.console | [TIRE_CHART] 總共載入 20 位車手的輪胎策略數據
2025-10-05 01:59:07 | INFO | f1.console | [TIRE_CHART] 圈數範圍: 1-56
2025-10-05 01:59:07 | INFO | f1.console | [TIRE_CHART] 顯示 20 位車手的輪胎策略
2025-10-05 01:59:07 | INFO | f1.console | [[TRACK_ANALYSIS] DEBUG] 提示：資料缺少 session_info，將採用當前 GUI 參數填補
2025-10-05 01:59:07 | INFO | f1.console | [[TRACK_ANALYSIS] DEBUG] 成功處理 50 個位置點數據
2025-10-05 01:59:07 | INFO | f1.console | [[TRACK_ANALYSIS] DEBUG] 賽道: China
2025-10-05 01:59:07 | INFO | f1.console | [[TRACK_ANALYSIS] DEBUG] 賽道邊界: {'x_min': -6748.0, 'x_max': 5401.0, 'y_min': -3625.0, 'y_max': 7190.0}
2025-10-05 01:59:07 | INFO | f1.console | [TRACK_ANALYSIS_MDI] 狀態: 已從 API 載入賽道分析資料
2025-10-05 01:59:07 | INFO | f1.console | [TRACK_ANALYSIS_MDI] 數據載入完成
2025-10-05 01:59:07 | INFO | f1.console | [TRACK_MAP] Data loaded: China, points=50 bounds={'x_min': -6748.0, 'x_max': 5401.0, 'y_min': -3625.0, 'y_max': 7190.0}
2025-10-05 01:59:07 | INFO | f1.console | [TRACK_ANALYSIS_MDI] 賽道數據已載入至地圖組件
2025-10-05 01:59:07 | INFO | f1.console | [TRACK_ANALYSIS_MDI] 狀態: 賽道數據載入完成
2025-10-05 01:59:07 | INFO | f1.console | [RAIN_AXIS_DEBUG] 📊 X軸座標軸設置:
2025-10-05 01:59:07 | INFO | f1.console | [RAIN_AXIS_DEBUG]   範圍: 1.0 - 56.0
2025-10-05 01:59:07 | INFO | f1.console | [RAIN_AXIS_DEBUG]   資料點: 56
2025-10-05 01:59:07 | INFO | f1.console | [RAIN_AXIS_DEBUG]   最小間距(px): 48
2025-10-05 01:59:07 | INFO | f1.console | [RAIN_AXIS_DEBUG] 📊 Y軸座標軸設置:
2025-10-05 01:59:07 | INFO | f1.console | [RAIN_AXIS_DEBUG]   範圍: 26.335 - 27.765
2025-10-05 01:59:07 | INFO | f1.console | [RAIN_AXIS_DEBUG]   間距: 0.238
2025-10-05 01:59:07 | INFO | f1.console | [RAIN_AXIS_DEBUG]   標籤數量: 7
2025-10-05 01:59:07 | INFO | f1.console | [RAIN_AXIS_DEBUG] 🎨 自訂座標軸標題繪製
2025-10-05 01:59:07 | ERROR | f1.console | [TIRE_CHART] 檢測到錯誤 end_lap: driver=BOR, start=1, end=1
2025-10-05 01:59:07 | INFO | f1.console | [TIRE_CHART] 使用 length 修正: driver=BOR, length=1, 新end=1
2025-10-05 01:59:07 | INFO | f1.console | [TIRE_CHART] 強制最小值: driver=BOR, 最終end=6
2025-10-05 01:59:07 | INFO | f1.console | [LOAD] 載入進站分析數據: 2025 China R
2025-10-05 01:59:07 | INFO | f1.console | [PITSTOP_MANAGER] 開始載入車手進站數據: 2025 China R
2025-10-05 01:59:07 | INFO | f1.console | [PROGRESS] 載入進度: 5%
2025-10-05 01:59:07 | INFO | f1.console | [PROGRESS] 載入進度: 15%
2025-10-05 01:59:07 | INFO | f1.console | [STATUS] 狀態變更: 正在透過 API 載入車手進站數據...
2025-10-05 01:59:07 | INFO | f1.console | [PITSTOP_MANAGER] 開始載入車隊進站數據: 2025 China R
2025-10-05 01:59:07 | INFO | f1.console | [STATUS] 狀態變更: 正在透過 API 載入車隊進站數據...
2025-10-05 01:59:07 | INFO | f1.console | [PITSTOP_MANAGER] 開始載入車手詳細進站數據: 2025 China R
2025-10-05 01:59:07 | INFO | f1.console | [STATUS] 狀態變更: 正在透過 API 載入車手詳細進站數據...
2025-10-05 01:59:07 | INFO | f1.console | [PROGRESS] 載入進度: 15%
2025-10-05 01:59:07 | INFO | f1.console | [STATUS] 狀態變更: 呼叫 API 取得車手進站分析資料...
2025-10-05 01:59:07 | INFO | f1.console | [STATUS] 狀態變更: 呼叫 API 取得車隊進站分析資料...
2025-10-05 01:59:07 | INFO | f1.console | [STATUS] 狀態變更: 呼叫 API 取得車手進站詳細分析資料...
2025-10-05 01:59:07 | INFO | f1.console | [[BOXPLOT_DATA] DEBUG] ========== API 成功回調 ==========
2025-10-05 01:59:07 | INFO | f1.console | [[BOXPLOT_DATA] DEBUG] Payload 類型: <class 'dict'>
2025-10-05 01:59:07 | INFO | f1.console | [[BOXPLOT_DATA] DEBUG] Payload 鍵: ['data', 'meta']
2025-10-05 01:59:07 | INFO | f1.console | [[BOXPLOT_DATA] DEBUG] 原始數據類型: <class 'dict'>
2025-10-05 01:59:07 | INFO | f1.console | [[BOXPLOT_DATA] DEBUG] 原始數據鍵: ['success', 'drivers_analyzed', 'year', 'race', 'session', 'analysis_mode', 'analysis_timestamp', 'all_drivers_detailed_laptime', 'metadata', 'file_info']
2025-10-05 01:59:07 | INFO | f1.console | [[BOXPLOT_DATA] DEBUG] ✅ 數據驗證通過
2025-10-05 01:59:07 | INFO | f1.console | [[BOXPLOT_DATA] DEBUG] 成功處理 19 位車手的圈速數據
2025-10-05 01:59:07 | INFO | f1.console | [[BOXPLOT_DATA] DEBUG] 處理後數據類型: <class 'dict'>
2025-10-05 01:59:07 | INFO | f1.console | [[BOXPLOT_DATA] DEBUG] 處理後數據鍵: ['driver_laptimes', 'statistics', 'metadata']
2025-10-05 01:59:07 | INFO | f1.console | [[BOXPLOT_DATA] DEBUG] 車手數量: 19
2025-10-05 01:59:07 | INFO | f1.console | [[BOXPLOT_DATA] DEBUG] 準備發出 data_loaded 信號...
2025-10-05 01:59:07 | INFO | f1.console | [LAPTIME_BOXPLOT_MDI] 📊 更新圖表數據
2025-10-05 01:59:07 | INFO | f1.console | [LAPTIME_BOXPLOT_MDI]    - 組件類型: <class 'modules.gui.driver_race.lap_box_plot_analysis.lap_box_plot_chart_widget.LapTimeBoxPlotChartWidget'>
2025-10-05 01:59:07 | INFO | f1.console | [LAPTIME_BOXPLOT_MDI]    - 組件模組: modules.gui.driver_race.lap_box_plot_analysis.lap_box_plot_chart_widget
2025-10-05 01:59:07 | INFO | f1.console | [LAPTIME_BOXPLOT_MDI]    - 有 update_data: True
2025-10-05 01:59:07 | INFO | f1.console | [LAPTIME_BOXPLOT_MDI]    - 有 set_data: False
2025-10-05 01:59:07 | INFO | f1.console | [LAPTIME_BOXPLOT_MDI] ✅ 使用 update_data 方法
2025-10-05 01:59:07 | INFO | f1.console | [LAPTIME_BOXPLOT_MDI]    - update_data 方法來源: <function LapTimeBoxPlotChartWidget.update_data at 0x0000018390FB9B20>
2025-10-05 01:59:07 | INFO | f1.console | [BOXPLOT_CHART] 更新數據: 19 位車手
2025-10-05 01:59:07 | INFO | f1.console | [TOOLBAR_STATUS] 已更新: Lap Time Box Plot |  |  | 
2025-10-05 01:59:07 | INFO | f1.console | [LAPTIME_BOXPLOT_MDI] 已更新工具欄狀態: Lap Time Box Plot
2025-10-05 01:59:07 | INFO | f1.console | [[BOXPLOT_DATA] DEBUG] ✅ data_loaded 信號已發出
2025-10-05 01:59:07 | INFO | f1.console | [[BOXPLOT_DATA] DEBUG] ========== API 成功回調結束 ==========
2025-10-05 01:59:07 | INFO | f1.console | [PROGRESS] 載入進度: 60%
2025-10-05 01:59:07 | INFO | f1.console | [STATUS] 狀態變更: API 車手進站分析回應解析中...
2025-10-05 01:59:07 | INFO | f1.console | [PROGRESS] 載入進度: 90%
2025-10-05 01:59:07 | INFO | f1.console | [STATUS] 狀態變更: API 車手進站分析資料載入完成
2025-10-05 01:59:07 | INFO | f1.console | [INFO] [VALIDATE] 檢測到標準格式：data 欄位
2025-10-05 01:59:07 | INFO | f1.console | [INFO] [VALIDATE] data 是陣列格式
2025-10-05 01:59:07 | INFO | f1.console | [INFO] [VALIDATE] 第一筆記錄欄位：['driver', 'team', 'fastest_time', 'lap_number', 'session_time']
2025-10-05 01:59:07 | INFO | f1.console | [OK] [VALIDATE] 進站數據驗證通過，記錄數量：19
2025-10-05 01:59:07 | INFO | f1.console | [OK] [VALIDATE] 車手欄位：driver，時間欄位：fastest_time
2025-10-05 01:59:07 | INFO | f1.console | [PROGRESS] 載入進度: 100%
2025-10-05 01:59:07 | INFO | f1.console | [STATUS] 狀態變更: 已從 API 載入車手進站數據
2025-10-05 01:59:07 | INFO | f1.console | [OK] 數據載入完成
2025-10-05 01:59:07 | INFO | f1.console | [RANK] 開始更新排行榜數據...
2025-10-05 01:59:07 | INFO | f1.console | [STATUS] 數據來源: CLI分析, 車手數: 19, 更新時間: 2025-10-05 01:59:07
2025-10-05 01:59:07 | INFO | f1.console | [OK] 排行榜數據更新完成，共 19 筆記錄
2025-10-05 01:59:07 | INFO | f1.console | [PROGRESS] 載入進度: 100%
2025-10-05 01:59:07 | INFO | f1.console | [STATUS] 狀態變更: API 車手進站分析任務結束
2025-10-05 01:59:07 | INFO | f1.console | [STATUS] 狀態變更: API 車隊進站分析回應解析中...
2025-10-05 01:59:07 | INFO | f1.console | [STATUS] 狀態變更: API 車隊進站分析資料載入完成
2025-10-05 01:59:07 | INFO | f1.console | [OK] [VALIDATE] 車隊數據驗證通過，記錄數量：10
2025-10-05 01:59:07 | INFO | f1.console | [OK] 車隊數據載入完成
2025-10-05 01:59:07 | INFO | f1.console | [OK] [VALIDATE] 車隊數據驗證通過，記錄數量：10
2025-10-05 01:59:07 | INFO | f1.console | [OK] [TEAM_RANKING] 車隊數據已按最快時間排序，首位: Ferrari - 22.100s
2025-10-05 01:59:07 | INFO | f1.console | [OK] [TEAM_RANKING] 車隊排行榜數據更新完成，10 支車隊
2025-10-05 01:59:07 | INFO | f1.console | [STATUS] 狀態變更: API 車隊進站分析任務結束
2025-10-05 01:59:07 | INFO | f1.console | [STATUS] 狀態變更: API 車手進站詳細分析回應解析中...
2025-10-05 01:59:07 | INFO | f1.console | [STATUS] 狀態變更: API 車手進站詳細分析資料載入完成
2025-10-05 01:59:07 | INFO | f1.console | [[F28_DATA] DEBUG] _on_api_success: 接收到 API 回應
2025-10-05 01:59:07 | INFO | f1.console | [F28_DATA] 處理 Function 28 格式數據：20 個車手
2025-10-05 01:59:07 | INFO | f1.console | [LAPTIME_MDI] 📊 更新圖表數據
2025-10-05 01:59:07 | INFO | f1.console | [LAPTIME_MDI]    - 組件類型: <class 'modules.gui.driver_race.detailed_lap_analysis.driverlap_analysis_chart_widget.driverLapAnalysisChartWidget'>
2025-10-05 01:59:07 | INFO | f1.console | [LAPTIME_MDI]    - 組件模組: modules.gui.driver_race.detailed_lap_analysis.driverlap_analysis_chart_widget
2025-10-05 01:59:07 | INFO | f1.console | [LAPTIME_MDI]    - 有 update_data: True
2025-10-05 01:59:07 | INFO | f1.console | [LAPTIME_MDI]    - 有 set_data: True
2025-10-05 01:59:07 | INFO | f1.console | [LAPTIME_MDI] ✅ 使用 update_data 方法
2025-10-05 01:59:07 | INFO | f1.console | [LAPTIME_MDI]    - update_data 方法來源: <function driverLapAnalysisChartWidget.update_data at 0x000001838B75C900>
2025-10-05 01:59:07 | INFO | f1.console | [LAPTIME_CHART] 收到數據更新
2025-10-05 01:59:07 | INFO | f1.console | [LAPTIME_CHART] 數據類型: <class 'dict'>
2025-10-05 01:59:07 | INFO | f1.console | [LAPTIME_CHART] 數據鍵: ['metadata', 'drivers_analyzed', 'all_drivers_detailed_laptime', 'detailed_laptime_analysis', 'raw_data']
2025-10-05 01:59:07 | INFO | f1.console | [LAPTIME_CHART] 可用車手: ['PIA', 'NOR', 'RUS', 'VER', 'OCO', 'ANT', 'ALB', 'BEA', 'STR', 'SAI', 'HAD', 'LAW', 'DOO', 'BOR', 'HUL', 'TSU', 'ALO', 'LEC', 'HAM', 'GAS']
2025-10-05 01:59:07 | INFO | f1.console | [DRIVER_SELECTION] 🔄 更新車手列表: ['PIA', 'NOR', 'RUS', 'VER', 'OCO', 'ANT', 'ALB', 'BEA', 'STR', 'SAI', 'HAD', 'LAW', 'DOO', 'BOR', 'HUL', 'TSU', 'ALO', 'LEC', 'HAM', 'GAS']
2025-10-05 01:59:07 | INFO | f1.console | [LAPTIME_CHART] 車手選擇變更: ['VER', 'GAS', 'ANT']
2025-10-05 01:59:07 | INFO | f1.console | [LAPTIME_CHART] 更新圖表，選中車手: ['VER', 'GAS', 'ANT']
2025-10-05 01:59:07 | INFO | f1.console | [LAPTIME_CHART_WIDGET] 圈 56 找到標記: ['F']
2025-10-05 01:59:07 | INFO | f1.console | [LAPTIME_CHART] VER: filtered 2 pit laps, 3 caution laps
2025-10-05 01:59:07 | INFO | f1.console | [LAPTIME_CHART_WIDGET] 圈 49 找到標記: ['F']
2025-10-05 01:59:07 | INFO | f1.console | [LAPTIME_CHART] GAS: filtered 2 pit laps, 4 caution laps
2025-10-05 01:59:07 | INFO | f1.console | [LAPTIME_CHART_WIDGET] 圈 56 找到標記: ['F']
2025-10-05 01:59:07 | INFO | f1.console | [LAPTIME_CHART] ANT: filtered 2 pit laps, 3 caution laps
2025-10-05 01:59:07 | INFO | f1.console | [LAPTIME_CHART_WIDGET] 更新數據系列，系列數: 3
2025-10-05 01:59:07 | INFO | f1.console | [LAPTIME_CHART_WIDGET]   - VER: 51 數據點
2025-10-05 01:59:07 | INFO | f1.console | [LAPTIME_CHART_WIDGET]   - GAS: 50 數據點
2025-10-05 01:59:07 | INFO | f1.console | [LAPTIME_CHART_WIDGET]   - ANT: 51 數據點
2025-10-05 01:59:07 | INFO | f1.console | [DRIVER_SELECTION] ✅ 車手列表更新完成，總車手數: 20
2025-10-05 01:59:07 | INFO | f1.console | [DRIVER_SELECTION] 當前選擇: ['VER', 'GAS', 'ANT']
2025-10-05 01:59:07 | INFO | f1.console | [LAPTIME_CHART] 更新圖表，選中車手: ['VER', 'GAS', 'ANT']
2025-10-05 01:59:07 | INFO | f1.console | [LAPTIME_CHART_WIDGET] 圈 56 找到標記: ['F']
2025-10-05 01:59:07 | INFO | f1.console | [LAPTIME_CHART] VER: filtered 2 pit laps, 3 caution laps
2025-10-05 01:59:07 | INFO | f1.console | [LAPTIME_CHART_WIDGET] 圈 49 找到標記: ['F']
2025-10-05 01:59:07 | INFO | f1.console | [LAPTIME_CHART] GAS: filtered 2 pit laps, 4 caution laps
2025-10-05 01:59:07 | INFO | f1.console | [LAPTIME_CHART_WIDGET] 圈 56 找到標記: ['F']
2025-10-05 01:59:07 | INFO | f1.console | [LAPTIME_CHART] ANT: filtered 2 pit laps, 3 caution laps
2025-10-05 01:59:07 | INFO | f1.console | [LAPTIME_CHART_WIDGET] 更新數據系列，系列數: 3
2025-10-05 01:59:07 | INFO | f1.console | [LAPTIME_CHART_WIDGET]   - VER: 51 數據點
2025-10-05 01:59:07 | INFO | f1.console | [LAPTIME_CHART_WIDGET]   - GAS: 50 數據點
2025-10-05 01:59:07 | INFO | f1.console | [LAPTIME_CHART_WIDGET]   - ANT: 51 數據點
2025-10-05 01:59:07 | INFO | f1.console | [INFO] [VALIDATE] 檢測到新格式車手詳細數據
2025-10-05 01:59:07 | INFO | f1.console | [OK] [VALIDATE] 車手詳細數據驗證通過，記錄數量：19
2025-10-05 01:59:07 | INFO | f1.console | [OK] 車手詳細數據載入完成
2025-10-05 01:59:07 | INFO | f1.console | [STATUS] 狀態變更: API 車手進站詳細分析任務結束
2025-10-05 01:59:08 | INFO | f1.console | [MARKER_TEXT] 🎯 繪製文字標記 F (純文字版本)
2025-10-05 01:59:08 | INFO | f1.console | [MARKER_TEXT] 🎯 繪製文字標記 F (純文字版本)
2025-10-05 01:59:08 | INFO | f1.console | [MARKER_TEXT] 🎯 繪製文字標記 F (純文字版本)
2025-10-05 01:59:08 | INFO | f1.console | [LAPTIME_CHART_WIDGET] 繪製了 3 個智能標記
2025-10-05 01:59:08 | INFO | f1.console | [LEGEND_DEBUG] 數據系列數量: 3
2025-10-05 01:59:08 | INFO | f1.console | [LEGEND_DEBUG] 圖例位置: (354, 15)
2025-10-05 01:59:08 | INFO | f1.console | [LEGEND_DEBUG] 圖例尺寸: 140 x 256
2025-10-05 01:59:08 | INFO | f1.console | [LEGEND_DEBUG] 🎨 設定背景色為: R255, G255, B255, A255
2025-10-05 01:59:08 | INFO | f1.console | [LEGEND_DEBUG] ✅ 白色背景填充完成 (重複3次)
2025-10-05 01:59:08 | INFO | f1.console | [LEGEND_DEBUG] ✅ 邊框繪製完成
2025-10-05 01:59:08 | INFO | f1.console | [LEGEND] 圖例重疊模式: 位置=(354, 15), 尺寸=140x256
2025-10-05 01:59:08 | INFO | f1.console | [TABLE_CONFIG] 表格配置完成 - 欄數:11 (自適應欄寬)
2025-10-05 01:59:08 | INFO | f1.console | [TABLE_SIZE_DEBUG] 表格大小調整:
2025-10-05 01:59:08 | INFO | f1.console | [TABLE_SIZE_DEBUG] - 計算的欄位總寬度: 764px
2025-10-05 01:59:08 | INFO | f1.console | [TABLE_SIZE_DEBUG] - 建議表格寬度: 789px
2025-10-05 01:59:08 | INFO | f1.console | [TABLE_SIZE_DEBUG] - 滾動區域寬度: 640px
2025-10-05 01:59:08 | INFO | f1.console | [TABLE_SIZE_DEBUG] - 最終設定表格寬度: 789px
2025-10-05 01:59:08 | INFO | f1.console | [TABLE_SIZE_DEBUG] 高度計算:
2025-10-05 01:59:08 | INFO | f1.console | [TABLE_SIZE_DEBUG] - 表頭高度: 26px
2025-10-05 01:59:08 | INFO | f1.console | [TABLE_SIZE_DEBUG] - 行數: 19, 每行高度: 37px
2025-10-05 01:59:08 | INFO | f1.console | [TABLE_SIZE_DEBUG] - 計算總高度: 739px
2025-10-05 01:59:08 | INFO | f1.console | [TABLE_SIZE_DEBUG] - 滾動區域高度: 480px
2025-10-05 01:59:08 | INFO | f1.console | [TABLE_SIZE_DEBUG] - 最終表格高度: 460px
2025-10-05 01:59:08 | INFO | f1.console | [OK] 車手詳細記錄表格更新完成: 19 位車手
2025-10-05 01:59:09 | INFO | f1.console | [MAIN] 🛑 接收到關閉請求，開始清理資源...
2025-10-05 01:59:09 | INFO | f1.console | [ACCEL_DEBUG] 繪製曲線:
2025-10-05 01:59:09 | INFO | f1.console |   距離範圍: 0.3 - 5220.8 (範圍: 5220.6)
2025-10-05 01:59:09 | INFO | f1.console |   加速度範圍: -37.23 - 23.95 (範圍: 61.18)
2025-10-05 01:59:09 | INFO | f1.console |   圖表區域: 417 x 207
2025-10-05 01:59:09 | INFO | f1.console |   車手1數據點: 500, 車手2數據點: 500
2025-10-05 01:59:09 | INFO | f1.console | [MARKER_TEXT] 🎯 繪製文字標記 F (純文字版本)
2025-10-05 01:59:09 | INFO | f1.console | [MARKER_TEXT] 🎯 繪製文字標記 F (純文字版本)
2025-10-05 01:59:09 | INFO | f1.console | [MARKER_TEXT] 🎯 繪製文字標記 F (純文字版本)
2025-10-05 01:59:09 | INFO | f1.console | [LAPTIME_CHART_WIDGET] 繪製了 3 個智能標記
2025-10-05 01:59:09 | INFO | f1.console | [LEGEND_DEBUG] 數據系列數量: 3
2025-10-05 01:59:09 | INFO | f1.console | [LEGEND_DEBUG] 圖例位置: (354, 15)
2025-10-05 01:59:09 | INFO | f1.console | [LEGEND_DEBUG] 圖例尺寸: 140 x 256
2025-10-05 01:59:09 | INFO | f1.console | [LEGEND_DEBUG] 🎨 設定背景色為: R255, G255, B255, A255
2025-10-05 01:59:09 | INFO | f1.console | [LEGEND_DEBUG] ✅ 白色背景填充完成 (重複3次)
2025-10-05 01:59:09 | INFO | f1.console | [LEGEND_DEBUG] ✅ 邊框繪製完成
2025-10-05 01:59:09 | INFO | f1.console | [LEGEND] 圖例重疊模式: 位置=(354, 15), 尺寸=140x256
2025-10-05 01:59:09 | INFO | f1.console | [RAIN_AXIS_DEBUG] 📊 X軸座標軸設置:
2025-10-05 01:59:09 | INFO | f1.console | [RAIN_AXIS_DEBUG]   範圍: 1.0 - 56.0
2025-10-05 01:59:09 | INFO | f1.console | [RAIN_AXIS_DEBUG]   資料點: 56
2025-10-05 01:59:09 | INFO | f1.console | [RAIN_AXIS_DEBUG]   最小間距(px): 48
2025-10-05 01:59:09 | INFO | f1.console | [RAIN_AXIS_DEBUG] 📊 Y軸座標軸設置:
2025-10-05 01:59:09 | INFO | f1.console | [RAIN_AXIS_DEBUG]   範圍: 26.335 - 27.765
2025-10-05 01:59:09 | INFO | f1.console | [RAIN_AXIS_DEBUG]   間距: 0.238
2025-10-05 01:59:09 | INFO | f1.console | [RAIN_AXIS_DEBUG]   標籤數量: 7
2025-10-05 01:59:09 | INFO | f1.console | [RAIN_AXIS_DEBUG] 🎨 自訂座標軸標題繪製
2025-10-05 01:59:09 | ERROR | f1.console | [TIRE_CHART] 檢測到錯誤 end_lap: driver=BOR, start=1, end=1
2025-10-05 01:59:09 | INFO | f1.console | [TIRE_CHART] 使用 length 修正: driver=BOR, length=1, 新end=1
2025-10-05 01:59:09 | INFO | f1.console | [TIRE_CHART] 強制最小值: driver=BOR, 最終end=6
2025-10-05 01:59:09 | INFO | f1.console | [ACCEL_DEBUG] 繪製曲線:
2025-10-05 01:59:09 | INFO | f1.console |   距離範圍: 0.3 - 5220.8 (範圍: 5220.6)
2025-10-05 01:59:09 | INFO | f1.console |   加速度範圍: -37.23 - 23.95 (範圍: 61.18)
2025-10-05 01:59:09 | INFO | f1.console |   圖表區域: 417 x 207
2025-10-05 01:59:09 | INFO | f1.console |   車手1數據點: 500, 車手2數據點: 500
2025-10-05 01:59:09 | INFO | f1.console | [MARKER_TEXT] 🎯 繪製文字標記 F (純文字版本)
2025-10-05 01:59:09 | INFO | f1.console | [MARKER_TEXT] 🎯 繪製文字標記 F (純文字版本)
2025-10-05 01:59:09 | INFO | f1.console | [MARKER_TEXT] 🎯 繪製文字標記 F (純文字版本)
2025-10-05 01:59:09 | INFO | f1.console | [LAPTIME_CHART_WIDGET] 繪製了 3 個智能標記
2025-10-05 01:59:09 | INFO | f1.console | [LEGEND_DEBUG] 數據系列數量: 3
2025-10-05 01:59:09 | INFO | f1.console | [LEGEND_DEBUG] 圖例位置: (354, 15)
2025-10-05 01:59:09 | INFO | f1.console | [LEGEND_DEBUG] 圖例尺寸: 140 x 256
2025-10-05 01:59:09 | INFO | f1.console | [LEGEND_DEBUG] 🎨 設定背景色為: R255, G255, B255, A255
2025-10-05 01:59:09 | INFO | f1.console | [LEGEND_DEBUG] ✅ 白色背景填充完成 (重複3次)
2025-10-05 01:59:09 | INFO | f1.console | [LEGEND_DEBUG] ✅ 邊框繪製完成
2025-10-05 01:59:09 | INFO | f1.console | [LEGEND] 圖例重疊模式: 位置=(354, 15), 尺寸=140x256
2025-10-05 01:59:11 | INFO | f1.console | [ACCEL_DEBUG] 繪製曲線:
2025-10-05 01:59:11 | INFO | f1.console |   距離範圍: 0.3 - 5220.8 (範圍: 5220.6)
2025-10-05 01:59:11 | INFO | f1.console |   加速度範圍: -37.23 - 23.95 (範圍: 61.18)
2025-10-05 01:59:11 | INFO | f1.console |   圖表區域: 417 x 207
2025-10-05 01:59:11 | INFO | f1.console |   車手1數據點: 500, 車手2數據點: 500
2025-10-05 01:59:11 | INFO | f1.console | [MARKER_TEXT] 🎯 繪製文字標記 F (純文字版本)
2025-10-05 01:59:11 | INFO | f1.console | [MARKER_TEXT] 🎯 繪製文字標記 F (純文字版本)
2025-10-05 01:59:11 | INFO | f1.console | [MARKER_TEXT] 🎯 繪製文字標記 F (純文字版本)
2025-10-05 01:59:11 | INFO | f1.console | [LAPTIME_CHART_WIDGET] 繪製了 3 個智能標記
2025-10-05 01:59:11 | INFO | f1.console | [LEGEND_DEBUG] 數據系列數量: 3
2025-10-05 01:59:11 | INFO | f1.console | [LEGEND_DEBUG] 圖例位置: (354, 15)
2025-10-05 01:59:11 | INFO | f1.console | [LEGEND_DEBUG] 圖例尺寸: 140 x 256
2025-10-05 01:59:11 | INFO | f1.console | [LEGEND_DEBUG] 🎨 設定背景色為: R255, G255, B255, A255
2025-10-05 01:59:11 | INFO | f1.console | [LEGEND_DEBUG] ✅ 白色背景填充完成 (重複3次)
2025-10-05 01:59:11 | INFO | f1.console | [LEGEND_DEBUG] ✅ 邊框繪製完成
2025-10-05 01:59:11 | INFO | f1.console | [LEGEND] 圖例重疊模式: 位置=(354, 15), 尺寸=140x256
2025-10-05 01:59:11 | INFO | f1.console | [RAIN_AXIS_DEBUG] 📊 X軸座標軸設置:
2025-10-05 01:59:11 | INFO | f1.console | [RAIN_AXIS_DEBUG]   範圍: 1.0 - 56.0
2025-10-05 01:59:11 | INFO | f1.console | [RAIN_AXIS_DEBUG]   資料點: 56
2025-10-05 01:59:11 | INFO | f1.console | [RAIN_AXIS_DEBUG]   最小間距(px): 48
2025-10-05 01:59:11 | INFO | f1.console | [RAIN_AXIS_DEBUG] 📊 Y軸座標軸設置:
2025-10-05 01:59:11 | INFO | f1.console | [RAIN_AXIS_DEBUG]   範圍: 26.335 - 27.765
2025-10-05 01:59:11 | INFO | f1.console | [RAIN_AXIS_DEBUG]   間距: 0.238
2025-10-05 01:59:11 | INFO | f1.console | [RAIN_AXIS_DEBUG]   標籤數量: 7
2025-10-05 01:59:11 | INFO | f1.console | [RAIN_AXIS_DEBUG] 🎨 自訂座標軸標題繪製
2025-10-05 01:59:11 | ERROR | f1.console | [TIRE_CHART] 檢測到錯誤 end_lap: driver=BOR, start=1, end=1
2025-10-05 01:59:11 | INFO | f1.console | [TIRE_CHART] 使用 length 修正: driver=BOR, length=1, 新end=1
2025-10-05 01:59:11 | INFO | f1.console | [TIRE_CHART] 強制最小值: driver=BOR, 最終end=6
2025-10-05 01:59:11 | INFO | f1.console | [ACCEL_DEBUG] 繪製曲線:
2025-10-05 01:59:11 | INFO | f1.console |   距離範圍: 0.3 - 5220.8 (範圍: 5220.6)
2025-10-05 01:59:11 | INFO | f1.console |   加速度範圍: -37.23 - 23.95 (範圍: 61.18)
2025-10-05 01:59:11 | INFO | f1.console |   圖表區域: 417 x 207
2025-10-05 01:59:11 | INFO | f1.console |   車手1數據點: 500, 車手2數據點: 500
2025-10-05 01:59:11 | INFO | f1.console | [MARKER_TEXT] 🎯 繪製文字標記 F (純文字版本)
2025-10-05 01:59:11 | INFO | f1.console | [MARKER_TEXT] 🎯 繪製文字標記 F (純文字版本)
2025-10-05 01:59:11 | INFO | f1.console | [MARKER_TEXT] 🎯 繪製文字標記 F (純文字版本)
2025-10-05 01:59:11 | INFO | f1.console | [LAPTIME_CHART_WIDGET] 繪製了 3 個智能標記
2025-10-05 01:59:11 | INFO | f1.console | [LEGEND_DEBUG] 數據系列數量: 3
2025-10-05 01:59:11 | INFO | f1.console | [LEGEND_DEBUG] 圖例位置: (354, 15)
2025-10-05 01:59:11 | INFO | f1.console | [LEGEND_DEBUG] 圖例尺寸: 140 x 256
2025-10-05 01:59:11 | INFO | f1.console | [LEGEND_DEBUG] 🎨 設定背景色為: R255, G255, B255, A255
2025-10-05 01:59:11 | INFO | f1.console | [LEGEND_DEBUG] ✅ 白色背景填充完成 (重複3次)
2025-10-05 01:59:11 | INFO | f1.console | [LEGEND_DEBUG] ✅ 邊框繪製完成
2025-10-05 01:59:11 | INFO | f1.console | [LEGEND] 圖例重疊模式: 位置=(354, 15), 尺寸=140x256
2025-10-05 01:59:11 | INFO | f1.console | [ACCEL_DEBUG] 繪製曲線:
2025-10-05 01:59:11 | INFO | f1.console |   距離範圍: 0.3 - 5220.8 (範圍: 5220.6)
2025-10-05 01:59:11 | INFO | f1.console |   加速度範圍: -37.23 - 23.95 (範圍: 61.18)
2025-10-05 01:59:11 | INFO | f1.console |   圖表區域: 417 x 207
2025-10-05 01:59:11 | INFO | f1.console |   車手1數據點: 500, 車手2數據點: 500
2025-10-05 01:59:11 | INFO | f1.console | [ACCEL_DEBUG] 繪製曲線:
2025-10-05 01:59:11 | INFO | f1.console |   距離範圍: 0.3 - 5220.8 (範圍: 5220.6)
2025-10-05 01:59:11 | INFO | f1.console |   加速度範圍: -37.23 - 23.95 (範圍: 61.18)
2025-10-05 01:59:11 | INFO | f1.console |   圖表區域: 417 x 207
2025-10-05 01:59:11 | INFO | f1.console |   車手1數據點: 500, 車手2數據點: 500
2025-10-05 01:59:11 | INFO | f1.console | [ACCEL_DEBUG] 繪製曲線:
2025-10-05 01:59:11 | INFO | f1.console |   距離範圍: 0.3 - 5220.8 (範圍: 5220.6)
2025-10-05 01:59:11 | INFO | f1.console |   加速度範圍: -37.23 - 23.95 (範圍: 61.18)
2025-10-05 01:59:11 | INFO | f1.console |   圖表區域: 417 x 207
2025-10-05 01:59:11 | INFO | f1.console |   車手1數據點: 500, 車手2數據點: 500
2025-10-05 01:59:11 | INFO | f1.console | [ACCEL_DEBUG] 繪製曲線:
2025-10-05 01:59:11 | INFO | f1.console |   距離範圍: 0.3 - 5220.8 (範圍: 5220.6)
2025-10-05 01:59:11 | INFO | f1.console |   加速度範圍: -37.23 - 23.95 (範圍: 61.18)
2025-10-05 01:59:11 | INFO | f1.console |   圖表區域: 417 x 207
2025-10-05 01:59:11 | INFO | f1.console |   車手1數據點: 500, 車手2數據點: 500
2025-10-05 01:59:11 | INFO | f1.console | [ACCEL_DEBUG] 繪製曲線:
2025-10-05 01:59:11 | INFO | f1.console |   距離範圍: 0.3 - 5220.8 (範圍: 5220.6)
2025-10-05 01:59:11 | INFO | f1.console |   加速度範圍: -37.23 - 23.95 (範圍: 61.18)
2025-10-05 01:59:11 | INFO | f1.console |   圖表區域: 417 x 207
2025-10-05 01:59:11 | INFO | f1.console |   車手1數據點: 500, 車手2數據點: 500
2025-10-05 01:59:11 | INFO | f1.console | [ACCEL_DEBUG] 繪製曲線:
2025-10-05 01:59:11 | INFO | f1.console |   距離範圍: 0.3 - 5220.8 (範圍: 5220.6)
2025-10-05 01:59:11 | INFO | f1.console |   加速度範圍: -37.23 - 23.95 (範圍: 61.18)
2025-10-05 01:59:11 | INFO | f1.console |   圖表區域: 417 x 207
2025-10-05 01:59:11 | INFO | f1.console |   車手1數據點: 500, 車手2數據點: 500
2025-10-05 01:59:11 | INFO | f1.console | [ACCEL_DEBUG] 繪製曲線:
2025-10-05 01:59:11 | INFO | f1.console |   距離範圍: 0.3 - 5220.8 (範圍: 5220.6)
2025-10-05 01:59:11 | INFO | f1.console |   加速度範圍: -37.23 - 23.95 (範圍: 61.18)
2025-10-05 01:59:11 | INFO | f1.console |   圖表區域: 417 x 207
2025-10-05 01:59:11 | INFO | f1.console |   車手1數據點: 500, 車手2數據點: 500
2025-10-05 01:59:11 | INFO | f1.console | [ACCEL_DEBUG] 繪製曲線:
2025-10-05 01:59:11 | INFO | f1.console |   距離範圍: 0.3 - 5220.8 (範圍: 5220.6)
2025-10-05 01:59:11 | INFO | f1.console |   加速度範圍: -37.23 - 23.95 (範圍: 61.18)
2025-10-05 01:59:11 | INFO | f1.console |   圖表區域: 417 x 207
2025-10-05 01:59:11 | INFO | f1.console |   車手1數據點: 500, 車手2數據點: 500
2025-10-05 01:59:11 | INFO | f1.console | [ACCEL_DEBUG] 繪製曲線:
2025-10-05 01:59:11 | INFO | f1.console |   距離範圍: 0.3 - 5220.8 (範圍: 5220.6)
2025-10-05 01:59:11 | INFO | f1.console |   加速度範圍: -37.23 - 23.95 (範圍: 61.18)
2025-10-05 01:59:11 | INFO | f1.console |   圖表區域: 417 x 207
2025-10-05 01:59:11 | INFO | f1.console |   車手1數據點: 500, 車手2數據點: 500
2025-10-05 01:59:11 | INFO | f1.console | [ACCEL_DEBUG] 繪製曲線:
2025-10-05 01:59:11 | INFO | f1.console |   距離範圍: 0.3 - 5220.8 (範圍: 5220.6)
2025-10-05 01:59:11 | INFO | f1.console |   加速度範圍: -37.23 - 23.95 (範圍: 61.18)
2025-10-05 01:59:11 | INFO | f1.console |   圖表區域: 417 x 207
2025-10-05 01:59:11 | INFO | f1.console |   車手1數據點: 500, 車手2數據點: 500
2025-10-05 01:59:11 | INFO | f1.console | [ACCEL_DEBUG] 繪製曲線:
2025-10-05 01:59:11 | INFO | f1.console |   距離範圍: 0.3 - 5220.8 (範圍: 5220.6)
2025-10-05 01:59:11 | INFO | f1.console |   加速度範圍: -37.23 - 23.95 (範圍: 61.18)
2025-10-05 01:59:11 | INFO | f1.console |   圖表區域: 417 x 207
2025-10-05 01:59:11 | INFO | f1.console |   車手1數據點: 500, 車手2數據點: 500
2025-10-05 01:59:12 | INFO | f1.console | [ACCEL_DEBUG] 繪製曲線:
2025-10-05 01:59:12 | INFO | f1.console |   距離範圍: 0.3 - 5220.8 (範圍: 5220.6)
2025-10-05 01:59:12 | INFO | f1.console |   加速度範圍: -37.23 - 23.95 (範圍: 61.18)
2025-10-05 01:59:12 | INFO | f1.console |   圖表區域: 417 x 207
2025-10-05 01:59:12 | INFO | f1.console |   車手1數據點: 500, 車手2數據點: 500
2025-10-05 01:59:12 | INFO | f1.console | [ACCEL_DEBUG] 繪製曲線:
2025-10-05 01:59:12 | INFO | f1.console |   距離範圍: 0.3 - 5220.8 (範圍: 5220.6)
2025-10-05 01:59:12 | INFO | f1.console |   加速度範圍: -37.23 - 23.95 (範圍: 61.18)
2025-10-05 01:59:12 | INFO | f1.console |   圖表區域: 417 x 207
2025-10-05 01:59:12 | INFO | f1.console |   車手1數據點: 500, 車手2數據點: 500
2025-10-05 01:59:12 | INFO | f1.console | [ACCEL_DEBUG] 繪製曲線:
2025-10-05 01:59:12 | INFO | f1.console |   距離範圍: 0.3 - 5220.8 (範圍: 5220.6)
2025-10-05 01:59:12 | INFO | f1.console |   加速度範圍: -37.23 - 23.95 (範圍: 61.18)
2025-10-05 01:59:12 | INFO | f1.console |   圖表區域: 417 x 207
2025-10-05 01:59:12 | INFO | f1.console |   車手1數據點: 500, 車手2數據點: 500
2025-10-05 01:59:12 | INFO | f1.console | [ACCEL_DEBUG] 繪製曲線:
2025-10-05 01:59:12 | INFO | f1.console |   距離範圍: 0.3 - 5220.8 (範圍: 5220.6)
2025-10-05 01:59:12 | INFO | f1.console |   加速度範圍: -37.23 - 23.95 (範圍: 61.18)
2025-10-05 01:59:12 | INFO | f1.console |   圖表區域: 417 x 207
2025-10-05 01:59:12 | INFO | f1.console |   車手1數據點: 500, 車手2數據點: 500
2025-10-05 01:59:12 | INFO | f1.console | [ACCEL_DEBUG] 繪製曲線:
2025-10-05 01:59:12 | INFO | f1.console |   距離範圍: 0.3 - 5220.8 (範圍: 5220.6)
2025-10-05 01:59:12 | INFO | f1.console |   加速度範圍: -37.23 - 23.95 (範圍: 61.18)
2025-10-05 01:59:12 | INFO | f1.console |   圖表區域: 417 x 207
2025-10-05 01:59:12 | INFO | f1.console |   車手1數據點: 500, 車手2數據點: 500
2025-10-05 01:59:12 | INFO | f1.console | [ACCEL_DEBUG] 繪製曲線:
2025-10-05 01:59:12 | INFO | f1.console |   距離範圍: 0.3 - 5220.8 (範圍: 5220.6)
2025-10-05 01:59:12 | INFO | f1.console |   加速度範圍: -37.23 - 23.95 (範圍: 61.18)
2025-10-05 01:59:12 | INFO | f1.console |   圖表區域: 417 x 207
2025-10-05 01:59:12 | INFO | f1.console |   車手1數據點: 500, 車手2數據點: 500
2025-10-05 01:59:12 | INFO | f1.console | [ACCEL_DEBUG] 繪製曲線:
2025-10-05 01:59:12 | INFO | f1.console |   距離範圍: 0.3 - 5220.8 (範圍: 5220.6)
2025-10-05 01:59:12 | INFO | f1.console |   加速度範圍: -37.23 - 23.95 (範圍: 61.18)
2025-10-05 01:59:12 | INFO | f1.console |   圖表區域: 417 x 207
2025-10-05 01:59:12 | INFO | f1.console |   車手1數據點: 500, 車手2數據點: 500
2025-10-05 01:59:12 | INFO | f1.console | [ACCEL_DEBUG] 繪製曲線:
2025-10-05 01:59:12 | INFO | f1.console |   距離範圍: 0.3 - 5220.8 (範圍: 5220.6)
2025-10-05 01:59:12 | INFO | f1.console |   加速度範圍: -37.23 - 23.95 (範圍: 61.18)
2025-10-05 01:59:12 | INFO | f1.console |   圖表區域: 417 x 207
2025-10-05 01:59:12 | INFO | f1.console |   車手1數據點: 500, 車手2數據點: 500
2025-10-05 01:59:12 | INFO | f1.console | [ACCEL_DEBUG] 繪製曲線:
2025-10-05 01:59:12 | INFO | f1.console |   距離範圍: 0.3 - 5220.8 (範圍: 5220.6)
2025-10-05 01:59:12 | INFO | f1.console |   加速度範圍: -37.23 - 23.95 (範圍: 61.18)
2025-10-05 01:59:12 | INFO | f1.console |   圖表區域: 417 x 207
2025-10-05 01:59:12 | INFO | f1.console |   車手1數據點: 500, 車手2數據點: 500
2025-10-05 01:59:12 | INFO | f1.console | [ACCEL_DEBUG] 繪製曲線:
2025-10-05 01:59:12 | INFO | f1.console |   距離範圍: 0.3 - 5220.8 (範圍: 5220.6)
2025-10-05 01:59:12 | INFO | f1.console |   加速度範圍: -37.23 - 23.95 (範圍: 61.18)
2025-10-05 01:59:12 | INFO | f1.console |   圖表區域: 417 x 207
2025-10-05 01:59:12 | INFO | f1.console |   車手1數據點: 500, 車手2數據點: 500
2025-10-05 01:59:12 | INFO | f1.console | [ACCEL_DEBUG] 繪製曲線:
2025-10-05 01:59:12 | INFO | f1.console |   距離範圍: 0.3 - 5220.8 (範圍: 5220.6)
2025-10-05 01:59:12 | INFO | f1.console |   加速度範圍: -37.23 - 23.95 (範圍: 61.18)
2025-10-05 01:59:12 | INFO | f1.console |   圖表區域: 417 x 207
2025-10-05 01:59:12 | INFO | f1.console |   車手1數據點: 500, 車手2數據點: 500
2025-10-05 01:59:12 | INFO | f1.console | [ACCEL_DEBUG] 繪製曲線:
2025-10-05 01:59:12 | INFO | f1.console |   距離範圍: 0.3 - 5220.8 (範圍: 5220.6)
2025-10-05 01:59:12 | INFO | f1.console |   加速度範圍: -37.23 - 23.95 (範圍: 61.18)
2025-10-05 01:59:12 | INFO | f1.console |   圖表區域: 417 x 207
2025-10-05 01:59:12 | INFO | f1.console |   車手1數據點: 500, 車手2數據點: 500
2025-10-05 01:59:12 | INFO | f1.console | [ACCEL_DEBUG] 繪製曲線:
2025-10-05 01:59:12 | INFO | f1.console |   距離範圍: 0.3 - 5220.8 (範圍: 5220.6)
2025-10-05 01:59:12 | INFO | f1.console |   加速度範圍: -37.23 - 23.95 (範圍: 61.18)
2025-10-05 01:59:12 | INFO | f1.console |   圖表區域: 417 x 207
2025-10-05 01:59:12 | INFO | f1.console |   車手1數據點: 500, 車手2數據點: 500
2025-10-05 01:59:12 | INFO | f1.console | [ACCEL_DEBUG] 繪製曲線:
2025-10-05 01:59:12 | INFO | f1.console |   距離範圍: 0.3 - 5220.8 (範圍: 5220.6)
2025-10-05 01:59:12 | INFO | f1.console |   加速度範圍: -37.23 - 23.95 (範圍: 61.18)
2025-10-05 01:59:12 | INFO | f1.console |   圖表區域: 417 x 207
2025-10-05 01:59:12 | INFO | f1.console |   車手1數據點: 500, 車手2數據點: 500
2025-10-05 01:59:13 | INFO | f1.console | [ACCEL_DEBUG] 繪製曲線:
2025-10-05 01:59:13 | INFO | f1.console |   距離範圍: 0.3 - 5220.8 (範圍: 5220.6)
2025-10-05 01:59:13 | INFO | f1.console |   加速度範圍: -37.23 - 23.95 (範圍: 61.18)
2025-10-05 01:59:13 | INFO | f1.console |   圖表區域: 417 x 207
2025-10-05 01:59:13 | INFO | f1.console |   車手1數據點: 500, 車手2數據點: 500
2025-10-05 01:59:13 | INFO | f1.console | [ACCEL_DEBUG] 繪製曲線:
2025-10-05 01:59:13 | INFO | f1.console |   距離範圍: 0.3 - 5220.8 (範圍: 5220.6)
2025-10-05 01:59:13 | INFO | f1.console |   加速度範圍: -37.23 - 23.95 (範圍: 61.18)
2025-10-05 01:59:13 | INFO | f1.console |   圖表區域: 417 x 207
2025-10-05 01:59:13 | INFO | f1.console |   車手1數據點: 500, 車手2數據點: 500
2025-10-05 01:59:13 | INFO | f1.console | [ACCEL_DEBUG] 繪製曲線:
2025-10-05 01:59:13 | INFO | f1.console |   距離範圍: 0.3 - 5220.8 (範圍: 5220.6)
2025-10-05 01:59:13 | INFO | f1.console |   加速度範圍: -37.23 - 23.95 (範圍: 61.18)
2025-10-05 01:59:13 | INFO | f1.console |   圖表區域: 417 x 207
2025-10-05 01:59:13 | INFO | f1.console |   車手1數據點: 500, 車手2數據點: 500
2025-10-05 01:59:13 | INFO | f1.console | [ACCEL_DEBUG] 繪製曲線:
2025-10-05 01:59:13 | INFO | f1.console |   距離範圍: 0.3 - 5220.8 (範圍: 5220.6)
2025-10-05 01:59:13 | INFO | f1.console |   加速度範圍: -37.23 - 23.95 (範圍: 61.18)
2025-10-05 01:59:13 | INFO | f1.console |   圖表區域: 417 x 207
2025-10-05 01:59:13 | INFO | f1.console |   車手1數據點: 500, 車手2數據點: 500
2025-10-05 01:59:13 | INFO | f1.console | [ACCEL_DEBUG] 繪製曲線:
2025-10-05 01:59:13 | INFO | f1.console |   距離範圍: 0.3 - 5220.8 (範圍: 5220.6)
2025-10-05 01:59:13 | INFO | f1.console |   加速度範圍: -37.23 - 23.95 (範圍: 61.18)
2025-10-05 01:59:13 | INFO | f1.console |   圖表區域: 417 x 207
2025-10-05 01:59:13 | INFO | f1.console |   車手1數據點: 500, 車手2數據點: 500
2025-10-05 01:59:13 | INFO | f1.console | [ACCEL_DEBUG] 繪製曲線:
2025-10-05 01:59:13 | INFO | f1.console |   距離範圍: 0.3 - 5220.8 (範圍: 5220.6)
2025-10-05 01:59:13 | INFO | f1.console |   加速度範圍: -37.23 - 23.95 (範圍: 61.18)
2025-10-05 01:59:13 | INFO | f1.console |   圖表區域: 417 x 207
2025-10-05 01:59:13 | INFO | f1.console |   車手1數據點: 500, 車手2數據點: 500
2025-10-05 01:59:13 | INFO | f1.console | [ACCEL_DEBUG] 繪製曲線:
2025-10-05 01:59:13 | INFO | f1.console |   距離範圍: 0.3 - 5220.8 (範圍: 5220.6)
2025-10-05 01:59:13 | INFO | f1.console |   加速度範圍: -37.23 - 23.95 (範圍: 61.18)
2025-10-05 01:59:13 | INFO | f1.console |   圖表區域: 417 x 207
2025-10-05 01:59:13 | INFO | f1.console |   車手1數據點: 500, 車手2數據點: 500
2025-10-05 01:59:13 | INFO | f1.console | [ACCEL_DEBUG] 繪製曲線:
2025-10-05 01:59:13 | INFO | f1.console |   距離範圍: 0.3 - 5220.8 (範圍: 5220.6)
2025-10-05 01:59:13 | INFO | f1.console |   加速度範圍: -37.23 - 23.95 (範圍: 61.18)
2025-10-05 01:59:13 | INFO | f1.console |   圖表區域: 417 x 207
2025-10-05 01:59:13 | INFO | f1.console |   車手1數據點: 500, 車手2數據點: 500
2025-10-05 01:59:13 | INFO | f1.console | [ACCEL_DEBUG] 繪製曲線:
2025-10-05 01:59:13 | INFO | f1.console |   距離範圍: 0.3 - 5220.8 (範圍: 5220.6)
2025-10-05 01:59:13 | INFO | f1.console |   加速度範圍: -37.23 - 23.95 (範圍: 61.18)
2025-10-05 01:59:13 | INFO | f1.console |   圖表區域: 417 x 207
2025-10-05 01:59:13 | INFO | f1.console |   車手1數據點: 500, 車手2數據點: 500
2025-10-05 01:59:13 | INFO | f1.console | [ACCEL_DEBUG] 繪製曲線:
2025-10-05 01:59:13 | INFO | f1.console |   距離範圍: 0.3 - 5220.8 (範圍: 5220.6)
2025-10-05 01:59:13 | INFO | f1.console |   加速度範圍: -37.23 - 23.95 (範圍: 61.18)
2025-10-05 01:59:13 | INFO | f1.console |   圖表區域: 417 x 207
2025-10-05 01:59:13 | INFO | f1.console |   車手1數據點: 500, 車手2數據點: 500
2025-10-05 01:59:13 | INFO | f1.console | [ACCEL_DEBUG] 繪製曲線:
2025-10-05 01:59:13 | INFO | f1.console |   距離範圍: 0.3 - 5220.8 (範圍: 5220.6)
2025-10-05 01:59:13 | INFO | f1.console |   加速度範圍: -37.23 - 23.95 (範圍: 61.18)
2025-10-05 01:59:13 | INFO | f1.console |   圖表區域: 417 x 207
2025-10-05 01:59:13 | INFO | f1.console |   車手1數據點: 500, 車手2數據點: 500
2025-10-05 01:59:13 | INFO | f1.console | [ACCEL_DEBUG] 繪製曲線:
2025-10-05 01:59:13 | INFO | f1.console |   距離範圍: 0.3 - 5220.8 (範圍: 5220.6)
2025-10-05 01:59:13 | INFO | f1.console |   加速度範圍: -37.23 - 23.95 (範圍: 61.18)
2025-10-05 01:59:13 | INFO | f1.console |   圖表區域: 417 x 207
2025-10-05 01:59:13 | INFO | f1.console |   車手1數據點: 500, 車手2數據點: 500
2025-10-05 01:59:13 | INFO | f1.console | [ACCEL_DEBUG] 繪製曲線:
2025-10-05 01:59:13 | INFO | f1.console |   距離範圍: 0.3 - 5220.8 (範圍: 5220.6)
2025-10-05 01:59:13 | INFO | f1.console |   加速度範圍: -37.23 - 23.95 (範圍: 61.18)
2025-10-05 01:59:13 | INFO | f1.console |   圖表區域: 417 x 207
2025-10-05 01:59:13 | INFO | f1.console |   車手1數據點: 500, 車手2數據點: 500
2025-10-05 01:59:13 | INFO | f1.console | [ACCEL_DEBUG] 繪製曲線:
2025-10-05 01:59:13 | INFO | f1.console |   距離範圍: 0.3 - 5220.8 (範圍: 5220.6)
2025-10-05 01:59:13 | INFO | f1.console |   加速度範圍: -37.23 - 23.95 (範圍: 61.18)
2025-10-05 01:59:13 | INFO | f1.console |   圖表區域: 417 x 207
2025-10-05 01:59:13 | INFO | f1.console |   車手1數據點: 500, 車手2數據點: 500
2025-10-05 01:59:13 | INFO | f1.console | [ACCEL_DEBUG] 繪製曲線:
2025-10-05 01:59:13 | INFO | f1.console |   距離範圍: 0.3 - 5220.8 (範圍: 5220.6)
2025-10-05 01:59:13 | INFO | f1.console |   加速度範圍: -37.23 - 23.95 (範圍: 61.18)
2025-10-05 01:59:13 | INFO | f1.console |   圖表區域: 417 x 207
2025-10-05 01:59:13 | INFO | f1.console |   車手1數據點: 500, 車手2數據點: 500
2025-10-05 01:59:13 | INFO | f1.console | [ACCEL_DEBUG] 繪製曲線:
2025-10-05 01:59:13 | INFO | f1.console |   距離範圍: 0.3 - 5220.8 (範圍: 5220.6)
2025-10-05 01:59:13 | INFO | f1.console |   加速度範圍: -37.23 - 23.95 (範圍: 61.18)
2025-10-05 01:59:13 | INFO | f1.console |   圖表區域: 417 x 207
2025-10-05 01:59:13 | INFO | f1.console |   車手1數據點: 500, 車手2數據點: 500
2025-10-05 01:59:13 | INFO | f1.console | [ACCEL_DEBUG] 繪製曲線:
2025-10-05 01:59:13 | INFO | f1.console |   距離範圍: 0.3 - 5220.8 (範圍: 5220.6)
2025-10-05 01:59:13 | INFO | f1.console |   加速度範圍: -37.23 - 23.95 (範圍: 61.18)
2025-10-05 01:59:13 | INFO | f1.console |   圖表區域: 417 x 207
2025-10-05 01:59:13 | INFO | f1.console |   車手1數據點: 500, 車手2數據點: 500
2025-10-05 01:59:13 | INFO | f1.console | [ACCEL_DEBUG] 繪製曲線:
2025-10-05 01:59:13 | INFO | f1.console |   距離範圍: 0.3 - 5220.8 (範圍: 5220.6)
2025-10-05 01:59:13 | INFO | f1.console |   加速度範圍: -37.23 - 23.95 (範圍: 61.18)
2025-10-05 01:59:13 | INFO | f1.console |   圖表區域: 417 x 207
2025-10-05 01:59:13 | INFO | f1.console |   車手1數據點: 500, 車手2數據點: 500
2025-10-05 01:59:13 | INFO | f1.console | [ACCEL_DEBUG] 繪製曲線:
2025-10-05 01:59:13 | INFO | f1.console |   距離範圍: 0.3 - 5220.8 (範圍: 5220.6)
2025-10-05 01:59:13 | INFO | f1.console |   加速度範圍: -37.23 - 23.95 (範圍: 61.18)
2025-10-05 01:59:13 | INFO | f1.console |   圖表區域: 417 x 207
2025-10-05 01:59:13 | INFO | f1.console |   車手1數據點: 500, 車手2數據點: 500
2025-10-05 01:59:13 | INFO | f1.console | [ACCEL_DEBUG] 繪製曲線:
2025-10-05 01:59:13 | INFO | f1.console |   距離範圍: 0.3 - 5220.8 (範圍: 5220.6)
2025-10-05 01:59:13 | INFO | f1.console |   加速度範圍: -37.23 - 23.95 (範圍: 61.18)
2025-10-05 01:59:13 | INFO | f1.console |   圖表區域: 417 x 207
2025-10-05 01:59:13 | INFO | f1.console |   車手1數據點: 500, 車手2數據點: 500
2025-10-05 01:59:13 | INFO | f1.console | [ACCEL_DEBUG] 繪製曲線:
2025-10-05 01:59:13 | INFO | f1.console |   距離範圍: 0.3 - 5220.8 (範圍: 5220.6)
2025-10-05 01:59:13 | INFO | f1.console |   加速度範圍: -37.23 - 23.95 (範圍: 61.18)
2025-10-05 01:59:13 | INFO | f1.console |   圖表區域: 417 x 207
2025-10-05 01:59:13 | INFO | f1.console |   車手1數據點: 500, 車手2數據點: 500
2025-10-05 01:59:13 | INFO | f1.console | [ACCEL_DEBUG] 繪製曲線:
2025-10-05 01:59:13 | INFO | f1.console |   距離範圍: 0.3 - 5220.8 (範圍: 5220.6)
2025-10-05 01:59:13 | INFO | f1.console |   加速度範圍: -37.23 - 23.95 (範圍: 61.18)
2025-10-05 01:59:13 | INFO | f1.console |   圖表區域: 417 x 207
2025-10-05 01:59:13 | INFO | f1.console |   車手1數據點: 500, 車手2數據點: 500
2025-10-05 01:59:13 | INFO | f1.console | [ACCEL_DEBUG] 繪製曲線:
2025-10-05 01:59:13 | INFO | f1.console |   距離範圍: 0.3 - 5220.8 (範圍: 5220.6)
2025-10-05 01:59:13 | INFO | f1.console |   加速度範圍: -37.23 - 23.95 (範圍: 61.18)
2025-10-05 01:59:13 | INFO | f1.console |   圖表區域: 417 x 207
2025-10-05 01:59:13 | INFO | f1.console |   車手1數據點: 500, 車手2數據點: 500
2025-10-05 01:59:14 | INFO | f1.console | [ACCEL_DEBUG] 繪製曲線:
2025-10-05 01:59:14 | INFO | f1.console |   距離範圍: 0.3 - 5220.8 (範圍: 5220.6)
2025-10-05 01:59:14 | INFO | f1.console |   加速度範圍: -37.23 - 23.95 (範圍: 61.18)
2025-10-05 01:59:14 | INFO | f1.console |   圖表區域: 417 x 207
2025-10-05 01:59:14 | INFO | f1.console |   車手1數據點: 500, 車手2數據點: 500
2025-10-05 01:59:14 | INFO | f1.console | [ACCEL_DEBUG] 繪製曲線:
2025-10-05 01:59:14 | INFO | f1.console |   距離範圍: 0.3 - 5220.8 (範圍: 5220.6)
2025-10-05 01:59:14 | INFO | f1.console |   加速度範圍: -37.23 - 23.95 (範圍: 61.18)
2025-10-05 01:59:14 | INFO | f1.console |   圖表區域: 417 x 207
2025-10-05 01:59:14 | INFO | f1.console |   車手1數據點: 500, 車手2數據點: 500
2025-10-05 01:59:14 | INFO | f1.console | [ACCEL_DEBUG] 繪製曲線:
2025-10-05 01:59:14 | INFO | f1.console |   距離範圍: 0.3 - 5220.8 (範圍: 5220.6)
2025-10-05 01:59:14 | INFO | f1.console |   加速度範圍: -37.23 - 23.95 (範圍: 61.18)
2025-10-05 01:59:14 | INFO | f1.console |   圖表區域: 417 x 207
2025-10-05 01:59:14 | INFO | f1.console |   車手1數據點: 500, 車手2數據點: 500
2025-10-05 01:59:14 | INFO | f1.console | [ACCEL_DEBUG] 繪製曲線:
2025-10-05 01:59:14 | INFO | f1.console |   距離範圍: 0.3 - 5220.8 (範圍: 5220.6)
2025-10-05 01:59:14 | INFO | f1.console |   加速度範圍: -37.23 - 23.95 (範圍: 61.18)
2025-10-05 01:59:14 | INFO | f1.console |   圖表區域: 417 x 207
2025-10-05 01:59:14 | INFO | f1.console |   車手1數據點: 500, 車手2數據點: 500
2025-10-05 01:59:14 | INFO | f1.console | [ACCEL_DEBUG] 繪製曲線:
2025-10-05 01:59:14 | INFO | f1.console |   距離範圍: 0.3 - 5220.8 (範圍: 5220.6)
2025-10-05 01:59:14 | INFO | f1.console |   加速度範圍: -37.23 - 23.95 (範圍: 61.18)
2025-10-05 01:59:14 | INFO | f1.console |   圖表區域: 417 x 207
2025-10-05 01:59:14 | INFO | f1.console |   車手1數據點: 500, 車手2數據點: 500
2025-10-05 01:59:14 | INFO | f1.console | [ACCEL_DEBUG] 繪製曲線:
2025-10-05 01:59:14 | INFO | f1.console |   距離範圍: 0.3 - 5220.8 (範圍: 5220.6)
2025-10-05 01:59:14 | INFO | f1.console |   加速度範圍: -37.23 - 23.95 (範圍: 61.18)
2025-10-05 01:59:14 | INFO | f1.console |   圖表區域: 417 x 207
2025-10-05 01:59:14 | INFO | f1.console |   車手1數據點: 500, 車手2數據點: 500
2025-10-05 01:59:14 | INFO | f1.console | [ACCEL_DEBUG] 繪製曲線:
2025-10-05 01:59:14 | INFO | f1.console |   距離範圍: 0.3 - 5220.8 (範圍: 5220.6)
2025-10-05 01:59:14 | INFO | f1.console |   加速度範圍: -37.23 - 23.95 (範圍: 61.18)
2025-10-05 01:59:14 | INFO | f1.console |   圖表區域: 417 x 207
2025-10-05 01:59:14 | INFO | f1.console |   車手1數據點: 500, 車手2數據點: 500
2025-10-05 01:59:14 | INFO | f1.console | [ACCEL_DEBUG] 繪製曲線:
2025-10-05 01:59:14 | INFO | f1.console |   距離範圍: 0.3 - 5220.8 (範圍: 5220.6)
2025-10-05 01:59:14 | INFO | f1.console |   加速度範圍: -37.23 - 23.95 (範圍: 61.18)
2025-10-05 01:59:14 | INFO | f1.console |   圖表區域: 417 x 207
2025-10-05 01:59:14 | INFO | f1.console |   車手1數據點: 500, 車手2數據點: 500
2025-10-05 01:59:14 | INFO | f1.console | [ACCEL_DEBUG] 繪製曲線:
2025-10-05 01:59:14 | INFO | f1.console |   距離範圍: 0.3 - 5220.8 (範圍: 5220.6)
2025-10-05 01:59:14 | INFO | f1.console |   加速度範圍: -37.23 - 23.95 (範圍: 61.18)
2025-10-05 01:59:14 | INFO | f1.console |   圖表區域: 417 x 207
2025-10-05 01:59:14 | INFO | f1.console |   車手1數據點: 500, 車手2數據點: 500
2025-10-05 01:59:14 | INFO | f1.console | [ACCEL_DEBUG] 繪製曲線:
2025-10-05 01:59:14 | INFO | f1.console |   距離範圍: 0.3 - 5220.8 (範圍: 5220.6)
2025-10-05 01:59:14 | INFO | f1.console |   加速度範圍: -37.23 - 23.95 (範圍: 61.18)
2025-10-05 01:59:14 | INFO | f1.console |   圖表區域: 417 x 207
2025-10-05 01:59:14 | INFO | f1.console |   車手1數據點: 500, 車手2數據點: 500
2025-10-05 01:59:14 | INFO | f1.console | [ACCEL_DEBUG] 繪製曲線:
2025-10-05 01:59:14 | INFO | f1.console |   距離範圍: 0.3 - 5220.8 (範圍: 5220.6)
2025-10-05 01:59:14 | INFO | f1.console |   加速度範圍: -37.23 - 23.95 (範圍: 61.18)
2025-10-05 01:59:14 | INFO | f1.console |   圖表區域: 417 x 207
2025-10-05 01:59:14 | INFO | f1.console |   車手1數據點: 500, 車手2數據點: 500
2025-10-05 01:59:14 | INFO | f1.console | [ACCEL_DEBUG] 繪製曲線:
2025-10-05 01:59:14 | INFO | f1.console |   距離範圍: 0.3 - 5220.8 (範圍: 5220.6)
2025-10-05 01:59:14 | INFO | f1.console |   加速度範圍: -37.23 - 23.95 (範圍: 61.18)
2025-10-05 01:59:14 | INFO | f1.console |   圖表區域: 417 x 207
2025-10-05 01:59:14 | INFO | f1.console |   車手1數據點: 500, 車手2數據點: 500
2025-10-05 01:59:14 | INFO | f1.console | [ACCEL_DEBUG] 繪製曲線:
2025-10-05 01:59:14 | INFO | f1.console |   距離範圍: 0.3 - 5220.8 (範圍: 5220.6)
2025-10-05 01:59:14 | INFO | f1.console |   加速度範圍: -37.23 - 23.95 (範圍: 61.18)
2025-10-05 01:59:14 | INFO | f1.console |   圖表區域: 417 x 207
2025-10-05 01:59:14 | INFO | f1.console |   車手1數據點: 500, 車手2數據點: 500
2025-10-05 01:59:14 | INFO | f1.console | [ACCEL_DEBUG] 繪製曲線:
2025-10-05 01:59:14 | INFO | f1.console |   距離範圍: 0.3 - 5220.8 (範圍: 5220.6)
2025-10-05 01:59:14 | INFO | f1.console |   加速度範圍: -37.23 - 23.95 (範圍: 61.18)
2025-10-05 01:59:14 | INFO | f1.console |   圖表區域: 417 x 207
2025-10-05 01:59:14 | INFO | f1.console |   車手1數據點: 500, 車手2數據點: 500
2025-10-05 01:59:14 | INFO | f1.console | [ACCEL_DEBUG] 繪製曲線:
2025-10-05 01:59:14 | INFO | f1.console |   距離範圍: 0.3 - 5220.8 (範圍: 5220.6)
2025-10-05 01:59:14 | INFO | f1.console |   加速度範圍: -37.23 - 23.95 (範圍: 61.18)
2025-10-05 01:59:14 | INFO | f1.console |   圖表區域: 417 x 207
2025-10-05 01:59:14 | INFO | f1.console |   車手1數據點: 500, 車手2數據點: 500
2025-10-05 01:59:14 | INFO | f1.console | [ACCEL_DEBUG] 繪製曲線:
2025-10-05 01:59:14 | INFO | f1.console |   距離範圍: 0.3 - 5220.8 (範圍: 5220.6)
2025-10-05 01:59:14 | INFO | f1.console |   加速度範圍: -37.23 - 23.95 (範圍: 61.18)
2025-10-05 01:59:14 | INFO | f1.console |   圖表區域: 417 x 207
2025-10-05 01:59:14 | INFO | f1.console |   車手1數據點: 500, 車手2數據點: 500
2025-10-05 01:59:14 | INFO | f1.console | [ACCEL_DEBUG] 繪製曲線:
2025-10-05 01:59:14 | INFO | f1.console |   距離範圍: 0.3 - 5220.8 (範圍: 5220.6)
2025-10-05 01:59:14 | INFO | f1.console |   加速度範圍: -37.23 - 23.95 (範圍: 61.18)
2025-10-05 01:59:14 | INFO | f1.console |   圖表區域: 417 x 207
2025-10-05 01:59:14 | INFO | f1.console |   車手1數據點: 500, 車手2數據點: 500
2025-10-05 01:59:14 | INFO | f1.console | [ACCEL_DEBUG] 繪製曲線:
2025-10-05 01:59:14 | INFO | f1.console |   距離範圍: 0.3 - 5220.8 (範圍: 5220.6)
2025-10-05 01:59:14 | INFO | f1.console |   加速度範圍: -37.23 - 23.95 (範圍: 61.18)
2025-10-05 01:59:14 | INFO | f1.console |   圖表區域: 417 x 207
2025-10-05 01:59:14 | INFO | f1.console |   車手1數據點: 500, 車手2數據點: 500
2025-10-05 01:59:14 | INFO | f1.console | [ACCEL_DEBUG] 繪製曲線:
2025-10-05 01:59:14 | INFO | f1.console |   距離範圍: 0.3 - 5220.8 (範圍: 5220.6)
2025-10-05 01:59:14 | INFO | f1.console |   加速度範圍: -37.23 - 23.95 (範圍: 61.18)
2025-10-05 01:59:14 | INFO | f1.console |   圖表區域: 417 x 207
2025-10-05 01:59:14 | INFO | f1.console |   車手1數據點: 500, 車手2數據點: 500
2025-10-05 01:59:14 | INFO | f1.console | [ACCEL_DEBUG] 繪製曲線:
2025-10-05 01:59:14 | INFO | f1.console |   距離範圍: 0.3 - 5220.8 (範圍: 5220.6)
2025-10-05 01:59:14 | INFO | f1.console |   加速度範圍: -37.23 - 23.95 (範圍: 61.18)
2025-10-05 01:59:14 | INFO | f1.console |   圖表區域: 417 x 207
2025-10-05 01:59:14 | INFO | f1.console |   車手1數據點: 500, 車手2數據點: 500
2025-10-05 01:59:14 | INFO | f1.console | [ACCEL_DEBUG] 繪製曲線:
2025-10-05 01:59:14 | INFO | f1.console |   距離範圍: 0.3 - 5220.8 (範圍: 5220.6)
2025-10-05 01:59:14 | INFO | f1.console |   加速度範圍: -37.23 - 23.95 (範圍: 61.18)
2025-10-05 01:59:14 | INFO | f1.console |   圖表區域: 417 x 207
2025-10-05 01:59:14 | INFO | f1.console |   車手1數據點: 500, 車手2數據點: 500
2025-10-05 01:59:14 | INFO | f1.console | [ACCEL_DEBUG] 繪製曲線:
2025-10-05 01:59:14 | INFO | f1.console |   距離範圍: 0.3 - 5220.8 (範圍: 5220.6)
2025-10-05 01:59:14 | INFO | f1.console |   加速度範圍: -37.23 - 23.95 (範圍: 61.18)
2025-10-05 01:59:14 | INFO | f1.console |   圖表區域: 417 x 207
2025-10-05 01:59:14 | INFO | f1.console |   車手1數據點: 500, 車手2數據點: 500
2025-10-05 01:59:14 | INFO | f1.console | [ACCEL_DEBUG] 繪製曲線:
2025-10-05 01:59:14 | INFO | f1.console |   距離範圍: 0.3 - 5220.8 (範圍: 5220.6)
2025-10-05 01:59:14 | INFO | f1.console |   加速度範圍: -37.23 - 23.95 (範圍: 61.18)
2025-10-05 01:59:14 | INFO | f1.console |   圖表區域: 417 x 207
2025-10-05 01:59:14 | INFO | f1.console |   車手1數據點: 500, 車手2數據點: 500
2025-10-05 01:59:14 | INFO | f1.console | [ACCEL_DEBUG] 繪製曲線:
2025-10-05 01:59:14 | INFO | f1.console |   距離範圍: 0.3 - 5220.8 (範圍: 5220.6)
2025-10-05 01:59:14 | INFO | f1.console |   加速度範圍: -37.23 - 23.95 (範圍: 61.18)
2025-10-05 01:59:14 | INFO | f1.console |   圖表區域: 417 x 207
2025-10-05 01:59:14 | INFO | f1.console |   車手1數據點: 500, 車手2數據點: 500
2025-10-05 01:59:14 | INFO | f1.console | [ACCEL_DEBUG] 繪製曲線:
2025-10-05 01:59:14 | INFO | f1.console |   距離範圍: 0.3 - 5220.8 (範圍: 5220.6)
2025-10-05 01:59:14 | INFO | f1.console |   加速度範圍: -37.23 - 23.95 (範圍: 61.18)
2025-10-05 01:59:14 | INFO | f1.console |   圖表區域: 417 x 207
2025-10-05 01:59:14 | INFO | f1.console |   車手1數據點: 500, 車手2數據點: 500
2025-10-05 01:59:14 | INFO | f1.console | [ACCEL_DEBUG] 繪製曲線:
2025-10-05 01:59:14 | INFO | f1.console |   距離範圍: 0.3 - 5220.8 (範圍: 5220.6)
2025-10-05 01:59:14 | INFO | f1.console |   加速度範圍: -37.23 - 23.95 (範圍: 61.18)
2025-10-05 01:59:14 | INFO | f1.console |   圖表區域: 417 x 207
2025-10-05 01:59:14 | INFO | f1.console |   車手1數據點: 500, 車手2數據點: 500
2025-10-05 01:59:14 | INFO | f1.console | [ACCEL_DEBUG] 繪製曲線:
2025-10-05 01:59:14 | INFO | f1.console |   距離範圍: 0.3 - 5220.8 (範圍: 5220.6)
2025-10-05 01:59:14 | INFO | f1.console |   加速度範圍: -37.23 - 23.95 (範圍: 61.18)
2025-10-05 01:59:14 | INFO | f1.console |   圖表區域: 417 x 207
2025-10-05 01:59:14 | INFO | f1.console |   車手1數據點: 500, 車手2數據點: 500
2025-10-05 01:59:14 | INFO | f1.console | [ACCEL_DEBUG] 繪製曲線:
2025-10-05 01:59:14 | INFO | f1.console |   距離範圍: 0.3 - 5220.8 (範圍: 5220.6)
2025-10-05 01:59:14 | INFO | f1.console |   加速度範圍: -37.23 - 23.95 (範圍: 61.18)
2025-10-05 01:59:14 | INFO | f1.console |   圖表區域: 417 x 207
2025-10-05 01:59:14 | INFO | f1.console |   車手1數據點: 500, 車手2數據點: 500
2025-10-05 01:59:15 | INFO | f1.console | [ACCEL_DEBUG] 繪製曲線:
2025-10-05 01:59:15 | INFO | f1.console |   距離範圍: 0.3 - 5220.8 (範圍: 5220.6)
2025-10-05 01:59:15 | INFO | f1.console |   加速度範圍: -37.23 - 23.95 (範圍: 61.18)
2025-10-05 01:59:15 | INFO | f1.console |   圖表區域: 417 x 207
2025-10-05 01:59:15 | INFO | f1.console |   車手1數據點: 500, 車手2數據點: 500
2025-10-05 01:59:15 | INFO | f1.console | [ACCEL_DEBUG] 繪製曲線:
2025-10-05 01:59:15 | INFO | f1.console |   距離範圍: 0.3 - 5220.8 (範圍: 5220.6)
2025-10-05 01:59:15 | INFO | f1.console |   加速度範圍: -37.23 - 23.95 (範圍: 61.18)
2025-10-05 01:59:15 | INFO | f1.console |   圖表區域: 417 x 207
2025-10-05 01:59:15 | INFO | f1.console |   車手1數據點: 500, 車手2數據點: 500
2025-10-05 01:59:15 | INFO | f1.console | [ACCEL_DEBUG] 繪製曲線:
2025-10-05 01:59:15 | INFO | f1.console |   距離範圍: 0.3 - 5220.8 (範圍: 5220.6)
2025-10-05 01:59:15 | INFO | f1.console |   加速度範圍: -37.23 - 23.95 (範圍: 61.18)
2025-10-05 01:59:15 | INFO | f1.console |   圖表區域: 417 x 207
2025-10-05 01:59:15 | INFO | f1.console |   車手1數據點: 500, 車手2數據點: 500
2025-10-05 01:59:15 | INFO | f1.console | [ACCEL_DEBUG] 繪製曲線:
2025-10-05 01:59:15 | INFO | f1.console |   距離範圍: 0.3 - 5220.8 (範圍: 5220.6)
2025-10-05 01:59:15 | INFO | f1.console |   加速度範圍: -37.23 - 23.95 (範圍: 61.18)
2025-10-05 01:59:15 | INFO | f1.console |   圖表區域: 417 x 207
2025-10-05 01:59:15 | INFO | f1.console |   車手1數據點: 500, 車手2數據點: 500
2025-10-05 01:59:15 | INFO | f1.console | [ACCEL_DEBUG] 繪製曲線:
2025-10-05 01:59:15 | INFO | f1.console |   距離範圍: 0.3 - 5220.8 (範圍: 5220.6)
2025-10-05 01:59:15 | INFO | f1.console |   加速度範圍: -37.23 - 23.95 (範圍: 61.18)
2025-10-05 01:59:15 | INFO | f1.console |   圖表區域: 417 x 207
2025-10-05 01:59:15 | INFO | f1.console |   車手1數據點: 500, 車手2數據點: 500
2025-10-05 01:59:15 | INFO | f1.console | [ACCEL_DEBUG] 繪製曲線:
2025-10-05 01:59:15 | INFO | f1.console |   距離範圍: 0.3 - 5220.8 (範圍: 5220.6)
2025-10-05 01:59:15 | INFO | f1.console |   加速度範圍: -37.23 - 23.95 (範圍: 61.18)
2025-10-05 01:59:15 | INFO | f1.console |   圖表區域: 417 x 207
2025-10-05 01:59:15 | INFO | f1.console |   車手1數據點: 500, 車手2數據點: 500
2025-10-05 01:59:15 | INFO | f1.console | [ACCEL_DEBUG] 繪製曲線:
2025-10-05 01:59:15 | INFO | f1.console |   距離範圍: 0.3 - 5220.8 (範圍: 5220.6)
2025-10-05 01:59:15 | INFO | f1.console |   加速度範圍: -37.23 - 23.95 (範圍: 61.18)
2025-10-05 01:59:15 | INFO | f1.console |   圖表區域: 417 x 207
2025-10-05 01:59:15 | INFO | f1.console |   車手1數據點: 500, 車手2數據點: 500
2025-10-05 01:59:15 | INFO | f1.console | [ACCEL_DEBUG] 繪製曲線:
2025-10-05 01:59:15 | INFO | f1.console |   距離範圍: 0.3 - 5220.8 (範圍: 5220.6)
2025-10-05 01:59:15 | INFO | f1.console |   加速度範圍: -37.23 - 23.95 (範圍: 61.18)
2025-10-05 01:59:15 | INFO | f1.console |   圖表區域: 417 x 207
2025-10-05 01:59:15 | INFO | f1.console |   車手1數據點: 500, 車手2數據點: 500
2025-10-05 01:59:15 | INFO | f1.console | [ACCEL_DEBUG] 繪製曲線:
2025-10-05 01:59:15 | INFO | f1.console |   距離範圍: 0.3 - 5220.8 (範圍: 5220.6)
2025-10-05 01:59:15 | INFO | f1.console |   加速度範圍: -37.23 - 23.95 (範圍: 61.18)
2025-10-05 01:59:15 | INFO | f1.console |   圖表區域: 417 x 207
2025-10-05 01:59:15 | INFO | f1.console |   車手1數據點: 500, 車手2數據點: 500
2025-10-05 01:59:15 | INFO | f1.console | [GEAR DEBUG] ========== _handle_api_success 開始 ==========
2025-10-05 01:59:15 | INFO | f1.console | [GEAR DEBUG] 📦 data 類型: <class 'dict'>
2025-10-05 01:59:15 | INFO | f1.console | [GEAR DEBUG] 📦 data 鍵值: ['analysis_type', 'metadata', 'results', 'file_info', 'cache_info']
2025-10-05 01:59:15 | INFO | f1.console | [GEAR DEBUG] ✅ 數據格式驗證通過
2025-10-05 01:59:15 | INFO | f1.console | [GEAR DEBUG] ✅ 步驟1: 數據格式驗證通過
2025-10-05 01:59:15 | INFO | f1.console | [GEAR DEBUG] 📝 步驟2: 設置 metadata
2025-10-05 01:59:15 | INFO | f1.console | [GEAR DEBUG] ✅ 步驟2: metadata 設置完成
2025-10-05 01:59:15 | INFO | f1.console | [GEAR DEBUG] � 步驟3: 處理遙測數據
2025-10-05 01:59:15 | INFO | f1.console | [GEAR DEBUG] 🔧 處理遙測數據...
2025-10-05 01:59:15 | INFO | f1.console | [GEAR DEBUG] 常規遙測原始數據鍵值: ['name', 'driver1_data', 'driver2_data', 'distance']
2025-10-05 01:59:15 | INFO | f1.console | [GEAR DEBUG] 距離數據點數: 500
2025-10-05 01:59:15 | INFO | f1.console | [GEAR DEBUG] 車手1數據點數: 500
2025-10-05 01:59:15 | INFO | f1.console | [GEAR DEBUG] 車手2數據點數: 500
2025-10-05 01:59:15 | INFO | f1.console | [GEAR DEBUG] ✅ Gear Analysis數據處理完成
2025-10-05 01:59:15 | INFO | f1.console | [GEAR DEBUG]    距離點數: 500
2025-10-05 01:59:15 | INFO | f1.console | [GEAR DEBUG]    車手1數據點數: 500
2025-10-05 01:59:15 | INFO | f1.console | [GEAR DEBUG]    車手2數據點數: 500
2025-10-05 01:59:15 | INFO | f1.console | [GEAR DEBUG] ✅ 步驟3: API 數據處理完成
2025-10-05 01:59:15 | INFO | f1.console | [GEAR DEBUG] 📊 步驟4: 發送進度和狀態信號
2025-10-05 01:59:15 | INFO | f1.console | [GEAR DEBUG] ✅ 步驟4: 狀態更新完成
2025-10-05 01:59:15 | INFO | f1.console | [GEAR DEBUG] 🚀 步驟5: 即將發送 data_loaded 信號
2025-10-05 01:59:15 | INFO | f1.console | [GEAR DEBUG] 📡 信號接收者數量: 1
2025-10-05 01:59:15 | INFO | f1.console | [gear_MDI_DATA] ✅ gear數據載入完成
2025-10-05 01:59:15 | INFO | f1.console | [gear_MDI] 更新gear圖表
2025-10-05 01:59:15 | INFO | f1.console | [gear_CHART] ========== 更新gear數據 ==========
2025-10-05 01:59:15 | INFO | f1.console | [gear_CHART] 收到數據鍵: ['metadata', 'gear_data', 'statistics']
2025-10-05 01:59:15 | INFO | f1.console | [gear_CHART] metadata 鍵: ['drivers', 'sectors', 'year', 'race', 'session', 'telemetry_type', 'display_name', 'unit', 'analysis_timestamp', 'data_source', 'api']
2025-10-05 01:59:15 | INFO | f1.console | [gear_CHART] gear_data 鍵: ['distance', 'driver1_gear', 'driver2_gear', 'driver1_name', 'driver2_name']
2025-10-05 01:59:15 | INFO | f1.console | [gear_CHART] statistics 鍵: ['driver1', 'driver2', 'distance']
2025-10-05 01:59:15 | INFO | f1.console | [gear_CHART] 車手數量: 2
2025-10-05 01:59:15 | INFO | f1.console | [gear_CHART] 賽道區段: 0
2025-10-05 01:59:15 | INFO | f1.console | [gear_CHART] 距離數據點: 500
2025-10-05 01:59:15 | INFO | f1.console | [gear_CHART] 車手1 gear數據點: 500
2025-10-05 01:59:15 | INFO | f1.console | [gear_CHART] 車手2 gear數據點: 500
2025-10-05 01:59:15 | INFO | f1.console | [gear_CHART] 車手名稱更新: VER vs HAM
2025-10-05 01:59:15 | INFO | f1.console | [gear_CHART] 🎯 使用雙車手模式顯示: VER vs HAM
2025-10-05 01:59:15 | INFO | f1.console | [gear_CHART] 📊 更新圖表...
2025-10-05 01:59:15 | INFO | f1.console | [gear_CHART] ✅ 圖表更新完成
2025-10-05 01:59:15 | INFO | f1.console | [gear_CHART] 📋 更新統計表格...
2025-10-05 01:59:15 | INFO | f1.console | [gear_CHART] 📊 統計表格更新 - 收到statistics: {'driver1': {'max': 8.0, 'min': 1.0, 'avg': 5.820731449359155, 'count': 500}, 'driver2': {'max': 8.0, 'min': 2.0, 'avg': 5.987226792062826, 'count': 500}, 'distance': {'min': 0.05528310043872231, 'max': 5393.269055626282, 'total_points': 500}}
2025-10-05 01:59:15 | INFO | f1.console | [gear_CHART] driver1_stats: {}
2025-10-05 01:59:15 | INFO | f1.console | [gear_CHART] driver2_stats: {}
2025-10-05 01:59:15 | INFO | f1.console | [gear_CHART] comparison: {}
2025-10-05 01:59:15 | INFO | f1.console | [gear_CHART] 表格數據行: [('最高轉速 (gear)', '0', '0', '0'), ('平均轉速 (gear)', '0', '0', '0'), ('最低轉速 (gear)', '0', '0', '0')]
2025-10-05 01:59:15 | INFO | f1.console | [gear CHART WIDGET] ✅ 統計表格更新完成
2025-10-05 01:59:15 | INFO | f1.console | [gear_CHART] 📋 更新狀態資訊...
2025-10-05 01:59:15 | INFO | f1.console | [gear_CHART] ✅ 全部更新完成
2025-10-05 01:59:15 | INFO | f1.console | [TOOLBAR_STATUS] 已更新: gear分析 | 1:35.488 | 1:35.069 | HARD | HARD | VER 第99圈 vs HAM 第99圈
2025-10-05 01:59:15 | INFO | f1.console | [gear_MDI] 已更新工具欄狀態: gear分析
2025-10-05 01:59:15 | INFO | f1.console | [GEAR DEBUG] ✅ 步驟5: data_loaded 信號已發送
2025-10-05 01:59:15 | INFO | f1.console | [GEAR DEBUG] ========== _handle_api_success 完成 ==========
2025-10-05 01:59:15 | INFO | f1.console | [ACCEL_DEBUG] 繪製曲線:
2025-10-05 01:59:15 | INFO | f1.console |   距離範圍: 0.3 - 5220.8 (範圍: 5220.6)
2025-10-05 01:59:15 | INFO | f1.console |   加速度範圍: -37.23 - 23.95 (範圍: 61.18)
2025-10-05 01:59:15 | INFO | f1.console |   圖表區域: 417 x 207
2025-10-05 01:59:15 | INFO | f1.console |   車手1數據點: 500, 車手2數據點: 500
2025-10-05 01:59:15 | INFO | f1.console | [ACCEL_DEBUG] 繪製曲線:
2025-10-05 01:59:15 | INFO | f1.console |   距離範圍: 0.3 - 5220.8 (範圍: 5220.6)
2025-10-05 01:59:15 | INFO | f1.console |   加速度範圍: -37.23 - 23.95 (範圍: 61.18)
2025-10-05 01:59:15 | INFO | f1.console |   圖表區域: 417 x 207
2025-10-05 01:59:15 | INFO | f1.console |   車手1數據點: 500, 車手2數據點: 500
2025-10-05 01:59:15 | INFO | f1.console | [BRAKE DEBUG] ========== _handle_api_success 開始 ==========
2025-10-05 01:59:15 | INFO | f1.console | [BRAKE DEBUG] 📦 data 類型: <class 'dict'>
2025-10-05 01:59:15 | INFO | f1.console | [BRAKE DEBUG] 📦 data 鍵值: ['analysis_type', 'metadata', 'results', 'file_info', 'cache_info']
2025-10-05 01:59:15 | INFO | f1.console | [BRAKE DEBUG] ✅ 數據格式驗證通過
2025-10-05 01:59:15 | INFO | f1.console | [BRAKE DEBUG] ✅ 步驟1: 數據格式驗證通過
2025-10-05 01:59:15 | INFO | f1.console | [BRAKE DEBUG] 📝 步驟2: 設置 metadata
2025-10-05 01:59:15 | INFO | f1.console | [BRAKE DEBUG] ✅ 步驟2: metadata 設置完成
2025-10-05 01:59:15 | INFO | f1.console | [BRAKE DEBUG] � 步驟3: 處理遙測數據
2025-10-05 01:59:15 | INFO | f1.console | [BRAKE DEBUG] 🔧 處理遙測數據...
2025-10-05 01:59:15 | INFO | f1.console | [BRAKE DEBUG] 常規遙測原始數據鍵值: ['name', 'driver1_data', 'driver2_data', 'distance']
2025-10-05 01:59:15 | INFO | f1.console | [BRAKE DEBUG] 距離數據點數: 500
2025-10-05 01:59:15 | INFO | f1.console | [BRAKE DEBUG] 車手1數據點數: 500
2025-10-05 01:59:15 | INFO | f1.console | [BRAKE DEBUG] 車手2數據點數: 500
2025-10-05 01:59:15 | INFO | f1.console | [BRAKE DEBUG] ✅ Brake Analysis數據處理完成
2025-10-05 01:59:15 | INFO | f1.console | [BRAKE DEBUG]    距離點數: 500
2025-10-05 01:59:15 | INFO | f1.console | [BRAKE DEBUG]    車手1數據點數: 500
2025-10-05 01:59:15 | INFO | f1.console | [BRAKE DEBUG]    車手2數據點數: 500
2025-10-05 01:59:15 | INFO | f1.console | [BRAKE DEBUG] ✅ 步驟3: API 數據處理完成
2025-10-05 01:59:15 | INFO | f1.console | [BRAKE DEBUG] 📊 步驟4: 發送進度和狀態信號
2025-10-05 01:59:15 | INFO | f1.console | [BRAKE DEBUG] ✅ 步驟4: 狀態更新完成
2025-10-05 01:59:15 | INFO | f1.console | [BRAKE DEBUG] 🚀 步驟5: 即將發送 data_loaded 信號
2025-10-05 01:59:15 | INFO | f1.console | [BRAKE DEBUG] 📡 信號接收者數量: 1
2025-10-05 01:59:15 | INFO | f1.console | [brake_MDI_DATA] ✅ brake數據載入完成
2025-10-05 01:59:15 | INFO | f1.console | [brake_MDI] 更新brake圖表
2025-10-05 01:59:15 | INFO | f1.console | [brake_CHART] ========== 更新brake數據 ==========
2025-10-05 01:59:15 | INFO | f1.console | [brake_CHART] 收到數據鍵: ['metadata', 'brake_data', 'statistics']
2025-10-05 01:59:15 | INFO | f1.console | [brake_CHART] metadata 鍵: ['drivers', 'sectors', 'year', 'race', 'session', 'telemetry_type', 'display_name', 'unit', 'analysis_timestamp', 'data_source', 'api']
2025-10-05 01:59:15 | INFO | f1.console | [brake_CHART] brake_data 鍵: ['distance', 'driver1_brake', 'driver2_brake', 'driver1_name', 'driver2_name']
2025-10-05 01:59:15 | INFO | f1.console | [brake_CHART] statistics 鍵: ['driver1', 'driver2', 'distance']
2025-10-05 01:59:15 | INFO | f1.console | [brake_CHART] 車手數量: 2
2025-10-05 01:59:15 | INFO | f1.console | [brake_CHART] 賽道區段: 0
2025-10-05 01:59:15 | INFO | f1.console | [brake_CHART] 距離數據點: 500
2025-10-05 01:59:15 | INFO | f1.console | [brake_CHART] 車手1 brake數據點: 500
2025-10-05 01:59:15 | INFO | f1.console | [brake_CHART] 車手2 brake數據點: 500
2025-10-05 01:59:15 | INFO | f1.console | [brake_CHART] 車手名稱更新: VER vs HAM
2025-10-05 01:59:15 | INFO | f1.console | [brake_CHART] 🎯 使用雙車手模式顯示: VER vs HAM
2025-10-05 01:59:15 | INFO | f1.console | [brake_CHART] 📊 更新圖表...
2025-10-05 01:59:15 | INFO | f1.console | [ACCEL_DEBUG] 繪製曲線:
2025-10-05 01:59:15 | INFO | f1.console |   距離範圍: 0.3 - 5220.8 (範圍: 5220.6)
2025-10-05 01:59:15 | INFO | f1.console |   加速度範圍: -37.23 - 23.95 (範圍: 61.18)
2025-10-05 01:59:15 | INFO | f1.console |   圖表區域: 417 x 207
2025-10-05 01:59:15 | INFO | f1.console |   車手1數據點: 500, 車手2數據點: 500
2025-10-05 01:59:15 | INFO | f1.console | [brake_CHART] ✅ 圖表更新完成
2025-10-05 01:59:15 | INFO | f1.console | [brake_CHART] 📋 更新統計表格...
2025-10-05 01:59:15 | INFO | f1.console | [brake_CHART] 📊 統計表格更新 - 收到statistics: {'driver1': {'max': 1.0, 'min': 0.0, 'avg': 0.15449258069650135, 'count': 500}, 'driver2': {'max': 1.0, 'min': 0.0, 'avg': 0.16882969488166663, 'count': 500}, 'distance': {'min': 0.05528310043872231, 'max': 5393.269055626282, 'total_points': 500}}
2025-10-05 01:59:15 | INFO | f1.console | [brake_CHART] driver1_stats: {}
2025-10-05 01:59:15 | INFO | f1.console | [brake_CHART] driver2_stats: {}
2025-10-05 01:59:15 | INFO | f1.console | [brake_CHART] comparison: {}
2025-10-05 01:59:15 | INFO | f1.console | [brake_CHART] 表格數據行: [('最高轉速 (brake)', '0', '0', '0'), ('平均轉速 (brake)', '0', '0', '0'), ('最低轉速 (brake)', '0', '0', '0')]
2025-10-05 01:59:15 | INFO | f1.console | [brake CHART WIDGET] ✅ 統計表格更新完成
2025-10-05 01:59:15 | INFO | f1.console | [brake_CHART] 📋 更新狀態資訊...
2025-10-05 01:59:15 | INFO | f1.console | [brake_CHART] ✅ 全部更新完成
2025-10-05 01:59:15 | INFO | f1.console | [TOOLBAR_STATUS] 已更新: brake分析 | 1:35.488 | 1:35.069 | HARD | HARD | VER 第99圈 vs HAM 第99圈
2025-10-05 01:59:15 | INFO | f1.console | [brake_MDI] 已更新工具欄狀態: brake分析
2025-10-05 01:59:15 | INFO | f1.console | [BRAKE DEBUG] ✅ 步驟5: data_loaded 信號已發送
2025-10-05 01:59:15 | INFO | f1.console | [BRAKE DEBUG] ========== _handle_api_success 完成 ==========
2025-10-05 01:59:15 | INFO | f1.console | [SPEED DEBUG] ========== _handle_api_success 開始 ==========
2025-10-05 01:59:15 | INFO | f1.console | [SPEED DEBUG] 📦 data 類型: <class 'dict'>
2025-10-05 01:59:15 | INFO | f1.console | [SPEED DEBUG] 📦 data 鍵值: ['analysis_type', 'metadata', 'results', 'file_info', 'cache_info']
2025-10-05 01:59:15 | INFO | f1.console | [SPEED DEBUG] ✅ 數據格式驗證通過
2025-10-05 01:59:15 | INFO | f1.console | [SPEED DEBUG] ✅ 步驟1: 數據格式驗證通過
2025-10-05 01:59:15 | INFO | f1.console | [SPEED DEBUG] 📝 步驟2: 設置 metadata
2025-10-05 01:59:15 | INFO | f1.console | [SPEED DEBUG] ✅ 步驟2: metadata 設置完成
2025-10-05 01:59:15 | INFO | f1.console | [SPEED DEBUG] � 步驟3: 處理遙測數據
2025-10-05 01:59:15 | INFO | f1.console | [SPEED DEBUG] 🔧 處理遙測數據...
2025-10-05 01:59:15 | INFO | f1.console | [SPEED DEBUG] 常規遙測原始數據鍵值: ['name', 'driver1_data', 'driver2_data', 'distance']
2025-10-05 01:59:15 | INFO | f1.console | [SPEED DEBUG] 距離數據點數: 500
2025-10-05 01:59:15 | INFO | f1.console | [SPEED DEBUG] 車手1數據點數: 500
2025-10-05 01:59:15 | INFO | f1.console | [SPEED DEBUG] 車手2數據點數: 500
2025-10-05 01:59:15 | INFO | f1.console | [SPEED DEBUG] ✅ Speed Analysis數據處理完成
2025-10-05 01:59:15 | INFO | f1.console | [SPEED DEBUG]    距離點數: 500
2025-10-05 01:59:15 | INFO | f1.console | [SPEED DEBUG]    車手1數據點數: 500
2025-10-05 01:59:15 | INFO | f1.console | [SPEED DEBUG]    車手2數據點數: 500
2025-10-05 01:59:15 | INFO | f1.console | [SPEED DEBUG] ✅ 步驟3: API 數據處理完成
2025-10-05 01:59:15 | INFO | f1.console | [SPEED DEBUG] 📊 步驟4: 發送進度和狀態信號
2025-10-05 01:59:15 | INFO | f1.console | [SPEED DEBUG] ✅ 步驟4: 狀態更新完成
2025-10-05 01:59:15 | INFO | f1.console | [SPEED DEBUG] 🚀 步驟5: 即將發送 data_loaded 信號
2025-10-05 01:59:15 | INFO | f1.console | [SPEED DEBUG] 📡 信號接收者數量: 1
2025-10-05 01:59:15 | INFO | f1.console | [SPEED_MDI_DATA] ========== 數據載入完成回調 ==========
2025-10-05 01:59:15 | INFO | f1.console | [SPEED_MDI_DATA] 📦 接收到數據類型: <class 'dict'>
2025-10-05 01:59:15 | INFO | f1.console | [SPEED_MDI_DATA] 📦 接收到數據鍵值: ['metadata', 'speed_data', 'statistics']
2025-10-05 01:59:15 | INFO | f1.console | [SPEED_MDI_DATA] 📊 speed_data 鍵值: ['distance', 'driver1_speed', 'driver2_speed', 'driver1_name', 'driver2_name']
2025-10-05 01:59:15 | INFO | f1.console | [SPEED_MDI_DATA] 📊 distance 點數: 500
2025-10-05 01:59:15 | INFO | f1.console | [SPEED_MDI_DATA] 📊 driver1_speed 點數: 500
2025-10-05 01:59:15 | INFO | f1.console | [SPEED_MDI_DATA] 📊 driver2_speed 點數: 500
2025-10-05 01:59:15 | INFO | f1.console | [SPEED_MDI_DATA] 🚀 即將發送 data_loaded 信號...
2025-10-05 01:59:15 | INFO | f1.console | [SPEED_MDI_DATA] 📡 信號接收者數量: 1
2025-10-05 01:59:15 | INFO | f1.console | [SPEED_MDI] ========== 更新速度圖表回調 ==========
2025-10-05 01:59:15 | INFO | f1.console | [SPEED_MDI] 📦 接收到數據類型: <class 'dict'>
2025-10-05 01:59:15 | INFO | f1.console | [SPEED_MDI] 📦 接收到數據鍵值: ['metadata', 'speed_data', 'statistics']
2025-10-05 01:59:15 | INFO | f1.console | [SPEED_MDI] 📊 speed_data 鍵值: ['distance', 'driver1_speed', 'driver2_speed', 'driver1_name', 'driver2_name']
2025-10-05 01:59:15 | INFO | f1.console | [SPEED_MDI] 📊 distance 點數: 500
2025-10-05 01:59:15 | INFO | f1.console | [SPEED_MDI] 📊 driver1_speed 點數: 500
2025-10-05 01:59:15 | INFO | f1.console | [SPEED_MDI] 📊 driver2_speed 點數: 500
2025-10-05 01:59:15 | INFO | f1.console | [SPEED_MDI] 🎨 調用 speed_chart_widget.update_speed_data...
2025-10-05 01:59:15 | INFO | f1.console | [SPEED_CHART_WIDGET] ========== 更新速度數據 ==========
2025-10-05 01:59:15 | INFO | f1.console | [SPEED_CHART_WIDGET] 📦 接收到數據類型: <class 'dict'>
2025-10-05 01:59:15 | INFO | f1.console | [SPEED_CHART_WIDGET] 📦 接收到數據鍵值: ['metadata', 'speed_data', 'statistics']
2025-10-05 01:59:15 | INFO | f1.console | [SPEED_CHART_WIDGET] 📊 speed_data 鍵值: ['distance', 'driver1_speed', 'driver2_speed', 'driver1_name', 'driver2_name']
2025-10-05 01:59:15 | INFO | f1.console | [SPEED_CHART_WIDGET] 📏 distance 點數: 500
2025-10-05 01:59:15 | INFO | f1.console | [SPEED_CHART_WIDGET] 🏎️ driver1_speed 點數: 500
2025-10-05 01:59:15 | INFO | f1.console | [SPEED_CHART_WIDGET] 🏎️ driver2_speed 點數: 500
2025-10-05 01:59:15 | INFO | f1.console | [SPEED_CHART_WIDGET] 👤 driver1_name: VER
2025-10-05 01:59:15 | INFO | f1.console | [SPEED_CHART_WIDGET] 👤 driver2_name: HAM
2025-10-05 01:59:15 | INFO | f1.console | [SPEED_CHART] 🎯 使用雙車手模式顯示: VER vs HAM
2025-10-05 01:59:15 | INFO | f1.console | [SPEED_CHART_WIDGET] 🎨 調用 chart_widget.set_speed_data...
2025-10-05 01:59:15 | INFO | f1.console | [SPEED_CHART] ========== set_speed_data 被調用 ==========
2025-10-05 01:59:15 | INFO | f1.console | [SPEED_CHART] 📏 distance 點數: 500
2025-10-05 01:59:15 | INFO | f1.console | [SPEED_CHART] 🏎️ driver1_speed 點數: 500
2025-10-05 01:59:15 | INFO | f1.console | [SPEED_CHART] 🏎️ driver2_speed 點數: 500
2025-10-05 01:59:15 | INFO | f1.console | [SPEED_CHART] 👤 driver1_name: VER
2025-10-05 01:59:15 | INFO | f1.console | [SPEED_CHART] 👤 driver2_name: HAM
2025-10-05 01:59:15 | INFO | f1.console | [SPEED_CHART] 📊 距離範圍: 0.1 - 5393.3
2025-10-05 01:59:15 | INFO | f1.console | [SPEED_CHART] 📊 速度範圍: 39.2 - 336.0
2025-10-05 01:59:15 | INFO | f1.console | [SPEED_CHART] 🖌️ 調用 repaint()...
2025-10-05 01:59:15 | INFO | f1.console | [SPEED_CHART] ✅ set_speed_data 完成
2025-10-05 01:59:15 | INFO | f1.console | [SPEED_CHART_WIDGET] ✅ chart_widget.set_speed_data 完成
2025-10-05 01:59:15 | INFO | f1.console | [SPEED_CHART_WIDGET] 🖌️ 強制重繪圖表...
2025-10-05 01:59:15 | INFO | f1.console | [SPEED_CHART_WIDGET] ✅ 圖表重繪完成
2025-10-05 01:59:15 | INFO | f1.console | [LAP_SET] 圈數已設置: 第99圈 vs 第99圈
2025-10-05 01:59:15 | INFO | f1.console | [SPEED_CHART_WIDGET] ✅ update_speed_data 全部完成
2025-10-05 01:59:15 | INFO | f1.console | [SPEED_MDI] ✅ 圖表更新完成
2025-10-05 01:59:15 | INFO | f1.console | [TOOLBAR_STATUS] 已更新: 速度分析 | 1:35.488 | 1:35.069 | HARD | HARD | VER 第99圈 vs HAM 第99圈
2025-10-05 01:59:15 | INFO | f1.console | [SPEED_MDI] 已更新工具欄狀態: 速度分析
2025-10-05 01:59:15 | INFO | f1.console | [SPEED_MDI_DATA] ✅ data_loaded 信號已發送
2025-10-05 01:59:15 | INFO | f1.console | [SPEED DEBUG] ✅ 步驟5: data_loaded 信號已發送
2025-10-05 01:59:15 | INFO | f1.console | [SPEED DEBUG] ========== _handle_api_success 完成 ==========
2025-10-05 01:59:15 | INFO | f1.console | [RPM DEBUG] ========== _handle_api_success 開始 ==========
2025-10-05 01:59:15 | INFO | f1.console | [RPM DEBUG] 📦 data 類型: <class 'dict'>
2025-10-05 01:59:15 | INFO | f1.console | [RPM DEBUG] 📦 data 鍵值: ['analysis_type', 'metadata', 'results', 'file_info', 'cache_info']
2025-10-05 01:59:15 | INFO | f1.console | [RPM DEBUG] ✅ 數據格式驗證通過
2025-10-05 01:59:15 | INFO | f1.console | [RPM DEBUG] ✅ 步驟1: 數據格式驗證通過
2025-10-05 01:59:15 | INFO | f1.console | [RPM DEBUG] 📝 步驟2: 設置 metadata
2025-10-05 01:59:15 | INFO | f1.console | [RPM DEBUG] ✅ 步驟2: metadata 設置完成
2025-10-05 01:59:15 | INFO | f1.console | [RPM DEBUG] � 步驟3: 處理遙測數據
2025-10-05 01:59:15 | INFO | f1.console | [RPM DEBUG] 🔧 處理遙測數據...
2025-10-05 01:59:15 | INFO | f1.console | [RPM DEBUG] 常規遙測原始數據鍵值: ['name', 'driver1_data', 'driver2_data', 'distance']
2025-10-05 01:59:15 | INFO | f1.console | [RPM DEBUG] 距離數據點數: 500
2025-10-05 01:59:15 | INFO | f1.console | [RPM DEBUG] 車手1數據點數: 500
2025-10-05 01:59:15 | INFO | f1.console | [RPM DEBUG] 車手2數據點數: 500
2025-10-05 01:59:15 | INFO | f1.console | [RPM DEBUG] ✅ RPM Analysis數據處理完成
2025-10-05 01:59:15 | INFO | f1.console | [RPM DEBUG]    距離點數: 500
2025-10-05 01:59:15 | INFO | f1.console | [RPM DEBUG]    車手1數據點數: 500
2025-10-05 01:59:15 | INFO | f1.console | [RPM DEBUG]    車手2數據點數: 500
2025-10-05 01:59:15 | INFO | f1.console | [RPM DEBUG] ✅ 步驟3: API 數據處理完成
2025-10-05 01:59:15 | INFO | f1.console | [RPM DEBUG] 📊 步驟4: 發送進度和狀態信號
2025-10-05 01:59:15 | INFO | f1.console | [RPM DEBUG] ✅ 步驟4: 狀態更新完成
2025-10-05 01:59:15 | INFO | f1.console | [RPM DEBUG] 🚀 步驟5: 即將發送 data_loaded 信號
2025-10-05 01:59:15 | INFO | f1.console | [RPM DEBUG] 📡 信號接收者數量: 1
2025-10-05 01:59:15 | INFO | f1.console | [RPM_MDI_DATA] ✅ RPM數據載入完成
2025-10-05 01:59:15 | INFO | f1.console | [RPM_MDI] 更新RPM圖表
2025-10-05 01:59:15 | INFO | f1.console | [RPM_CHART] ========== 更新RPM數據 ==========
2025-10-05 01:59:15 | INFO | f1.console | [RPM_CHART] 收到數據鍵: ['metadata', 'rpm_data', 'statistics']
2025-10-05 01:59:15 | INFO | f1.console | [RPM_CHART] metadata 鍵: ['drivers', 'sectors', 'year', 'race', 'session', 'telemetry_type', 'display_name', 'unit', 'analysis_timestamp', 'data_source', 'api']
2025-10-05 01:59:15 | INFO | f1.console | [RPM_CHART] rpm_data 鍵: ['distance', 'driver1_rpm', 'driver2_rpm', 'driver1_name', 'driver2_name']
2025-10-05 01:59:15 | INFO | f1.console | [RPM_CHART] statistics 鍵: ['driver1', 'driver2', 'distance']
2025-10-05 01:59:15 | INFO | f1.console | [RPM_CHART] 車手數量: 2
2025-10-05 01:59:15 | INFO | f1.console | [RPM_CHART] 賽道區段: 0
2025-10-05 01:59:15 | INFO | f1.console | [RPM_CHART] 距離數據點: 500
2025-10-05 01:59:15 | INFO | f1.console | [RPM_CHART] 車手1 RPM數據點: 500
2025-10-05 01:59:15 | INFO | f1.console | [RPM_CHART] 車手2 RPM數據點: 500
2025-10-05 01:59:15 | INFO | f1.console | [RPM_CHART] 車手名稱更新: VER vs HAM
2025-10-05 01:59:15 | INFO | f1.console | [RPM_CHART] 🎯 使用雙車手模式顯示: VER vs HAM
2025-10-05 01:59:15 | INFO | f1.console | [RPM_CHART] 📊 更新圖表...
2025-10-05 01:59:15 | INFO | f1.console | [RPM_CHART] ✅ 圖表更新完成
2025-10-05 01:59:15 | INFO | f1.console | [RPM_CHART] 📋 更新統計表格...
2025-10-05 01:59:15 | INFO | f1.console | [RPM_CHART] 📊 統計表格更新 - 收到statistics: {'driver1': {'max': 11937.579857940123, 'min': 5711.71800525077, 'avg': 10437.67034059905, 'count': 500}, 'driver2': {'max': 12003.454677639582, 'min': 5606.283859019149, 'avg': 10438.793221822743, 'count': 500}, 'distance': {'min': 0.05528310043872231, 'max': 5393.269055626282, 'total_points': 500}}
2025-10-05 01:59:15 | INFO | f1.console | [RPM_CHART] driver1_stats: {}
2025-10-05 01:59:15 | INFO | f1.console | [RPM_CHART] driver2_stats: {}
2025-10-05 01:59:15 | INFO | f1.console | [RPM_CHART] comparison: {}
2025-10-05 01:59:15 | INFO | f1.console | [RPM_CHART] 表格數據行: [('最高轉速 (rpm)', '0', '0', '0'), ('平均轉速 (rpm)', '0', '0', '0'), ('最低轉速 (rpm)', '0', '0', '0')]
2025-10-05 01:59:15 | INFO | f1.console | [RPM CHART WIDGET] ✅ 統計表格更新完成
2025-10-05 01:59:15 | INFO | f1.console | [RPM_CHART] 📋 更新狀態資訊...
2025-10-05 01:59:15 | INFO | f1.console | [RPM_CHART] ✅ 全部更新完成
2025-10-05 01:59:15 | INFO | f1.console | [TOOLBAR_STATUS] 已更新: RPM分析 | 1:35.488 | 1:35.069 | HARD | HARD | VER 第99圈 vs HAM 第99圈
2025-10-05 01:59:15 | INFO | f1.console | [RPM_MDI] 已更新工具欄狀態: RPM分析
2025-10-05 01:59:15 | INFO | f1.console | [RPM DEBUG] ✅ 步驟5: data_loaded 信號已發送
2025-10-05 01:59:15 | INFO | f1.console | [RPM DEBUG] ========== _handle_api_success 完成 ==========
2025-10-05 01:59:15 | INFO | f1.console | [ACCEL_DEBUG] 繪製曲線:
2025-10-05 01:59:15 | INFO | f1.console |   距離範圍: 0.3 - 5220.8 (範圍: 5220.6)
2025-10-05 01:59:15 | INFO | f1.console |   加速度範圍: -37.23 - 23.95 (範圍: 61.18)
2025-10-05 01:59:15 | INFO | f1.console |   圖表區域: 417 x 207
2025-10-05 01:59:15 | INFO | f1.console |   車手1數據點: 500, 車手2數據點: 500
2025-10-05 01:59:15 | INFO | f1.console | [ACCEL_DEBUG] 繪製曲線:
2025-10-05 01:59:15 | INFO | f1.console |   距離範圍: 0.3 - 5220.8 (範圍: 5220.6)
2025-10-05 01:59:15 | INFO | f1.console |   加速度範圍: -37.23 - 23.95 (範圍: 61.18)
2025-10-05 01:59:15 | INFO | f1.console |   圖表區域: 417 x 207
2025-10-05 01:59:15 | INFO | f1.console |   車手1數據點: 500, 車手2數據點: 500
2025-10-05 01:59:15 | INFO | f1.console | [SPEEDDIFF DEBUG] ========== _handle_api_success 開始 ==========
2025-10-05 01:59:15 | INFO | f1.console | [SPEEDDIFF DEBUG] 📦 data 類型: <class 'dict'>
2025-10-05 01:59:15 | INFO | f1.console | [SPEEDDIFF DEBUG] 📦 data 鍵值: ['analysis_type', 'metadata', 'results', 'file_info', 'cache_info']
2025-10-05 01:59:15 | INFO | f1.console | [SPEEDDIFF DEBUG] ✅ 數據格式驗證通過
2025-10-05 01:59:15 | INFO | f1.console | [SPEEDDIFF DEBUG] ✅ 步驟1: 數據格式驗證通過
2025-10-05 01:59:15 | INFO | f1.console | [SPEEDDIFF DEBUG] 📝 步驟2: 設置 metadata
2025-10-05 01:59:15 | INFO | f1.console | [SPEEDDIFF DEBUG] ✅ 步驟2: metadata 設置完成
2025-10-05 01:59:15 | INFO | f1.console | [SPEEDDIFF DEBUG] � 步驟3: 處理遙測數據
2025-10-05 01:59:15 | INFO | f1.console | [SPEEDDIFF DEBUG] 🔧 處理遙測數據...
2025-10-05 01:59:15 | INFO | f1.console | [SPEEDDIFF DEBUG] 差異分析原始數據鍵值: ['distance', 'speed_difference', 'max_diff', 'min_diff', 'mean_diff', 'reference']
2025-10-05 01:59:15 | INFO | f1.console | [SPEEDDIFF DEBUG] 距離數據點數: 500
2025-10-05 01:59:15 | INFO | f1.console | [SPEEDDIFF DEBUG] speed_difference數據點數: 500
2025-10-05 01:59:15 | INFO | f1.console | [SPEEDDIFF DEBUG] 構建差異分析數據結構:
2025-10-05 01:59:15 | INFO | f1.console | [SPEEDDIFF DEBUG]   distance: 500 點
2025-10-05 01:59:15 | INFO | f1.console | [SPEEDDIFF DEBUG]   speed: 500 點
2025-10-05 01:59:15 | INFO | f1.console | [SPEEDDIFF DEBUG]   cumulative_speed_difference: 500 點
2025-10-05 01:59:15 | INFO | f1.console | [SPEEDDIFF DEBUG] ✅ Speed Diff Analysis數據處理完成
2025-10-05 01:59:15 | INFO | f1.console | [SPEEDDIFF DEBUG]    距離點數: 500
2025-10-05 01:59:15 | INFO | f1.console | [SPEEDDIFF DEBUG]    差異數據點數: 500
2025-10-05 01:59:15 | INFO | f1.console | [SPEEDDIFF DEBUG] ✅ 步驟3: API 數據處理完成
2025-10-05 01:59:15 | INFO | f1.console | [SPEEDDIFF DEBUG] 📊 步驟4: 發送進度和狀態信號
2025-10-05 01:59:15 | INFO | f1.console | [SPEEDDIFF DEBUG] ✅ 步驟4: 狀態更新完成
2025-10-05 01:59:15 | INFO | f1.console | [SPEEDDIFF DEBUG] 🚀 步驟5: 即將發送 data_loaded 信號
2025-10-05 01:59:15 | INFO | f1.console | [SPEEDDIFF DEBUG] 📡 信號接收者數量: 1
2025-10-05 01:59:15 | INFO | f1.console | [speeddiff_MDI_DATA] ✅ speeddiff數據載入完成
2025-10-05 01:59:15 | INFO | f1.console | [speeddiff_MDI] 更新speeddiff圖表
2025-10-05 01:59:15 | INFO | f1.console | [speeddiff_CHART] ========== 更新速度差數據 ==========
2025-10-05 01:59:15 | INFO | f1.console | [speeddiff_CHART] 收到數據鍵: ['metadata', 'speeddiff_data', 'statistics']
2025-10-05 01:59:15 | INFO | f1.console | [speeddiff_CHART] metadata 鍵: ['drivers', 'sectors', 'year', 'race', 'session', 'telemetry_type', 'display_name', 'unit', 'analysis_timestamp', 'data_source', 'api']
2025-10-05 01:59:15 | INFO | f1.console | [speeddiff_CHART] speeddiff_data 鍵: ['speed', 'cumulative_speed_difference', 'distance', 'speeddiff', 'driver1_name', 'driver2_name', 'reference']
2025-10-05 01:59:15 | INFO | f1.console | [speeddiff_CHART] statistics 鍵: ['difference', 'distance']
2025-10-05 01:59:15 | INFO | f1.console | [speeddiff_CHART] 車手數量: 2
2025-10-05 01:59:15 | INFO | f1.console | [speeddiff_CHART] 賽道區段: 0
2025-10-05 01:59:15 | INFO | f1.console | [speeddiff_CHART] 參考信息: 
2025-10-05 01:59:15 | INFO | f1.console | [speeddiff_CHART] 距離數據點: 500
2025-10-05 01:59:15 | INFO | f1.console | [speeddiff_CHART] 速度差數據點: 500
2025-10-05 01:59:15 | INFO | f1.console | [speeddiff_CHART] 參考: VER - HAM
2025-10-05 01:59:15 | INFO | f1.console | [speeddiff_CHART] 速度差標籤: VER vs HAM
2025-10-05 01:59:15 | INFO | f1.console | [speeddiff_CHART] 🎯 使用單一速度差曲線模式
2025-10-05 01:59:15 | INFO | f1.console | [speeddiff_CHART] 📊 更新速度差圖表...
2025-10-05 01:59:15 | INFO | f1.console | [speeddiff_CHART] 動態Y軸範圍: -100.0 到 100.0
2025-10-05 01:59:15 | INFO | f1.console | [ACCEL_DEBUG] 繪製曲線:
2025-10-05 01:59:15 | INFO | f1.console |   距離範圍: 0.3 - 5220.8 (範圍: 5220.6)
2025-10-05 01:59:15 | INFO | f1.console |   加速度範圍: -37.23 - 23.95 (範圍: 61.18)
2025-10-05 01:59:15 | INFO | f1.console |   圖表區域: 417 x 207
2025-10-05 01:59:15 | INFO | f1.console |   車手1數據點: 500, 車手2數據點: 500
2025-10-05 01:59:15 | INFO | f1.console | [speeddiff_CHART] ✅ 圖表更新完成
2025-10-05 01:59:15 | INFO | f1.console | [speeddiff_CHART] 📋 更新統計表格...
2025-10-05 01:59:15 | INFO | f1.console | [speeddiff_CHART] 📊 統計表格更新 - 收到statistics: {'difference': {'max': 15.902731208252078, 'min': -24.180528791191307, 'avg': -0.037773432985621413, 'count': 500}, 'distance': {'min': 0.05528310043872231, 'max': 5393.269055626282, 'total_points': 500}}
2025-10-05 01:59:15 | INFO | f1.console | [speeddiff_CHART] driver1_stats: {}
2025-10-05 01:59:15 | INFO | f1.console | [speeddiff_CHART] driver2_stats: {}
2025-10-05 01:59:15 | INFO | f1.console | [speeddiff_CHART] comparison: {}
2025-10-05 01:59:15 | INFO | f1.console | [speeddiff_CHART] 表格數據行: [('最大速度差 (km/h)', '0.0', '0.0', '0.0'), ('平均速度差 (km/h)', '0.0', '0.0', '0.0'), ('最小速度差 (km/h)', '0.0', '0.0', '0.0')]
2025-10-05 01:59:15 | INFO | f1.console | [speeddiff CHART WIDGET] ✅ 統計表格更新完成
2025-10-05 01:59:15 | INFO | f1.console | [speeddiff_CHART] 📋 更新狀態資訊...
2025-10-05 01:59:15 | INFO | f1.console | [speeddiff_CHART] ✅ 全部更新完成
2025-10-05 01:59:15 | INFO | f1.console | [TOOLBAR_STATUS] 已更新: speeddiff分析 | 1:35.488 | 1:35.069 | HARD | HARD | VER 第99圈 vs HAM 第99圈
2025-10-05 01:59:15 | INFO | f1.console | [speeddiff_MDI] 已更新工具欄狀態: speeddiff分析
2025-10-05 01:59:15 | INFO | f1.console | [SPEEDDIFF DEBUG] ✅ 步驟5: data_loaded 信號已發送
2025-10-05 01:59:15 | INFO | f1.console | [SPEEDDIFF DEBUG] ========== _handle_api_success 完成 ==========
2025-10-05 01:59:15 | INFO | f1.console | [ACCEL DEBUG] ========== _handle_api_success 開始 ==========
2025-10-05 01:59:15 | INFO | f1.console | [ACCEL DEBUG] 📦 data 類型: <class 'dict'>
2025-10-05 01:59:15 | INFO | f1.console | [ACCEL DEBUG] 📦 data 鍵值: ['analysis_type', 'metadata', 'results', 'file_info', 'cache_info']
2025-10-05 01:59:15 | INFO | f1.console | [ACCEL DEBUG] ✅ 數據格式驗證通過
2025-10-05 01:59:15 | INFO | f1.console | [ACCEL DEBUG] ✅ 步驟1: 數據格式驗證通過
2025-10-05 01:59:15 | INFO | f1.console | [ACCEL DEBUG] 📝 步驟2: 設置 metadata
2025-10-05 01:59:15 | INFO | f1.console | [ACCEL DEBUG] ✅ 步驟2: metadata 設置完成
2025-10-05 01:59:15 | INFO | f1.console | [ACCEL DEBUG] � 步驟3: 處理遙測數據
2025-10-05 01:59:15 | INFO | f1.console | [ACCEL DEBUG] 🔧 處理遙測數據...
2025-10-05 01:59:15 | INFO | f1.console | [ACCEL DEBUG] 常規遙測原始數據鍵值: ['name', 'driver1_data', 'driver2_data', 'distance']
2025-10-05 01:59:15 | INFO | f1.console | [ACCEL DEBUG] 距離數據點數: 500
2025-10-05 01:59:15 | INFO | f1.console | [ACCEL DEBUG] 車手1數據點數: 500
2025-10-05 01:59:15 | INFO | f1.console | [ACCEL DEBUG] 車手2數據點數: 500
2025-10-05 01:59:15 | INFO | f1.console | [ACCEL DEBUG] ✅ Acceleration Analysis數據處理完成
2025-10-05 01:59:15 | INFO | f1.console | [ACCEL DEBUG]    距離點數: 500
2025-10-05 01:59:15 | INFO | f1.console | [ACCEL DEBUG]    車手1數據點數: 500
2025-10-05 01:59:15 | INFO | f1.console | [ACCEL DEBUG]    車手2數據點數: 500
2025-10-05 01:59:15 | INFO | f1.console | [ACCEL DEBUG] ✅ 步驟3: API 數據處理完成
2025-10-05 01:59:15 | INFO | f1.console | [ACCEL DEBUG] 📊 步驟4: 發送進度和狀態信號
2025-10-05 01:59:15 | INFO | f1.console | [ACCEL DEBUG] ✅ 步驟4: 狀態更新完成
2025-10-05 01:59:15 | INFO | f1.console | [ACCEL DEBUG] 🚀 步驟5: 即將發送 data_loaded 信號
2025-10-05 01:59:15 | INFO | f1.console | [ACCEL DEBUG] 📡 信號接收者數量: 1
2025-10-05 01:59:15 | INFO | f1.console | [acceleration_MDI_DATA] ✅ acceleration數據載入完成
2025-10-05 01:59:15 | INFO | f1.console | [acceleration_MDI] 更新acceleration圖表
2025-10-05 01:59:15 | INFO | f1.console | [acceleration_CHART] ========== 更新acceleration數據 ==========
2025-10-05 01:59:15 | INFO | f1.console | [acceleration_CHART] 收到數據鍵: ['metadata', 'acceleration_data', 'statistics']
2025-10-05 01:59:15 | INFO | f1.console | [acceleration_CHART] metadata 鍵: ['drivers', 'sectors', 'year', 'race', 'session', 'telemetry_type', 'display_name', 'unit', 'analysis_timestamp', 'data_source', 'api']
2025-10-05 01:59:15 | INFO | f1.console | [acceleration_CHART] acceleration_data 鍵: ['distance', 'driver1_acceleration', 'driver2_acceleration', 'driver1_name', 'driver2_name']
2025-10-05 01:59:15 | INFO | f1.console | [acceleration_CHART] statistics 鍵: ['driver1', 'driver2', 'distance']
2025-10-05 01:59:15 | INFO | f1.console | [acceleration_CHART] 車手數量: 2
2025-10-05 01:59:15 | INFO | f1.console | [acceleration_CHART] 賽道區段: 0
2025-10-05 01:59:15 | INFO | f1.console | [acceleration_CHART] 距離數據點: 500
2025-10-05 01:59:15 | INFO | f1.console | [acceleration_CHART] 車手1 acceleration數據點: 500
2025-10-05 01:59:15 | INFO | f1.console | [acceleration_CHART] 車手2 acceleration數據點: 500
2025-10-05 01:59:15 | INFO | f1.console | [acceleration_CHART] 車手名稱更新: VER vs HAM
2025-10-05 01:59:15 | INFO | f1.console | [acceleration_CHART] 🎯 使用雙車手模式顯示: VER vs HAM
2025-10-05 01:59:15 | INFO | f1.console | [acceleration_CHART] 📊 更新圖表...
2025-10-05 01:59:15 | INFO | f1.console | [ACC_CHART_SET] 接收數據: distance=500, acc1=500, acc2=500
2025-10-05 01:59:15 | INFO | f1.console | [ACC_CHART_SET] 車手: VER vs HAM
2025-10-05 01:59:15 | ERROR | f1.console | [ERROR] [acceleration CHART WIDGET] 更新數據失敗: must be real number, not NoneType
2025-10-05 01:59:15 | INFO | f1.console | [TOOLBAR_STATUS] 已更新: acceleration分析 | 1:35.488 | 1:35.069 | HARD | HARD | VER 第99圈 vs HAM 第99圈
2025-10-05 01:59:15 | INFO | f1.console | [acceleration_MDI] 已更新工具欄狀態: acceleration分析
2025-10-05 01:59:15 | INFO | f1.console | [ACCEL DEBUG] ✅ 步驟5: data_loaded 信號已發送
2025-10-05 01:59:15 | INFO | f1.console | [ACCEL DEBUG] ========== _handle_api_success 完成 ==========
2025-10-05 01:59:15 | INFO | f1.console | [ACCEL_DEBUG] 繪製曲線:
2025-10-05 01:59:15 | INFO | f1.console |   距離範圍: 0.1 - 5393.3 (範圍: 5393.2)
2025-10-05 01:59:15 | INFO | f1.console |   加速度範圍: -37.23 - 23.95 (範圍: 61.18)
2025-10-05 01:59:15 | INFO | f1.console |   圖表區域: 417 x 207
2025-10-05 01:59:15 | INFO | f1.console |   車手1數據點: 500, 車手2數據點: 500
2025-10-05 01:59:15 | INFO | f1.console | [DISTDIFF DEBUG] ========== _handle_api_success 開始 ==========
2025-10-05 01:59:15 | INFO | f1.console | [DISTDIFF DEBUG] 📦 data 類型: <class 'dict'>
2025-10-05 01:59:15 | INFO | f1.console | [DISTDIFF DEBUG] 📦 data 鍵值: ['analysis_type', 'metadata', 'results', 'file_info', 'cache_info']
2025-10-05 01:59:15 | INFO | f1.console | [DISTDIFF DEBUG] ✅ 數據格式驗證通過
2025-10-05 01:59:15 | INFO | f1.console | [DISTDIFF DEBUG] ✅ 步驟1: 數據格式驗證通過
2025-10-05 01:59:15 | INFO | f1.console | [DISTDIFF DEBUG] 📝 步驟2: 設置 metadata
2025-10-05 01:59:15 | INFO | f1.console | [DISTDIFF DEBUG] ✅ 步驟2: metadata 設置完成
2025-10-05 01:59:15 | INFO | f1.console | [DISTDIFF DEBUG] � 步驟3: 處理遙測數據
2025-10-05 01:59:15 | INFO | f1.console | [DISTDIFF DEBUG] 🔧 處理遙測數據...
2025-10-05 01:59:15 | INFO | f1.console | [DISTDIFF DEBUG] 差異分析原始數據鍵值: ['reference_distance', 'position_difference', 'cumulative_distance_difference', 'position_diff_stats', 'cumulative_diff_stats', 'reference']
2025-10-05 01:59:15 | INFO | f1.console | [DISTDIFF DEBUG] 距離數據點數: 0
2025-10-05 01:59:15 | INFO | f1.console | [DISTDIFF DEBUG] distance_difference數據點數: 0
2025-10-05 01:59:15 | INFO | f1.console | [DISTDIFF DEBUG] 構建差異分析數據結構:
2025-10-05 01:59:15 | INFO | f1.console | [DISTDIFF DEBUG]   distance: 500 點
2025-10-05 01:59:15 | INFO | f1.console | [DISTDIFF DEBUG]   cumulative_distance_difference: 500 點
2025-10-05 01:59:15 | INFO | f1.console | [DISTDIFF DEBUG] ✅ Distance Diff Analysis數據處理完成
2025-10-05 01:59:15 | INFO | f1.console | [DISTDIFF DEBUG]    距離點數: 0
2025-10-05 01:59:15 | INFO | f1.console | [DISTDIFF DEBUG]    差異數據點數: 0
2025-10-05 01:59:15 | INFO | f1.console | [DISTDIFF DEBUG] ✅ 步驟3: API 數據處理完成
2025-10-05 01:59:15 | INFO | f1.console | [DISTDIFF DEBUG] 📊 步驟4: 發送進度和狀態信號
2025-10-05 01:59:15 | INFO | f1.console | [DISTDIFF DEBUG] ✅ 步驟4: 狀態更新完成
2025-10-05 01:59:15 | INFO | f1.console | [DISTDIFF DEBUG] 🚀 步驟5: 即將發送 data_loaded 信號
2025-10-05 01:59:15 | INFO | f1.console | [DISTDIFF DEBUG] 📡 信號接收者數量: 1
2025-10-05 01:59:15 | INFO | f1.console | [distancediff_MDI_DATA] ✅ distancediff數據載入完成
2025-10-05 01:59:15 | INFO | f1.console | [distancediff_MDI] 更新distancediff圖表
2025-10-05 01:59:15 | INFO | f1.console | [distancediff_CHART] ========== 更新距離差數據 ==========
2025-10-05 01:59:15 | INFO | f1.console | [distancediff_CHART] 收到數據鍵: ['metadata', 'distancediff_data', 'statistics']
2025-10-05 01:59:15 | INFO | f1.console | [distancediff_CHART] metadata 鍵: ['drivers', 'sectors', 'year', 'race', 'session', 'telemetry_type', 'display_name', 'unit', 'analysis_timestamp', 'data_source', 'api']
2025-10-05 01:59:15 | INFO | f1.console | [distancediff_CHART] distancediff_data 鍵: ['distance', 'cumulative_distance_difference', 'reference_distance', 'position_difference', 'driver1_name', 'driver2_name', 'reference']
2025-10-05 01:59:15 | INFO | f1.console | [distancediff_CHART] statistics 鍵: ['difference', 'distance']
2025-10-05 01:59:15 | INFO | f1.console | [distancediff_CHART] 車手數量: 2
2025-10-05 01:59:15 | INFO | f1.console | [distancediff_CHART] 賽道區段: 0
2025-10-05 01:59:15 | INFO | f1.console | [distancediff_CHART] 參考信息: 
2025-10-05 01:59:15 | INFO | f1.console | [distancediff_CHART] 距離數據點: 500
2025-10-05 01:59:15 | INFO | f1.console | [distancediff_CHART] 累積距離差數據點: 500
2025-10-05 01:59:15 | INFO | f1.console | [distancediff_CHART] 參考: VER - HAM
2025-10-05 01:59:15 | INFO | f1.console | [distancediff_CHART] 距離差標籤: VER vs HAM
2025-10-05 01:59:15 | INFO | f1.console | [distancediff_CHART] 🎯 使用單一累積距離差曲線模式
2025-10-05 01:59:15 | INFO | f1.console | [distancediff_CHART] 📊 更新距離差圖表...
2025-10-05 01:59:15 | INFO | f1.console | [distancediff_CHART] 動態Y軸範圍: -100.0 到 100.0
2025-10-05 01:59:15 | INFO | f1.console | [ACCEL_DEBUG] 繪製曲線:
2025-10-05 01:59:15 | INFO | f1.console |   距離範圍: 0.1 - 5393.3 (範圍: 5393.2)
2025-10-05 01:59:15 | INFO | f1.console |   加速度範圍: -37.23 - 23.95 (範圍: 61.18)
2025-10-05 01:59:15 | INFO | f1.console |   圖表區域: 417 x 207
2025-10-05 01:59:15 | INFO | f1.console |   車手1數據點: 500, 車手2數據點: 500
2025-10-05 01:59:15 | INFO | f1.console | [distancediff_CHART] ✅ 圖表更新完成
2025-10-05 01:59:15 | INFO | f1.console | [distancediff_CHART] 📋 更新統計表格...
2025-10-05 01:59:15 | INFO | f1.console | [distancediff_CHART] 📊 統計表格更新 - 收到statistics: {'difference': {'max': 0, 'min': 0, 'avg': 0, 'count': 0}, 'distance': {'min': 0, 'max': 0, 'total_points': 0}}
2025-10-05 01:59:15 | INFO | f1.console | [distancediff_CHART] driver1_stats: {}
2025-10-05 01:59:15 | INFO | f1.console | [distancediff_CHART] driver2_stats: {}
2025-10-05 01:59:15 | INFO | f1.console | [distancediff_CHART] comparison: {}
2025-10-05 01:59:15 | INFO | f1.console | [distancediff_CHART] 表格數據行: [('最大距離差 (m)', '0.0', '0.0', '0.0'), ('平均距離差 (m)', '0.0', '0.0', '0.0'), ('最小距離差 (m)', '0.0', '0.0', '0.0')]
2025-10-05 01:59:15 | INFO | f1.console | [distancediff CHART WIDGET] ✅ 統計表格更新完成
2025-10-05 01:59:15 | INFO | f1.console | [distancediff_CHART] 📋 更新狀態資訊...
2025-10-05 01:59:15 | INFO | f1.console | [distancediff_CHART] ✅ 全部更新完成
2025-10-05 01:59:15 | INFO | f1.console | [TOOLBAR_STATUS] 已更新: distancediff分析 | 1:35.488 | 1:35.069 | HARD | HARD | VER 第99圈 vs HAM 第99圈
2025-10-05 01:59:15 | INFO | f1.console | [distancediff_MDI] 已更新工具欄狀態: distancediff分析
2025-10-05 01:59:15 | INFO | f1.console | [DISTDIFF DEBUG] ✅ 步驟5: data_loaded 信號已發送
2025-10-05 01:59:15 | INFO | f1.console | [DISTDIFF DEBUG] ========== _handle_api_success 完成 ==========
2025-10-05 01:59:15 | INFO | f1.console | [THROTTLE DEBUG] ========== _handle_api_success 開始 ==========
2025-10-05 01:59:15 | INFO | f1.console | [THROTTLE DEBUG] 📦 data 類型: <class 'dict'>
2025-10-05 01:59:15 | INFO | f1.console | [THROTTLE DEBUG] 📦 data 鍵值: ['analysis_type', 'metadata', 'results', 'file_info', 'cache_info']
2025-10-05 01:59:15 | INFO | f1.console | [THROTTLE DEBUG] ✅ 數據格式驗證通過
2025-10-05 01:59:15 | INFO | f1.console | [THROTTLE DEBUG] ✅ 步驟1: 數據格式驗證通過
2025-10-05 01:59:15 | INFO | f1.console | [THROTTLE DEBUG] 📝 步驟2: 設置 metadata
2025-10-05 01:59:15 | INFO | f1.console | [THROTTLE DEBUG] ✅ 步驟2: metadata 設置完成
2025-10-05 01:59:15 | INFO | f1.console | [THROTTLE DEBUG] � 步驟3: 處理遙測數據
2025-10-05 01:59:15 | INFO | f1.console | [THROTTLE DEBUG] 🔧 處理遙測數據...
2025-10-05 01:59:15 | INFO | f1.console | [THROTTLE DEBUG] 常規遙測原始數據鍵值: ['name', 'driver1_data', 'driver2_data', 'distance']
2025-10-05 01:59:15 | INFO | f1.console | [THROTTLE DEBUG] 距離數據點數: 500
2025-10-05 01:59:15 | INFO | f1.console | [THROTTLE DEBUG] 車手1數據點數: 500
2025-10-05 01:59:15 | INFO | f1.console | [THROTTLE DEBUG] 車手2數據點數: 500
2025-10-05 01:59:15 | INFO | f1.console | [THROTTLE DEBUG] ✅ Throttle Analysis數據處理完成
2025-10-05 01:59:15 | INFO | f1.console | [THROTTLE DEBUG]    距離點數: 500
2025-10-05 01:59:15 | INFO | f1.console | [THROTTLE DEBUG]    車手1數據點數: 500
2025-10-05 01:59:15 | INFO | f1.console | [THROTTLE DEBUG]    車手2數據點數: 500
2025-10-05 01:59:15 | INFO | f1.console | [THROTTLE DEBUG] ✅ 步驟3: API 數據處理完成
2025-10-05 01:59:15 | INFO | f1.console | [THROTTLE DEBUG] 📊 步驟4: 發送進度和狀態信號
2025-10-05 01:59:15 | INFO | f1.console | [THROTTLE DEBUG] ✅ 步驟4: 狀態更新完成
2025-10-05 01:59:15 | INFO | f1.console | [THROTTLE DEBUG] 🚀 步驟5: 即將發送 data_loaded 信號
2025-10-05 01:59:15 | INFO | f1.console | [THROTTLE DEBUG] 📡 信號接收者數量: 1
2025-10-05 01:59:15 | INFO | f1.console | [THROTTLE_MDI] 數據載入完成
2025-10-05 01:59:15 | INFO | f1.console | [THROTTLE_MDI] 更新油門圖表
2025-10-05 01:59:15 | INFO | f1.console | [THROTTLE_CHART] 🎯 使用雙車手模式顯示: VER vs HAM
2025-10-05 01:59:15 | INFO | f1.console | [LAP_SET] 圈數已設置: 第99圈 vs 第99圈
2025-10-05 01:59:15 | INFO | f1.console | [TOOLBAR_STATUS] 已更新: 油門分析 | 1:35.488 | 1:35.069 | HARD | HARD | VER 第99圈 vs HAM 第99圈
2025-10-05 01:59:15 | INFO | f1.console | [THROTTLE_MDI] 已更新工具欄狀態: 油門分析
2025-10-05 01:59:15 | INFO | f1.console | [THROTTLE DEBUG] ✅ 步驟5: data_loaded 信號已發送
2025-10-05 01:59:15 | INFO | f1.console | [THROTTLE DEBUG] ========== _handle_api_success 完成 ==========
2025-10-05 01:59:15 | INFO | f1.console | [ACCEL_DEBUG] 繪製曲線:
2025-10-05 01:59:15 | INFO | f1.console |   距離範圍: 0.1 - 5393.3 (範圍: 5393.2)
2025-10-05 01:59:15 | INFO | f1.console |   加速度範圍: -37.23 - 23.95 (範圍: 61.18)
2025-10-05 01:59:15 | INFO | f1.console |   圖表區域: 417 x 207
2025-10-05 01:59:15 | INFO | f1.console |   車手1數據點: 500, 車手2數據點: 500
2025-10-05 01:59:15 | INFO | f1.console | [ACCEL_DEBUG] 繪製曲線:
2025-10-05 01:59:15 | INFO | f1.console |   距離範圍: 0.1 - 5393.3 (範圍: 5393.2)
2025-10-05 01:59:15 | INFO | f1.console |   加速度範圍: -37.23 - 23.95 (範圍: 61.18)
2025-10-05 01:59:15 | INFO | f1.console |   圖表區域: 417 x 207
2025-10-05 01:59:15 | INFO | f1.console |   車手1數據點: 500, 車手2數據點: 500
2025-10-05 01:59:15 | INFO | f1.console | [ACCEL_DEBUG] 繪製曲線:
2025-10-05 01:59:15 | INFO | f1.console |   距離範圍: 0.1 - 5393.3 (範圍: 5393.2)
2025-10-05 01:59:15 | INFO | f1.console |   加速度範圍: -37.23 - 23.95 (範圍: 61.18)
2025-10-05 01:59:15 | INFO | f1.console |   圖表區域: 417 x 207
2025-10-05 01:59:15 | INFO | f1.console |   車手1數據點: 500, 車手2數據點: 500
2025-10-05 01:59:15 | INFO | f1.console | [ACCEL_DEBUG] 繪製曲線:
2025-10-05 01:59:15 | INFO | f1.console |   距離範圍: 0.1 - 5393.3 (範圍: 5393.2)
2025-10-05 01:59:15 | INFO | f1.console |   加速度範圍: -37.23 - 23.95 (範圍: 61.18)
2025-10-05 01:59:15 | INFO | f1.console |   圖表區域: 417 x 207
2025-10-05 01:59:15 | INFO | f1.console |   車手1數據點: 500, 車手2數據點: 500
2025-10-05 01:59:15 | INFO | f1.console | [ACCEL_DEBUG] 繪製曲線:
2025-10-05 01:59:15 | INFO | f1.console |   距離範圍: 0.1 - 5393.3 (範圍: 5393.2)
2025-10-05 01:59:15 | INFO | f1.console |   加速度範圍: -37.23 - 23.95 (範圍: 61.18)
2025-10-05 01:59:15 | INFO | f1.console |   圖表區域: 417 x 207
2025-10-05 01:59:15 | INFO | f1.console |   車手1數據點: 500, 車手2數據點: 500
2025-10-05 01:59:15 | INFO | f1.console | [ACCEL_DEBUG] 繪製曲線:
2025-10-05 01:59:15 | INFO | f1.console |   距離範圍: 0.1 - 5393.3 (範圍: 5393.2)
2025-10-05 01:59:15 | INFO | f1.console |   加速度範圍: -37.23 - 23.95 (範圍: 61.18)
2025-10-05 01:59:15 | INFO | f1.console |   圖表區域: 417 x 207
2025-10-05 01:59:15 | INFO | f1.console |   車手1數據點: 500, 車手2數據點: 500
2025-10-05 01:59:15 | INFO | f1.console | [ACCEL_DEBUG] 繪製曲線:
2025-10-05 01:59:15 | INFO | f1.console |   距離範圍: 0.1 - 5393.3 (範圍: 5393.2)
2025-10-05 01:59:15 | INFO | f1.console |   加速度範圍: -37.23 - 23.95 (範圍: 61.18)
2025-10-05 01:59:15 | INFO | f1.console |   圖表區域: 417 x 207
2025-10-05 01:59:15 | INFO | f1.console |   車手1數據點: 500, 車手2數據點: 500
2025-10-05 01:59:15 | INFO | f1.console | [ACCEL_DEBUG] 繪製曲線:
2025-10-05 01:59:15 | INFO | f1.console |   距離範圍: 0.1 - 5393.3 (範圍: 5393.2)
2025-10-05 01:59:15 | INFO | f1.console |   加速度範圍: -37.23 - 23.95 (範圍: 61.18)
2025-10-05 01:59:15 | INFO | f1.console |   圖表區域: 417 x 207
2025-10-05 01:59:15 | INFO | f1.console |   車手1數據點: 500, 車手2數據點: 500
2025-10-05 01:59:15 | INFO | f1.console | [ACCEL_DEBUG] 繪製曲線:
2025-10-05 01:59:15 | INFO | f1.console |   距離範圍: 0.1 - 5393.3 (範圍: 5393.2)
2025-10-05 01:59:15 | INFO | f1.console |   加速度範圍: -37.23 - 23.95 (範圍: 61.18)
2025-10-05 01:59:15 | INFO | f1.console |   圖表區域: 417 x 207
2025-10-05 01:59:15 | INFO | f1.console |   車手1數據點: 500, 車手2數據點: 500
2025-10-05 01:59:15 | INFO | f1.console | [ACCEL_DEBUG] 繪製曲線:
2025-10-05 01:59:15 | INFO | f1.console |   距離範圍: 0.1 - 5393.3 (範圍: 5393.2)
2025-10-05 01:59:15 | INFO | f1.console |   加速度範圍: -37.23 - 23.95 (範圍: 61.18)
2025-10-05 01:59:15 | INFO | f1.console |   圖表區域: 417 x 207
2025-10-05 01:59:15 | INFO | f1.console |   車手1數據點: 500, 車手2數據點: 500
2025-10-05 01:59:15 | INFO | f1.console | [ACCEL_DEBUG] 繪製曲線:
2025-10-05 01:59:15 | INFO | f1.console |   距離範圍: 0.1 - 5393.3 (範圍: 5393.2)
2025-10-05 01:59:15 | INFO | f1.console |   加速度範圍: -37.23 - 23.95 (範圍: 61.18)
2025-10-05 01:59:15 | INFO | f1.console |   圖表區域: 417 x 207
2025-10-05 01:59:15 | INFO | f1.console |   車手1數據點: 500, 車手2數據點: 500
2025-10-05 01:59:15 | INFO | f1.console | [ACCEL_DEBUG] 繪製曲線:
2025-10-05 01:59:15 | INFO | f1.console |   距離範圍: 0.1 - 5393.3 (範圍: 5393.2)
2025-10-05 01:59:15 | INFO | f1.console |   加速度範圍: -37.23 - 23.95 (範圍: 61.18)
2025-10-05 01:59:15 | INFO | f1.console |   圖表區域: 417 x 207
2025-10-05 01:59:15 | INFO | f1.console |   車手1數據點: 500, 車手2數據點: 500
2025-10-05 01:59:15 | INFO | f1.console | [ACCEL_DEBUG] 繪製曲線:
2025-10-05 01:59:15 | INFO | f1.console |   距離範圍: 0.1 - 5393.3 (範圍: 5393.2)
2025-10-05 01:59:15 | INFO | f1.console |   加速度範圍: -37.23 - 23.95 (範圍: 61.18)
2025-10-05 01:59:15 | INFO | f1.console |   圖表區域: 417 x 207
2025-10-05 01:59:15 | INFO | f1.console |   車手1數據點: 500, 車手2數據點: 500
2025-10-05 01:59:15 | INFO | f1.console | [ACCEL_DEBUG] 繪製曲線:
2025-10-05 01:59:15 | INFO | f1.console |   距離範圍: 0.1 - 5393.3 (範圍: 5393.2)
2025-10-05 01:59:15 | INFO | f1.console |   加速度範圍: -37.23 - 23.95 (範圍: 61.18)
2025-10-05 01:59:15 | INFO | f1.console |   圖表區域: 417 x 207
2025-10-05 01:59:15 | INFO | f1.console |   車手1數據點: 500, 車手2數據點: 500
2025-10-05 01:59:15 | INFO | f1.console | [ACCEL_DEBUG] 繪製曲線:
2025-10-05 01:59:15 | INFO | f1.console |   距離範圍: 0.1 - 5393.3 (範圍: 5393.2)
2025-10-05 01:59:15 | INFO | f1.console |   加速度範圍: -37.23 - 23.95 (範圍: 61.18)
2025-10-05 01:59:15 | INFO | f1.console |   圖表區域: 417 x 207
2025-10-05 01:59:15 | INFO | f1.console |   車手1數據點: 500, 車手2數據點: 500
2025-10-05 01:59:15 | INFO | f1.console | [ACCEL_DEBUG] 繪製曲線:
2025-10-05 01:59:15 | INFO | f1.console |   距離範圍: 0.1 - 5393.3 (範圍: 5393.2)
2025-10-05 01:59:15 | INFO | f1.console |   加速度範圍: -37.23 - 23.95 (範圍: 61.18)
2025-10-05 01:59:15 | INFO | f1.console |   圖表區域: 417 x 207
2025-10-05 01:59:15 | INFO | f1.console |   車手1數據點: 500, 車手2數據點: 500
2025-10-05 01:59:15 | INFO | f1.console | [ACCEL_DEBUG] 繪製曲線:
2025-10-05 01:59:15 | INFO | f1.console |   距離範圍: 0.1 - 5393.3 (範圍: 5393.2)
2025-10-05 01:59:15 | INFO | f1.console |   加速度範圍: -37.23 - 23.95 (範圍: 61.18)
2025-10-05 01:59:15 | INFO | f1.console |   圖表區域: 417 x 207
2025-10-05 01:59:15 | INFO | f1.console |   車手1數據點: 500, 車手2數據點: 500
2025-10-05 01:59:15 | INFO | f1.console | [ACCEL_DEBUG] 繪製曲線:
2025-10-05 01:59:15 | INFO | f1.console |   距離範圍: 0.1 - 5393.3 (範圍: 5393.2)
2025-10-05 01:59:15 | INFO | f1.console |   加速度範圍: -37.23 - 23.95 (範圍: 61.18)
2025-10-05 01:59:15 | INFO | f1.console |   圖表區域: 417 x 207
2025-10-05 01:59:15 | INFO | f1.console |   車手1數據點: 500, 車手2數據點: 500
2025-10-05 01:59:16 | INFO | f1.console | [ACCEL_DEBUG] 繪製曲線:
2025-10-05 01:59:16 | INFO | f1.console |   距離範圍: 0.1 - 5393.3 (範圍: 5393.2)
2025-10-05 01:59:16 | INFO | f1.console |   加速度範圍: -37.23 - 23.95 (範圍: 61.18)
2025-10-05 01:59:16 | INFO | f1.console |   圖表區域: 417 x 207
2025-10-05 01:59:16 | INFO | f1.console |   車手1數據點: 500, 車手2數據點: 500
2025-10-05 01:59:16 | INFO | f1.console | [ACCEL_DEBUG] 繪製曲線:
2025-10-05 01:59:16 | INFO | f1.console |   距離範圍: 0.1 - 5393.3 (範圍: 5393.2)
2025-10-05 01:59:16 | INFO | f1.console |   加速度範圍: -37.23 - 23.95 (範圍: 61.18)
2025-10-05 01:59:16 | INFO | f1.console |   圖表區域: 417 x 207
2025-10-05 01:59:16 | INFO | f1.console |   車手1數據點: 500, 車手2數據點: 500
2025-10-05 01:59:16 | INFO | f1.console | [ACCEL_DEBUG] 繪製曲線:
2025-10-05 01:59:16 | INFO | f1.console |   距離範圍: 0.1 - 5393.3 (範圍: 5393.2)
2025-10-05 01:59:16 | INFO | f1.console |   加速度範圍: -37.23 - 23.95 (範圍: 61.18)
2025-10-05 01:59:16 | INFO | f1.console |   圖表區域: 417 x 207
2025-10-05 01:59:16 | INFO | f1.console |   車手1數據點: 500, 車手2數據點: 500
2025-10-05 01:59:16 | INFO | f1.console | [ACCEL_DEBUG] 繪製曲線:
2025-10-05 01:59:16 | INFO | f1.console |   距離範圍: 0.1 - 5393.3 (範圍: 5393.2)
2025-10-05 01:59:16 | INFO | f1.console |   加速度範圍: -37.23 - 23.95 (範圍: 61.18)
2025-10-05 01:59:16 | INFO | f1.console |   圖表區域: 417 x 207
2025-10-05 01:59:16 | INFO | f1.console |   車手1數據點: 500, 車手2數據點: 500
2025-10-05 01:59:16 | INFO | f1.console | [ACCEL_DEBUG] 繪製曲線:
2025-10-05 01:59:16 | INFO | f1.console |   距離範圍: 0.1 - 5393.3 (範圍: 5393.2)
2025-10-05 01:59:16 | INFO | f1.console |   加速度範圍: -37.23 - 23.95 (範圍: 61.18)
2025-10-05 01:59:16 | INFO | f1.console |   圖表區域: 417 x 207
2025-10-05 01:59:16 | INFO | f1.console |   車手1數據點: 500, 車手2數據點: 500
2025-10-05 01:59:16 | INFO | f1.console | [ACCEL_DEBUG] 繪製曲線:
2025-10-05 01:59:16 | INFO | f1.console |   距離範圍: 0.1 - 5393.3 (範圍: 5393.2)
2025-10-05 01:59:16 | INFO | f1.console |   加速度範圍: -37.23 - 23.95 (範圍: 61.18)
2025-10-05 01:59:16 | INFO | f1.console |   圖表區域: 417 x 207
2025-10-05 01:59:16 | INFO | f1.console |   車手1數據點: 500, 車手2數據點: 500
2025-10-05 01:59:16 | INFO | f1.console | [ACCEL_DEBUG] 繪製曲線:
2025-10-05 01:59:16 | INFO | f1.console |   距離範圍: 0.1 - 5393.3 (範圍: 5393.2)
2025-10-05 01:59:16 | INFO | f1.console |   加速度範圍: -37.23 - 23.95 (範圍: 61.18)
2025-10-05 01:59:16 | INFO | f1.console |   圖表區域: 417 x 207
2025-10-05 01:59:16 | INFO | f1.console |   車手1數據點: 500, 車手2數據點: 500
2025-10-05 01:59:16 | INFO | f1.console | [ACCEL_DEBUG] 繪製曲線:
2025-10-05 01:59:16 | INFO | f1.console |   距離範圍: 0.1 - 5393.3 (範圍: 5393.2)
2025-10-05 01:59:16 | INFO | f1.console |   加速度範圍: -37.23 - 23.95 (範圍: 61.18)
2025-10-05 01:59:16 | INFO | f1.console |   圖表區域: 417 x 207
2025-10-05 01:59:16 | INFO | f1.console |   車手1數據點: 500, 車手2數據點: 500
2025-10-05 01:59:16 | INFO | f1.console | [ACCEL_DEBUG] 繪製曲線:
2025-10-05 01:59:16 | INFO | f1.console |   距離範圍: 0.1 - 5393.3 (範圍: 5393.2)
2025-10-05 01:59:16 | INFO | f1.console |   加速度範圍: -37.23 - 23.95 (範圍: 61.18)
2025-10-05 01:59:16 | INFO | f1.console |   圖表區域: 417 x 207
2025-10-05 01:59:16 | INFO | f1.console |   車手1數據點: 500, 車手2數據點: 500
2025-10-05 01:59:16 | INFO | f1.console | [ACCEL_DEBUG] 繪製曲線:
2025-10-05 01:59:16 | INFO | f1.console |   距離範圍: 0.1 - 5393.3 (範圍: 5393.2)
2025-10-05 01:59:16 | INFO | f1.console |   加速度範圍: -37.23 - 23.95 (範圍: 61.18)
2025-10-05 01:59:16 | INFO | f1.console |   圖表區域: 417 x 207
2025-10-05 01:59:16 | INFO | f1.console |   車手1數據點: 500, 車手2數據點: 500
2025-10-05 01:59:16 | INFO | f1.console | [ACCEL_DEBUG] 繪製曲線:
2025-10-05 01:59:16 | INFO | f1.console |   距離範圍: 0.1 - 5393.3 (範圍: 5393.2)
2025-10-05 01:59:16 | INFO | f1.console |   加速度範圍: -37.23 - 23.95 (範圍: 61.18)
2025-10-05 01:59:16 | INFO | f1.console |   圖表區域: 417 x 207
2025-10-05 01:59:16 | INFO | f1.console |   車手1數據點: 500, 車手2數據點: 500
2025-10-05 01:59:16 | INFO | f1.console | [ACCEL_DEBUG] 繪製曲線:
2025-10-05 01:59:16 | INFO | f1.console |   距離範圍: 0.1 - 5393.3 (範圍: 5393.2)
2025-10-05 01:59:16 | INFO | f1.console |   加速度範圍: -37.23 - 23.95 (範圍: 61.18)
2025-10-05 01:59:16 | INFO | f1.console |   圖表區域: 417 x 207
2025-10-05 01:59:16 | INFO | f1.console |   車手1數據點: 500, 車手2數據點: 500
2025-10-05 01:59:16 | INFO | f1.console | [ACCEL_DEBUG] 繪製曲線:
2025-10-05 01:59:16 | INFO | f1.console |   距離範圍: 0.1 - 5393.3 (範圍: 5393.2)
2025-10-05 01:59:16 | INFO | f1.console |   加速度範圍: -37.23 - 23.95 (範圍: 61.18)
2025-10-05 01:59:16 | INFO | f1.console |   圖表區域: 417 x 207
2025-10-05 01:59:16 | INFO | f1.console |   車手1數據點: 500, 車手2數據點: 500
2025-10-05 01:59:16 | INFO | f1.console | [ACCEL_DEBUG] 繪製曲線:
2025-10-05 01:59:16 | INFO | f1.console |   距離範圍: 0.1 - 5393.3 (範圍: 5393.2)
2025-10-05 01:59:16 | INFO | f1.console |   加速度範圍: -37.23 - 23.95 (範圍: 61.18)
2025-10-05 01:59:16 | INFO | f1.console |   圖表區域: 417 x 207
2025-10-05 01:59:16 | INFO | f1.console |   車手1數據點: 500, 車手2數據點: 500
2025-10-05 01:59:16 | INFO | f1.console | [ACCEL_DEBUG] 繪製曲線:
2025-10-05 01:59:16 | INFO | f1.console |   距離範圍: 0.1 - 5393.3 (範圍: 5393.2)
2025-10-05 01:59:16 | INFO | f1.console |   加速度範圍: -37.23 - 23.95 (範圍: 61.18)
2025-10-05 01:59:16 | INFO | f1.console |   圖表區域: 417 x 207
2025-10-05 01:59:16 | INFO | f1.console |   車手1數據點: 500, 車手2數據點: 500
2025-10-05 01:59:16 | INFO | f1.console | [ACCEL_DEBUG] 繪製曲線:
2025-10-05 01:59:16 | INFO | f1.console |   距離範圍: 0.1 - 5393.3 (範圍: 5393.2)
2025-10-05 01:59:16 | INFO | f1.console |   加速度範圍: -37.23 - 23.95 (範圍: 61.18)
2025-10-05 01:59:16 | INFO | f1.console |   圖表區域: 417 x 207
2025-10-05 01:59:16 | INFO | f1.console |   車手1數據點: 500, 車手2數據點: 500
2025-10-05 01:59:16 | INFO | f1.console | [ACCEL_DEBUG] 繪製曲線:
2025-10-05 01:59:16 | INFO | f1.console |   距離範圍: 0.1 - 5393.3 (範圍: 5393.2)
2025-10-05 01:59:16 | INFO | f1.console |   加速度範圍: -37.23 - 23.95 (範圍: 61.18)
2025-10-05 01:59:16 | INFO | f1.console |   圖表區域: 417 x 207
2025-10-05 01:59:16 | INFO | f1.console |   車手1數據點: 500, 車手2數據點: 500
2025-10-05 01:59:16 | INFO | f1.console | [ACCEL_DEBUG] 繪製曲線:
2025-10-05 01:59:16 | INFO | f1.console |   距離範圍: 0.1 - 5393.3 (範圍: 5393.2)
2025-10-05 01:59:16 | INFO | f1.console |   加速度範圍: -37.23 - 23.95 (範圍: 61.18)
2025-10-05 01:59:16 | INFO | f1.console |   圖表區域: 417 x 207
2025-10-05 01:59:16 | INFO | f1.console |   車手1數據點: 500, 車手2數據點: 500
2025-10-05 01:59:16 | INFO | f1.console | [ACCEL_DEBUG] 繪製曲線:
2025-10-05 01:59:16 | INFO | f1.console |   距離範圍: 0.1 - 5393.3 (範圍: 5393.2)
2025-10-05 01:59:16 | INFO | f1.console |   加速度範圍: -37.23 - 23.95 (範圍: 61.18)
2025-10-05 01:59:16 | INFO | f1.console |   圖表區域: 417 x 207
2025-10-05 01:59:16 | INFO | f1.console |   車手1數據點: 500, 車手2數據點: 500
2025-10-05 01:59:16 | INFO | f1.console | [ACCEL_DEBUG] 繪製曲線:
2025-10-05 01:59:16 | INFO | f1.console |   距離範圍: 0.1 - 5393.3 (範圍: 5393.2)
2025-10-05 01:59:16 | INFO | f1.console |   加速度範圍: -37.23 - 23.95 (範圍: 61.18)
2025-10-05 01:59:16 | INFO | f1.console |   圖表區域: 417 x 207
2025-10-05 01:59:16 | INFO | f1.console |   車手1數據點: 500, 車手2數據點: 500
2025-10-05 01:59:16 | INFO | f1.console | [ACCEL_DEBUG] 繪製曲線:
2025-10-05 01:59:16 | INFO | f1.console |   距離範圍: 0.1 - 5393.3 (範圍: 5393.2)
2025-10-05 01:59:16 | INFO | f1.console |   加速度範圍: -37.23 - 23.95 (範圍: 61.18)
2025-10-05 01:59:16 | INFO | f1.console |   圖表區域: 417 x 207
2025-10-05 01:59:16 | INFO | f1.console |   車手1數據點: 500, 車手2數據點: 500
2025-10-05 01:59:16 | INFO | f1.console | [ACCEL_DEBUG] 繪製曲線:
2025-10-05 01:59:16 | INFO | f1.console |   距離範圍: 0.1 - 5393.3 (範圍: 5393.2)
2025-10-05 01:59:16 | INFO | f1.console |   加速度範圍: -37.23 - 23.95 (範圍: 61.18)
2025-10-05 01:59:16 | INFO | f1.console |   圖表區域: 417 x 207
2025-10-05 01:59:16 | INFO | f1.console |   車手1數據點: 500, 車手2數據點: 500
2025-10-05 01:59:16 | INFO | f1.console | [ACCEL_DEBUG] 繪製曲線:
2025-10-05 01:59:16 | INFO | f1.console |   距離範圍: 0.1 - 5393.3 (範圍: 5393.2)
2025-10-05 01:59:16 | INFO | f1.console |   加速度範圍: -37.23 - 23.95 (範圍: 61.18)
2025-10-05 01:59:16 | INFO | f1.console |   圖表區域: 417 x 207
2025-10-05 01:59:16 | INFO | f1.console |   車手1數據點: 500, 車手2數據點: 500
2025-10-05 01:59:16 | INFO | f1.console | [ACCEL_DEBUG] 繪製曲線:
2025-10-05 01:59:16 | INFO | f1.console |   距離範圍: 0.1 - 5393.3 (範圍: 5393.2)
2025-10-05 01:59:16 | INFO | f1.console |   加速度範圍: -37.23 - 23.95 (範圍: 61.18)
2025-10-05 01:59:16 | INFO | f1.console |   圖表區域: 417 x 207
2025-10-05 01:59:16 | INFO | f1.console |   車手1數據點: 500, 車手2數據點: 500
2025-10-05 01:59:16 | INFO | f1.console | [ACCEL_DEBUG] 繪製曲線:
2025-10-05 01:59:16 | INFO | f1.console |   距離範圍: 0.1 - 5393.3 (範圍: 5393.2)
2025-10-05 01:59:16 | INFO | f1.console |   加速度範圍: -37.23 - 23.95 (範圍: 61.18)
2025-10-05 01:59:16 | INFO | f1.console |   圖表區域: 417 x 207
2025-10-05 01:59:16 | INFO | f1.console |   車手1數據點: 500, 車手2數據點: 500
2025-10-05 01:59:16 | INFO | f1.console | [ACCEL_DEBUG] 繪製曲線:
2025-10-05 01:59:16 | INFO | f1.console |   距離範圍: 0.1 - 5393.3 (範圍: 5393.2)
2025-10-05 01:59:16 | INFO | f1.console |   加速度範圍: -37.23 - 23.95 (範圍: 61.18)
2025-10-05 01:59:16 | INFO | f1.console |   圖表區域: 417 x 207
2025-10-05 01:59:16 | INFO | f1.console |   車手1數據點: 500, 車手2數據點: 500
2025-10-05 01:59:16 | INFO | f1.console | [ACCEL_DEBUG] 繪製曲線:
2025-10-05 01:59:16 | INFO | f1.console |   距離範圍: 0.1 - 5393.3 (範圍: 5393.2)
2025-10-05 01:59:16 | INFO | f1.console |   加速度範圍: -37.23 - 23.95 (範圍: 61.18)
2025-10-05 01:59:16 | INFO | f1.console |   圖表區域: 417 x 207
2025-10-05 01:59:16 | INFO | f1.console |   車手1數據點: 500, 車手2數據點: 500
2025-10-05 01:59:16 | INFO | f1.console | [ACCEL_DEBUG] 繪製曲線:
2025-10-05 01:59:16 | INFO | f1.console |   距離範圍: 0.1 - 5393.3 (範圍: 5393.2)
2025-10-05 01:59:16 | INFO | f1.console |   加速度範圍: -37.23 - 23.95 (範圍: 61.18)
2025-10-05 01:59:16 | INFO | f1.console |   圖表區域: 417 x 207
2025-10-05 01:59:16 | INFO | f1.console |   車手1數據點: 500, 車手2數據點: 500
2025-10-05 01:59:17 | INFO | f1.console | [ACCEL_DEBUG] 繪製曲線:
2025-10-05 01:59:17 | INFO | f1.console |   距離範圍: 0.1 - 5393.3 (範圍: 5393.2)
2025-10-05 01:59:17 | INFO | f1.console |   加速度範圍: -37.23 - 23.95 (範圍: 61.18)
2025-10-05 01:59:17 | INFO | f1.console |   圖表區域: 417 x 207
2025-10-05 01:59:17 | INFO | f1.console |   車手1數據點: 500, 車手2數據點: 500
2025-10-05 01:59:17 | INFO | f1.console | [ACCEL_DEBUG] 繪製曲線:
2025-10-05 01:59:17 | INFO | f1.console |   距離範圍: 0.1 - 5393.3 (範圍: 5393.2)
2025-10-05 01:59:17 | INFO | f1.console |   加速度範圍: -37.23 - 23.95 (範圍: 61.18)
2025-10-05 01:59:17 | INFO | f1.console |   圖表區域: 417 x 207
2025-10-05 01:59:17 | INFO | f1.console |   車手1數據點: 500, 車手2數據點: 500
2025-10-05 01:59:17 | INFO | f1.console | [ACCEL_DEBUG] 繪製曲線:
2025-10-05 01:59:17 | INFO | f1.console |   距離範圍: 0.1 - 5393.3 (範圍: 5393.2)
2025-10-05 01:59:17 | INFO | f1.console |   加速度範圍: -37.23 - 23.95 (範圍: 61.18)
2025-10-05 01:59:17 | INFO | f1.console |   圖表區域: 417 x 207
2025-10-05 01:59:17 | INFO | f1.console |   車手1數據點: 500, 車手2數據點: 500
2025-10-05 01:59:17 | INFO | f1.console | [ACCEL_DEBUG] 繪製曲線:
2025-10-05 01:59:17 | INFO | f1.console |   距離範圍: 0.1 - 5393.3 (範圍: 5393.2)
2025-10-05 01:59:17 | INFO | f1.console |   加速度範圍: -37.23 - 23.95 (範圍: 61.18)
2025-10-05 01:59:17 | INFO | f1.console |   圖表區域: 417 x 207
2025-10-05 01:59:17 | INFO | f1.console |   車手1數據點: 500, 車手2數據點: 500
2025-10-05 01:59:17 | INFO | f1.console | [ACCEL_DEBUG] 繪製曲線:
2025-10-05 01:59:17 | INFO | f1.console |   距離範圍: 0.1 - 5393.3 (範圍: 5393.2)
2025-10-05 01:59:17 | INFO | f1.console |   加速度範圍: -37.23 - 23.95 (範圍: 61.18)
2025-10-05 01:59:17 | INFO | f1.console |   圖表區域: 417 x 207
2025-10-05 01:59:17 | INFO | f1.console |   車手1數據點: 500, 車手2數據點: 500
2025-10-05 01:59:17 | INFO | f1.console | [ACCEL_DEBUG] 繪製曲線:
2025-10-05 01:59:17 | INFO | f1.console |   距離範圍: 0.1 - 5393.3 (範圍: 5393.2)
2025-10-05 01:59:17 | INFO | f1.console |   加速度範圍: -37.23 - 23.95 (範圍: 61.18)
2025-10-05 01:59:17 | INFO | f1.console |   圖表區域: 417 x 207
2025-10-05 01:59:17 | INFO | f1.console |   車手1數據點: 500, 車手2數據點: 500
2025-10-05 01:59:17 | INFO | f1.console | [ACCEL_DEBUG] 繪製曲線:
2025-10-05 01:59:17 | INFO | f1.console |   距離範圍: 0.1 - 5393.3 (範圍: 5393.2)
2025-10-05 01:59:17 | INFO | f1.console |   加速度範圍: -37.23 - 23.95 (範圍: 61.18)
2025-10-05 01:59:17 | INFO | f1.console |   圖表區域: 417 x 207
2025-10-05 01:59:17 | INFO | f1.console |   車手1數據點: 500, 車手2數據點: 500
2025-10-05 01:59:17 | INFO | f1.console | [ACCEL_DEBUG] 繪製曲線:
2025-10-05 01:59:17 | INFO | f1.console |   距離範圍: 0.1 - 5393.3 (範圍: 5393.2)
2025-10-05 01:59:17 | INFO | f1.console |   加速度範圍: -37.23 - 23.95 (範圍: 61.18)
2025-10-05 01:59:17 | INFO | f1.console |   圖表區域: 417 x 207
2025-10-05 01:59:17 | INFO | f1.console |   車手1數據點: 500, 車手2數據點: 500
2025-10-05 01:59:17 | INFO | f1.console | [ACCEL_DEBUG] 繪製曲線:
2025-10-05 01:59:17 | INFO | f1.console |   距離範圍: 0.1 - 5393.3 (範圍: 5393.2)
2025-10-05 01:59:17 | INFO | f1.console |   加速度範圍: -37.23 - 23.95 (範圍: 61.18)
2025-10-05 01:59:17 | INFO | f1.console |   圖表區域: 417 x 207
2025-10-05 01:59:17 | INFO | f1.console |   車手1數據點: 500, 車手2數據點: 500
2025-10-05 01:59:17 | INFO | f1.console | [ACCEL_DEBUG] 繪製曲線:
2025-10-05 01:59:17 | INFO | f1.console |   距離範圍: 0.1 - 5393.3 (範圍: 5393.2)
2025-10-05 01:59:17 | INFO | f1.console |   加速度範圍: -37.23 - 23.95 (範圍: 61.18)
2025-10-05 01:59:17 | INFO | f1.console |   圖表區域: 417 x 207
2025-10-05 01:59:17 | INFO | f1.console |   車手1數據點: 500, 車手2數據點: 500
2025-10-05 01:59:17 | INFO | f1.console | [ACCEL_DEBUG] 繪製曲線:
2025-10-05 01:59:17 | INFO | f1.console |   距離範圍: 0.1 - 5393.3 (範圍: 5393.2)
2025-10-05 01:59:17 | INFO | f1.console |   加速度範圍: -37.23 - 23.95 (範圍: 61.18)
2025-10-05 01:59:17 | INFO | f1.console |   圖表區域: 417 x 207
2025-10-05 01:59:17 | INFO | f1.console |   車手1數據點: 500, 車手2數據點: 500
2025-10-05 01:59:17 | INFO | f1.console | [ACCEL_DEBUG] 繪製曲線:
2025-10-05 01:59:17 | INFO | f1.console |   距離範圍: 0.1 - 5393.3 (範圍: 5393.2)
2025-10-05 01:59:17 | INFO | f1.console |   加速度範圍: -37.23 - 23.95 (範圍: 61.18)
2025-10-05 01:59:17 | INFO | f1.console |   圖表區域: 417 x 207
2025-10-05 01:59:17 | INFO | f1.console |   車手1數據點: 500, 車手2數據點: 500
2025-10-05 01:59:17 | INFO | f1.console | [ACCEL_DEBUG] 繪製曲線:
2025-10-05 01:59:17 | INFO | f1.console |   距離範圍: 0.1 - 5393.3 (範圍: 5393.2)
2025-10-05 01:59:17 | INFO | f1.console |   加速度範圍: -37.23 - 23.95 (範圍: 61.18)
2025-10-05 01:59:17 | INFO | f1.console |   圖表區域: 417 x 207
2025-10-05 01:59:17 | INFO | f1.console |   車手1數據點: 500, 車手2數據點: 500
2025-10-05 01:59:17 | INFO | f1.console | [ACCEL_DEBUG] 繪製曲線:
2025-10-05 01:59:17 | INFO | f1.console |   距離範圍: 0.1 - 5393.3 (範圍: 5393.2)
2025-10-05 01:59:17 | INFO | f1.console |   加速度範圍: -37.23 - 23.95 (範圍: 61.18)
2025-10-05 01:59:17 | INFO | f1.console |   圖表區域: 417 x 207
2025-10-05 01:59:17 | INFO | f1.console |   車手1數據點: 500, 車手2數據點: 500
2025-10-05 01:59:17 | INFO | f1.console | [ACCEL_DEBUG] 繪製曲線:
2025-10-05 01:59:17 | INFO | f1.console |   距離範圍: 0.1 - 5393.3 (範圍: 5393.2)
2025-10-05 01:59:17 | INFO | f1.console |   加速度範圍: -37.23 - 23.95 (範圍: 61.18)
2025-10-05 01:59:17 | INFO | f1.console |   圖表區域: 417 x 207
2025-10-05 01:59:17 | INFO | f1.console |   車手1數據點: 500, 車手2數據點: 500
2025-10-05 01:59:17 | INFO | f1.console | [ACCEL_DEBUG] 繪製曲線:
2025-10-05 01:59:17 | INFO | f1.console |   距離範圍: 0.1 - 5393.3 (範圍: 5393.2)
2025-10-05 01:59:17 | INFO | f1.console |   加速度範圍: -37.23 - 23.95 (範圍: 61.18)
2025-10-05 01:59:17 | INFO | f1.console |   圖表區域: 417 x 207
2025-10-05 01:59:17 | INFO | f1.console |   車手1數據點: 500, 車手2數據點: 500
2025-10-05 01:59:17 | INFO | f1.console | [ACCEL_DEBUG] 繪製曲線:
2025-10-05 01:59:17 | INFO | f1.console |   距離範圍: 0.1 - 5393.3 (範圍: 5393.2)
2025-10-05 01:59:17 | INFO | f1.console |   加速度範圍: -37.23 - 23.95 (範圍: 61.18)
2025-10-05 01:59:17 | INFO | f1.console |   圖表區域: 417 x 207
2025-10-05 01:59:17 | INFO | f1.console |   車手1數據點: 500, 車手2數據點: 500
2025-10-05 01:59:17 | INFO | f1.console | [ACCEL_DEBUG] 繪製曲線:
2025-10-05 01:59:17 | INFO | f1.console |   距離範圍: 0.1 - 5393.3 (範圍: 5393.2)
2025-10-05 01:59:17 | INFO | f1.console |   加速度範圍: -37.23 - 23.95 (範圍: 61.18)
2025-10-05 01:59:17 | INFO | f1.console |   圖表區域: 417 x 207
2025-10-05 01:59:17 | INFO | f1.console |   車手1數據點: 500, 車手2數據點: 500
2025-10-05 01:59:17 | INFO | f1.console | [ACCEL_DEBUG] 繪製曲線:
2025-10-05 01:59:17 | INFO | f1.console |   距離範圍: 0.1 - 5393.3 (範圍: 5393.2)
2025-10-05 01:59:17 | INFO | f1.console |   加速度範圍: -37.23 - 23.95 (範圍: 61.18)
2025-10-05 01:59:17 | INFO | f1.console |   圖表區域: 417 x 207
2025-10-05 01:59:17 | INFO | f1.console |   車手1數據點: 500, 車手2數據點: 500
2025-10-05 01:59:17 | INFO | f1.console | [ACCEL_DEBUG] 繪製曲線:
2025-10-05 01:59:17 | INFO | f1.console |   距離範圍: 0.1 - 5393.3 (範圍: 5393.2)
2025-10-05 01:59:17 | INFO | f1.console |   加速度範圍: -37.23 - 23.95 (範圍: 61.18)
2025-10-05 01:59:17 | INFO | f1.console |   圖表區域: 417 x 207
2025-10-05 01:59:17 | INFO | f1.console |   車手1數據點: 500, 車手2數據點: 500
2025-10-05 01:59:17 | INFO | f1.console | [ACCEL_DEBUG] 繪製曲線:
2025-10-05 01:59:17 | INFO | f1.console |   距離範圍: 0.1 - 5393.3 (範圍: 5393.2)
2025-10-05 01:59:17 | INFO | f1.console |   加速度範圍: -37.23 - 23.95 (範圍: 61.18)
2025-10-05 01:59:17 | INFO | f1.console |   圖表區域: 417 x 207
2025-10-05 01:59:17 | INFO | f1.console |   車手1數據點: 500, 車手2數據點: 500
2025-10-05 01:59:17 | INFO | f1.console | [ACCEL_DEBUG] 繪製曲線:
2025-10-05 01:59:17 | INFO | f1.console |   距離範圍: 0.1 - 5393.3 (範圍: 5393.2)
2025-10-05 01:59:17 | INFO | f1.console |   加速度範圍: -37.23 - 23.95 (範圍: 61.18)
2025-10-05 01:59:17 | INFO | f1.console |   圖表區域: 417 x 207
2025-10-05 01:59:17 | INFO | f1.console |   車手1數據點: 500, 車手2數據點: 500
2025-10-05 01:59:17 | INFO | f1.console | [ACCEL_DEBUG] 繪製曲線:
2025-10-05 01:59:17 | INFO | f1.console |   距離範圍: 0.1 - 5393.3 (範圍: 5393.2)
2025-10-05 01:59:17 | INFO | f1.console |   加速度範圍: -37.23 - 23.95 (範圍: 61.18)
2025-10-05 01:59:17 | INFO | f1.console |   圖表區域: 417 x 207
2025-10-05 01:59:17 | INFO | f1.console |   車手1數據點: 500, 車手2數據點: 500
2025-10-05 01:59:17 | INFO | f1.console | [ACCEL_DEBUG] 繪製曲線:
2025-10-05 01:59:17 | INFO | f1.console |   距離範圍: 0.1 - 5393.3 (範圍: 5393.2)
2025-10-05 01:59:17 | INFO | f1.console |   加速度範圍: -37.23 - 23.95 (範圍: 61.18)
2025-10-05 01:59:17 | INFO | f1.console |   圖表區域: 417 x 207
2025-10-05 01:59:17 | INFO | f1.console |   車手1數據點: 500, 車手2數據點: 500
2025-10-05 01:59:17 | INFO | f1.console | [ACCEL_DEBUG] 繪製曲線:
2025-10-05 01:59:17 | INFO | f1.console |   距離範圍: 0.1 - 5393.3 (範圍: 5393.2)
2025-10-05 01:59:17 | INFO | f1.console |   加速度範圍: -37.23 - 23.95 (範圍: 61.18)
2025-10-05 01:59:17 | INFO | f1.console |   圖表區域: 417 x 207
2025-10-05 01:59:17 | INFO | f1.console |   車手1數據點: 500, 車手2數據點: 500
2025-10-05 01:59:17 | INFO | f1.console | [ACCEL_DEBUG] 繪製曲線:
2025-10-05 01:59:17 | INFO | f1.console |   距離範圍: 0.1 - 5393.3 (範圍: 5393.2)
2025-10-05 01:59:17 | INFO | f1.console |   加速度範圍: -37.23 - 23.95 (範圍: 61.18)
2025-10-05 01:59:17 | INFO | f1.console |   圖表區域: 417 x 207
2025-10-05 01:59:17 | INFO | f1.console |   車手1數據點: 500, 車手2數據點: 500
2025-10-05 01:59:17 | INFO | f1.console | [ACCEL_DEBUG] 繪製曲線:
2025-10-05 01:59:17 | INFO | f1.console |   距離範圍: 0.1 - 5393.3 (範圍: 5393.2)
2025-10-05 01:59:17 | INFO | f1.console |   加速度範圍: -37.23 - 23.95 (範圍: 61.18)
2025-10-05 01:59:17 | INFO | f1.console |   圖表區域: 417 x 207
2025-10-05 01:59:17 | INFO | f1.console |   車手1數據點: 500, 車手2數據點: 500
2025-10-05 01:59:17 | INFO | f1.console | [ACCEL_DEBUG] 繪製曲線:
2025-10-05 01:59:17 | INFO | f1.console |   距離範圍: 0.1 - 5393.3 (範圍: 5393.2)
2025-10-05 01:59:17 | INFO | f1.console |   加速度範圍: -37.23 - 23.95 (範圍: 61.18)
2025-10-05 01:59:17 | INFO | f1.console |   圖表區域: 417 x 207
2025-10-05 01:59:17 | INFO | f1.console |   車手1數據點: 500, 車手2數據點: 500
2025-10-05 01:59:17 | INFO | f1.console | [ACCEL_DEBUG] 繪製曲線:
2025-10-05 01:59:17 | INFO | f1.console |   距離範圍: 0.1 - 5393.3 (範圍: 5393.2)
2025-10-05 01:59:17 | INFO | f1.console |   加速度範圍: -37.23 - 23.95 (範圍: 61.18)
2025-10-05 01:59:17 | INFO | f1.console |   圖表區域: 417 x 207
2025-10-05 01:59:17 | INFO | f1.console |   車手1數據點: 500, 車手2數據點: 500
2025-10-05 01:59:18 | INFO | f1.console | [ACCEL_DEBUG] 繪製曲線:
2025-10-05 01:59:18 | INFO | f1.console |   距離範圍: 0.1 - 5393.3 (範圍: 5393.2)
2025-10-05 01:59:18 | INFO | f1.console |   加速度範圍: -37.23 - 23.95 (範圍: 61.18)
2025-10-05 01:59:18 | INFO | f1.console |   圖表區域: 417 x 207
2025-10-05 01:59:18 | INFO | f1.console |   車手1數據點: 500, 車手2數據點: 500
2025-10-05 01:59:18 | INFO | f1.console | [ACCEL_DEBUG] 繪製曲線:
2025-10-05 01:59:18 | INFO | f1.console |   距離範圍: 0.1 - 5393.3 (範圍: 5393.2)
2025-10-05 01:59:18 | INFO | f1.console |   加速度範圍: -37.23 - 23.95 (範圍: 61.18)
2025-10-05 01:59:18 | INFO | f1.console |   圖表區域: 417 x 207
2025-10-05 01:59:18 | INFO | f1.console |   車手1數據點: 500, 車手2數據點: 500
2025-10-05 01:59:18 | INFO | f1.console | [ACCEL_DEBUG] 繪製曲線:
2025-10-05 01:59:18 | INFO | f1.console |   距離範圍: 0.1 - 5393.3 (範圍: 5393.2)
2025-10-05 01:59:18 | INFO | f1.console |   加速度範圍: -37.23 - 23.95 (範圍: 61.18)
2025-10-05 01:59:18 | INFO | f1.console |   圖表區域: 417 x 207
2025-10-05 01:59:18 | INFO | f1.console |   車手1數據點: 500, 車手2數據點: 500
2025-10-05 01:59:18 | INFO | f1.console | [ACCEL_DEBUG] 繪製曲線:
2025-10-05 01:59:18 | INFO | f1.console |   距離範圍: 0.1 - 5393.3 (範圍: 5393.2)
2025-10-05 01:59:18 | INFO | f1.console |   加速度範圍: -37.23 - 23.95 (範圍: 61.18)
2025-10-05 01:59:18 | INFO | f1.console |   圖表區域: 417 x 207
2025-10-05 01:59:18 | INFO | f1.console |   車手1數據點: 500, 車手2數據點: 500
2025-10-05 01:59:18 | INFO | f1.console | [ACCEL_DEBUG] 繪製曲線:
2025-10-05 01:59:18 | INFO | f1.console |   距離範圍: 0.1 - 5393.3 (範圍: 5393.2)
2025-10-05 01:59:18 | INFO | f1.console |   加速度範圍: -37.23 - 23.95 (範圍: 61.18)
2025-10-05 01:59:18 | INFO | f1.console |   圖表區域: 417 x 207
2025-10-05 01:59:18 | INFO | f1.console |   車手1數據點: 500, 車手2數據點: 500
2025-10-05 01:59:18 | INFO | f1.console | [ACCEL_DEBUG] 繪製曲線:
2025-10-05 01:59:18 | INFO | f1.console |   距離範圍: 0.1 - 5393.3 (範圍: 5393.2)
2025-10-05 01:59:18 | INFO | f1.console |   加速度範圍: -37.23 - 23.95 (範圍: 61.18)
2025-10-05 01:59:18 | INFO | f1.console |   圖表區域: 417 x 207
2025-10-05 01:59:18 | INFO | f1.console |   車手1數據點: 500, 車手2數據點: 500
2025-10-05 01:59:18 | INFO | f1.console | [ACCEL_DEBUG] 繪製曲線:
2025-10-05 01:59:18 | INFO | f1.console |   距離範圍: 0.1 - 5393.3 (範圍: 5393.2)
2025-10-05 01:59:18 | INFO | f1.console |   加速度範圍: -37.23 - 23.95 (範圍: 61.18)
2025-10-05 01:59:18 | INFO | f1.console |   圖表區域: 417 x 207
2025-10-05 01:59:18 | INFO | f1.console |   車手1數據點: 500, 車手2數據點: 500
2025-10-05 01:59:18 | INFO | f1.console | [ACCEL_DEBUG] 繪製曲線:
2025-10-05 01:59:18 | INFO | f1.console |   距離範圍: 0.1 - 5393.3 (範圍: 5393.2)
2025-10-05 01:59:18 | INFO | f1.console |   加速度範圍: -37.23 - 23.95 (範圍: 61.18)
2025-10-05 01:59:18 | INFO | f1.console |   圖表區域: 417 x 207
2025-10-05 01:59:18 | INFO | f1.console |   車手1數據點: 500, 車手2數據點: 500
2025-10-05 01:59:18 | INFO | f1.console | [ACCEL_DEBUG] 繪製曲線:
2025-10-05 01:59:18 | INFO | f1.console |   距離範圍: 0.1 - 5393.3 (範圍: 5393.2)
2025-10-05 01:59:18 | INFO | f1.console |   加速度範圍: -37.23 - 23.95 (範圍: 61.18)
2025-10-05 01:59:18 | INFO | f1.console |   圖表區域: 417 x 207
2025-10-05 01:59:18 | INFO | f1.console |   車手1數據點: 500, 車手2數據點: 500
2025-10-05 01:59:18 | INFO | f1.console | [ACCEL_DEBUG] 繪製曲線:
2025-10-05 01:59:18 | INFO | f1.console |   距離範圍: 0.1 - 5393.3 (範圍: 5393.2)
2025-10-05 01:59:18 | INFO | f1.console |   加速度範圍: -37.23 - 23.95 (範圍: 61.18)
2025-10-05 01:59:18 | INFO | f1.console |   圖表區域: 417 x 207
2025-10-05 01:59:18 | INFO | f1.console |   車手1數據點: 500, 車手2數據點: 500
2025-10-05 01:59:18 | INFO | f1.console | [ACCEL_DEBUG] 繪製曲線:
2025-10-05 01:59:18 | INFO | f1.console |   距離範圍: 0.1 - 5393.3 (範圍: 5393.2)
2025-10-05 01:59:18 | INFO | f1.console |   加速度範圍: -37.23 - 23.95 (範圍: 61.18)
2025-10-05 01:59:18 | INFO | f1.console |   圖表區域: 417 x 207
2025-10-05 01:59:18 | INFO | f1.console |   車手1數據點: 500, 車手2數據點: 500
2025-10-05 01:59:18 | INFO | f1.console | [ACCEL_DEBUG] 繪製曲線:
2025-10-05 01:59:18 | INFO | f1.console |   距離範圍: 0.1 - 5393.3 (範圍: 5393.2)
2025-10-05 01:59:18 | INFO | f1.console |   加速度範圍: -37.23 - 23.95 (範圍: 61.18)
2025-10-05 01:59:18 | INFO | f1.console |   圖表區域: 417 x 207
2025-10-05 01:59:18 | INFO | f1.console |   車手1數據點: 500, 車手2數據點: 500
2025-10-05 01:59:18 | INFO | f1.console | [ACCEL_DEBUG] 繪製曲線:
2025-10-05 01:59:18 | INFO | f1.console |   距離範圍: 0.1 - 5393.3 (範圍: 5393.2)
2025-10-05 01:59:18 | INFO | f1.console |   加速度範圍: -37.23 - 23.95 (範圍: 61.18)
2025-10-05 01:59:18 | INFO | f1.console |   圖表區域: 417 x 207
2025-10-05 01:59:18 | INFO | f1.console |   車手1數據點: 500, 車手2數據點: 500
2025-10-05 01:59:18 | INFO | f1.console | [ACCEL_DEBUG] 繪製曲線:
2025-10-05 01:59:18 | INFO | f1.console |   距離範圍: 0.1 - 5393.3 (範圍: 5393.2)
2025-10-05 01:59:18 | INFO | f1.console |   加速度範圍: -37.23 - 23.95 (範圍: 61.18)
2025-10-05 01:59:18 | INFO | f1.console |   圖表區域: 417 x 207
2025-10-05 01:59:18 | INFO | f1.console |   車手1數據點: 500, 車手2數據點: 500
2025-10-05 01:59:18 | INFO | f1.console | [ACCEL_DEBUG] 繪製曲線:
2025-10-05 01:59:18 | INFO | f1.console |   距離範圍: 0.1 - 5393.3 (範圍: 5393.2)
2025-10-05 01:59:18 | INFO | f1.console |   加速度範圍: -37.23 - 23.95 (範圍: 61.18)
2025-10-05 01:59:18 | INFO | f1.console |   圖表區域: 417 x 207
2025-10-05 01:59:18 | INFO | f1.console |   車手1數據點: 500, 車手2數據點: 500
2025-10-05 01:59:18 | INFO | f1.console | [ACCEL_DEBUG] 繪製曲線:
2025-10-05 01:59:18 | INFO | f1.console |   距離範圍: 0.1 - 5393.3 (範圍: 5393.2)
2025-10-05 01:59:18 | INFO | f1.console |   加速度範圍: -37.23 - 23.95 (範圍: 61.18)
2025-10-05 01:59:18 | INFO | f1.console |   圖表區域: 417 x 207
2025-10-05 01:59:18 | INFO | f1.console |   車手1數據點: 500, 車手2數據點: 500
2025-10-05 01:59:18 | INFO | f1.console | [ACCEL_DEBUG] 繪製曲線:
2025-10-05 01:59:18 | INFO | f1.console |   距離範圍: 0.1 - 5393.3 (範圍: 5393.2)
2025-10-05 01:59:18 | INFO | f1.console |   加速度範圍: -37.23 - 23.95 (範圍: 61.18)
2025-10-05 01:59:18 | INFO | f1.console |   圖表區域: 417 x 207
2025-10-05 01:59:18 | INFO | f1.console |   車手1數據點: 500, 車手2數據點: 500
2025-10-05 01:59:18 | INFO | f1.console | [ACCEL_DEBUG] 繪製曲線:
2025-10-05 01:59:18 | INFO | f1.console |   距離範圍: 0.1 - 5393.3 (範圍: 5393.2)
2025-10-05 01:59:18 | INFO | f1.console |   加速度範圍: -37.23 - 23.95 (範圍: 61.18)
2025-10-05 01:59:18 | INFO | f1.console |   圖表區域: 417 x 207
2025-10-05 01:59:18 | INFO | f1.console |   車手1數據點: 500, 車手2數據點: 500
2025-10-05 01:59:18 | INFO | f1.console | [ACCEL_DEBUG] 繪製曲線:
2025-10-05 01:59:18 | INFO | f1.console |   距離範圍: 0.1 - 5393.3 (範圍: 5393.2)
2025-10-05 01:59:18 | INFO | f1.console |   加速度範圍: -37.23 - 23.95 (範圍: 61.18)
2025-10-05 01:59:18 | INFO | f1.console |   圖表區域: 417 x 207
2025-10-05 01:59:18 | INFO | f1.console |   車手1數據點: 500, 車手2數據點: 500
2025-10-05 01:59:18 | INFO | f1.console | [ACCEL_DEBUG] 繪製曲線:
2025-10-05 01:59:18 | INFO | f1.console |   距離範圍: 0.1 - 5393.3 (範圍: 5393.2)
2025-10-05 01:59:18 | INFO | f1.console |   加速度範圍: -37.23 - 23.95 (範圍: 61.18)
2025-10-05 01:59:18 | INFO | f1.console |   圖表區域: 417 x 207
2025-10-05 01:59:18 | INFO | f1.console |   車手1數據點: 500, 車手2數據點: 500
2025-10-05 01:59:18 | INFO | f1.console | [ACCEL_DEBUG] 繪製曲線:
2025-10-05 01:59:18 | INFO | f1.console |   距離範圍: 0.1 - 5393.3 (範圍: 5393.2)
2025-10-05 01:59:18 | INFO | f1.console |   加速度範圍: -37.23 - 23.95 (範圍: 61.18)
2025-10-05 01:59:18 | INFO | f1.console |   圖表區域: 417 x 207
2025-10-05 01:59:18 | INFO | f1.console |   車手1數據點: 500, 車手2數據點: 500
2025-10-05 01:59:18 | INFO | f1.console | [ACCEL_DEBUG] 繪製曲線:
2025-10-05 01:59:18 | INFO | f1.console |   距離範圍: 0.1 - 5393.3 (範圍: 5393.2)
2025-10-05 01:59:18 | INFO | f1.console |   加速度範圍: -37.23 - 23.95 (範圍: 61.18)
2025-10-05 01:59:18 | INFO | f1.console |   圖表區域: 417 x 207
2025-10-05 01:59:18 | INFO | f1.console |   車手1數據點: 500, 車手2數據點: 500
2025-10-05 01:59:18 | INFO | f1.console | [ACCEL_DEBUG] 繪製曲線:
2025-10-05 01:59:18 | INFO | f1.console |   距離範圍: 0.1 - 5393.3 (範圍: 5393.2)
2025-10-05 01:59:18 | INFO | f1.console |   加速度範圍: -37.23 - 23.95 (範圍: 61.18)
2025-10-05 01:59:18 | INFO | f1.console |   圖表區域: 417 x 207
2025-10-05 01:59:18 | INFO | f1.console |   車手1數據點: 500, 車手2數據點: 500
2025-10-05 01:59:18 | INFO | f1.console | [ACCEL_DEBUG] 繪製曲線:
2025-10-05 01:59:18 | INFO | f1.console |   距離範圍: 0.1 - 5393.3 (範圍: 5393.2)
2025-10-05 01:59:18 | INFO | f1.console |   加速度範圍: -37.23 - 23.95 (範圍: 61.18)
2025-10-05 01:59:18 | INFO | f1.console |   圖表區域: 417 x 207
2025-10-05 01:59:18 | INFO | f1.console |   車手1數據點: 500, 車手2數據點: 500
2025-10-05 01:59:19 | INFO | f1.console | [ACCEL_DEBUG] 繪製曲線:
2025-10-05 01:59:19 | INFO | f1.console |   距離範圍: 0.1 - 5393.3 (範圍: 5393.2)
2025-10-05 01:59:19 | INFO | f1.console |   加速度範圍: -37.23 - 23.95 (範圍: 61.18)
2025-10-05 01:59:19 | INFO | f1.console |   圖表區域: 417 x 207
2025-10-05 01:59:19 | INFO | f1.console |   車手1數據點: 500, 車手2數據點: 500
2025-10-05 01:59:19 | INFO | f1.console | [ACCEL_DEBUG] 繪製曲線:
2025-10-05 01:59:19 | INFO | f1.console |   距離範圍: 0.1 - 5393.3 (範圍: 5393.2)
2025-10-05 01:59:19 | INFO | f1.console |   加速度範圍: -37.23 - 23.95 (範圍: 61.18)
2025-10-05 01:59:19 | INFO | f1.console |   圖表區域: 417 x 207
2025-10-05 01:59:19 | INFO | f1.console |   車手1數據點: 500, 車手2數據點: 500
2025-10-05 01:59:19 | INFO | f1.console | [ACCEL_DEBUG] 繪製曲線:
2025-10-05 01:59:19 | INFO | f1.console |   距離範圍: 0.1 - 5393.3 (範圍: 5393.2)
2025-10-05 01:59:19 | INFO | f1.console |   加速度範圍: -37.23 - 23.95 (範圍: 61.18)
2025-10-05 01:59:19 | INFO | f1.console |   圖表區域: 417 x 207
2025-10-05 01:59:19 | INFO | f1.console |   車手1數據點: 500, 車手2數據點: 500
2025-10-05 01:59:19 | INFO | f1.console | [ACCEL_DEBUG] 繪製曲線:
2025-10-05 01:59:19 | INFO | f1.console |   距離範圍: 0.1 - 5393.3 (範圍: 5393.2)
2025-10-05 01:59:19 | INFO | f1.console |   加速度範圍: -37.23 - 23.95 (範圍: 61.18)
2025-10-05 01:59:19 | INFO | f1.console |   圖表區域: 417 x 207
2025-10-05 01:59:19 | INFO | f1.console |   車手1數據點: 500, 車手2數據點: 500
2025-10-05 01:59:19 | INFO | f1.console | [ACCEL_DEBUG] 繪製曲線:
2025-10-05 01:59:19 | INFO | f1.console |   距離範圍: 0.1 - 5393.3 (範圍: 5393.2)
2025-10-05 01:59:19 | INFO | f1.console |   加速度範圍: -37.23 - 23.95 (範圍: 61.18)
2025-10-05 01:59:19 | INFO | f1.console |   圖表區域: 417 x 207
2025-10-05 01:59:19 | INFO | f1.console |   車手1數據點: 500, 車手2數據點: 500
2025-10-05 01:59:19 | INFO | f1.console | [ACCEL_DEBUG] 繪製曲線:
2025-10-05 01:59:19 | INFO | f1.console |   距離範圍: 0.1 - 5393.3 (範圍: 5393.2)
2025-10-05 01:59:19 | INFO | f1.console |   加速度範圍: -37.23 - 23.95 (範圍: 61.18)
2025-10-05 01:59:19 | INFO | f1.console |   圖表區域: 417 x 207
2025-10-05 01:59:19 | INFO | f1.console |   車手1數據點: 500, 車手2數據點: 500
2025-10-05 01:59:19 | INFO | f1.console | [ACCEL_DEBUG] 繪製曲線:
2025-10-05 01:59:19 | INFO | f1.console |   距離範圍: 0.1 - 5393.3 (範圍: 5393.2)
2025-10-05 01:59:19 | INFO | f1.console |   加速度範圍: -37.23 - 23.95 (範圍: 61.18)
2025-10-05 01:59:19 | INFO | f1.console |   圖表區域: 417 x 207
2025-10-05 01:59:19 | INFO | f1.console |   車手1數據點: 500, 車手2數據點: 500
2025-10-05 01:59:19 | INFO | f1.console | [ACCEL_DEBUG] 繪製曲線:
2025-10-05 01:59:19 | INFO | f1.console |   距離範圍: 0.1 - 5393.3 (範圍: 5393.2)
2025-10-05 01:59:19 | INFO | f1.console |   加速度範圍: -37.23 - 23.95 (範圍: 61.18)
2025-10-05 01:59:19 | INFO | f1.console |   圖表區域: 417 x 207
2025-10-05 01:59:19 | INFO | f1.console |   車手1數據點: 500, 車手2數據點: 500
2025-10-05 01:59:19 | INFO | f1.console | [ACCEL_DEBUG] 繪製曲線:
2025-10-05 01:59:19 | INFO | f1.console |   距離範圍: 0.1 - 5393.3 (範圍: 5393.2)
2025-10-05 01:59:19 | INFO | f1.console |   加速度範圍: -37.23 - 23.95 (範圍: 61.18)
2025-10-05 01:59:19 | INFO | f1.console |   圖表區域: 417 x 207
2025-10-05 01:59:19 | INFO | f1.console |   車手1數據點: 500, 車手2數據點: 500
2025-10-05 01:59:19 | INFO | f1.console | [ACCEL_DEBUG] 繪製曲線:
2025-10-05 01:59:19 | INFO | f1.console |   距離範圍: 0.1 - 5393.3 (範圍: 5393.2)
2025-10-05 01:59:19 | INFO | f1.console |   加速度範圍: -37.23 - 23.95 (範圍: 61.18)
2025-10-05 01:59:19 | INFO | f1.console |   圖表區域: 417 x 207
2025-10-05 01:59:19 | INFO | f1.console |   車手1數據點: 500, 車手2數據點: 500
2025-10-05 01:59:19 | INFO | f1.console | [ACCEL_DEBUG] 繪製曲線:
2025-10-05 01:59:19 | INFO | f1.console |   距離範圍: 0.1 - 5393.3 (範圍: 5393.2)
2025-10-05 01:59:19 | INFO | f1.console |   加速度範圍: -37.23 - 23.95 (範圍: 61.18)
2025-10-05 01:59:19 | INFO | f1.console |   圖表區域: 417 x 207
2025-10-05 01:59:19 | INFO | f1.console |   車手1數據點: 500, 車手2數據點: 500
2025-10-05 01:59:19 | INFO | f1.console | [ACCEL_DEBUG] 繪製曲線:
2025-10-05 01:59:19 | INFO | f1.console |   距離範圍: 0.1 - 5393.3 (範圍: 5393.2)
2025-10-05 01:59:19 | INFO | f1.console |   加速度範圍: -37.23 - 23.95 (範圍: 61.18)
2025-10-05 01:59:19 | INFO | f1.console |   圖表區域: 417 x 207
2025-10-05 01:59:19 | INFO | f1.console |   車手1數據點: 500, 車手2數據點: 500
2025-10-05 01:59:19 | INFO | f1.console | [ACCEL_DEBUG] 繪製曲線:
2025-10-05 01:59:19 | INFO | f1.console |   距離範圍: 0.1 - 5393.3 (範圍: 5393.2)
2025-10-05 01:59:19 | INFO | f1.console |   加速度範圍: -37.23 - 23.95 (範圍: 61.18)
2025-10-05 01:59:19 | INFO | f1.console |   圖表區域: 417 x 207
2025-10-05 01:59:19 | INFO | f1.console |   車手1數據點: 500, 車手2數據點: 500
2025-10-05 01:59:19 | INFO | f1.console | [ACCEL_DEBUG] 繪製曲線:
2025-10-05 01:59:19 | INFO | f1.console |   距離範圍: 0.1 - 5393.3 (範圍: 5393.2)
2025-10-05 01:59:19 | INFO | f1.console |   加速度範圍: -37.23 - 23.95 (範圍: 61.18)
2025-10-05 01:59:19 | INFO | f1.console |   圖表區域: 417 x 207
2025-10-05 01:59:19 | INFO | f1.console |   車手1數據點: 500, 車手2數據點: 500
2025-10-05 01:59:19 | INFO | f1.console | [ACCEL_DEBUG] 繪製曲線:
2025-10-05 01:59:19 | INFO | f1.console |   距離範圍: 0.1 - 5393.3 (範圍: 5393.2)
2025-10-05 01:59:19 | INFO | f1.console |   加速度範圍: -37.23 - 23.95 (範圍: 61.18)
2025-10-05 01:59:19 | INFO | f1.console |   圖表區域: 417 x 207
2025-10-05 01:59:19 | INFO | f1.console |   車手1數據點: 500, 車手2數據點: 500
2025-10-05 01:59:19 | INFO | f1.console | [ACCEL_DEBUG] 繪製曲線:
2025-10-05 01:59:19 | INFO | f1.console |   距離範圍: 0.1 - 5393.3 (範圍: 5393.2)
2025-10-05 01:59:19 | INFO | f1.console |   加速度範圍: -37.23 - 23.95 (範圍: 61.18)
2025-10-05 01:59:19 | INFO | f1.console |   圖表區域: 417 x 207
2025-10-05 01:59:19 | INFO | f1.console |   車手1數據點: 500, 車手2數據點: 500
2025-10-05 01:59:19 | INFO | f1.console | [ACCEL_DEBUG] 繪製曲線:
2025-10-05 01:59:19 | INFO | f1.console |   距離範圍: 0.1 - 5393.3 (範圍: 5393.2)
2025-10-05 01:59:19 | INFO | f1.console |   加速度範圍: -37.23 - 23.95 (範圍: 61.18)
2025-10-05 01:59:19 | INFO | f1.console |   圖表區域: 417 x 207
2025-10-05 01:59:19 | INFO | f1.console |   車手1數據點: 500, 車手2數據點: 500
2025-10-05 01:59:19 | INFO | f1.console | [ACCEL_DEBUG] 繪製曲線:
2025-10-05 01:59:19 | INFO | f1.console |   距離範圍: 0.1 - 5393.3 (範圍: 5393.2)
2025-10-05 01:59:19 | INFO | f1.console |   加速度範圍: -37.23 - 23.95 (範圍: 61.18)
2025-10-05 01:59:19 | INFO | f1.console |   圖表區域: 417 x 207
2025-10-05 01:59:19 | INFO | f1.console |   車手1數據點: 500, 車手2數據點: 500
2025-10-05 01:59:19 | INFO | f1.console | [ACCEL_DEBUG] 繪製曲線:
2025-10-05 01:59:19 | INFO | f1.console |   距離範圍: 0.1 - 5393.3 (範圍: 5393.2)
2025-10-05 01:59:19 | INFO | f1.console |   加速度範圍: -37.23 - 23.95 (範圍: 61.18)
2025-10-05 01:59:19 | INFO | f1.console |   圖表區域: 417 x 207
2025-10-05 01:59:19 | INFO | f1.console |   車手1數據點: 500, 車手2數據點: 500
2025-10-05 01:59:19 | INFO | f1.console | [ACCEL_DEBUG] 繪製曲線:
2025-10-05 01:59:19 | INFO | f1.console |   距離範圍: 0.1 - 5393.3 (範圍: 5393.2)
2025-10-05 01:59:19 | INFO | f1.console |   加速度範圍: -37.23 - 23.95 (範圍: 61.18)
2025-10-05 01:59:19 | INFO | f1.console |   圖表區域: 417 x 207
2025-10-05 01:59:19 | INFO | f1.console |   車手1數據點: 500, 車手2數據點: 500
2025-10-05 01:59:19 | INFO | f1.console | [ACCEL_DEBUG] 繪製曲線:
2025-10-05 01:59:19 | INFO | f1.console |   距離範圍: 0.1 - 5393.3 (範圍: 5393.2)
2025-10-05 01:59:19 | INFO | f1.console |   加速度範圍: -37.23 - 23.95 (範圍: 61.18)
2025-10-05 01:59:19 | INFO | f1.console |   圖表區域: 417 x 207
2025-10-05 01:59:19 | INFO | f1.console |   車手1數據點: 500, 車手2數據點: 500
2025-10-05 01:59:19 | INFO | f1.console | [ACCEL_DEBUG] 繪製曲線:
2025-10-05 01:59:19 | INFO | f1.console |   距離範圍: 0.1 - 5393.3 (範圍: 5393.2)
2025-10-05 01:59:19 | INFO | f1.console |   加速度範圍: -37.23 - 23.95 (範圍: 61.18)
2025-10-05 01:59:19 | INFO | f1.console |   圖表區域: 417 x 207
2025-10-05 01:59:19 | INFO | f1.console |   車手1數據點: 500, 車手2數據點: 500
2025-10-05 01:59:19 | INFO | f1.console | [ACCEL_DEBUG] 繪製曲線:
2025-10-05 01:59:19 | INFO | f1.console |   距離範圍: 0.1 - 5393.3 (範圍: 5393.2)
2025-10-05 01:59:19 | INFO | f1.console |   加速度範圍: -37.23 - 23.95 (範圍: 61.18)
2025-10-05 01:59:19 | INFO | f1.console |   圖表區域: 417 x 207
2025-10-05 01:59:19 | INFO | f1.console |   車手1數據點: 500, 車手2數據點: 500
2025-10-05 01:59:19 | INFO | f1.console | [ACCEL_DEBUG] 繪製曲線:
2025-10-05 01:59:19 | INFO | f1.console |   距離範圍: 0.1 - 5393.3 (範圍: 5393.2)
2025-10-05 01:59:19 | INFO | f1.console |   加速度範圍: -37.23 - 23.95 (範圍: 61.18)
2025-10-05 01:59:19 | INFO | f1.console |   圖表區域: 417 x 207
2025-10-05 01:59:19 | INFO | f1.console |   車手1數據點: 500, 車手2數據點: 500
2025-10-05 01:59:19 | INFO | f1.console | [ACCEL_DEBUG] 繪製曲線:
2025-10-05 01:59:19 | INFO | f1.console |   距離範圍: 0.1 - 5393.3 (範圍: 5393.2)
2025-10-05 01:59:19 | INFO | f1.console |   加速度範圍: -37.23 - 23.95 (範圍: 61.18)
2025-10-05 01:59:19 | INFO | f1.console |   圖表區域: 417 x 207
2025-10-05 01:59:19 | INFO | f1.console |   車手1數據點: 500, 車手2數據點: 500
2025-10-05 01:59:19 | INFO | f1.console | [ACCEL_DEBUG] 繪製曲線:
2025-10-05 01:59:19 | INFO | f1.console |   距離範圍: 0.1 - 5393.3 (範圍: 5393.2)
2025-10-05 01:59:19 | INFO | f1.console |   加速度範圍: -37.23 - 23.95 (範圍: 61.18)
2025-10-05 01:59:19 | INFO | f1.console |   圖表區域: 417 x 207
2025-10-05 01:59:19 | INFO | f1.console |   車手1數據點: 500, 車手2數據點: 500
2025-10-05 01:59:19 | INFO | f1.console | [ACCEL_DEBUG] 繪製曲線:
2025-10-05 01:59:19 | INFO | f1.console |   距離範圍: 0.1 - 5393.3 (範圍: 5393.2)
2025-10-05 01:59:19 | INFO | f1.console |   加速度範圍: -37.23 - 23.95 (範圍: 61.18)
2025-10-05 01:59:19 | INFO | f1.console |   圖表區域: 417 x 207
2025-10-05 01:59:19 | INFO | f1.console |   車手1數據點: 500, 車手2數據點: 500
2025-10-05 01:59:19 | INFO | f1.console | [ACCEL_DEBUG] 繪製曲線:
2025-10-05 01:59:19 | INFO | f1.console |   距離範圍: 0.1 - 5393.3 (範圍: 5393.2)
2025-10-05 01:59:19 | INFO | f1.console |   加速度範圍: -37.23 - 23.95 (範圍: 61.18)
2025-10-05 01:59:19 | INFO | f1.console |   圖表區域: 417 x 207
2025-10-05 01:59:19 | INFO | f1.console |   車手1數據點: 500, 車手2數據點: 500
2025-10-05 01:59:19 | INFO | f1.console | [ACCEL_DEBUG] 繪製曲線:
2025-10-05 01:59:19 | INFO | f1.console |   距離範圍: 0.1 - 5393.3 (範圍: 5393.2)
2025-10-05 01:59:19 | INFO | f1.console |   加速度範圍: -37.23 - 23.95 (範圍: 61.18)
2025-10-05 01:59:19 | INFO | f1.console |   圖表區域: 417 x 207
2025-10-05 01:59:19 | INFO | f1.console |   車手1數據點: 500, 車手2數據點: 500
2025-10-05 01:59:19 | INFO | f1.console | [ACCEL_DEBUG] 繪製曲線:
2025-10-05 01:59:19 | INFO | f1.console |   距離範圍: 0.1 - 5393.3 (範圍: 5393.2)
2025-10-05 01:59:19 | INFO | f1.console |   加速度範圍: -37.23 - 23.95 (範圍: 61.18)
2025-10-05 01:59:19 | INFO | f1.console |   圖表區域: 417 x 207
2025-10-05 01:59:19 | INFO | f1.console |   車手1數據點: 500, 車手2數據點: 500
2025-10-05 01:59:19 | INFO | f1.console | [ACCEL_DEBUG] 繪製曲線:
2025-10-05 01:59:19 | INFO | f1.console |   距離範圍: 0.1 - 5393.3 (範圍: 5393.2)
2025-10-05 01:59:19 | INFO | f1.console |   加速度範圍: -37.23 - 23.95 (範圍: 61.18)
2025-10-05 01:59:19 | INFO | f1.console |   圖表區域: 417 x 207
2025-10-05 01:59:19 | INFO | f1.console |   車手1數據點: 500, 車手2數據點: 500
2025-10-05 01:59:19 | INFO | f1.console | [ACCEL_DEBUG] 繪製曲線:
2025-10-05 01:59:19 | INFO | f1.console |   距離範圍: 0.1 - 5393.3 (範圍: 5393.2)
2025-10-05 01:59:19 | INFO | f1.console |   加速度範圍: -37.23 - 23.95 (範圍: 61.18)
2025-10-05 01:59:19 | INFO | f1.console |   圖表區域: 417 x 207
2025-10-05 01:59:19 | INFO | f1.console |   車手1數據點: 500, 車手2數據點: 500
2025-10-05 01:59:19 | INFO | f1.console | [ACCEL_DEBUG] 繪製曲線:
2025-10-05 01:59:19 | INFO | f1.console |   距離範圍: 0.1 - 5393.3 (範圍: 5393.2)
2025-10-05 01:59:19 | INFO | f1.console |   加速度範圍: -37.23 - 23.95 (範圍: 61.18)
2025-10-05 01:59:19 | INFO | f1.console |   圖表區域: 417 x 207
2025-10-05 01:59:19 | INFO | f1.console |   車手1數據點: 500, 車手2數據點: 500
2025-10-05 01:59:19 | INFO | f1.console | [ACCEL_DEBUG] 繪製曲線:
2025-10-05 01:59:19 | INFO | f1.console |   距離範圍: 0.1 - 5393.3 (範圍: 5393.2)
2025-10-05 01:59:19 | INFO | f1.console |   加速度範圍: -37.23 - 23.95 (範圍: 61.18)
2025-10-05 01:59:19 | INFO | f1.console |   圖表區域: 417 x 207
2025-10-05 01:59:19 | INFO | f1.console |   車手1數據點: 500, 車手2數據點: 500
2025-10-05 01:59:19 | INFO | f1.console | [ACCEL_DEBUG] 繪製曲線:
2025-10-05 01:59:19 | INFO | f1.console |   距離範圍: 0.1 - 5393.3 (範圍: 5393.2)
2025-10-05 01:59:19 | INFO | f1.console |   加速度範圍: -37.23 - 23.95 (範圍: 61.18)
2025-10-05 01:59:19 | INFO | f1.console |   圖表區域: 417 x 207
2025-10-05 01:59:19 | INFO | f1.console |   車手1數據點: 500, 車手2數據點: 500
2025-10-05 01:59:19 | INFO | f1.console | [ACCEL_DEBUG] 繪製曲線:
2025-10-05 01:59:19 | INFO | f1.console |   距離範圍: 0.1 - 5393.3 (範圍: 5393.2)
2025-10-05 01:59:19 | INFO | f1.console |   加速度範圍: -37.23 - 23.95 (範圍: 61.18)
2025-10-05 01:59:19 | INFO | f1.console |   圖表區域: 417 x 207
2025-10-05 01:59:19 | INFO | f1.console |   車手1數據點: 500, 車手2數據點: 500
2025-10-05 01:59:19 | INFO | f1.console | [ACCEL_DEBUG] 繪製曲線:
2025-10-05 01:59:19 | INFO | f1.console |   距離範圍: 0.1 - 5393.3 (範圍: 5393.2)
2025-10-05 01:59:19 | INFO | f1.console |   加速度範圍: -37.23 - 23.95 (範圍: 61.18)
2025-10-05 01:59:19 | INFO | f1.console |   圖表區域: 417 x 207
2025-10-05 01:59:19 | INFO | f1.console |   車手1數據點: 500, 車手2數據點: 500
2025-10-05 01:59:19 | INFO | f1.console | [ACCEL_DEBUG] 繪製曲線:
2025-10-05 01:59:19 | INFO | f1.console |   距離範圍: 0.1 - 5393.3 (範圍: 5393.2)
2025-10-05 01:59:19 | INFO | f1.console |   加速度範圍: -37.23 - 23.95 (範圍: 61.18)
2025-10-05 01:59:19 | INFO | f1.console |   圖表區域: 417 x 207
2025-10-05 01:59:19 | INFO | f1.console |   車手1數據點: 500, 車手2數據點: 500
2025-10-05 01:59:20 | INFO | f1.console | [ACCEL_DEBUG] 繪製曲線:
2025-10-05 01:59:20 | INFO | f1.console |   距離範圍: 0.1 - 5393.3 (範圍: 5393.2)
2025-10-05 01:59:20 | INFO | f1.console |   加速度範圍: -37.23 - 23.95 (範圍: 61.18)
2025-10-05 01:59:20 | INFO | f1.console |   圖表區域: 417 x 207
2025-10-05 01:59:20 | INFO | f1.console |   車手1數據點: 500, 車手2數據點: 500
2025-10-05 01:59:20 | INFO | f1.console | [ACCEL_DEBUG] 繪製曲線:
2025-10-05 01:59:20 | INFO | f1.console |   距離範圍: 0.1 - 5393.3 (範圍: 5393.2)
2025-10-05 01:59:20 | INFO | f1.console |   加速度範圍: -37.23 - 23.95 (範圍: 61.18)
2025-10-05 01:59:20 | INFO | f1.console |   圖表區域: 417 x 207
2025-10-05 01:59:20 | INFO | f1.console |   車手1數據點: 500, 車手2數據點: 500
2025-10-05 01:59:20 | INFO | f1.console | [ACCEL_DEBUG] 繪製曲線:
2025-10-05 01:59:20 | INFO | f1.console |   距離範圍: 0.1 - 5393.3 (範圍: 5393.2)
2025-10-05 01:59:20 | INFO | f1.console |   加速度範圍: -37.23 - 23.95 (範圍: 61.18)
2025-10-05 01:59:20 | INFO | f1.console |   圖表區域: 417 x 207
2025-10-05 01:59:20 | INFO | f1.console |   車手1數據點: 500, 車手2數據點: 500
2025-10-05 01:59:20 | INFO | f1.console | [ACCEL_DEBUG] 繪製曲線:
2025-10-05 01:59:20 | INFO | f1.console |   距離範圍: 0.1 - 5393.3 (範圍: 5393.2)
2025-10-05 01:59:20 | INFO | f1.console |   加速度範圍: -37.23 - 23.95 (範圍: 61.18)
2025-10-05 01:59:20 | INFO | f1.console |   圖表區域: 417 x 207
2025-10-05 01:59:20 | INFO | f1.console |   車手1數據點: 500, 車手2數據點: 500
2025-10-05 01:59:20 | INFO | f1.console | [ACCEL_DEBUG] 繪製曲線:
2025-10-05 01:59:20 | INFO | f1.console |   距離範圍: 0.1 - 5393.3 (範圍: 5393.2)
2025-10-05 01:59:20 | INFO | f1.console |   加速度範圍: -37.23 - 23.95 (範圍: 61.18)
2025-10-05 01:59:20 | INFO | f1.console |   圖表區域: 417 x 207
2025-10-05 01:59:20 | INFO | f1.console |   車手1數據點: 500, 車手2數據點: 500
2025-10-05 01:59:20 | INFO | f1.console | [ACCEL_DEBUG] 繪製曲線:
2025-10-05 01:59:20 | INFO | f1.console |   距離範圍: 0.1 - 5393.3 (範圍: 5393.2)
2025-10-05 01:59:20 | INFO | f1.console |   加速度範圍: -37.23 - 23.95 (範圍: 61.18)
2025-10-05 01:59:20 | INFO | f1.console |   圖表區域: 417 x 207
2025-10-05 01:59:20 | INFO | f1.console |   車手1數據點: 500, 車手2數據點: 500
2025-10-05 01:59:20 | INFO | f1.console | [ACCEL_DEBUG] 繪製曲線:
2025-10-05 01:59:20 | INFO | f1.console |   距離範圍: 0.1 - 5393.3 (範圍: 5393.2)
2025-10-05 01:59:20 | INFO | f1.console |   加速度範圍: -37.23 - 23.95 (範圍: 61.18)
2025-10-05 01:59:20 | INFO | f1.console |   圖表區域: 417 x 207
2025-10-05 01:59:20 | INFO | f1.console |   車手1數據點: 500, 車手2數據點: 500
2025-10-05 01:59:20 | INFO | f1.console | [ACCEL_DEBUG] 繪製曲線:
2025-10-05 01:59:20 | INFO | f1.console |   距離範圍: 0.1 - 5393.3 (範圍: 5393.2)
2025-10-05 01:59:20 | INFO | f1.console |   加速度範圍: -37.23 - 23.95 (範圍: 61.18)
2025-10-05 01:59:20 | INFO | f1.console |   圖表區域: 417 x 207
2025-10-05 01:59:20 | INFO | f1.console |   車手1數據點: 500, 車手2數據點: 500
2025-10-05 01:59:20 | INFO | f1.console | [ACCEL_DEBUG] 繪製曲線:
2025-10-05 01:59:20 | INFO | f1.console |   距離範圍: 0.1 - 5393.3 (範圍: 5393.2)
2025-10-05 01:59:20 | INFO | f1.console |   加速度範圍: -37.23 - 23.95 (範圍: 61.18)
2025-10-05 01:59:20 | INFO | f1.console |   圖表區域: 417 x 207
2025-10-05 01:59:20 | INFO | f1.console |   車手1數據點: 500, 車手2數據點: 500
2025-10-05 01:59:20 | INFO | f1.console | [ACCEL_DEBUG] 繪製曲線:
2025-10-05 01:59:20 | INFO | f1.console |   距離範圍: 0.1 - 5393.3 (範圍: 5393.2)
2025-10-05 01:59:20 | INFO | f1.console |   加速度範圍: -37.23 - 23.95 (範圍: 61.18)
2025-10-05 01:59:20 | INFO | f1.console |   圖表區域: 417 x 207
2025-10-05 01:59:20 | INFO | f1.console |   車手1數據點: 500, 車手2數據點: 500
2025-10-05 01:59:20 | INFO | f1.console | [ACCEL_DEBUG] 繪製曲線:
2025-10-05 01:59:20 | INFO | f1.console |   距離範圍: 0.1 - 5393.3 (範圍: 5393.2)
2025-10-05 01:59:20 | INFO | f1.console |   加速度範圍: -37.23 - 23.95 (範圍: 61.18)
2025-10-05 01:59:20 | INFO | f1.console |   圖表區域: 417 x 207
2025-10-05 01:59:20 | INFO | f1.console |   車手1數據點: 500, 車手2數據點: 500
2025-10-05 01:59:20 | INFO | f1.console | [ACCEL_DEBUG] 繪製曲線:
2025-10-05 01:59:20 | INFO | f1.console |   距離範圍: 0.1 - 5393.3 (範圍: 5393.2)
2025-10-05 01:59:20 | INFO | f1.console |   加速度範圍: -37.23 - 23.95 (範圍: 61.18)
2025-10-05 01:59:20 | INFO | f1.console |   圖表區域: 417 x 207
2025-10-05 01:59:20 | INFO | f1.console |   車手1數據點: 500, 車手2數據點: 500
2025-10-05 01:59:20 | INFO | f1.console | [ACCEL_DEBUG] 繪製曲線:
2025-10-05 01:59:20 | INFO | f1.console |   距離範圍: 0.1 - 5393.3 (範圍: 5393.2)
2025-10-05 01:59:20 | INFO | f1.console |   加速度範圍: -37.23 - 23.95 (範圍: 61.18)
2025-10-05 01:59:20 | INFO | f1.console |   圖表區域: 417 x 207
2025-10-05 01:59:20 | INFO | f1.console |   車手1數據點: 500, 車手2數據點: 500
2025-10-05 01:59:20 | INFO | f1.console | [ACCEL_DEBUG] 繪製曲線:
2025-10-05 01:59:20 | INFO | f1.console |   距離範圍: 0.1 - 5393.3 (範圍: 5393.2)
2025-10-05 01:59:20 | INFO | f1.console |   加速度範圍: -37.23 - 23.95 (範圍: 61.18)
2025-10-05 01:59:20 | INFO | f1.console |   圖表區域: 417 x 207
2025-10-05 01:59:20 | INFO | f1.console |   車手1數據點: 500, 車手2數據點: 500
2025-10-05 01:59:20 | INFO | f1.console | [ACCEL_DEBUG] 繪製曲線:
2025-10-05 01:59:20 | INFO | f1.console |   距離範圍: 0.1 - 5393.3 (範圍: 5393.2)
2025-10-05 01:59:20 | INFO | f1.console |   加速度範圍: -37.23 - 23.95 (範圍: 61.18)
2025-10-05 01:59:20 | INFO | f1.console |   圖表區域: 417 x 207
2025-10-05 01:59:20 | INFO | f1.console |   車手1數據點: 500, 車手2數據點: 500
2025-10-05 01:59:20 | INFO | f1.console | [ACCEL_DEBUG] 繪製曲線:
2025-10-05 01:59:20 | INFO | f1.console |   距離範圍: 0.1 - 5393.3 (範圍: 5393.2)
2025-10-05 01:59:20 | INFO | f1.console |   加速度範圍: -37.23 - 23.95 (範圍: 61.18)
2025-10-05 01:59:20 | INFO | f1.console |   圖表區域: 417 x 207
2025-10-05 01:59:20 | INFO | f1.console |   車手1數據點: 500, 車手2數據點: 500
2025-10-05 01:59:20 | INFO | f1.console | [ACCEL_DEBUG] 繪製曲線:
2025-10-05 01:59:20 | INFO | f1.console |   距離範圍: 0.1 - 5393.3 (範圍: 5393.2)
2025-10-05 01:59:20 | INFO | f1.console |   加速度範圍: -37.23 - 23.95 (範圍: 61.18)
2025-10-05 01:59:20 | INFO | f1.console |   圖表區域: 417 x 207
2025-10-05 01:59:20 | INFO | f1.console |   車手1數據點: 500, 車手2數據點: 500
2025-10-05 01:59:20 | INFO | f1.console | [ACCEL_DEBUG] 繪製曲線:
2025-10-05 01:59:20 | INFO | f1.console |   距離範圍: 0.1 - 5393.3 (範圍: 5393.2)
2025-10-05 01:59:20 | INFO | f1.console |   加速度範圍: -37.23 - 23.95 (範圍: 61.18)
2025-10-05 01:59:20 | INFO | f1.console |   圖表區域: 417 x 207
2025-10-05 01:59:20 | INFO | f1.console |   車手1數據點: 500, 車手2數據點: 500
2025-10-05 01:59:20 | INFO | f1.console | [ACCEL_DEBUG] 繪製曲線:
2025-10-05 01:59:20 | INFO | f1.console |   距離範圍: 0.1 - 5393.3 (範圍: 5393.2)
2025-10-05 01:59:20 | INFO | f1.console |   加速度範圍: -37.23 - 23.95 (範圍: 61.18)
2025-10-05 01:59:20 | INFO | f1.console |   圖表區域: 417 x 207
2025-10-05 01:59:20 | INFO | f1.console |   車手1數據點: 500, 車手2數據點: 500
2025-10-05 01:59:20 | INFO | f1.console | [ACCEL_DEBUG] 繪製曲線:
2025-10-05 01:59:20 | INFO | f1.console |   距離範圍: 0.1 - 5393.3 (範圍: 5393.2)
2025-10-05 01:59:20 | INFO | f1.console |   加速度範圍: -37.23 - 23.95 (範圍: 61.18)
2025-10-05 01:59:20 | INFO | f1.console |   圖表區域: 417 x 207
2025-10-05 01:59:20 | INFO | f1.console |   車手1數據點: 500, 車手2數據點: 500
2025-10-05 01:59:20 | INFO | f1.console | [ACCEL_DEBUG] 繪製曲線:
2025-10-05 01:59:20 | INFO | f1.console |   距離範圍: 0.1 - 5393.3 (範圍: 5393.2)
2025-10-05 01:59:20 | INFO | f1.console |   加速度範圍: -37.23 - 23.95 (範圍: 61.18)
2025-10-05 01:59:20 | INFO | f1.console |   圖表區域: 417 x 207
2025-10-05 01:59:20 | INFO | f1.console |   車手1數據點: 500, 車手2數據點: 500
2025-10-05 01:59:20 | INFO | f1.console | [ACCEL_DEBUG] 繪製曲線:
2025-10-05 01:59:20 | INFO | f1.console |   距離範圍: 0.1 - 5393.3 (範圍: 5393.2)
2025-10-05 01:59:20 | INFO | f1.console |   加速度範圍: -37.23 - 23.95 (範圍: 61.18)
2025-10-05 01:59:20 | INFO | f1.console |   圖表區域: 417 x 207
2025-10-05 01:59:20 | INFO | f1.console |   車手1數據點: 500, 車手2數據點: 500
2025-10-05 01:59:20 | INFO | f1.console | [ACCEL_DEBUG] 繪製曲線:
2025-10-05 01:59:20 | INFO | f1.console |   距離範圍: 0.1 - 5393.3 (範圍: 5393.2)
2025-10-05 01:59:20 | INFO | f1.console |   加速度範圍: -37.23 - 23.95 (範圍: 61.18)
2025-10-05 01:59:20 | INFO | f1.console |   圖表區域: 417 x 207
2025-10-05 01:59:20 | INFO | f1.console |   車手1數據點: 500, 車手2數據點: 500
2025-10-05 01:59:20 | INFO | f1.console | [ACCEL_DEBUG] 繪製曲線:
2025-10-05 01:59:20 | INFO | f1.console |   距離範圍: 0.1 - 5393.3 (範圍: 5393.2)
2025-10-05 01:59:20 | INFO | f1.console |   加速度範圍: -37.23 - 23.95 (範圍: 61.18)
2025-10-05 01:59:20 | INFO | f1.console |   圖表區域: 417 x 207
2025-10-05 01:59:20 | INFO | f1.console |   車手1數據點: 500, 車手2數據點: 500
2025-10-05 01:59:20 | INFO | f1.console | [ACCEL_DEBUG] 繪製曲線:
2025-10-05 01:59:20 | INFO | f1.console |   距離範圍: 0.1 - 5393.3 (範圍: 5393.2)
2025-10-05 01:59:20 | INFO | f1.console |   加速度範圍: -37.23 - 23.95 (範圍: 61.18)
2025-10-05 01:59:20 | INFO | f1.console |   圖表區域: 417 x 207
2025-10-05 01:59:20 | INFO | f1.console |   車手1數據點: 500, 車手2數據點: 500
2025-10-05 01:59:20 | INFO | f1.console | [ACCEL_DEBUG] 繪製曲線:
2025-10-05 01:59:20 | INFO | f1.console |   距離範圍: 0.1 - 5393.3 (範圍: 5393.2)
2025-10-05 01:59:20 | INFO | f1.console |   加速度範圍: -37.23 - 23.95 (範圍: 61.18)
2025-10-05 01:59:20 | INFO | f1.console |   圖表區域: 417 x 207
2025-10-05 01:59:20 | INFO | f1.console |   車手1數據點: 500, 車手2數據點: 500
2025-10-05 01:59:20 | INFO | f1.console | [ACCEL_DEBUG] 繪製曲線:
2025-10-05 01:59:20 | INFO | f1.console |   距離範圍: 0.1 - 5393.3 (範圍: 5393.2)
2025-10-05 01:59:20 | INFO | f1.console |   加速度範圍: -37.23 - 23.95 (範圍: 61.18)
2025-10-05 01:59:20 | INFO | f1.console |   圖表區域: 417 x 207
2025-10-05 01:59:20 | INFO | f1.console |   車手1數據點: 500, 車手2數據點: 500
2025-10-05 01:59:20 | INFO | f1.console | [ACCEL_DEBUG] 繪製曲線:
2025-10-05 01:59:20 | INFO | f1.console |   距離範圍: 0.1 - 5393.3 (範圍: 5393.2)
2025-10-05 01:59:20 | INFO | f1.console |   加速度範圍: -37.23 - 23.95 (範圍: 61.18)
2025-10-05 01:59:20 | INFO | f1.console |   圖表區域: 417 x 207
2025-10-05 01:59:20 | INFO | f1.console |   車手1數據點: 500, 車手2數據點: 500
2025-10-05 01:59:20 | INFO | f1.console | [ACCEL_DEBUG] 繪製曲線:
2025-10-05 01:59:20 | INFO | f1.console |   距離範圍: 0.1 - 5393.3 (範圍: 5393.2)
2025-10-05 01:59:20 | INFO | f1.console |   加速度範圍: -37.23 - 23.95 (範圍: 61.18)
2025-10-05 01:59:20 | INFO | f1.console |   圖表區域: 417 x 207
2025-10-05 01:59:20 | INFO | f1.console |   車手1數據點: 500, 車手2數據點: 500
2025-10-05 01:59:20 | INFO | f1.console | [ACCEL_DEBUG] 繪製曲線:
2025-10-05 01:59:20 | INFO | f1.console |   距離範圍: 0.1 - 5393.3 (範圍: 5393.2)
2025-10-05 01:59:20 | INFO | f1.console |   加速度範圍: -37.23 - 23.95 (範圍: 61.18)
2025-10-05 01:59:20 | INFO | f1.console |   圖表區域: 417 x 207
2025-10-05 01:59:20 | INFO | f1.console |   車手1數據點: 500, 車手2數據點: 500
2025-10-05 01:59:20 | INFO | f1.console | [ACCEL_DEBUG] 繪製曲線:
2025-10-05 01:59:20 | INFO | f1.console |   距離範圍: 0.1 - 5393.3 (範圍: 5393.2)
2025-10-05 01:59:20 | INFO | f1.console |   加速度範圍: -37.23 - 23.95 (範圍: 61.18)
2025-10-05 01:59:20 | INFO | f1.console |   圖表區域: 417 x 207
2025-10-05 01:59:20 | INFO | f1.console |   車手1數據點: 500, 車手2數據點: 500
2025-10-05 01:59:20 | INFO | f1.console | [ACCEL_DEBUG] 繪製曲線:
2025-10-05 01:59:20 | INFO | f1.console |   距離範圍: 0.1 - 5393.3 (範圍: 5393.2)
2025-10-05 01:59:20 | INFO | f1.console |   加速度範圍: -37.23 - 23.95 (範圍: 61.18)
2025-10-05 01:59:20 | INFO | f1.console |   圖表區域: 417 x 207
2025-10-05 01:59:20 | INFO | f1.console |   車手1數據點: 500, 車手2數據點: 500
2025-10-05 01:59:20 | INFO | f1.console | [ACCEL_DEBUG] 繪製曲線:
2025-10-05 01:59:20 | INFO | f1.console |   距離範圍: 0.1 - 5393.3 (範圍: 5393.2)
2025-10-05 01:59:20 | INFO | f1.console |   加速度範圍: -37.23 - 23.95 (範圍: 61.18)
2025-10-05 01:59:20 | INFO | f1.console |   圖表區域: 417 x 207
2025-10-05 01:59:20 | INFO | f1.console |   車手1數據點: 500, 車手2數據點: 500
2025-10-05 01:59:20 | INFO | f1.console | [ACCEL_DEBUG] 繪製曲線:
2025-10-05 01:59:20 | INFO | f1.console |   距離範圍: 0.1 - 5393.3 (範圍: 5393.2)
2025-10-05 01:59:20 | INFO | f1.console |   加速度範圍: -37.23 - 23.95 (範圍: 61.18)
2025-10-05 01:59:20 | INFO | f1.console |   圖表區域: 417 x 207
2025-10-05 01:59:20 | INFO | f1.console |   車手1數據點: 500, 車手2數據點: 500
2025-10-05 01:59:20 | INFO | f1.console | [ACCEL_DEBUG] 繪製曲線:
2025-10-05 01:59:20 | INFO | f1.console |   距離範圍: 0.1 - 5393.3 (範圍: 5393.2)
2025-10-05 01:59:20 | INFO | f1.console |   加速度範圍: -37.23 - 23.95 (範圍: 61.18)
2025-10-05 01:59:20 | INFO | f1.console |   圖表區域: 417 x 207
2025-10-05 01:59:20 | INFO | f1.console |   車手1數據點: 500, 車手2數據點: 500
2025-10-05 01:59:20 | INFO | f1.console | [ACCEL_DEBUG] 繪製曲線:
2025-10-05 01:59:20 | INFO | f1.console |   距離範圍: 0.1 - 5393.3 (範圍: 5393.2)
2025-10-05 01:59:20 | INFO | f1.console |   加速度範圍: -37.23 - 23.95 (範圍: 61.18)
2025-10-05 01:59:20 | INFO | f1.console |   圖表區域: 417 x 207
2025-10-05 01:59:20 | INFO | f1.console |   車手1數據點: 500, 車手2數據點: 500
2025-10-05 01:59:20 | INFO | f1.console | [ACCEL_DEBUG] 繪製曲線:
2025-10-05 01:59:20 | INFO | f1.console |   距離範圍: 0.1 - 5393.3 (範圍: 5393.2)
2025-10-05 01:59:20 | INFO | f1.console |   加速度範圍: -37.23 - 23.95 (範圍: 61.18)
2025-10-05 01:59:20 | INFO | f1.console |   圖表區域: 417 x 207
2025-10-05 01:59:20 | INFO | f1.console |   車手1數據點: 500, 車手2數據點: 500
2025-10-05 01:59:20 | INFO | f1.console | [ACCEL_DEBUG] 繪製曲線:
2025-10-05 01:59:20 | INFO | f1.console |   距離範圍: 0.1 - 5393.3 (範圍: 5393.2)
2025-10-05 01:59:20 | INFO | f1.console |   加速度範圍: -37.23 - 23.95 (範圍: 61.18)
2025-10-05 01:59:20 | INFO | f1.console |   圖表區域: 417 x 207
2025-10-05 01:59:20 | INFO | f1.console |   車手1數據點: 500, 車手2數據點: 500
2025-10-05 01:59:20 | INFO | f1.console | [ACCEL_DEBUG] 繪製曲線:
2025-10-05 01:59:20 | INFO | f1.console |   距離範圍: 0.1 - 5393.3 (範圍: 5393.2)
2025-10-05 01:59:20 | INFO | f1.console |   加速度範圍: -37.23 - 23.95 (範圍: 61.18)
2025-10-05 01:59:20 | INFO | f1.console |   圖表區域: 417 x 207
2025-10-05 01:59:20 | INFO | f1.console |   車手1數據點: 500, 車手2數據點: 500
2025-10-05 01:59:20 | INFO | f1.console | [ACCEL_DEBUG] 繪製曲線:
2025-10-05 01:59:20 | INFO | f1.console |   距離範圍: 0.1 - 5393.3 (範圍: 5393.2)
2025-10-05 01:59:20 | INFO | f1.console |   加速度範圍: -37.23 - 23.95 (範圍: 61.18)
2025-10-05 01:59:20 | INFO | f1.console |   圖表區域: 417 x 207
2025-10-05 01:59:20 | INFO | f1.console |   車手1數據點: 500, 車手2數據點: 500
2025-10-05 01:59:20 | INFO | f1.console | [ACCEL_DEBUG] 繪製曲線:
2025-10-05 01:59:20 | INFO | f1.console |   距離範圍: 0.1 - 5393.3 (範圍: 5393.2)
2025-10-05 01:59:20 | INFO | f1.console |   加速度範圍: -37.23 - 23.95 (範圍: 61.18)
2025-10-05 01:59:20 | INFO | f1.console |   圖表區域: 417 x 207
2025-10-05 01:59:20 | INFO | f1.console |   車手1數據點: 500, 車手2數據點: 500
2025-10-05 01:59:20 | INFO | f1.console | [ACCEL_DEBUG] 繪製曲線:
2025-10-05 01:59:20 | INFO | f1.console |   距離範圍: 0.1 - 5393.3 (範圍: 5393.2)
2025-10-05 01:59:20 | INFO | f1.console |   加速度範圍: -37.23 - 23.95 (範圍: 61.18)
2025-10-05 01:59:20 | INFO | f1.console |   圖表區域: 417 x 207
2025-10-05 01:59:20 | INFO | f1.console |   車手1數據點: 500, 車手2數據點: 500
2025-10-05 01:59:20 | INFO | f1.console | [ACCEL_DEBUG] 繪製曲線:
2025-10-05 01:59:20 | INFO | f1.console |   距離範圍: 0.1 - 5393.3 (範圍: 5393.2)
2025-10-05 01:59:20 | INFO | f1.console |   加速度範圍: -37.23 - 23.95 (範圍: 61.18)
2025-10-05 01:59:20 | INFO | f1.console |   圖表區域: 417 x 207
2025-10-05 01:59:20 | INFO | f1.console |   車手1數據點: 500, 車手2數據點: 500
2025-10-05 01:59:20 | INFO | f1.console | [ACCEL_DEBUG] 繪製曲線:
2025-10-05 01:59:20 | INFO | f1.console |   距離範圍: 0.1 - 5393.3 (範圍: 5393.2)
2025-10-05 01:59:20 | INFO | f1.console |   加速度範圍: -37.23 - 23.95 (範圍: 61.18)
2025-10-05 01:59:20 | INFO | f1.console |   圖表區域: 417 x 207
2025-10-05 01:59:20 | INFO | f1.console |   車手1數據點: 500, 車手2數據點: 500
2025-10-05 01:59:20 | INFO | f1.console | [ACCEL_DEBUG] 繪製曲線:
2025-10-05 01:59:20 | INFO | f1.console |   距離範圍: 0.1 - 5393.3 (範圍: 5393.2)
2025-10-05 01:59:20 | INFO | f1.console |   加速度範圍: -37.23 - 23.95 (範圍: 61.18)
2025-10-05 01:59:20 | INFO | f1.console |   圖表區域: 417 x 207
2025-10-05 01:59:20 | INFO | f1.console |   車手1數據點: 500, 車手2數據點: 500
2025-10-05 01:59:20 | INFO | f1.console | [ACCEL_DEBUG] 繪製曲線:
2025-10-05 01:59:20 | INFO | f1.console |   距離範圍: 0.1 - 5393.3 (範圍: 5393.2)
2025-10-05 01:59:20 | INFO | f1.console |   加速度範圍: -37.23 - 23.95 (範圍: 61.18)
2025-10-05 01:59:20 | INFO | f1.console |   圖表區域: 417 x 207
2025-10-05 01:59:20 | INFO | f1.console |   車手1數據點: 500, 車手2數據點: 500
2025-10-05 01:59:20 | INFO | f1.console | [ACCEL_DEBUG] 繪製曲線:
2025-10-05 01:59:20 | INFO | f1.console |   距離範圍: 0.1 - 5393.3 (範圍: 5393.2)
2025-10-05 01:59:20 | INFO | f1.console |   加速度範圍: -37.23 - 23.95 (範圍: 61.18)
2025-10-05 01:59:20 | INFO | f1.console |   圖表區域: 417 x 207
2025-10-05 01:59:20 | INFO | f1.console |   車手1數據點: 500, 車手2數據點: 500
2025-10-05 01:59:20 | INFO | f1.console | [ACCEL_DEBUG] 繪製曲線:
2025-10-05 01:59:20 | INFO | f1.console |   距離範圍: 0.1 - 5393.3 (範圍: 5393.2)
2025-10-05 01:59:20 | INFO | f1.console |   加速度範圍: -37.23 - 23.95 (範圍: 61.18)
2025-10-05 01:59:20 | INFO | f1.console |   圖表區域: 417 x 207
2025-10-05 01:59:20 | INFO | f1.console |   車手1數據點: 500, 車手2數據點: 500
2025-10-05 01:59:20 | INFO | f1.console | [ACCEL_DEBUG] 繪製曲線:
2025-10-05 01:59:20 | INFO | f1.console |   距離範圍: 0.1 - 5393.3 (範圍: 5393.2)
2025-10-05 01:59:20 | INFO | f1.console |   加速度範圍: -37.23 - 23.95 (範圍: 61.18)
2025-10-05 01:59:20 | INFO | f1.console |   圖表區域: 417 x 207
2025-10-05 01:59:20 | INFO | f1.console |   車手1數據點: 500, 車手2數據點: 500
2025-10-05 01:59:20 | INFO | f1.console | [ACCEL_DEBUG] 繪製曲線:
2025-10-05 01:59:20 | INFO | f1.console |   距離範圍: 0.1 - 5393.3 (範圍: 5393.2)
2025-10-05 01:59:20 | INFO | f1.console |   加速度範圍: -37.23 - 23.95 (範圍: 61.18)
2025-10-05 01:59:20 | INFO | f1.console |   圖表區域: 417 x 207
2025-10-05 01:59:20 | INFO | f1.console |   車手1數據點: 500, 車手2數據點: 500
2025-10-05 01:59:20 | INFO | f1.console | [ACCEL_DEBUG] 繪製曲線:
2025-10-05 01:59:20 | INFO | f1.console |   距離範圍: 0.1 - 5393.3 (範圍: 5393.2)
2025-10-05 01:59:20 | INFO | f1.console |   加速度範圍: -37.23 - 23.95 (範圍: 61.18)
2025-10-05 01:59:20 | INFO | f1.console |   圖表區域: 417 x 207
2025-10-05 01:59:20 | INFO | f1.console |   車手1數據點: 500, 車手2數據點: 500
2025-10-05 01:59:20 | INFO | f1.console | [ACCEL_DEBUG] 繪製曲線:
2025-10-05 01:59:20 | INFO | f1.console |   距離範圍: 0.1 - 5393.3 (範圍: 5393.2)
2025-10-05 01:59:20 | INFO | f1.console |   加速度範圍: -37.23 - 23.95 (範圍: 61.18)
2025-10-05 01:59:20 | INFO | f1.console |   圖表區域: 417 x 207
2025-10-05 01:59:20 | INFO | f1.console |   車手1數據點: 500, 車手2數據點: 500
2025-10-05 01:59:21 | INFO | f1.console | [ACCEL_DEBUG] 繪製曲線:
2025-10-05 01:59:21 | INFO | f1.console |   距離範圍: 0.1 - 5393.3 (範圍: 5393.2)
2025-10-05 01:59:21 | INFO | f1.console |   加速度範圍: -37.23 - 23.95 (範圍: 61.18)
2025-10-05 01:59:21 | INFO | f1.console |   圖表區域: 417 x 207
2025-10-05 01:59:21 | INFO | f1.console |   車手1數據點: 500, 車手2數據點: 500
2025-10-05 01:59:21 | INFO | f1.console | [ACCEL_DEBUG] 繪製曲線:
2025-10-05 01:59:21 | INFO | f1.console |   距離範圍: 0.1 - 5393.3 (範圍: 5393.2)
2025-10-05 01:59:21 | INFO | f1.console |   加速度範圍: -37.23 - 23.95 (範圍: 61.18)
2025-10-05 01:59:21 | INFO | f1.console |   圖表區域: 417 x 207
2025-10-05 01:59:21 | INFO | f1.console |   車手1數據點: 500, 車手2數據點: 500
2025-10-05 01:59:21 | INFO | f1.console | [ACCEL_DEBUG] 繪製曲線:
2025-10-05 01:59:21 | INFO | f1.console |   距離範圍: 0.1 - 5393.3 (範圍: 5393.2)
2025-10-05 01:59:21 | INFO | f1.console |   加速度範圍: -37.23 - 23.95 (範圍: 61.18)
2025-10-05 01:59:21 | INFO | f1.console |   圖表區域: 417 x 207
2025-10-05 01:59:21 | INFO | f1.console |   車手1數據點: 500, 車手2數據點: 500
2025-10-05 01:59:21 | INFO | f1.console | [ACCEL_DEBUG] 繪製曲線:
2025-10-05 01:59:21 | INFO | f1.console |   距離範圍: 0.1 - 5393.3 (範圍: 5393.2)
2025-10-05 01:59:21 | INFO | f1.console |   加速度範圍: -37.23 - 23.95 (範圍: 61.18)
2025-10-05 01:59:21 | INFO | f1.console |   圖表區域: 417 x 207
2025-10-05 01:59:21 | INFO | f1.console |   車手1數據點: 500, 車手2數據點: 500
2025-10-05 01:59:21 | INFO | f1.console | [ACCEL_DEBUG] 繪製曲線:
2025-10-05 01:59:21 | INFO | f1.console |   距離範圍: 0.1 - 5393.3 (範圍: 5393.2)
2025-10-05 01:59:21 | INFO | f1.console |   加速度範圍: -37.23 - 23.95 (範圍: 61.18)
2025-10-05 01:59:21 | INFO | f1.console |   圖表區域: 417 x 207
2025-10-05 01:59:21 | INFO | f1.console |   車手1數據點: 500, 車手2數據點: 500
2025-10-05 01:59:21 | INFO | f1.console | [ACCEL_DEBUG] 繪製曲線:
2025-10-05 01:59:21 | INFO | f1.console |   距離範圍: 0.1 - 5393.3 (範圍: 5393.2)
2025-10-05 01:59:21 | INFO | f1.console |   加速度範圍: -37.23 - 23.95 (範圍: 61.18)
2025-10-05 01:59:21 | INFO | f1.console |   圖表區域: 417 x 207
2025-10-05 01:59:21 | INFO | f1.console |   車手1數據點: 500, 車手2數據點: 500
2025-10-05 01:59:21 | INFO | f1.console | [ACCEL_DEBUG] 繪製曲線:
2025-10-05 01:59:21 | INFO | f1.console |   距離範圍: 0.1 - 5393.3 (範圍: 5393.2)
2025-10-05 01:59:21 | INFO | f1.console |   加速度範圍: -37.23 - 23.95 (範圍: 61.18)
2025-10-05 01:59:21 | INFO | f1.console |   圖表區域: 417 x 207
2025-10-05 01:59:21 | INFO | f1.console |   車手1數據點: 500, 車手2數據點: 500
2025-10-05 01:59:21 | INFO | f1.console | [ACCEL_DEBUG] 繪製曲線:
2025-10-05 01:59:21 | INFO | f1.console |   距離範圍: 0.1 - 5393.3 (範圍: 5393.2)
2025-10-05 01:59:21 | INFO | f1.console |   加速度範圍: -37.23 - 23.95 (範圍: 61.18)
2025-10-05 01:59:21 | INFO | f1.console |   圖表區域: 417 x 207
2025-10-05 01:59:21 | INFO | f1.console |   車手1數據點: 500, 車手2數據點: 500
2025-10-05 01:59:21 | INFO | f1.console | [ACCEL_DEBUG] 繪製曲線:
2025-10-05 01:59:21 | INFO | f1.console |   距離範圍: 0.1 - 5393.3 (範圍: 5393.2)
2025-10-05 01:59:21 | INFO | f1.console |   加速度範圍: -37.23 - 23.95 (範圍: 61.18)
2025-10-05 01:59:21 | INFO | f1.console |   圖表區域: 417 x 207
2025-10-05 01:59:21 | INFO | f1.console |   車手1數據點: 500, 車手2數據點: 500
2025-10-05 01:59:21 | INFO | f1.console | [ACCEL_DEBUG] 繪製曲線:
2025-10-05 01:59:21 | INFO | f1.console |   距離範圍: 0.1 - 5393.3 (範圍: 5393.2)
2025-10-05 01:59:21 | INFO | f1.console |   加速度範圍: -37.23 - 23.95 (範圍: 61.18)
2025-10-05 01:59:21 | INFO | f1.console |   圖表區域: 417 x 207
2025-10-05 01:59:21 | INFO | f1.console |   車手1數據點: 500, 車手2數據點: 500
2025-10-05 01:59:21 | INFO | f1.console | [ACCEL_DEBUG] 繪製曲線:
2025-10-05 01:59:21 | INFO | f1.console |   距離範圍: 0.1 - 5393.3 (範圍: 5393.2)
2025-10-05 01:59:21 | INFO | f1.console |   加速度範圍: -37.23 - 23.95 (範圍: 61.18)
2025-10-05 01:59:21 | INFO | f1.console |   圖表區域: 417 x 207
2025-10-05 01:59:21 | INFO | f1.console |   車手1數據點: 500, 車手2數據點: 500
2025-10-05 01:59:21 | INFO | f1.console | [ACCEL_DEBUG] 繪製曲線:
2025-10-05 01:59:21 | INFO | f1.console |   距離範圍: 0.1 - 5393.3 (範圍: 5393.2)
2025-10-05 01:59:21 | INFO | f1.console |   加速度範圍: -37.23 - 23.95 (範圍: 61.18)
2025-10-05 01:59:21 | INFO | f1.console |   圖表區域: 417 x 207
2025-10-05 01:59:21 | INFO | f1.console |   車手1數據點: 500, 車手2數據點: 500
2025-10-05 01:59:21 | INFO | f1.console | [ACCEL_DEBUG] 繪製曲線:
2025-10-05 01:59:21 | INFO | f1.console |   距離範圍: 0.1 - 5393.3 (範圍: 5393.2)
2025-10-05 01:59:21 | INFO | f1.console |   加速度範圍: -37.23 - 23.95 (範圍: 61.18)
2025-10-05 01:59:21 | INFO | f1.console |   圖表區域: 417 x 207
2025-10-05 01:59:21 | INFO | f1.console |   車手1數據點: 500, 車手2數據點: 500
2025-10-05 01:59:21 | INFO | f1.console | [ACCEL_DEBUG] 繪製曲線:
2025-10-05 01:59:21 | INFO | f1.console |   距離範圍: 0.1 - 5393.3 (範圍: 5393.2)
2025-10-05 01:59:21 | INFO | f1.console |   加速度範圍: -37.23 - 23.95 (範圍: 61.18)
2025-10-05 01:59:21 | INFO | f1.console |   圖表區域: 417 x 207
2025-10-05 01:59:21 | INFO | f1.console |   車手1數據點: 500, 車手2數據點: 500
2025-10-05 01:59:21 | INFO | f1.console | [ACCEL_DEBUG] 繪製曲線:
2025-10-05 01:59:21 | INFO | f1.console |   距離範圍: 0.1 - 5393.3 (範圍: 5393.2)
2025-10-05 01:59:21 | INFO | f1.console |   加速度範圍: -37.23 - 23.95 (範圍: 61.18)
2025-10-05 01:59:21 | INFO | f1.console |   圖表區域: 417 x 207
2025-10-05 01:59:21 | INFO | f1.console |   車手1數據點: 500, 車手2數據點: 500
2025-10-05 01:59:21 | INFO | f1.console | [ACCEL_DEBUG] 繪製曲線:
2025-10-05 01:59:21 | INFO | f1.console |   距離範圍: 0.1 - 5393.3 (範圍: 5393.2)
2025-10-05 01:59:21 | INFO | f1.console |   加速度範圍: -37.23 - 23.95 (範圍: 61.18)
2025-10-05 01:59:21 | INFO | f1.console |   圖表區域: 417 x 207
2025-10-05 01:59:21 | INFO | f1.console |   車手1數據點: 500, 車手2數據點: 500
2025-10-05 01:59:21 | INFO | f1.console | [ACCEL_DEBUG] 繪製曲線:
2025-10-05 01:59:21 | INFO | f1.console |   距離範圍: 0.1 - 5393.3 (範圍: 5393.2)
2025-10-05 01:59:21 | INFO | f1.console |   加速度範圍: -37.23 - 23.95 (範圍: 61.18)
2025-10-05 01:59:21 | INFO | f1.console |   圖表區域: 417 x 207
2025-10-05 01:59:21 | INFO | f1.console |   車手1數據點: 500, 車手2數據點: 500
2025-10-05 01:59:21 | INFO | f1.console | [ACCEL_DEBUG] 繪製曲線:
2025-10-05 01:59:21 | INFO | f1.console |   距離範圍: 0.1 - 5393.3 (範圍: 5393.2)
2025-10-05 01:59:21 | INFO | f1.console |   加速度範圍: -37.23 - 23.95 (範圍: 61.18)
2025-10-05 01:59:21 | INFO | f1.console |   圖表區域: 417 x 207
2025-10-05 01:59:21 | INFO | f1.console |   車手1數據點: 500, 車手2數據點: 500
2025-10-05 01:59:21 | INFO | f1.console | [ACCEL_DEBUG] 繪製曲線:
2025-10-05 01:59:21 | INFO | f1.console |   距離範圍: 0.1 - 5393.3 (範圍: 5393.2)
2025-10-05 01:59:21 | INFO | f1.console |   加速度範圍: -37.23 - 23.95 (範圍: 61.18)
2025-10-05 01:59:21 | INFO | f1.console |   圖表區域: 417 x 207
2025-10-05 01:59:21 | INFO | f1.console |   車手1數據點: 500, 車手2數據點: 500
2025-10-05 01:59:21 | INFO | f1.console | [ACCEL_DEBUG] 繪製曲線:
2025-10-05 01:59:21 | INFO | f1.console |   距離範圍: 0.1 - 5393.3 (範圍: 5393.2)
2025-10-05 01:59:21 | INFO | f1.console |   加速度範圍: -37.23 - 23.95 (範圍: 61.18)
2025-10-05 01:59:21 | INFO | f1.console |   圖表區域: 417 x 207
2025-10-05 01:59:21 | INFO | f1.console |   車手1數據點: 500, 車手2數據點: 500
2025-10-05 01:59:21 | INFO | f1.console | [ACCEL_DEBUG] 繪製曲線:
2025-10-05 01:59:21 | INFO | f1.console |   距離範圍: 0.1 - 5393.3 (範圍: 5393.2)
2025-10-05 01:59:21 | INFO | f1.console |   加速度範圍: -37.23 - 23.95 (範圍: 61.18)
2025-10-05 01:59:21 | INFO | f1.console |   圖表區域: 417 x 207
2025-10-05 01:59:21 | INFO | f1.console |   車手1數據點: 500, 車手2數據點: 500
2025-10-05 01:59:21 | INFO | f1.console | [ACCEL_DEBUG] 繪製曲線:
2025-10-05 01:59:21 | INFO | f1.console |   距離範圍: 0.1 - 5393.3 (範圍: 5393.2)
2025-10-05 01:59:21 | INFO | f1.console |   加速度範圍: -37.23 - 23.95 (範圍: 61.18)
2025-10-05 01:59:21 | INFO | f1.console |   圖表區域: 417 x 207
2025-10-05 01:59:21 | INFO | f1.console |   車手1數據點: 500, 車手2數據點: 500
2025-10-05 01:59:21 | INFO | f1.console | [ACCEL_DEBUG] 繪製曲線:
2025-10-05 01:59:21 | INFO | f1.console |   距離範圍: 0.1 - 5393.3 (範圍: 5393.2)
2025-10-05 01:59:21 | INFO | f1.console |   加速度範圍: -37.23 - 23.95 (範圍: 61.18)
2025-10-05 01:59:21 | INFO | f1.console |   圖表區域: 417 x 207
2025-10-05 01:59:21 | INFO | f1.console |   車手1數據點: 500, 車手2數據點: 500
2025-10-05 01:59:21 | INFO | f1.console | [ACCEL_DEBUG] 繪製曲線:
2025-10-05 01:59:21 | INFO | f1.console |   距離範圍: 0.1 - 5393.3 (範圍: 5393.2)
2025-10-05 01:59:21 | INFO | f1.console |   加速度範圍: -37.23 - 23.95 (範圍: 61.18)
2025-10-05 01:59:21 | INFO | f1.console |   圖表區域: 417 x 207
2025-10-05 01:59:21 | INFO | f1.console |   車手1數據點: 500, 車手2數據點: 500
2025-10-05 01:59:21 | INFO | f1.console | [ACCEL_DEBUG] 繪製曲線:
2025-10-05 01:59:21 | INFO | f1.console |   距離範圍: 0.1 - 5393.3 (範圍: 5393.2)
2025-10-05 01:59:21 | INFO | f1.console |   加速度範圍: -37.23 - 23.95 (範圍: 61.18)
2025-10-05 01:59:21 | INFO | f1.console |   圖表區域: 417 x 207
2025-10-05 01:59:21 | INFO | f1.console |   車手1數據點: 500, 車手2數據點: 500
2025-10-05 01:59:21 | INFO | f1.console | [ACCEL_DEBUG] 繪製曲線:
2025-10-05 01:59:21 | INFO | f1.console |   距離範圍: 0.1 - 5393.3 (範圍: 5393.2)
2025-10-05 01:59:21 | INFO | f1.console |   加速度範圍: -37.23 - 23.95 (範圍: 61.18)
2025-10-05 01:59:21 | INFO | f1.console |   圖表區域: 417 x 207
2025-10-05 01:59:21 | INFO | f1.console |   車手1數據點: 500, 車手2數據點: 500
2025-10-05 01:59:21 | INFO | f1.console | [ACCEL_DEBUG] 繪製曲線:
2025-10-05 01:59:21 | INFO | f1.console |   距離範圍: 0.1 - 5393.3 (範圍: 5393.2)
2025-10-05 01:59:21 | INFO | f1.console |   加速度範圍: -37.23 - 23.95 (範圍: 61.18)
2025-10-05 01:59:21 | INFO | f1.console |   圖表區域: 417 x 207
2025-10-05 01:59:21 | INFO | f1.console |   車手1數據點: 500, 車手2數據點: 500
2025-10-05 01:59:21 | INFO | f1.console | [ACCEL_DEBUG] 繪製曲線:
2025-10-05 01:59:21 | INFO | f1.console |   距離範圍: 0.1 - 5393.3 (範圍: 5393.2)
2025-10-05 01:59:21 | INFO | f1.console |   加速度範圍: -37.23 - 23.95 (範圍: 61.18)
2025-10-05 01:59:21 | INFO | f1.console |   圖表區域: 417 x 207
2025-10-05 01:59:21 | INFO | f1.console |   車手1數據點: 500, 車手2數據點: 500
2025-10-05 01:59:21 | INFO | f1.console | [ACCEL_DEBUG] 繪製曲線:
2025-10-05 01:59:21 | INFO | f1.console |   距離範圍: 0.1 - 5393.3 (範圍: 5393.2)
2025-10-05 01:59:21 | INFO | f1.console |   加速度範圍: -37.23 - 23.95 (範圍: 61.18)
2025-10-05 01:59:21 | INFO | f1.console |   圖表區域: 417 x 207
2025-10-05 01:59:21 | INFO | f1.console |   車手1數據點: 500, 車手2數據點: 500
2025-10-05 01:59:21 | INFO | f1.console | [ACCEL_DEBUG] 繪製曲線:
2025-10-05 01:59:21 | INFO | f1.console |   距離範圍: 0.1 - 5393.3 (範圍: 5393.2)
2025-10-05 01:59:21 | INFO | f1.console |   加速度範圍: -37.23 - 23.95 (範圍: 61.18)
2025-10-05 01:59:21 | INFO | f1.console |   圖表區域: 417 x 207
2025-10-05 01:59:21 | INFO | f1.console |   車手1數據點: 500, 車手2數據點: 500
2025-10-05 01:59:21 | INFO | f1.console | [ACCEL_DEBUG] 繪製曲線:
2025-10-05 01:59:21 | INFO | f1.console |   距離範圍: 0.1 - 5393.3 (範圍: 5393.2)
2025-10-05 01:59:21 | INFO | f1.console |   加速度範圍: -37.23 - 23.95 (範圍: 61.18)
2025-10-05 01:59:21 | INFO | f1.console |   圖表區域: 417 x 207
2025-10-05 01:59:21 | INFO | f1.console |   車手1數據點: 500, 車手2數據點: 500
2025-10-05 01:59:22 | INFO | f1.console | [ACCEL_DEBUG] 繪製曲線:
2025-10-05 01:59:22 | INFO | f1.console |   距離範圍: 0.1 - 5393.3 (範圍: 5393.2)
2025-10-05 01:59:22 | INFO | f1.console |   加速度範圍: -37.23 - 23.95 (範圍: 61.18)
2025-10-05 01:59:22 | INFO | f1.console |   圖表區域: 417 x 207
2025-10-05 01:59:22 | INFO | f1.console |   車手1數據點: 500, 車手2數據點: 500
2025-10-05 01:59:22 | INFO | f1.console | [ACCEL_DEBUG] 繪製曲線:
2025-10-05 01:59:22 | INFO | f1.console |   距離範圍: 0.1 - 5393.3 (範圍: 5393.2)
2025-10-05 01:59:22 | INFO | f1.console |   加速度範圍: -37.23 - 23.95 (範圍: 61.18)
2025-10-05 01:59:22 | INFO | f1.console |   圖表區域: 417 x 207
2025-10-05 01:59:22 | INFO | f1.console |   車手1數據點: 500, 車手2數據點: 500
2025-10-05 01:59:22 | INFO | f1.console | [ACCEL_DEBUG] 繪製曲線:
2025-10-05 01:59:22 | INFO | f1.console |   距離範圍: 0.1 - 5393.3 (範圍: 5393.2)
2025-10-05 01:59:22 | INFO | f1.console |   加速度範圍: -37.23 - 23.95 (範圍: 61.18)
2025-10-05 01:59:22 | INFO | f1.console |   圖表區域: 417 x 207
2025-10-05 01:59:22 | INFO | f1.console |   車手1數據點: 500, 車手2數據點: 500
2025-10-05 01:59:22 | INFO | f1.console | [ACCEL_DEBUG] 繪製曲線:
2025-10-05 01:59:22 | INFO | f1.console |   距離範圍: 0.1 - 5393.3 (範圍: 5393.2)
2025-10-05 01:59:22 | INFO | f1.console |   加速度範圍: -37.23 - 23.95 (範圍: 61.18)
2025-10-05 01:59:22 | INFO | f1.console |   圖表區域: 417 x 207
2025-10-05 01:59:22 | INFO | f1.console |   車手1數據點: 500, 車手2數據點: 500
2025-10-05 01:59:22 | INFO | f1.console | [ACCEL_DEBUG] 繪製曲線:
2025-10-05 01:59:22 | INFO | f1.console |   距離範圍: 0.1 - 5393.3 (範圍: 5393.2)
2025-10-05 01:59:22 | INFO | f1.console |   加速度範圍: -37.23 - 23.95 (範圍: 61.18)
2025-10-05 01:59:22 | INFO | f1.console |   圖表區域: 417 x 207
2025-10-05 01:59:22 | INFO | f1.console |   車手1數據點: 500, 車手2數據點: 500
2025-10-05 01:59:22 | INFO | f1.console | [ACCEL_DEBUG] 繪製曲線:
2025-10-05 01:59:22 | INFO | f1.console |   距離範圍: 0.1 - 5393.3 (範圍: 5393.2)
2025-10-05 01:59:22 | INFO | f1.console |   加速度範圍: -37.23 - 23.95 (範圍: 61.18)
2025-10-05 01:59:22 | INFO | f1.console |   圖表區域: 417 x 207
2025-10-05 01:59:22 | INFO | f1.console |   車手1數據點: 500, 車手2數據點: 500
2025-10-05 01:59:22 | INFO | f1.console | [ACCEL_DEBUG] 繪製曲線:
2025-10-05 01:59:22 | INFO | f1.console |   距離範圍: 0.1 - 5393.3 (範圍: 5393.2)
2025-10-05 01:59:22 | INFO | f1.console |   加速度範圍: -37.23 - 23.95 (範圍: 61.18)
2025-10-05 01:59:22 | INFO | f1.console |   圖表區域: 417 x 207
2025-10-05 01:59:22 | INFO | f1.console |   車手1數據點: 500, 車手2數據點: 500
2025-10-05 01:59:22 | INFO | f1.console | [ACCEL_DEBUG] 繪製曲線:
2025-10-05 01:59:22 | INFO | f1.console |   距離範圍: 0.1 - 5393.3 (範圍: 5393.2)
2025-10-05 01:59:22 | INFO | f1.console |   加速度範圍: -37.23 - 23.95 (範圍: 61.18)
2025-10-05 01:59:22 | INFO | f1.console |   圖表區域: 417 x 207
2025-10-05 01:59:22 | INFO | f1.console |   車手1數據點: 500, 車手2數據點: 500
2025-10-05 01:59:22 | INFO | f1.console | [ACCEL_DEBUG] 繪製曲線:
2025-10-05 01:59:22 | INFO | f1.console |   距離範圍: 0.1 - 5393.3 (範圍: 5393.2)
2025-10-05 01:59:22 | INFO | f1.console |   加速度範圍: -37.23 - 23.95 (範圍: 61.18)
2025-10-05 01:59:22 | INFO | f1.console |   圖表區域: 417 x 207
2025-10-05 01:59:22 | INFO | f1.console |   車手1數據點: 500, 車手2數據點: 500
2025-10-05 01:59:22 | INFO | f1.console | [ACCEL_DEBUG] 繪製曲線:
2025-10-05 01:59:22 | INFO | f1.console |   距離範圍: 0.1 - 5393.3 (範圍: 5393.2)
2025-10-05 01:59:22 | INFO | f1.console |   加速度範圍: -37.23 - 23.95 (範圍: 61.18)
2025-10-05 01:59:22 | INFO | f1.console |   圖表區域: 417 x 207
2025-10-05 01:59:22 | INFO | f1.console |   車手1數據點: 500, 車手2數據點: 500
2025-10-05 01:59:22 | INFO | f1.console | [ACCEL_DEBUG] 繪製曲線:
2025-10-05 01:59:22 | INFO | f1.console |   距離範圍: 0.1 - 5393.3 (範圍: 5393.2)
2025-10-05 01:59:22 | INFO | f1.console |   加速度範圍: -37.23 - 23.95 (範圍: 61.18)
2025-10-05 01:59:22 | INFO | f1.console |   圖表區域: 417 x 207
2025-10-05 01:59:22 | INFO | f1.console |   車手1數據點: 500, 車手2數據點: 500
2025-10-05 01:59:22 | INFO | f1.console | [ACCEL_DEBUG] 繪製曲線:
2025-10-05 01:59:22 | INFO | f1.console |   距離範圍: 0.1 - 5393.3 (範圍: 5393.2)
2025-10-05 01:59:22 | INFO | f1.console |   加速度範圍: -37.23 - 23.95 (範圍: 61.18)
2025-10-05 01:59:22 | INFO | f1.console |   圖表區域: 417 x 207
2025-10-05 01:59:22 | INFO | f1.console |   車手1數據點: 500, 車手2數據點: 500
2025-10-05 01:59:22 | INFO | f1.console | [ACCEL_DEBUG] 繪製曲線:
2025-10-05 01:59:22 | INFO | f1.console |   距離範圍: 0.1 - 5393.3 (範圍: 5393.2)
2025-10-05 01:59:22 | INFO | f1.console |   加速度範圍: -37.23 - 23.95 (範圍: 61.18)
2025-10-05 01:59:22 | INFO | f1.console |   圖表區域: 417 x 207
2025-10-05 01:59:22 | INFO | f1.console |   車手1數據點: 500, 車手2數據點: 500
2025-10-05 01:59:22 | INFO | f1.console | [ACCEL_DEBUG] 繪製曲線:
2025-10-05 01:59:22 | INFO | f1.console |   距離範圍: 0.1 - 5393.3 (範圍: 5393.2)
2025-10-05 01:59:22 | INFO | f1.console |   加速度範圍: -37.23 - 23.95 (範圍: 61.18)
2025-10-05 01:59:22 | INFO | f1.console |   圖表區域: 417 x 207
2025-10-05 01:59:22 | INFO | f1.console |   車手1數據點: 500, 車手2數據點: 500
2025-10-05 01:59:22 | INFO | f1.console | [ACCEL_DEBUG] 繪製曲線:
2025-10-05 01:59:22 | INFO | f1.console |   距離範圍: 0.1 - 5393.3 (範圍: 5393.2)
2025-10-05 01:59:22 | INFO | f1.console |   加速度範圍: -37.23 - 23.95 (範圍: 61.18)
2025-10-05 01:59:22 | INFO | f1.console |   圖表區域: 417 x 207
2025-10-05 01:59:22 | INFO | f1.console |   車手1數據點: 500, 車手2數據點: 500
2025-10-05 01:59:22 | INFO | f1.console | [ACCEL_DEBUG] 繪製曲線:
2025-10-05 01:59:22 | INFO | f1.console |   距離範圍: 0.1 - 5393.3 (範圍: 5393.2)
2025-10-05 01:59:22 | INFO | f1.console |   加速度範圍: -37.23 - 23.95 (範圍: 61.18)
2025-10-05 01:59:22 | INFO | f1.console |   圖表區域: 417 x 207
2025-10-05 01:59:22 | INFO | f1.console |   車手1數據點: 500, 車手2數據點: 500
2025-10-05 01:59:22 | INFO | f1.console | [ACCEL_DEBUG] 繪製曲線:
2025-10-05 01:59:22 | INFO | f1.console |   距離範圍: 0.1 - 5393.3 (範圍: 5393.2)
2025-10-05 01:59:22 | INFO | f1.console |   加速度範圍: -37.23 - 23.95 (範圍: 61.18)
2025-10-05 01:59:22 | INFO | f1.console |   圖表區域: 417 x 207
2025-10-05 01:59:22 | INFO | f1.console |   車手1數據點: 500, 車手2數據點: 500
2025-10-05 01:59:22 | INFO | f1.console | [ACCEL_DEBUG] 繪製曲線:
2025-10-05 01:59:22 | INFO | f1.console |   距離範圍: 0.1 - 5393.3 (範圍: 5393.2)
2025-10-05 01:59:22 | INFO | f1.console |   加速度範圍: -37.23 - 23.95 (範圍: 61.18)
2025-10-05 01:59:22 | INFO | f1.console |   圖表區域: 417 x 207
2025-10-05 01:59:22 | INFO | f1.console |   車手1數據點: 500, 車手2數據點: 500
2025-10-05 01:59:22 | INFO | f1.console | [ACCEL_DEBUG] 繪製曲線:
2025-10-05 01:59:22 | INFO | f1.console |   距離範圍: 0.1 - 5393.3 (範圍: 5393.2)
2025-10-05 01:59:22 | INFO | f1.console |   加速度範圍: -37.23 - 23.95 (範圍: 61.18)
2025-10-05 01:59:22 | INFO | f1.console |   圖表區域: 417 x 207
2025-10-05 01:59:22 | INFO | f1.console |   車手1數據點: 500, 車手2數據點: 500
2025-10-05 01:59:22 | INFO | f1.console | [ACCEL_DEBUG] 繪製曲線:
2025-10-05 01:59:22 | INFO | f1.console |   距離範圍: 0.1 - 5393.3 (範圍: 5393.2)
2025-10-05 01:59:22 | INFO | f1.console |   加速度範圍: -37.23 - 23.95 (範圍: 61.18)
2025-10-05 01:59:22 | INFO | f1.console |   圖表區域: 417 x 207
2025-10-05 01:59:22 | INFO | f1.console |   車手1數據點: 500, 車手2數據點: 500
2025-10-05 01:59:22 | INFO | f1.console | [ACCEL_DEBUG] 繪製曲線:
2025-10-05 01:59:22 | INFO | f1.console |   距離範圍: 0.1 - 5393.3 (範圍: 5393.2)
2025-10-05 01:59:22 | INFO | f1.console |   加速度範圍: -37.23 - 23.95 (範圍: 61.18)
2025-10-05 01:59:22 | INFO | f1.console |   圖表區域: 417 x 207
2025-10-05 01:59:22 | INFO | f1.console |   車手1數據點: 500, 車手2數據點: 500
2025-10-05 01:59:22 | INFO | f1.console | [ACCEL_DEBUG] 繪製曲線:
2025-10-05 01:59:22 | INFO | f1.console |   距離範圍: 0.1 - 5393.3 (範圍: 5393.2)
2025-10-05 01:59:22 | INFO | f1.console |   加速度範圍: -37.23 - 23.95 (範圍: 61.18)
2025-10-05 01:59:22 | INFO | f1.console |   圖表區域: 417 x 207
2025-10-05 01:59:22 | INFO | f1.console |   車手1數據點: 500, 車手2數據點: 500
2025-10-05 01:59:22 | INFO | f1.console | [ACCEL_DEBUG] 繪製曲線:
2025-10-05 01:59:22 | INFO | f1.console |   距離範圍: 0.1 - 5393.3 (範圍: 5393.2)
2025-10-05 01:59:22 | INFO | f1.console |   加速度範圍: -37.23 - 23.95 (範圍: 61.18)
2025-10-05 01:59:22 | INFO | f1.console |   圖表區域: 417 x 207
2025-10-05 01:59:22 | INFO | f1.console |   車手1數據點: 500, 車手2數據點: 500
2025-10-05 01:59:22 | INFO | f1.console | [ACCEL_DEBUG] 繪製曲線:
2025-10-05 01:59:22 | INFO | f1.console |   距離範圍: 0.1 - 5393.3 (範圍: 5393.2)
2025-10-05 01:59:22 | INFO | f1.console |   加速度範圍: -37.23 - 23.95 (範圍: 61.18)
2025-10-05 01:59:22 | INFO | f1.console |   圖表區域: 417 x 207
2025-10-05 01:59:22 | INFO | f1.console |   車手1數據點: 500, 車手2數據點: 500
2025-10-05 01:59:22 | INFO | f1.console | [ACCEL_DEBUG] 繪製曲線:
2025-10-05 01:59:22 | INFO | f1.console |   距離範圍: 0.1 - 5393.3 (範圍: 5393.2)
2025-10-05 01:59:22 | INFO | f1.console |   加速度範圍: -37.23 - 23.95 (範圍: 61.18)
2025-10-05 01:59:22 | INFO | f1.console |   圖表區域: 417 x 207
2025-10-05 01:59:22 | INFO | f1.console |   車手1數據點: 500, 車手2數據點: 500
2025-10-05 01:59:22 | INFO | f1.console | [ACCEL_DEBUG] 繪製曲線:
2025-10-05 01:59:22 | INFO | f1.console |   距離範圍: 0.1 - 5393.3 (範圍: 5393.2)
2025-10-05 01:59:22 | INFO | f1.console |   加速度範圍: -37.23 - 23.95 (範圍: 61.18)
2025-10-05 01:59:22 | INFO | f1.console |   圖表區域: 417 x 207
2025-10-05 01:59:22 | INFO | f1.console |   車手1數據點: 500, 車手2數據點: 500
2025-10-05 01:59:22 | INFO | f1.console | [ACCEL_DEBUG] 繪製曲線:
2025-10-05 01:59:22 | INFO | f1.console |   距離範圍: 0.1 - 5393.3 (範圍: 5393.2)
2025-10-05 01:59:22 | INFO | f1.console |   加速度範圍: -37.23 - 23.95 (範圍: 61.18)
2025-10-05 01:59:22 | INFO | f1.console |   圖表區域: 417 x 207
2025-10-05 01:59:22 | INFO | f1.console |   車手1數據點: 500, 車手2數據點: 500
2025-10-05 01:59:22 | INFO | f1.console | [ACCEL_DEBUG] 繪製曲線:
2025-10-05 01:59:22 | INFO | f1.console |   距離範圍: 0.1 - 5393.3 (範圍: 5393.2)
2025-10-05 01:59:22 | INFO | f1.console |   加速度範圍: -37.23 - 23.95 (範圍: 61.18)
2025-10-05 01:59:22 | INFO | f1.console |   圖表區域: 417 x 207
2025-10-05 01:59:22 | INFO | f1.console |   車手1數據點: 500, 車手2數據點: 500
2025-10-05 01:59:22 | INFO | f1.console | [ACCEL_DEBUG] 繪製曲線:
2025-10-05 01:59:22 | INFO | f1.console |   距離範圍: 0.1 - 5393.3 (範圍: 5393.2)
2025-10-05 01:59:22 | INFO | f1.console |   加速度範圍: -37.23 - 23.95 (範圍: 61.18)
2025-10-05 01:59:22 | INFO | f1.console |   圖表區域: 417 x 207
2025-10-05 01:59:22 | INFO | f1.console |   車手1數據點: 500, 車手2數據點: 500
2025-10-05 01:59:22 | INFO | f1.console | [ACCEL_DEBUG] 繪製曲線:
2025-10-05 01:59:22 | INFO | f1.console |   距離範圍: 0.1 - 5393.3 (範圍: 5393.2)
2025-10-05 01:59:22 | INFO | f1.console |   加速度範圍: -37.23 - 23.95 (範圍: 61.18)
2025-10-05 01:59:22 | INFO | f1.console |   圖表區域: 417 x 207
2025-10-05 01:59:22 | INFO | f1.console |   車手1數據點: 500, 車手2數據點: 500
2025-10-05 01:59:22 | INFO | f1.console | [ACCEL_DEBUG] 繪製曲線:
2025-10-05 01:59:22 | INFO | f1.console |   距離範圍: 0.1 - 5393.3 (範圍: 5393.2)
2025-10-05 01:59:22 | INFO | f1.console |   加速度範圍: -37.23 - 23.95 (範圍: 61.18)
2025-10-05 01:59:22 | INFO | f1.console |   圖表區域: 417 x 207
2025-10-05 01:59:22 | INFO | f1.console |   車手1數據點: 500, 車手2數據點: 500
2025-10-05 01:59:22 | INFO | f1.console | [ACCEL_DEBUG] 繪製曲線:
2025-10-05 01:59:22 | INFO | f1.console |   距離範圍: 0.1 - 5393.3 (範圍: 5393.2)
2025-10-05 01:59:22 | INFO | f1.console |   加速度範圍: -37.23 - 23.95 (範圍: 61.18)
2025-10-05 01:59:22 | INFO | f1.console |   圖表區域: 417 x 207
2025-10-05 01:59:22 | INFO | f1.console |   車手1數據點: 500, 車手2數據點: 500
2025-10-05 01:59:22 | INFO | f1.console | [ACCEL_DEBUG] 繪製曲線:
2025-10-05 01:59:22 | INFO | f1.console |   距離範圍: 0.1 - 5393.3 (範圍: 5393.2)
2025-10-05 01:59:22 | INFO | f1.console |   加速度範圍: -37.23 - 23.95 (範圍: 61.18)
2025-10-05 01:59:22 | INFO | f1.console |   圖表區域: 417 x 207
2025-10-05 01:59:22 | INFO | f1.console |   車手1數據點: 500, 車手2數據點: 500
2025-10-05 01:59:22 | INFO | f1.console | [ACCEL_DEBUG] 繪製曲線:
2025-10-05 01:59:22 | INFO | f1.console |   距離範圍: 0.1 - 5393.3 (範圍: 5393.2)
2025-10-05 01:59:22 | INFO | f1.console |   加速度範圍: -37.23 - 23.95 (範圍: 61.18)
2025-10-05 01:59:22 | INFO | f1.console |   圖表區域: 417 x 207
2025-10-05 01:59:22 | INFO | f1.console |   車手1數據點: 500, 車手2數據點: 500
2025-10-05 01:59:22 | INFO | f1.console | [ACCEL_DEBUG] 繪製曲線:
2025-10-05 01:59:22 | INFO | f1.console |   距離範圍: 0.1 - 5393.3 (範圍: 5393.2)
2025-10-05 01:59:22 | INFO | f1.console |   加速度範圍: -37.23 - 23.95 (範圍: 61.18)
2025-10-05 01:59:22 | INFO | f1.console |   圖表區域: 417 x 207
2025-10-05 01:59:22 | INFO | f1.console |   車手1數據點: 500, 車手2數據點: 500
2025-10-05 01:59:22 | INFO | f1.console | [ACCEL_DEBUG] 繪製曲線:
2025-10-05 01:59:22 | INFO | f1.console |   距離範圍: 0.1 - 5393.3 (範圍: 5393.2)
2025-10-05 01:59:22 | INFO | f1.console |   加速度範圍: -37.23 - 23.95 (範圍: 61.18)
2025-10-05 01:59:22 | INFO | f1.console |   圖表區域: 417 x 207
2025-10-05 01:59:22 | INFO | f1.console |   車手1數據點: 500, 車手2數據點: 500
2025-10-05 01:59:22 | INFO | f1.console | [ACCEL_DEBUG] 繪製曲線:
2025-10-05 01:59:22 | INFO | f1.console |   距離範圍: 0.1 - 5393.3 (範圍: 5393.2)
2025-10-05 01:59:22 | INFO | f1.console |   加速度範圍: -37.23 - 23.95 (範圍: 61.18)
2025-10-05 01:59:22 | INFO | f1.console |   圖表區域: 417 x 207
2025-10-05 01:59:22 | INFO | f1.console |   車手1數據點: 500, 車手2數據點: 500
2025-10-05 01:59:22 | INFO | f1.console | [ACCEL_DEBUG] 繪製曲線:
2025-10-05 01:59:22 | INFO | f1.console |   距離範圍: 0.1 - 5393.3 (範圍: 5393.2)
2025-10-05 01:59:22 | INFO | f1.console |   加速度範圍: -37.23 - 23.95 (範圍: 61.18)
2025-10-05 01:59:22 | INFO | f1.console |   圖表區域: 417 x 207
2025-10-05 01:59:22 | INFO | f1.console |   車手1數據點: 500, 車手2數據點: 500
2025-10-05 01:59:23 | INFO | f1.console | [ACCEL_DEBUG] 繪製曲線:
2025-10-05 01:59:23 | INFO | f1.console |   距離範圍: 0.1 - 5393.3 (範圍: 5393.2)
2025-10-05 01:59:23 | INFO | f1.console |   加速度範圍: -37.23 - 23.95 (範圍: 61.18)
2025-10-05 01:59:23 | INFO | f1.console |   圖表區域: 417 x 207
2025-10-05 01:59:23 | INFO | f1.console |   車手1數據點: 500, 車手2數據點: 500
2025-10-05 01:59:23 | INFO | f1.console | [ACCEL_DEBUG] 繪製曲線:
2025-10-05 01:59:23 | INFO | f1.console |   距離範圍: 0.1 - 5393.3 (範圍: 5393.2)
2025-10-05 01:59:23 | INFO | f1.console |   加速度範圍: -37.23 - 23.95 (範圍: 61.18)
2025-10-05 01:59:23 | INFO | f1.console |   圖表區域: 417 x 207
2025-10-05 01:59:23 | INFO | f1.console |   車手1數據點: 500, 車手2數據點: 500
2025-10-05 01:59:23 | INFO | f1.console | [ACCEL_DEBUG] 繪製曲線:
2025-10-05 01:59:23 | INFO | f1.console |   距離範圍: 0.1 - 5393.3 (範圍: 5393.2)
2025-10-05 01:59:23 | INFO | f1.console |   加速度範圍: -37.23 - 23.95 (範圍: 61.18)
2025-10-05 01:59:23 | INFO | f1.console |   圖表區域: 417 x 207
2025-10-05 01:59:23 | INFO | f1.console |   車手1數據點: 500, 車手2數據點: 500
2025-10-05 01:59:23 | INFO | f1.console | [ACCEL_DEBUG] 繪製曲線:
2025-10-05 01:59:23 | INFO | f1.console |   距離範圍: 0.1 - 5393.3 (範圍: 5393.2)
2025-10-05 01:59:23 | INFO | f1.console |   加速度範圍: -37.23 - 23.95 (範圍: 61.18)
2025-10-05 01:59:23 | INFO | f1.console |   圖表區域: 417 x 207
2025-10-05 01:59:23 | INFO | f1.console |   車手1數據點: 500, 車手2數據點: 500
2025-10-05 01:59:23 | INFO | f1.console | [ACCEL_DEBUG] 繪製曲線:
2025-10-05 01:59:23 | INFO | f1.console |   距離範圍: 0.1 - 5393.3 (範圍: 5393.2)
2025-10-05 01:59:23 | INFO | f1.console |   加速度範圍: -37.23 - 23.95 (範圍: 61.18)
2025-10-05 01:59:23 | INFO | f1.console |   圖表區域: 417 x 207
2025-10-05 01:59:23 | INFO | f1.console |   車手1數據點: 500, 車手2數據點: 500
2025-10-05 01:59:23 | INFO | f1.console | [ACCEL_DEBUG] 繪製曲線:
2025-10-05 01:59:23 | INFO | f1.console |   距離範圍: 0.1 - 5393.3 (範圍: 5393.2)
2025-10-05 01:59:23 | INFO | f1.console |   加速度範圍: -37.23 - 23.95 (範圍: 61.18)
2025-10-05 01:59:23 | INFO | f1.console |   圖表區域: 417 x 207
2025-10-05 01:59:23 | INFO | f1.console |   車手1數據點: 500, 車手2數據點: 500
2025-10-05 01:59:23 | INFO | f1.console | [ACCEL_DEBUG] 繪製曲線:
2025-10-05 01:59:23 | INFO | f1.console |   距離範圍: 0.1 - 5393.3 (範圍: 5393.2)
2025-10-05 01:59:23 | INFO | f1.console |   加速度範圍: -37.23 - 23.95 (範圍: 61.18)
2025-10-05 01:59:23 | INFO | f1.console |   圖表區域: 417 x 207
2025-10-05 01:59:23 | INFO | f1.console |   車手1數據點: 500, 車手2數據點: 500
2025-10-05 01:59:23 | INFO | f1.console | [ACCEL_DEBUG] 繪製曲線:
2025-10-05 01:59:23 | INFO | f1.console |   距離範圍: 0.1 - 5393.3 (範圍: 5393.2)
2025-10-05 01:59:23 | INFO | f1.console |   加速度範圍: -37.23 - 23.95 (範圍: 61.18)
2025-10-05 01:59:23 | INFO | f1.console |   圖表區域: 417 x 207
2025-10-05 01:59:23 | INFO | f1.console |   車手1數據點: 500, 車手2數據點: 500
2025-10-05 01:59:23 | INFO | f1.console | [ACCEL_DEBUG] 繪製曲線:
2025-10-05 01:59:23 | INFO | f1.console |   距離範圍: 0.1 - 5393.3 (範圍: 5393.2)
2025-10-05 01:59:23 | INFO | f1.console |   加速度範圍: -37.23 - 23.95 (範圍: 61.18)
2025-10-05 01:59:23 | INFO | f1.console |   圖表區域: 417 x 207
2025-10-05 01:59:23 | INFO | f1.console |   車手1數據點: 500, 車手2數據點: 500
2025-10-05 01:59:23 | INFO | f1.console | [ACCEL_DEBUG] 繪製曲線:
2025-10-05 01:59:23 | INFO | f1.console |   距離範圍: 0.1 - 5393.3 (範圍: 5393.2)
2025-10-05 01:59:23 | INFO | f1.console |   加速度範圍: -37.23 - 23.95 (範圍: 61.18)
2025-10-05 01:59:23 | INFO | f1.console |   圖表區域: 417 x 207
2025-10-05 01:59:23 | INFO | f1.console |   車手1數據點: 500, 車手2數據點: 500
2025-10-05 01:59:23 | INFO | f1.console | [ACCEL_DEBUG] 繪製曲線:
2025-10-05 01:59:23 | INFO | f1.console |   距離範圍: 0.1 - 5393.3 (範圍: 5393.2)
2025-10-05 01:59:23 | INFO | f1.console |   加速度範圍: -37.23 - 23.95 (範圍: 61.18)
2025-10-05 01:59:23 | INFO | f1.console |   圖表區域: 417 x 207
2025-10-05 01:59:23 | INFO | f1.console |   車手1數據點: 500, 車手2數據點: 500
2025-10-05 01:59:23 | INFO | f1.console | [ACCEL_DEBUG] 繪製曲線:
2025-10-05 01:59:23 | INFO | f1.console |   距離範圍: 0.1 - 5393.3 (範圍: 5393.2)
2025-10-05 01:59:23 | INFO | f1.console |   加速度範圍: -37.23 - 23.95 (範圍: 61.18)
2025-10-05 01:59:23 | INFO | f1.console |   圖表區域: 417 x 207
2025-10-05 01:59:23 | INFO | f1.console |   車手1數據點: 500, 車手2數據點: 500
2025-10-05 01:59:23 | INFO | f1.console | [ACCEL_DEBUG] 繪製曲線:
2025-10-05 01:59:23 | INFO | f1.console |   距離範圍: 0.1 - 5393.3 (範圍: 5393.2)
2025-10-05 01:59:23 | INFO | f1.console |   加速度範圍: -37.23 - 23.95 (範圍: 61.18)
2025-10-05 01:59:23 | INFO | f1.console |   圖表區域: 417 x 207
2025-10-05 01:59:23 | INFO | f1.console |   車手1數據點: 500, 車手2數據點: 500
2025-10-05 01:59:23 | INFO | f1.console | [ACCEL_DEBUG] 繪製曲線:
2025-10-05 01:59:23 | INFO | f1.console |   距離範圍: 0.1 - 5393.3 (範圍: 5393.2)
2025-10-05 01:59:23 | INFO | f1.console |   加速度範圍: -37.23 - 23.95 (範圍: 61.18)
2025-10-05 01:59:23 | INFO | f1.console |   圖表區域: 417 x 207
2025-10-05 01:59:23 | INFO | f1.console |   車手1數據點: 500, 車手2數據點: 500
2025-10-05 01:59:23 | INFO | f1.console | [ACCEL_DEBUG] 繪製曲線:
2025-10-05 01:59:23 | INFO | f1.console |   距離範圍: 0.1 - 5393.3 (範圍: 5393.2)
2025-10-05 01:59:23 | INFO | f1.console |   加速度範圍: -37.23 - 23.95 (範圍: 61.18)
2025-10-05 01:59:23 | INFO | f1.console |   圖表區域: 417 x 207
2025-10-05 01:59:23 | INFO | f1.console |   車手1數據點: 500, 車手2數據點: 500
2025-10-05 01:59:23 | INFO | f1.console | [ACCEL_DEBUG] 繪製曲線:
2025-10-05 01:59:23 | INFO | f1.console |   距離範圍: 0.1 - 5393.3 (範圍: 5393.2)
2025-10-05 01:59:23 | INFO | f1.console |   加速度範圍: -37.23 - 23.95 (範圍: 61.18)
2025-10-05 01:59:23 | INFO | f1.console |   圖表區域: 417 x 207
2025-10-05 01:59:23 | INFO | f1.console |   車手1數據點: 500, 車手2數據點: 500
2025-10-05 01:59:23 | INFO | f1.console | [ACCEL_DEBUG] 繪製曲線:
2025-10-05 01:59:23 | INFO | f1.console |   距離範圍: 0.1 - 5393.3 (範圍: 5393.2)
2025-10-05 01:59:23 | INFO | f1.console |   加速度範圍: -37.23 - 23.95 (範圍: 61.18)
2025-10-05 01:59:23 | INFO | f1.console |   圖表區域: 417 x 207
2025-10-05 01:59:23 | INFO | f1.console |   車手1數據點: 500, 車手2數據點: 500
2025-10-05 01:59:23 | INFO | f1.console | [ACCEL_DEBUG] 繪製曲線:
2025-10-05 01:59:23 | INFO | f1.console |   距離範圍: 0.1 - 5393.3 (範圍: 5393.2)
2025-10-05 01:59:23 | INFO | f1.console |   加速度範圍: -37.23 - 23.95 (範圍: 61.18)
2025-10-05 01:59:23 | INFO | f1.console |   圖表區域: 417 x 207
2025-10-05 01:59:23 | INFO | f1.console |   車手1數據點: 500, 車手2數據點: 500
2025-10-05 01:59:23 | INFO | f1.console | [ACCEL_DEBUG] 繪製曲線:
2025-10-05 01:59:23 | INFO | f1.console |   距離範圍: 0.1 - 5393.3 (範圍: 5393.2)
2025-10-05 01:59:23 | INFO | f1.console |   加速度範圍: -37.23 - 23.95 (範圍: 61.18)
2025-10-05 01:59:23 | INFO | f1.console |   圖表區域: 417 x 207
2025-10-05 01:59:23 | INFO | f1.console |   車手1數據點: 500, 車手2數據點: 500
2025-10-05 01:59:23 | INFO | f1.console | [ACCEL_DEBUG] 繪製曲線:
2025-10-05 01:59:23 | INFO | f1.console |   距離範圍: 0.1 - 5393.3 (範圍: 5393.2)
2025-10-05 01:59:23 | INFO | f1.console |   加速度範圍: -37.23 - 23.95 (範圍: 61.18)
2025-10-05 01:59:23 | INFO | f1.console |   圖表區域: 417 x 207
2025-10-05 01:59:23 | INFO | f1.console |   車手1數據點: 500, 車手2數據點: 500
2025-10-05 01:59:23 | INFO | f1.console | [ACCEL_DEBUG] 繪製曲線:
2025-10-05 01:59:23 | INFO | f1.console |   距離範圍: 0.1 - 5393.3 (範圍: 5393.2)
2025-10-05 01:59:23 | INFO | f1.console |   加速度範圍: -37.23 - 23.95 (範圍: 61.18)
2025-10-05 01:59:23 | INFO | f1.console |   圖表區域: 417 x 207
2025-10-05 01:59:23 | INFO | f1.console |   車手1數據點: 500, 車手2數據點: 500
2025-10-05 01:59:23 | INFO | f1.console | [ACCEL_DEBUG] 繪製曲線:
2025-10-05 01:59:23 | INFO | f1.console |   距離範圍: 0.1 - 5393.3 (範圍: 5393.2)
2025-10-05 01:59:23 | INFO | f1.console |   加速度範圍: -37.23 - 23.95 (範圍: 61.18)
2025-10-05 01:59:23 | INFO | f1.console |   圖表區域: 417 x 207
2025-10-05 01:59:23 | INFO | f1.console |   車手1數據點: 500, 車手2數據點: 500
2025-10-05 01:59:23 | INFO | f1.console | [ACCEL_DEBUG] 繪製曲線:
2025-10-05 01:59:23 | INFO | f1.console |   距離範圍: 0.1 - 5393.3 (範圍: 5393.2)
2025-10-05 01:59:23 | INFO | f1.console |   加速度範圍: -37.23 - 23.95 (範圍: 61.18)
2025-10-05 01:59:23 | INFO | f1.console |   圖表區域: 417 x 207
2025-10-05 01:59:23 | INFO | f1.console |   車手1數據點: 500, 車手2數據點: 500
2025-10-05 01:59:23 | INFO | f1.console | [ACCEL_DEBUG] 繪製曲線:
2025-10-05 01:59:23 | INFO | f1.console |   距離範圍: 0.1 - 5393.3 (範圍: 5393.2)
2025-10-05 01:59:23 | INFO | f1.console |   加速度範圍: -37.23 - 23.95 (範圍: 61.18)
2025-10-05 01:59:23 | INFO | f1.console |   圖表區域: 417 x 207
2025-10-05 01:59:23 | INFO | f1.console |   車手1數據點: 500, 車手2數據點: 500
2025-10-05 01:59:23 | INFO | f1.console | [ACCEL_DEBUG] 繪製曲線:
2025-10-05 01:59:23 | INFO | f1.console |   距離範圍: 0.1 - 5393.3 (範圍: 5393.2)
2025-10-05 01:59:23 | INFO | f1.console |   加速度範圍: -37.23 - 23.95 (範圍: 61.18)
2025-10-05 01:59:23 | INFO | f1.console |   圖表區域: 417 x 207
2025-10-05 01:59:23 | INFO | f1.console |   車手1數據點: 500, 車手2數據點: 500
2025-10-05 01:59:23 | INFO | f1.console | [ACCEL_DEBUG] 繪製曲線:
2025-10-05 01:59:23 | INFO | f1.console |   距離範圍: 0.1 - 5393.3 (範圍: 5393.2)
2025-10-05 01:59:23 | INFO | f1.console |   加速度範圍: -37.23 - 23.95 (範圍: 61.18)
2025-10-05 01:59:23 | INFO | f1.console |   圖表區域: 417 x 207
2025-10-05 01:59:23 | INFO | f1.console |   車手1數據點: 500, 車手2數據點: 500
2025-10-05 01:59:23 | INFO | f1.console | [ACCEL_DEBUG] 繪製曲線:
2025-10-05 01:59:23 | INFO | f1.console |   距離範圍: 0.1 - 5393.3 (範圍: 5393.2)
2025-10-05 01:59:23 | INFO | f1.console |   加速度範圍: -37.23 - 23.95 (範圍: 61.18)
2025-10-05 01:59:23 | INFO | f1.console |   圖表區域: 417 x 207
2025-10-05 01:59:23 | INFO | f1.console |   車手1數據點: 500, 車手2數據點: 500
2025-10-05 01:59:23 | INFO | f1.console | [ACCEL_DEBUG] 繪製曲線:
2025-10-05 01:59:23 | INFO | f1.console |   距離範圍: 0.1 - 5393.3 (範圍: 5393.2)
2025-10-05 01:59:23 | INFO | f1.console |   加速度範圍: -37.23 - 23.95 (範圍: 61.18)
2025-10-05 01:59:23 | INFO | f1.console |   圖表區域: 417 x 207
2025-10-05 01:59:23 | INFO | f1.console |   車手1數據點: 500, 車手2數據點: 500
2025-10-05 01:59:23 | INFO | f1.console | [ACCEL_DEBUG] 繪製曲線:
2025-10-05 01:59:23 | INFO | f1.console |   距離範圍: 0.1 - 5393.3 (範圍: 5393.2)
2025-10-05 01:59:23 | INFO | f1.console |   加速度範圍: -37.23 - 23.95 (範圍: 61.18)
2025-10-05 01:59:23 | INFO | f1.console |   圖表區域: 417 x 207
2025-10-05 01:59:23 | INFO | f1.console |   車手1數據點: 500, 車手2數據點: 500
2025-10-05 01:59:23 | INFO | f1.console | [ACCEL_DEBUG] 繪製曲線:
2025-10-05 01:59:23 | INFO | f1.console |   距離範圍: 0.1 - 5393.3 (範圍: 5393.2)
2025-10-05 01:59:23 | INFO | f1.console |   加速度範圍: -37.23 - 23.95 (範圍: 61.18)
2025-10-05 01:59:23 | INFO | f1.console |   圖表區域: 417 x 207
2025-10-05 01:59:23 | INFO | f1.console |   車手1數據點: 500, 車手2數據點: 500
2025-10-05 01:59:23 | INFO | f1.console | [ACCEL_DEBUG] 繪製曲線:
2025-10-05 01:59:23 | INFO | f1.console |   距離範圍: 0.1 - 5393.3 (範圍: 5393.2)
2025-10-05 01:59:23 | INFO | f1.console |   加速度範圍: -37.23 - 23.95 (範圍: 61.18)
2025-10-05 01:59:23 | INFO | f1.console |   圖表區域: 417 x 207
2025-10-05 01:59:23 | INFO | f1.console |   車手1數據點: 500, 車手2數據點: 500
2025-10-05 01:59:23 | INFO | f1.console | [ACCEL_DEBUG] 繪製曲線:
2025-10-05 01:59:23 | INFO | f1.console |   距離範圍: 0.1 - 5393.3 (範圍: 5393.2)
2025-10-05 01:59:23 | INFO | f1.console |   加速度範圍: -37.23 - 23.95 (範圍: 61.18)
2025-10-05 01:59:23 | INFO | f1.console |   圖表區域: 417 x 207
2025-10-05 01:59:23 | INFO | f1.console |   車手1數據點: 500, 車手2數據點: 500
2025-10-05 01:59:23 | INFO | f1.console | [ACCEL_DEBUG] 繪製曲線:
2025-10-05 01:59:23 | INFO | f1.console |   距離範圍: 0.1 - 5393.3 (範圍: 5393.2)
2025-10-05 01:59:23 | INFO | f1.console |   加速度範圍: -37.23 - 23.95 (範圍: 61.18)
2025-10-05 01:59:23 | INFO | f1.console |   圖表區域: 417 x 207
2025-10-05 01:59:23 | INFO | f1.console |   車手1數據點: 500, 車手2數據點: 500
2025-10-05 01:59:23 | INFO | f1.console | [ACCEL_DEBUG] 繪製曲線:
2025-10-05 01:59:23 | INFO | f1.console |   距離範圍: 0.1 - 5393.3 (範圍: 5393.2)
2025-10-05 01:59:23 | INFO | f1.console |   加速度範圍: -37.23 - 23.95 (範圍: 61.18)
2025-10-05 01:59:23 | INFO | f1.console |   圖表區域: 417 x 207
2025-10-05 01:59:23 | INFO | f1.console |   車手1數據點: 500, 車手2數據點: 500
2025-10-05 01:59:24 | INFO | f1.console | [ACCEL_DEBUG] 繪製曲線:
2025-10-05 01:59:24 | INFO | f1.console |   距離範圍: 0.1 - 5393.3 (範圍: 5393.2)
2025-10-05 01:59:24 | INFO | f1.console |   加速度範圍: -37.23 - 23.95 (範圍: 61.18)
2025-10-05 01:59:24 | INFO | f1.console |   圖表區域: 417 x 207
2025-10-05 01:59:24 | INFO | f1.console |   車手1數據點: 500, 車手2數據點: 500
2025-10-05 01:59:24 | INFO | f1.console | [ACCEL_DEBUG] 繪製曲線:
2025-10-05 01:59:24 | INFO | f1.console |   距離範圍: 0.1 - 5393.3 (範圍: 5393.2)
2025-10-05 01:59:24 | INFO | f1.console |   加速度範圍: -37.23 - 23.95 (範圍: 61.18)
2025-10-05 01:59:24 | INFO | f1.console |   圖表區域: 417 x 207
2025-10-05 01:59:24 | INFO | f1.console |   車手1數據點: 500, 車手2數據點: 500
2025-10-05 01:59:24 | INFO | f1.console | [ACCEL_DEBUG] 繪製曲線:
2025-10-05 01:59:24 | INFO | f1.console |   距離範圍: 0.1 - 5393.3 (範圍: 5393.2)
2025-10-05 01:59:24 | INFO | f1.console |   加速度範圍: -37.23 - 23.95 (範圍: 61.18)
2025-10-05 01:59:24 | INFO | f1.console |   圖表區域: 417 x 207
2025-10-05 01:59:24 | INFO | f1.console |   車手1數據點: 500, 車手2數據點: 500
2025-10-05 01:59:24 | INFO | f1.console | [ACCEL_DEBUG] 繪製曲線:
2025-10-05 01:59:24 | INFO | f1.console |   距離範圍: 0.1 - 5393.3 (範圍: 5393.2)
2025-10-05 01:59:24 | INFO | f1.console |   加速度範圍: -37.23 - 23.95 (範圍: 61.18)
2025-10-05 01:59:24 | INFO | f1.console |   圖表區域: 417 x 207
2025-10-05 01:59:24 | INFO | f1.console |   車手1數據點: 500, 車手2數據點: 500
2025-10-05 01:59:24 | INFO | f1.console | [ACCEL_DEBUG] 繪製曲線:
2025-10-05 01:59:24 | INFO | f1.console |   距離範圍: 0.1 - 5393.3 (範圍: 5393.2)
2025-10-05 01:59:24 | INFO | f1.console |   加速度範圍: -37.23 - 23.95 (範圍: 61.18)
2025-10-05 01:59:24 | INFO | f1.console |   圖表區域: 417 x 207
2025-10-05 01:59:24 | INFO | f1.console |   車手1數據點: 500, 車手2數據點: 500
2025-10-05 01:59:24 | INFO | f1.console | [ACCEL_DEBUG] 繪製曲線:
2025-10-05 01:59:24 | INFO | f1.console |   距離範圍: 0.1 - 5393.3 (範圍: 5393.2)
2025-10-05 01:59:24 | INFO | f1.console |   加速度範圍: -37.23 - 23.95 (範圍: 61.18)
2025-10-05 01:59:24 | INFO | f1.console |   圖表區域: 417 x 207
2025-10-05 01:59:24 | INFO | f1.console |   車手1數據點: 500, 車手2數據點: 500
2025-10-05 01:59:24 | INFO | f1.console | [ACCEL_DEBUG] 繪製曲線:
2025-10-05 01:59:24 | INFO | f1.console |   距離範圍: 0.1 - 5393.3 (範圍: 5393.2)
2025-10-05 01:59:24 | INFO | f1.console |   加速度範圍: -37.23 - 23.95 (範圍: 61.18)
2025-10-05 01:59:24 | INFO | f1.console |   圖表區域: 417 x 207
2025-10-05 01:59:24 | INFO | f1.console |   車手1數據點: 500, 車手2數據點: 500
2025-10-05 01:59:24 | INFO | f1.console | [ACCEL_DEBUG] 繪製曲線:
2025-10-05 01:59:24 | INFO | f1.console |   距離範圍: 0.1 - 5393.3 (範圍: 5393.2)
2025-10-05 01:59:24 | INFO | f1.console |   加速度範圍: -37.23 - 23.95 (範圍: 61.18)
2025-10-05 01:59:24 | INFO | f1.console |   圖表區域: 417 x 207
2025-10-05 01:59:24 | INFO | f1.console |   車手1數據點: 500, 車手2數據點: 500
2025-10-05 01:59:24 | INFO | f1.console | [ACCEL_DEBUG] 繪製曲線:
2025-10-05 01:59:24 | INFO | f1.console |   距離範圍: 0.1 - 5393.3 (範圍: 5393.2)
2025-10-05 01:59:24 | INFO | f1.console |   加速度範圍: -37.23 - 23.95 (範圍: 61.18)
2025-10-05 01:59:24 | INFO | f1.console |   圖表區域: 417 x 207
2025-10-05 01:59:24 | INFO | f1.console |   車手1數據點: 500, 車手2數據點: 500
2025-10-05 01:59:25 | INFO | f1.console | [ACCEL_DEBUG] 繪製曲線:
2025-10-05 01:59:25 | INFO | f1.console |   距離範圍: 0.1 - 5393.3 (範圍: 5393.2)
2025-10-05 01:59:25 | INFO | f1.console |   加速度範圍: -37.23 - 23.95 (範圍: 61.18)
2025-10-05 01:59:25 | INFO | f1.console |   圖表區域: 417 x 207
2025-10-05 01:59:25 | INFO | f1.console |   車手1數據點: 500, 車手2數據點: 500
2025-10-05 01:59:25 | INFO | f1.console | [ACCEL_DEBUG] 繪製曲線:
2025-10-05 01:59:25 | INFO | f1.console |   距離範圍: 0.1 - 5393.3 (範圍: 5393.2)
2025-10-05 01:59:25 | INFO | f1.console |   加速度範圍: -37.23 - 23.95 (範圍: 61.18)
2025-10-05 01:59:25 | INFO | f1.console |   圖表區域: 417 x 207
2025-10-05 01:59:25 | INFO | f1.console |   車手1數據點: 500, 車手2數據點: 500
2025-10-05 01:59:25 | INFO | f1.console | [ACCEL_DEBUG] 繪製曲線:
2025-10-05 01:59:25 | INFO | f1.console |   距離範圍: 0.1 - 5393.3 (範圍: 5393.2)
2025-10-05 01:59:25 | INFO | f1.console |   加速度範圍: -37.23 - 23.95 (範圍: 61.18)
2025-10-05 01:59:25 | INFO | f1.console |   圖表區域: 417 x 207
2025-10-05 01:59:25 | INFO | f1.console |   車手1數據點: 500, 車手2數據點: 500
2025-10-05 01:59:25 | INFO | f1.console | [ACCEL_DEBUG] 繪製曲線:
2025-10-05 01:59:25 | INFO | f1.console |   距離範圍: 0.1 - 5393.3 (範圍: 5393.2)
2025-10-05 01:59:25 | INFO | f1.console |   加速度範圍: -37.23 - 23.95 (範圍: 61.18)
2025-10-05 01:59:25 | INFO | f1.console |   圖表區域: 417 x 207
2025-10-05 01:59:25 | INFO | f1.console |   車手1數據點: 500, 車手2數據點: 500
2025-10-05 01:59:25 | INFO | f1.console | [ACCEL_DEBUG] 繪製曲線:
2025-10-05 01:59:25 | INFO | f1.console |   距離範圍: 0.1 - 5393.3 (範圍: 5393.2)
2025-10-05 01:59:25 | INFO | f1.console |   加速度範圍: -37.23 - 23.95 (範圍: 61.18)
2025-10-05 01:59:25 | INFO | f1.console |   圖表區域: 417 x 207
2025-10-05 01:59:25 | INFO | f1.console |   車手1數據點: 500, 車手2數據點: 500
2025-10-05 01:59:25 | INFO | f1.console | [ACCEL_DEBUG] 繪製曲線:
2025-10-05 01:59:25 | INFO | f1.console |   距離範圍: 0.1 - 5393.3 (範圍: 5393.2)
2025-10-05 01:59:25 | INFO | f1.console |   加速度範圍: -37.23 - 23.95 (範圍: 61.18)
2025-10-05 01:59:25 | INFO | f1.console |   圖表區域: 417 x 207
2025-10-05 01:59:25 | INFO | f1.console |   車手1數據點: 500, 車手2數據點: 500
2025-10-05 01:59:25 | INFO | f1.console | [ACCEL_DEBUG] 繪製曲線:
2025-10-05 01:59:25 | INFO | f1.console |   距離範圍: 0.1 - 5393.3 (範圍: 5393.2)
2025-10-05 01:59:25 | INFO | f1.console |   加速度範圍: -37.23 - 23.95 (範圍: 61.18)
2025-10-05 01:59:25 | INFO | f1.console |   圖表區域: 417 x 207
2025-10-05 01:59:25 | INFO | f1.console |   車手1數據點: 500, 車手2數據點: 500
2025-10-05 01:59:25 | INFO | f1.console | [ACCEL_DEBUG] 繪製曲線:
2025-10-05 01:59:25 | INFO | f1.console |   距離範圍: 0.1 - 5393.3 (範圍: 5393.2)
2025-10-05 01:59:25 | INFO | f1.console |   加速度範圍: -37.23 - 23.95 (範圍: 61.18)
2025-10-05 01:59:25 | INFO | f1.console |   圖表區域: 417 x 207
2025-10-05 01:59:25 | INFO | f1.console |   車手1數據點: 500, 車手2數據點: 500
2025-10-05 01:59:25 | INFO | f1.console | [ACCEL_DEBUG] 繪製曲線:
2025-10-05 01:59:25 | INFO | f1.console |   距離範圍: 0.1 - 5393.3 (範圍: 5393.2)
2025-10-05 01:59:25 | INFO | f1.console |   加速度範圍: -37.23 - 23.95 (範圍: 61.18)
2025-10-05 01:59:25 | INFO | f1.console |   圖表區域: 417 x 207
2025-10-05 01:59:25 | INFO | f1.console |   車手1數據點: 500, 車手2數據點: 500
2025-10-05 01:59:25 | INFO | f1.console | [ACCEL_DEBUG] 繪製曲線:
2025-10-05 01:59:25 | INFO | f1.console |   距離範圍: 0.1 - 5393.3 (範圍: 5393.2)
2025-10-05 01:59:25 | INFO | f1.console |   加速度範圍: -37.23 - 23.95 (範圍: 61.18)
2025-10-05 01:59:25 | INFO | f1.console |   圖表區域: 417 x 207
2025-10-05 01:59:25 | INFO | f1.console |   車手1數據點: 500, 車手2數據點: 500
2025-10-05 01:59:25 | INFO | f1.console | [ACCEL_DEBUG] 繪製曲線:
2025-10-05 01:59:25 | INFO | f1.console |   距離範圍: 0.1 - 5393.3 (範圍: 5393.2)
2025-10-05 01:59:25 | INFO | f1.console |   加速度範圍: -37.23 - 23.95 (範圍: 61.18)
2025-10-05 01:59:25 | INFO | f1.console |   圖表區域: 417 x 207
2025-10-05 01:59:25 | INFO | f1.console |   車手1數據點: 500, 車手2數據點: 500
2025-10-05 01:59:25 | INFO | f1.console | [ACCEL_DEBUG] 繪製曲線:
2025-10-05 01:59:25 | INFO | f1.console |   距離範圍: 0.1 - 5393.3 (範圍: 5393.2)
2025-10-05 01:59:25 | INFO | f1.console |   加速度範圍: -37.23 - 23.95 (範圍: 61.18)
2025-10-05 01:59:25 | INFO | f1.console |   圖表區域: 417 x 207
2025-10-05 01:59:25 | INFO | f1.console |   車手1數據點: 500, 車手2數據點: 500
2025-10-05 01:59:25 | INFO | f1.console | [ACCEL_DEBUG] 繪製曲線:
2025-10-05 01:59:25 | INFO | f1.console |   距離範圍: 0.1 - 5393.3 (範圍: 5393.2)
2025-10-05 01:59:25 | INFO | f1.console |   加速度範圍: -37.23 - 23.95 (範圍: 61.18)
2025-10-05 01:59:25 | INFO | f1.console |   圖表區域: 417 x 207
2025-10-05 01:59:25 | INFO | f1.console |   車手1數據點: 500, 車手2數據點: 500
2025-10-05 01:59:25 | INFO | f1.console | [ACCEL_DEBUG] 繪製曲線:
2025-10-05 01:59:25 | INFO | f1.console |   距離範圍: 0.1 - 5393.3 (範圍: 5393.2)
2025-10-05 01:59:25 | INFO | f1.console |   加速度範圍: -37.23 - 23.95 (範圍: 61.18)
2025-10-05 01:59:25 | INFO | f1.console |   圖表區域: 417 x 207
2025-10-05 01:59:25 | INFO | f1.console |   車手1數據點: 500, 車手2數據點: 500
2025-10-05 01:59:25 | INFO | f1.console | [ACCEL_DEBUG] 繪製曲線:
2025-10-05 01:59:25 | INFO | f1.console |   距離範圍: 0.1 - 5393.3 (範圍: 5393.2)
2025-10-05 01:59:25 | INFO | f1.console |   加速度範圍: -37.23 - 23.95 (範圍: 61.18)
2025-10-05 01:59:25 | INFO | f1.console |   圖表區域: 417 x 207
2025-10-05 01:59:25 | INFO | f1.console |   車手1數據點: 500, 車手2數據點: 500
2025-10-05 01:59:25 | INFO | f1.console | [ACCEL_DEBUG] 繪製曲線:
2025-10-05 01:59:25 | INFO | f1.console |   距離範圍: 0.1 - 5393.3 (範圍: 5393.2)
2025-10-05 01:59:25 | INFO | f1.console |   加速度範圍: -37.23 - 23.95 (範圍: 61.18)
2025-10-05 01:59:25 | INFO | f1.console |   圖表區域: 417 x 207
2025-10-05 01:59:25 | INFO | f1.console |   車手1數據點: 500, 車手2數據點: 500
2025-10-05 01:59:25 | INFO | f1.console | [ACCEL_DEBUG] 繪製曲線:
2025-10-05 01:59:25 | INFO | f1.console |   距離範圍: 0.1 - 5393.3 (範圍: 5393.2)
2025-10-05 01:59:25 | INFO | f1.console |   加速度範圍: -37.23 - 23.95 (範圍: 61.18)
2025-10-05 01:59:25 | INFO | f1.console |   圖表區域: 417 x 207
2025-10-05 01:59:25 | INFO | f1.console |   車手1數據點: 500, 車手2數據點: 500
2025-10-05 01:59:25 | INFO | f1.console | [ACCEL_DEBUG] 繪製曲線:
2025-10-05 01:59:25 | INFO | f1.console |   距離範圍: 0.1 - 5393.3 (範圍: 5393.2)
2025-10-05 01:59:25 | INFO | f1.console |   加速度範圍: -37.23 - 23.95 (範圍: 61.18)
2025-10-05 01:59:25 | INFO | f1.console |   圖表區域: 417 x 207
2025-10-05 01:59:25 | INFO | f1.console |   車手1數據點: 500, 車手2數據點: 500
2025-10-05 01:59:25 | INFO | f1.console | [ACCEL_DEBUG] 繪製曲線:
2025-10-05 01:59:25 | INFO | f1.console |   距離範圍: 0.1 - 5393.3 (範圍: 5393.2)
2025-10-05 01:59:25 | INFO | f1.console |   加速度範圍: -37.23 - 23.95 (範圍: 61.18)
2025-10-05 01:59:25 | INFO | f1.console |   圖表區域: 417 x 207
2025-10-05 01:59:25 | INFO | f1.console |   車手1數據點: 500, 車手2數據點: 500
2025-10-05 01:59:25 | INFO | f1.console | [ACCEL_DEBUG] 繪製曲線:
2025-10-05 01:59:25 | INFO | f1.console |   距離範圍: 0.1 - 5393.3 (範圍: 5393.2)
2025-10-05 01:59:25 | INFO | f1.console |   加速度範圍: -37.23 - 23.95 (範圍: 61.18)
2025-10-05 01:59:25 | INFO | f1.console |   圖表區域: 417 x 207
2025-10-05 01:59:25 | INFO | f1.console |   車手1數據點: 500, 車手2數據點: 500
2025-10-05 01:59:25 | INFO | f1.console | [ACCEL_DEBUG] 繪製曲線:
2025-10-05 01:59:25 | INFO | f1.console |   距離範圍: 0.1 - 5393.3 (範圍: 5393.2)
2025-10-05 01:59:25 | INFO | f1.console |   加速度範圍: -37.23 - 23.95 (範圍: 61.18)
2025-10-05 01:59:25 | INFO | f1.console |   圖表區域: 417 x 207
2025-10-05 01:59:25 | INFO | f1.console |   車手1數據點: 500, 車手2數據點: 500
2025-10-05 01:59:25 | INFO | f1.console | [ACCEL_DEBUG] 繪製曲線:
2025-10-05 01:59:25 | INFO | f1.console |   距離範圍: 0.1 - 5393.3 (範圍: 5393.2)
2025-10-05 01:59:25 | INFO | f1.console |   加速度範圍: -37.23 - 23.95 (範圍: 61.18)
2025-10-05 01:59:25 | INFO | f1.console |   圖表區域: 417 x 207
2025-10-05 01:59:25 | INFO | f1.console |   車手1數據點: 500, 車手2數據點: 500
2025-10-05 01:59:27 | INFO | f1.console | [ACCEL_DEBUG] 繪製曲線:
2025-10-05 01:59:27 | INFO | f1.console |   距離範圍: 0.1 - 5393.3 (範圍: 5393.2)
2025-10-05 01:59:27 | INFO | f1.console |   加速度範圍: -37.23 - 23.95 (範圍: 61.18)
2025-10-05 01:59:27 | INFO | f1.console |   圖表區域: 417 x 207
2025-10-05 01:59:27 | INFO | f1.console |   車手1數據點: 500, 車手2數據點: 500
2025-10-05 01:59:27 | INFO | f1.console | [ACCEL_DEBUG] 繪製曲線:
2025-10-05 01:59:27 | INFO | f1.console |   距離範圍: 0.1 - 5393.3 (範圍: 5393.2)
2025-10-05 01:59:27 | INFO | f1.console |   加速度範圍: -37.23 - 23.95 (範圍: 61.18)
2025-10-05 01:59:27 | INFO | f1.console |   圖表區域: 417 x 207
2025-10-05 01:59:27 | INFO | f1.console |   車手1數據點: 500, 車手2數據點: 500
2025-10-05 01:59:27 | INFO | f1.console | [ACCEL_DEBUG] 繪製曲線:
2025-10-05 01:59:27 | INFO | f1.console |   距離範圍: 0.1 - 5393.3 (範圍: 5393.2)
2025-10-05 01:59:27 | INFO | f1.console |   加速度範圍: -37.23 - 23.95 (範圍: 61.18)
2025-10-05 01:59:27 | INFO | f1.console |   圖表區域: 417 x 207
2025-10-05 01:59:27 | INFO | f1.console |   車手1數據點: 500, 車手2數據點: 500
2025-10-05 01:59:27 | INFO | f1.console | [ACCEL_DEBUG] 繪製曲線:
2025-10-05 01:59:27 | INFO | f1.console |   距離範圍: 0.1 - 5393.3 (範圍: 5393.2)
2025-10-05 01:59:27 | INFO | f1.console |   加速度範圍: -37.23 - 23.95 (範圍: 61.18)
2025-10-05 01:59:27 | INFO | f1.console |   圖表區域: 417 x 207
2025-10-05 01:59:27 | INFO | f1.console |   車手1數據點: 500, 車手2數據點: 500
2025-10-05 01:59:27 | INFO | f1.console | [ACCEL_DEBUG] 繪製曲線:
2025-10-05 01:59:27 | INFO | f1.console |   距離範圍: 0.1 - 5393.3 (範圍: 5393.2)
2025-10-05 01:59:27 | INFO | f1.console |   加速度範圍: -37.23 - 23.95 (範圍: 61.18)
2025-10-05 01:59:27 | INFO | f1.console |   圖表區域: 417 x 207
2025-10-05 01:59:27 | INFO | f1.console |   車手1數據點: 500, 車手2數據點: 500
2025-10-05 01:59:27 | INFO | f1.console | [ACCEL_DEBUG] 繪製曲線:
2025-10-05 01:59:27 | INFO | f1.console |   距離範圍: 0.1 - 5393.3 (範圍: 5393.2)
2025-10-05 01:59:27 | INFO | f1.console |   加速度範圍: -37.23 - 23.95 (範圍: 61.18)
2025-10-05 01:59:27 | INFO | f1.console |   圖表區域: 417 x 207
2025-10-05 01:59:27 | INFO | f1.console |   車手1數據點: 500, 車手2數據點: 500
2025-10-05 01:59:27 | INFO | f1.console | [ACCEL_DEBUG] 繪製曲線:
2025-10-05 01:59:27 | INFO | f1.console |   距離範圍: 0.1 - 5393.3 (範圍: 5393.2)
2025-10-05 01:59:27 | INFO | f1.console |   加速度範圍: -37.23 - 23.95 (範圍: 61.18)
2025-10-05 01:59:27 | INFO | f1.console |   圖表區域: 417 x 207
2025-10-05 01:59:27 | INFO | f1.console |   車手1數據點: 500, 車手2數據點: 500
2025-10-05 01:59:27 | INFO | f1.console | [ACCEL_DEBUG] 繪製曲線:
2025-10-05 01:59:27 | INFO | f1.console |   距離範圍: 0.1 - 5393.3 (範圍: 5393.2)
2025-10-05 01:59:27 | INFO | f1.console |   加速度範圍: -37.23 - 23.95 (範圍: 61.18)
2025-10-05 01:59:27 | INFO | f1.console |   圖表區域: 417 x 207
2025-10-05 01:59:27 | INFO | f1.console |   車手1數據點: 500, 車手2數據點: 500
2025-10-05 01:59:27 | INFO | f1.console | [ACCEL_DEBUG] 繪製曲線:
2025-10-05 01:59:27 | INFO | f1.console |   距離範圍: 0.1 - 5393.3 (範圍: 5393.2)
2025-10-05 01:59:27 | INFO | f1.console |   加速度範圍: -37.23 - 23.95 (範圍: 61.18)
2025-10-05 01:59:27 | INFO | f1.console |   圖表區域: 417 x 207
2025-10-05 01:59:27 | INFO | f1.console |   車手1數據點: 500, 車手2數據點: 500
2025-10-05 01:59:27 | INFO | f1.console | [ACCEL_DEBUG] 繪製曲線:
2025-10-05 01:59:27 | INFO | f1.console |   距離範圍: 0.1 - 5393.3 (範圍: 5393.2)
2025-10-05 01:59:27 | INFO | f1.console |   加速度範圍: -37.23 - 23.95 (範圍: 61.18)
2025-10-05 01:59:27 | INFO | f1.console |   圖表區域: 417 x 207
2025-10-05 01:59:27 | INFO | f1.console |   車手1數據點: 500, 車手2數據點: 500
2025-10-05 01:59:27 | INFO | f1.console | [ACCEL_DEBUG] 繪製曲線:
2025-10-05 01:59:27 | INFO | f1.console |   距離範圍: 0.1 - 5393.3 (範圍: 5393.2)
2025-10-05 01:59:27 | INFO | f1.console |   加速度範圍: -37.23 - 23.95 (範圍: 61.18)
2025-10-05 01:59:27 | INFO | f1.console |   圖表區域: 417 x 207
2025-10-05 01:59:27 | INFO | f1.console |   車手1數據點: 500, 車手2數據點: 500
2025-10-05 01:59:27 | INFO | f1.console | [ACCEL_DEBUG] 繪製曲線:
2025-10-05 01:59:27 | INFO | f1.console |   距離範圍: 0.1 - 5393.3 (範圍: 5393.2)
2025-10-05 01:59:27 | INFO | f1.console |   加速度範圍: -37.23 - 23.95 (範圍: 61.18)
2025-10-05 01:59:27 | INFO | f1.console |   圖表區域: 417 x 207
2025-10-05 01:59:27 | INFO | f1.console |   車手1數據點: 500, 車手2數據點: 500
2025-10-05 01:59:27 | INFO | f1.console | [ACCEL_DEBUG] 繪製曲線:
2025-10-05 01:59:27 | INFO | f1.console |   距離範圍: 0.1 - 5393.3 (範圍: 5393.2)
2025-10-05 01:59:27 | INFO | f1.console |   加速度範圍: -37.23 - 23.95 (範圍: 61.18)
2025-10-05 01:59:27 | INFO | f1.console |   圖表區域: 417 x 207
2025-10-05 01:59:27 | INFO | f1.console |   車手1數據點: 500, 車手2數據點: 500
2025-10-05 01:59:27 | INFO | f1.console | [ACCEL_DEBUG] 繪製曲線:
2025-10-05 01:59:27 | INFO | f1.console |   距離範圍: 0.1 - 5393.3 (範圍: 5393.2)
2025-10-05 01:59:27 | INFO | f1.console |   加速度範圍: -37.23 - 23.95 (範圍: 61.18)
2025-10-05 01:59:27 | INFO | f1.console |   圖表區域: 417 x 207
2025-10-05 01:59:27 | INFO | f1.console |   車手1數據點: 500, 車手2數據點: 500
2025-10-05 01:59:27 | INFO | f1.console | [ACCEL_DEBUG] 繪製曲線:
2025-10-05 01:59:27 | INFO | f1.console |   距離範圍: 0.1 - 5393.3 (範圍: 5393.2)
2025-10-05 01:59:27 | INFO | f1.console |   加速度範圍: -37.23 - 23.95 (範圍: 61.18)
2025-10-05 01:59:27 | INFO | f1.console |   圖表區域: 417 x 207
2025-10-05 01:59:27 | INFO | f1.console |   車手1數據點: 500, 車手2數據點: 500
2025-10-05 01:59:27 | INFO | f1.console | [ACCEL_DEBUG] 繪製曲線:
2025-10-05 01:59:27 | INFO | f1.console |   距離範圍: 0.1 - 5393.3 (範圍: 5393.2)
2025-10-05 01:59:27 | INFO | f1.console |   加速度範圍: -37.23 - 23.95 (範圍: 61.18)
2025-10-05 01:59:27 | INFO | f1.console |   圖表區域: 417 x 207
2025-10-05 01:59:27 | INFO | f1.console |   車手1數據點: 500, 車手2數據點: 500
2025-10-05 01:59:27 | INFO | f1.console | [ACCEL_DEBUG] 繪製曲線:
2025-10-05 01:59:27 | INFO | f1.console |   距離範圍: 0.1 - 5393.3 (範圍: 5393.2)
2025-10-05 01:59:27 | INFO | f1.console |   加速度範圍: -37.23 - 23.95 (範圍: 61.18)
2025-10-05 01:59:27 | INFO | f1.console |   圖表區域: 417 x 207
2025-10-05 01:59:27 | INFO | f1.console |   車手1數據點: 500, 車手2數據點: 500
2025-10-05 01:59:27 | INFO | f1.console | [ACCEL_DEBUG] 繪製曲線:
2025-10-05 01:59:27 | INFO | f1.console |   距離範圍: 0.1 - 5393.3 (範圍: 5393.2)
2025-10-05 01:59:27 | INFO | f1.console |   加速度範圍: -37.23 - 23.95 (範圍: 61.18)
2025-10-05 01:59:27 | INFO | f1.console |   圖表區域: 417 x 207
2025-10-05 01:59:27 | INFO | f1.console |   車手1數據點: 500, 車手2數據點: 500
2025-10-05 01:59:27 | INFO | f1.console | [ACCEL_DEBUG] 繪製曲線:
2025-10-05 01:59:27 | INFO | f1.console |   距離範圍: 0.1 - 5393.3 (範圍: 5393.2)
2025-10-05 01:59:27 | INFO | f1.console |   加速度範圍: -37.23 - 23.95 (範圍: 61.18)
2025-10-05 01:59:27 | INFO | f1.console |   圖表區域: 417 x 207
2025-10-05 01:59:27 | INFO | f1.console |   車手1數據點: 500, 車手2數據點: 500
2025-10-05 01:59:27 | INFO | f1.console | [ACCEL_DEBUG] 繪製曲線:
2025-10-05 01:59:27 | INFO | f1.console |   距離範圍: 0.1 - 5393.3 (範圍: 5393.2)
2025-10-05 01:59:27 | INFO | f1.console |   加速度範圍: -37.23 - 23.95 (範圍: 61.18)
2025-10-05 01:59:27 | INFO | f1.console |   圖表區域: 417 x 207
2025-10-05 01:59:27 | INFO | f1.console |   車手1數據點: 500, 車手2數據點: 500
2025-10-05 01:59:27 | INFO | f1.console | [ACCEL_DEBUG] 繪製曲線:
2025-10-05 01:59:27 | INFO | f1.console |   距離範圍: 0.1 - 5393.3 (範圍: 5393.2)
2025-10-05 01:59:27 | INFO | f1.console |   加速度範圍: -37.23 - 23.95 (範圍: 61.18)
2025-10-05 01:59:27 | INFO | f1.console |   圖表區域: 417 x 207
2025-10-05 01:59:27 | INFO | f1.console |   車手1數據點: 500, 車手2數據點: 500
2025-10-05 01:59:27 | INFO | f1.console | [ACCEL_DEBUG] 繪製曲線:
2025-10-05 01:59:27 | INFO | f1.console |   距離範圍: 0.1 - 5393.3 (範圍: 5393.2)
2025-10-05 01:59:27 | INFO | f1.console |   加速度範圍: -37.23 - 23.95 (範圍: 61.18)
2025-10-05 01:59:27 | INFO | f1.console |   圖表區域: 417 x 207
2025-10-05 01:59:27 | INFO | f1.console |   車手1數據點: 500, 車手2數據點: 500
2025-10-05 01:59:27 | INFO | f1.console | [ACCEL_DEBUG] 繪製曲線:
2025-10-05 01:59:27 | INFO | f1.console |   距離範圍: 0.1 - 5393.3 (範圍: 5393.2)
2025-10-05 01:59:27 | INFO | f1.console |   加速度範圍: -37.23 - 23.95 (範圍: 61.18)
2025-10-05 01:59:27 | INFO | f1.console |   圖表區域: 417 x 207
2025-10-05 01:59:27 | INFO | f1.console |   車手1數據點: 500, 車手2數據點: 500
2025-10-05 01:59:27 | INFO | f1.console | [ACCEL_DEBUG] 繪製曲線:
2025-10-05 01:59:27 | INFO | f1.console |   距離範圍: 0.1 - 5393.3 (範圍: 5393.2)
2025-10-05 01:59:27 | INFO | f1.console |   加速度範圍: -37.23 - 23.95 (範圍: 61.18)
2025-10-05 01:59:27 | INFO | f1.console |   圖表區域: 417 x 207
2025-10-05 01:59:27 | INFO | f1.console |   車手1數據點: 500, 車手2數據點: 500
2025-10-05 01:59:27 | INFO | f1.console | [ACCEL_DEBUG] 繪製曲線:
2025-10-05 01:59:27 | INFO | f1.console |   距離範圍: 0.1 - 5393.3 (範圍: 5393.2)
2025-10-05 01:59:27 | INFO | f1.console |   加速度範圍: -37.23 - 23.95 (範圍: 61.18)
2025-10-05 01:59:27 | INFO | f1.console |   圖表區域: 417 x 207
2025-10-05 01:59:27 | INFO | f1.console |   車手1數據點: 500, 車手2數據點: 500
2025-10-05 01:59:27 | INFO | f1.console | [ACCEL_DEBUG] 繪製曲線:
2025-10-05 01:59:27 | INFO | f1.console |   距離範圍: 0.1 - 5393.3 (範圍: 5393.2)
2025-10-05 01:59:27 | INFO | f1.console |   加速度範圍: -37.23 - 23.95 (範圍: 61.18)
2025-10-05 01:59:27 | INFO | f1.console |   圖表區域: 417 x 207
2025-10-05 01:59:27 | INFO | f1.console |   車手1數據點: 500, 車手2數據點: 500
2025-10-05 01:59:27 | INFO | f1.console | [ACCEL_DEBUG] 繪製曲線:
2025-10-05 01:59:27 | INFO | f1.console |   距離範圍: 0.1 - 5393.3 (範圍: 5393.2)
2025-10-05 01:59:27 | INFO | f1.console |   加速度範圍: -37.23 - 23.95 (範圍: 61.18)
2025-10-05 01:59:27 | INFO | f1.console |   圖表區域: 417 x 207
2025-10-05 01:59:27 | INFO | f1.console |   車手1數據點: 500, 車手2數據點: 500
2025-10-05 01:59:27 | INFO | f1.console | [ACCEL_DEBUG] 繪製曲線:
2025-10-05 01:59:27 | INFO | f1.console |   距離範圍: 0.1 - 5393.3 (範圍: 5393.2)
2025-10-05 01:59:27 | INFO | f1.console |   加速度範圍: -37.23 - 23.95 (範圍: 61.18)
2025-10-05 01:59:27 | INFO | f1.console |   圖表區域: 417 x 207
2025-10-05 01:59:27 | INFO | f1.console |   車手1數據點: 500, 車手2數據點: 500
2025-10-05 01:59:27 | INFO | f1.console | [ACCEL_DEBUG] 繪製曲線:
2025-10-05 01:59:27 | INFO | f1.console |   距離範圍: 0.1 - 5393.3 (範圍: 5393.2)
2025-10-05 01:59:27 | INFO | f1.console |   加速度範圍: -37.23 - 23.95 (範圍: 61.18)
2025-10-05 01:59:27 | INFO | f1.console |   圖表區域: 417 x 207
2025-10-05 01:59:27 | INFO | f1.console |   車手1數據點: 500, 車手2數據點: 500
2025-10-05 01:59:27 | INFO | f1.console | [ACCEL_DEBUG] 繪製曲線:
2025-10-05 01:59:27 | INFO | f1.console |   距離範圍: 0.1 - 5393.3 (範圍: 5393.2)
2025-10-05 01:59:27 | INFO | f1.console |   加速度範圍: -37.23 - 23.95 (範圍: 61.18)
2025-10-05 01:59:27 | INFO | f1.console |   圖表區域: 417 x 207
2025-10-05 01:59:27 | INFO | f1.console |   車手1數據點: 500, 車手2數據點: 500
2025-10-05 01:59:27 | INFO | f1.console | [ACCEL_DEBUG] 繪製曲線:
2025-10-05 01:59:27 | INFO | f1.console |   距離範圍: 0.1 - 5393.3 (範圍: 5393.2)
2025-10-05 01:59:27 | INFO | f1.console |   加速度範圍: -37.23 - 23.95 (範圍: 61.18)
2025-10-05 01:59:27 | INFO | f1.console |   圖表區域: 417 x 207
2025-10-05 01:59:27 | INFO | f1.console |   車手1數據點: 500, 車手2數據點: 500
2025-10-05 01:59:28 | INFO | f1.console | [ACCEL_DEBUG] 繪製曲線:
2025-10-05 01:59:28 | INFO | f1.console |   距離範圍: 0.1 - 5393.3 (範圍: 5393.2)
2025-10-05 01:59:28 | INFO | f1.console |   加速度範圍: -37.23 - 23.95 (範圍: 61.18)
2025-10-05 01:59:28 | INFO | f1.console |   圖表區域: 417 x 207
2025-10-05 01:59:28 | INFO | f1.console |   車手1數據點: 500, 車手2數據點: 500
2025-10-05 01:59:28 | INFO | f1.console | [ACCEL_DEBUG] 繪製曲線:
2025-10-05 01:59:28 | INFO | f1.console |   距離範圍: 0.1 - 5393.3 (範圍: 5393.2)
2025-10-05 01:59:28 | INFO | f1.console |   加速度範圍: -37.23 - 23.95 (範圍: 61.18)
2025-10-05 01:59:28 | INFO | f1.console |   圖表區域: 417 x 207
2025-10-05 01:59:28 | INFO | f1.console |   車手1數據點: 500, 車手2數據點: 500
2025-10-05 01:59:28 | INFO | f1.console | [ACCEL_DEBUG] 繪製曲線:
2025-10-05 01:59:28 | INFO | f1.console |   距離範圍: 0.1 - 5393.3 (範圍: 5393.2)
2025-10-05 01:59:28 | INFO | f1.console |   加速度範圍: -37.23 - 23.95 (範圍: 61.18)
2025-10-05 01:59:28 | INFO | f1.console |   圖表區域: 417 x 207
2025-10-05 01:59:28 | INFO | f1.console |   車手1數據點: 500, 車手2數據點: 500
2025-10-05 01:59:28 | INFO | f1.console | [ACCEL_DEBUG] 繪製曲線:
2025-10-05 01:59:28 | INFO | f1.console |   距離範圍: 0.1 - 5393.3 (範圍: 5393.2)
2025-10-05 01:59:28 | INFO | f1.console |   加速度範圍: -37.23 - 23.95 (範圍: 61.18)
2025-10-05 01:59:28 | INFO | f1.console |   圖表區域: 417 x 207
2025-10-05 01:59:28 | INFO | f1.console |   車手1數據點: 500, 車手2數據點: 500
2025-10-05 01:59:28 | INFO | f1.console | [ACCEL_DEBUG] 繪製曲線:
2025-10-05 01:59:28 | INFO | f1.console |   距離範圍: 0.1 - 5393.3 (範圍: 5393.2)
2025-10-05 01:59:28 | INFO | f1.console |   加速度範圍: -37.23 - 23.95 (範圍: 61.18)
2025-10-05 01:59:28 | INFO | f1.console |   圖表區域: 417 x 207
2025-10-05 01:59:28 | INFO | f1.console |   車手1數據點: 500, 車手2數據點: 500
2025-10-05 01:59:28 | INFO | f1.console | [ACCEL_DEBUG] 繪製曲線:
2025-10-05 01:59:28 | INFO | f1.console |   距離範圍: 0.1 - 5393.3 (範圍: 5393.2)
2025-10-05 01:59:28 | INFO | f1.console |   加速度範圍: -37.23 - 23.95 (範圍: 61.18)
2025-10-05 01:59:28 | INFO | f1.console |   圖表區域: 417 x 207
2025-10-05 01:59:28 | INFO | f1.console |   車手1數據點: 500, 車手2數據點: 500
2025-10-05 01:59:28 | INFO | f1.console | [ACCEL_DEBUG] 繪製曲線:
2025-10-05 01:59:28 | INFO | f1.console |   距離範圍: 0.1 - 5393.3 (範圍: 5393.2)
2025-10-05 01:59:28 | INFO | f1.console |   加速度範圍: -37.23 - 23.95 (範圍: 61.18)
2025-10-05 01:59:28 | INFO | f1.console |   圖表區域: 417 x 207
2025-10-05 01:59:28 | INFO | f1.console |   車手1數據點: 500, 車手2數據點: 500
2025-10-05 01:59:29 | INFO | f1.console | [ACCEL_DEBUG] 繪製曲線:
2025-10-05 01:59:29 | INFO | f1.console |   距離範圍: 0.1 - 5393.3 (範圍: 5393.2)
2025-10-05 01:59:29 | INFO | f1.console |   加速度範圍: -37.23 - 23.95 (範圍: 61.18)
2025-10-05 01:59:29 | INFO | f1.console |   圖表區域: 417 x 207
2025-10-05 01:59:29 | INFO | f1.console |   車手1數據點: 500, 車手2數據點: 500
2025-10-05 01:59:29 | INFO | f1.console | [RAIN_AXIS_DEBUG] 📊 X軸座標軸設置:
2025-10-05 01:59:29 | INFO | f1.console | [RAIN_AXIS_DEBUG]   範圍: 1.0 - 56.0
2025-10-05 01:59:29 | INFO | f1.console | [RAIN_AXIS_DEBUG]   資料點: 56
2025-10-05 01:59:29 | INFO | f1.console | [RAIN_AXIS_DEBUG]   最小間距(px): 48
2025-10-05 01:59:29 | INFO | f1.console | [RAIN_AXIS_DEBUG] 📊 Y軸座標軸設置:
2025-10-05 01:59:29 | INFO | f1.console | [RAIN_AXIS_DEBUG]   範圍: 26.335 - 27.765
2025-10-05 01:59:29 | INFO | f1.console | [RAIN_AXIS_DEBUG]   間距: 0.238
2025-10-05 01:59:29 | INFO | f1.console | [RAIN_AXIS_DEBUG]   標籤數量: 7
2025-10-05 01:59:29 | INFO | f1.console | [RAIN_AXIS_DEBUG] 🎨 自訂座標軸標題繪製
2025-10-05 01:59:29 | ERROR | f1.console | [TIRE_CHART] 檢測到錯誤 end_lap: driver=BOR, start=1, end=1
2025-10-05 01:59:29 | INFO | f1.console | [TIRE_CHART] 使用 length 修正: driver=BOR, length=1, 新end=1
2025-10-05 01:59:29 | INFO | f1.console | [TIRE_CHART] 強制最小值: driver=BOR, 最終end=6
2025-10-05 01:59:29 | INFO | f1.console | [ACCEL_DEBUG] 繪製曲線:
2025-10-05 01:59:29 | INFO | f1.console |   距離範圍: 0.1 - 5393.3 (範圍: 5393.2)
2025-10-05 01:59:29 | INFO | f1.console |   加速度範圍: -37.23 - 23.95 (範圍: 61.18)
2025-10-05 01:59:29 | INFO | f1.console |   圖表區域: 417 x 207
2025-10-05 01:59:29 | INFO | f1.console |   車手1數據點: 500, 車手2數據點: 500
2025-10-05 01:59:29 | INFO | f1.console | [MARKER_TEXT] 🎯 繪製文字標記 F (純文字版本)
2025-10-05 01:59:29 | INFO | f1.console | [MARKER_TEXT] 🎯 繪製文字標記 F (純文字版本)
2025-10-05 01:59:29 | INFO | f1.console | [MARKER_TEXT] 🎯 繪製文字標記 F (純文字版本)
2025-10-05 01:59:29 | INFO | f1.console | [LAPTIME_CHART_WIDGET] 繪製了 3 個智能標記
2025-10-05 01:59:29 | INFO | f1.console | [LEGEND_DEBUG] 數據系列數量: 3
2025-10-05 01:59:29 | INFO | f1.console | [LEGEND_DEBUG] 圖例位置: (354, 15)
2025-10-05 01:59:29 | INFO | f1.console | [LEGEND_DEBUG] 圖例尺寸: 140 x 256
2025-10-05 01:59:29 | INFO | f1.console | [LEGEND_DEBUG] 🎨 設定背景色為: R255, G255, B255, A255
2025-10-05 01:59:29 | INFO | f1.console | [LEGEND_DEBUG] ✅ 白色背景填充完成 (重複3次)
2025-10-05 01:59:29 | INFO | f1.console | [LEGEND_DEBUG] ✅ 邊框繪製完成
2025-10-05 01:59:29 | INFO | f1.console | [LEGEND] 圖例重疊模式: 位置=(354, 15), 尺寸=140x256
2025-10-05 02:00:27 | INFO | f1.console | [RAIN_AXIS_DEBUG] 📊 X軸座標軸設置:
2025-10-05 02:00:27 | INFO | f1.console | [RAIN_AXIS_DEBUG]   範圍: 1.0 - 56.0
2025-10-05 02:00:27 | INFO | f1.console | [RAIN_AXIS_DEBUG]   資料點: 56
2025-10-05 02:00:27 | INFO | f1.console | [RAIN_AXIS_DEBUG]   最小間距(px): 48
2025-10-05 02:00:27 | INFO | f1.console | [RAIN_AXIS_DEBUG] 📊 Y軸座標軸設置:
2025-10-05 02:00:27 | INFO | f1.console | [RAIN_AXIS_DEBUG]   範圍: 26.335 - 27.765
2025-10-05 02:00:27 | INFO | f1.console | [RAIN_AXIS_DEBUG]   間距: 0.238
2025-10-05 02:00:27 | INFO | f1.console | [RAIN_AXIS_DEBUG]   標籤數量: 7
2025-10-05 02:00:27 | INFO | f1.console | [RAIN_AXIS_DEBUG] 🎨 自訂座標軸標題繪製
2025-10-05 02:00:27 | INFO | f1.console | [ACCEL_DEBUG] 繪製曲線:
2025-10-05 02:00:27 | INFO | f1.console |   距離範圍: 0.1 - 5393.3 (範圍: 5393.2)
2025-10-05 02:00:27 | INFO | f1.console |   加速度範圍: -37.23 - 23.95 (範圍: 61.18)
2025-10-05 02:00:27 | INFO | f1.console |   圖表區域: 417 x 207
2025-10-05 02:00:27 | INFO | f1.console |   車手1數據點: 500, 車手2數據點: 500
2025-10-05 02:00:28 | INFO | f1.console | [MAIN] 🛑 接收到關閉請求，開始清理資源...
2025-10-05 02:00:28 | INFO | f1.console | [RAIN_AXIS_DEBUG] 📊 X軸座標軸設置:
2025-10-05 02:00:28 | INFO | f1.console | [RAIN_AXIS_DEBUG]   範圍: 1.0 - 56.0
2025-10-05 02:00:28 | INFO | f1.console | [RAIN_AXIS_DEBUG]   資料點: 56
2025-10-05 02:00:28 | INFO | f1.console | [RAIN_AXIS_DEBUG]   最小間距(px): 48
2025-10-05 02:00:28 | INFO | f1.console | [RAIN_AXIS_DEBUG] 📊 Y軸座標軸設置:
2025-10-05 02:00:28 | INFO | f1.console | [RAIN_AXIS_DEBUG]   範圍: 26.335 - 27.765
2025-10-05 02:00:28 | INFO | f1.console | [RAIN_AXIS_DEBUG]   間距: 0.238
2025-10-05 02:00:28 | INFO | f1.console | [RAIN_AXIS_DEBUG]   標籤數量: 7
2025-10-05 02:00:28 | INFO | f1.console | [RAIN_AXIS_DEBUG] 🎨 自訂座標軸標題繪製
2025-10-05 02:00:28 | ERROR | f1.console | [TIRE_CHART] 檢測到錯誤 end_lap: driver=BOR, start=1, end=1
2025-10-05 02:00:28 | INFO | f1.console | [TIRE_CHART] 使用 length 修正: driver=BOR, length=1, 新end=1
2025-10-05 02:00:28 | INFO | f1.console | [TIRE_CHART] 強制最小值: driver=BOR, 最終end=6
2025-10-05 02:00:28 | INFO | f1.console | [ACCEL_DEBUG] 繪製曲線:
2025-10-05 02:00:28 | INFO | f1.console |   距離範圍: 0.1 - 5393.3 (範圍: 5393.2)
2025-10-05 02:00:28 | INFO | f1.console |   加速度範圍: -37.23 - 23.95 (範圍: 61.18)
2025-10-05 02:00:28 | INFO | f1.console |   圖表區域: 417 x 207
2025-10-05 02:00:28 | INFO | f1.console |   車手1數據點: 500, 車手2數據點: 500
2025-10-05 02:00:28 | INFO | f1.console | [MARKER_TEXT] 🎯 繪製文字標記 F (純文字版本)
2025-10-05 02:00:28 | INFO | f1.console | [MARKER_TEXT] 🎯 繪製文字標記 F (純文字版本)
2025-10-05 02:00:28 | INFO | f1.console | [MARKER_TEXT] 🎯 繪製文字標記 F (純文字版本)
2025-10-05 02:00:28 | INFO | f1.console | [LAPTIME_CHART_WIDGET] 繪製了 3 個智能標記
2025-10-05 02:00:28 | INFO | f1.console | [LEGEND_DEBUG] 數據系列數量: 3
2025-10-05 02:00:28 | INFO | f1.console | [LEGEND_DEBUG] 圖例位置: (354, 15)
2025-10-05 02:00:28 | INFO | f1.console | [LEGEND_DEBUG] 圖例尺寸: 140 x 256
2025-10-05 02:00:28 | INFO | f1.console | [LEGEND_DEBUG] 🎨 設定背景色為: R255, G255, B255, A255
2025-10-05 02:00:28 | INFO | f1.console | [LEGEND_DEBUG] ✅ 白色背景填充完成 (重複3次)
2025-10-05 02:00:28 | INFO | f1.console | [LEGEND_DEBUG] ✅ 邊框繪製完成
2025-10-05 02:00:28 | INFO | f1.console | [LEGEND] 圖例重疊模式: 位置=(354, 15), 尺寸=140x256
2025-10-05 02:00:28 | INFO | f1.console | [ACCEL_DEBUG] 繪製曲線:
2025-10-05 02:00:28 | INFO | f1.console |   距離範圍: 0.1 - 5393.3 (範圍: 5393.2)
2025-10-05 02:00:28 | INFO | f1.console |   加速度範圍: -37.23 - 23.95 (範圍: 61.18)
2025-10-05 02:00:28 | INFO | f1.console |   圖表區域: 417 x 207
2025-10-05 02:00:28 | INFO | f1.console |   車手1數據點: 500, 車手2數據點: 500
2025-10-05 02:00:28 | INFO | f1.console | [MARKER_TEXT] 🎯 繪製文字標記 F (純文字版本)
2025-10-05 02:00:28 | INFO | f1.console | [MARKER_TEXT] 🎯 繪製文字標記 F (純文字版本)
2025-10-05 02:00:28 | INFO | f1.console | [MARKER_TEXT] 🎯 繪製文字標記 F (純文字版本)
2025-10-05 02:00:28 | INFO | f1.console | [LAPTIME_CHART_WIDGET] 繪製了 3 個智能標記
2025-10-05 02:00:28 | INFO | f1.console | [LEGEND_DEBUG] 數據系列數量: 3
2025-10-05 02:00:28 | INFO | f1.console | [LEGEND_DEBUG] 圖例位置: (354, 15)
2025-10-05 02:00:28 | INFO | f1.console | [LEGEND_DEBUG] 圖例尺寸: 140 x 256
2025-10-05 02:00:28 | INFO | f1.console | [LEGEND_DEBUG] 🎨 設定背景色為: R255, G255, B255, A255
2025-10-05 02:00:28 | INFO | f1.console | [LEGEND_DEBUG] ✅ 白色背景填充完成 (重複3次)
2025-10-05 02:00:28 | INFO | f1.console | [LEGEND_DEBUG] ✅ 邊框繪製完成
2025-10-05 02:00:28 | INFO | f1.console | [LEGEND] 圖例重疊模式: 位置=(354, 15), 尺寸=140x256
2025-10-05 02:00:28 | INFO | f1.console | [RAIN_AXIS_DEBUG] 📊 X軸座標軸設置:
2025-10-05 02:00:28 | INFO | f1.console | [RAIN_AXIS_DEBUG]   範圍: 1.0 - 56.0
2025-10-05 02:00:28 | INFO | f1.console | [RAIN_AXIS_DEBUG]   資料點: 56
2025-10-05 02:00:28 | INFO | f1.console | [RAIN_AXIS_DEBUG]   最小間距(px): 48
2025-10-05 02:00:28 | INFO | f1.console | [RAIN_AXIS_DEBUG] 📊 Y軸座標軸設置:
2025-10-05 02:00:28 | INFO | f1.console | [RAIN_AXIS_DEBUG]   範圍: 26.335 - 27.765
2025-10-05 02:00:28 | INFO | f1.console | [RAIN_AXIS_DEBUG]   間距: 0.238
2025-10-05 02:00:28 | INFO | f1.console | [RAIN_AXIS_DEBUG]   標籤數量: 7
2025-10-05 02:00:28 | INFO | f1.console | [RAIN_AXIS_DEBUG] 🎨 自訂座標軸標題繪製
2025-10-05 02:00:28 | ERROR | f1.console | [TIRE_CHART] 檢測到錯誤 end_lap: driver=BOR, start=1, end=1
2025-10-05 02:00:28 | INFO | f1.console | [TIRE_CHART] 使用 length 修正: driver=BOR, length=1, 新end=1
2025-10-05 02:00:28 | INFO | f1.console | [TIRE_CHART] 強制最小值: driver=BOR, 最終end=6
2025-10-05 02:00:28 | INFO | f1.console | [ACCEL_DEBUG] 繪製曲線:
2025-10-05 02:00:28 | INFO | f1.console |   距離範圍: 0.1 - 5393.3 (範圍: 5393.2)
2025-10-05 02:00:28 | INFO | f1.console |   加速度範圍: -37.23 - 23.95 (範圍: 61.18)
2025-10-05 02:00:28 | INFO | f1.console |   圖表區域: 417 x 207
2025-10-05 02:00:28 | INFO | f1.console |   車手1數據點: 500, 車手2數據點: 500
2025-10-05 02:00:28 | INFO | f1.console | [MARKER_TEXT] 🎯 繪製文字標記 F (純文字版本)
2025-10-05 02:00:28 | INFO | f1.console | [MARKER_TEXT] 🎯 繪製文字標記 F (純文字版本)
2025-10-05 02:00:28 | INFO | f1.console | [MARKER_TEXT] 🎯 繪製文字標記 F (純文字版本)
2025-10-05 02:00:28 | INFO | f1.console | [LAPTIME_CHART_WIDGET] 繪製了 3 個智能標記
2025-10-05 02:00:28 | INFO | f1.console | [LEGEND_DEBUG] 數據系列數量: 3
2025-10-05 02:00:28 | INFO | f1.console | [LEGEND_DEBUG] 圖例位置: (354, 15)
2025-10-05 02:00:28 | INFO | f1.console | [LEGEND_DEBUG] 圖例尺寸: 140 x 256
2025-10-05 02:00:28 | INFO | f1.console | [LEGEND_DEBUG] 🎨 設定背景色為: R255, G255, B255, A255
2025-10-05 02:00:28 | INFO | f1.console | [LEGEND_DEBUG] ✅ 白色背景填充完成 (重複3次)
2025-10-05 02:00:28 | INFO | f1.console | [LEGEND_DEBUG] ✅ 邊框繪製完成
2025-10-05 02:00:28 | INFO | f1.console | [LEGEND] 圖例重疊模式: 位置=(354, 15), 尺寸=140x256
2025-10-05 02:00:29 | INFO | f1.console | [MAIN] 🔄 停止所有分析進程...
2025-10-05 02:00:29 | INFO | f1.console | [CLEANUP] ℹ️ 沒有活動的分析請求需要清理
2025-10-05 02:00:29 | INFO | f1.console | [CLEANUP] 🧹 CLI分析管理器已清理所有資源
2025-10-05 02:00:29 | INFO | f1.console | [MAIN] 🪟 關閉所有子視窗...
2025-10-05 02:00:29 | INFO | f1.console | [TOOLBAR_STATUS] 當前有 15 個活動的分析模組
2025-10-05 02:00:29 | INFO | f1.console | [TOOLBAR_STATUS] 當前有 15 個活動的分析模組
2025-10-05 02:00:29 | INFO | f1.console | [TOOLBAR_STATUS] 當前有 15 個活動的分析模組
2025-10-05 02:00:29 | INFO | f1.console | [TOOLBAR_STATUS] 當前有 15 個活動的分析模組
2025-10-05 02:00:29 | INFO | f1.console | [TOOLBAR_STATUS] 當前有 15 個活動的分析模組
2025-10-05 02:00:29 | INFO | f1.console | [LAP_CONTROL] 📊 圈速分析視窗已關閉: <modules.gui.lap_analysis.speed_analysis.speed_analysis_mdi.SpeedAnalysisModule object at 0x000001838B97DB50>
2025-10-05 02:00:29 | INFO | f1.console | [LAP_CONTROL] 📊 當前活動視窗數: 7
2025-10-05 02:00:29 | INFO | f1.console | [LAP_CONTROL] 📊 圈速分析視窗已關閉: <modules.gui.lap_analysis.brake_analysis.brake_analysis_mdi.BrakeAnalysisModule object at 0x000001838BB8F5C0>
2025-10-05 02:00:29 | INFO | f1.console | [LAP_CONTROL] 📊 當前活動視窗數: 6
2025-10-05 02:00:29 | INFO | f1.console | [LAP_CONTROL] 📊 圈速分析視窗已關閉: <modules.gui.lap_analysis.Throttle_analysis.throttle_analysis_mdi.ThrottleAnalysisModule object at 0x000001838BBD8F80>
2025-10-05 02:00:29 | INFO | f1.console | [LAP_CONTROL] 📊 當前活動視窗數: 5
2025-10-05 02:00:29 | INFO | f1.console | [LAP_CONTROL] 📊 圈速分析視窗已關閉: <modules.gui.lap_analysis.gear_analysis.gear_analysis_mdi.GearAnalysisModule object at 0x000001838BBDABA0>
2025-10-05 02:00:29 | INFO | f1.console | [LAP_CONTROL] 📊 當前活動視窗數: 4
2025-10-05 02:00:29 | INFO | f1.console | [LAP_CONTROL] 📊 圈速分析視窗已關閉: <modules.gui.lap_analysis.rpm_analysis.rpm_analysis_mdi.RPMAnalysisModule object at 0x000001838BBDA210>
2025-10-05 02:00:29 | INFO | f1.console | [LAP_CONTROL] 📊 當前活動視窗數: 3
2025-10-05 02:00:29 | INFO | f1.console | [TOOLBAR_STATUS] 當前有 15 個活動的分析模組
2025-10-05 02:00:29 | INFO | f1.console | [TOOLBAR_STATUS] 當前有 15 個活動的分析模組
2025-10-05 02:00:29 | INFO | f1.console | [TOOLBAR_STATUS] 當前有 15 個活動的分析模組
2025-10-05 02:00:29 | INFO | f1.console | [TOOLBAR_STATUS] 當前有 15 個活動的分析模組
2025-10-05 02:00:29 | INFO | f1.console | [TOOLBAR_STATUS] 當前有 15 個活動的分析模組
2025-10-05 02:00:29 | INFO | f1.console | [TOOLBAR_STATUS] 當前有 15 個活動的分析模組
2025-10-05 02:00:29 | INFO | f1.console | [TOOLBAR_STATUS] 當前有 15 個活動的分析模組
2025-10-05 02:00:29 | INFO | f1.console | [LAP_CONTROL] 📊 圈速分析視窗已關閉: <modules.gui.lap_analysis.speed_analysis.speed_analysis_mdi.SpeedAnalysisModule object at 0x000001838B97DB50>
2025-10-05 02:00:29 | INFO | f1.console | [LAP_CONTROL] 📊 當前活動視窗數: 3
2025-10-05 02:00:29 | INFO | f1.console | [LAP_CONTROL] 📊 圈速分析視窗已關閉: <modules.gui.lap_analysis.brake_analysis.brake_analysis_mdi.BrakeAnalysisModule object at 0x000001838BB8F5C0>
2025-10-05 02:00:29 | INFO | f1.console | [LAP_CONTROL] 📊 當前活動視窗數: 3
2025-10-05 02:00:29 | INFO | f1.console | [LAP_CONTROL] 📊 圈速分析視窗已關閉: <modules.gui.lap_analysis.Throttle_analysis.throttle_analysis_mdi.ThrottleAnalysisModule object at 0x000001838BBD8F80>
2025-10-05 02:00:29 | INFO | f1.console | [LAP_CONTROL] 📊 當前活動視窗數: 3
2025-10-05 02:00:29 | INFO | f1.console | [LAP_CONTROL] 📊 圈速分析視窗已關閉: <modules.gui.lap_analysis.gear_analysis.gear_analysis_mdi.GearAnalysisModule object at 0x000001838BBDABA0>
2025-10-05 02:00:29 | INFO | f1.console | [LAP_CONTROL] 📊 當前活動視窗數: 3
2025-10-05 02:00:29 | INFO | f1.console | [LAP_CONTROL] 📊 圈速分析視窗已關閉: <modules.gui.lap_analysis.rpm_analysis.rpm_analysis_mdi.RPMAnalysisModule object at 0x000001838BBDA210>
2025-10-05 02:00:29 | INFO | f1.console | [LAP_CONTROL] 📊 當前活動視窗數: 3
2025-10-05 02:00:29 | INFO | f1.console | [TOOLBAR_STATUS] 當前有 15 個活動的分析模組
2025-10-05 02:00:29 | INFO | f1.console | [TOOLBAR_STATUS] 當前有 15 個活動的分析模組
2025-10-05 02:00:29 | INFO | f1.console | [CLEANUP] ℹ️ 沒有活動的分析請求需要清理
2025-10-05 02:00:29 | INFO | f1.console | [CLEANUP] 🧹 CLI分析管理器已清理所有資源
2025-10-05 02:00:29 | INFO | f1.console | [MAIN] 🔧 CLI 分析管理器已清理
2025-10-05 02:00:29 | INFO | f1.console | [MAIN] 🗑️ 垃圾回收完成
2025-10-05 02:00:29 | INFO | f1.console | [MAIN] ✅ 資源清理完成，程序即將退出
2025-10-05 02:00:29 | INFO | f1.console | [MAIN] 🛑 F1T 程序正常退出
